Workbook

Sheet EYLÜL 2025 (2)
B1: EYLÜL | Q1: 45705
A2: S.NO | B2: STOK ADI | F2: DEVİR MİK | H2: BİRİM | I2: GİRİŞ | J2: 45905 | K2: 45912 | L2: 45919 | M2: 45926 | N2: 45930 | O2: KALAN | P2: MİNİMUN | Q2: MAKSİMUN
A3: 1 | B3: AMORTİSÖR 80 LİK KROM | F3: 690 | H3: Adet | I3: 1000 | J3: 240 | K3: 0 | L3: 170 | M3: 140 | N3: 670 | O3: =+F3+I3-J3-K3-L3-M3-N3 -> 470 | P3: 500 | Q3: 3000
A4: 2 | B4: AMORTİSÖR 3 KLAS 100 LÜK KROM | F4: 1700 | H4: Adet | I4: 0 | J4: 140 | K4: 440 | L4: 180 | M4: 40 | N4: 0 | O4: =+F4+I4-J4-K4-L4-M4-N4 -> 900 | P4: 500 | Q4: 3000
A5: 3 | B5: ZZ.AMORTİSÖR 80 LİK 3 KLASS | F5: 0 | H5: Adet | I5: 0 | J5: 0 | K5: 0 | L5: 0 | M5: 0 | N5: 0 | O5: =+F5+I5-J5-K5-L5-M5-N5 -> 0 | P5: 500 | Q5: 3000
A6: 4 | B6: 260 LIK AMORTİSÖR | F6: 286 | H6: Adet | I6: 0 | J6: 6 | K6: 15 | L6: 5 | M6: 0 | N6: 0 | O6: =+F6+I6-J6-K6-L6-M6-N6 -> 260 | P6: 50 | Q6: 200
A7: 5 | B7: AMORTİSÖR 120 LİK 3 CLASS | F7: 320 | H7: Adet | I7: 500 | J7: 0 | K7: 0 | L7: 0 | M7: 100 | N7: 160 | O7: =+F7+I7-J7-K7-L7-M7-N7 -> 560 | P7: 500 | Q7: 3000
A8: 6 | B8: KONUM KORUYUCU D 26 KISA | F8: 340 | H8: Adet | I8: 1000 | J8: 320 | K8: 0 | L8: 0 | M8: 0 | N8: 0 | O8: =+F8+I8-J8-K8-L8-M8-N8 -> 1020 | P8: 200 | Q8: 1000
A9: 7 | B9: 100 LÜK KROM AMORTİSÖR 4 CLASS | F9: 800 | H9: Adet | I9: 0 | J9: 0 | K9: 0 | L9: 0 | M9: 0 | N9: 0 | O9: =+F9+I9-J9-K9-L9-M9-N9 -> 800 | P9: 300 | Q9: 3000
A10: 8 | B10: 100 LÜK AMORTİSÖR 3 CLASS | F10: 15 | H10: Adet | I10: 1000 | J10: 0 | K10: 0 | L10: 0 | M10: 0 | N10: 140 | O10: =+F10+I10-J10-K10-L10-M10-N10 -> 875 | P10: 1000 | Q10: 5000
A11: 9 | B11: AMORTİSÖRÜ 200 LÜK SİYAH | F11: 72 | H11: Adet | I11: 500 | J11: 0 | K11: 0 | L11: 0 | M11: 0 | N11: 0 | O11: =+F11+I11-J11-K11-L11-M11-N11 -> 572 | P11: 200 | Q11: 2000 | R11: *
A12: 10 | B12: AMORTİSÖR 60 LIK 3 CLASS | F12: 2109 | H12: Adet | I12: 0 | J12: 0 | K12: 0 | L12: 0 | M12: 0 | N12: 0 | O12: =+F12+I12-J12-K12-L12-M12-N12 -> 2109 | P12: 200 | Q12: 1000
A13: 11 | B13: 140 LIK AMORTİSÖR 3 KLASS | F13: 230 | H13: Adet | I13: 359 | J13: 150 | K13: 0 | L13: 75 | M13: 0 | N13: 0 | O13: =+F13+I13-J13-K13-L13-M13-N13 -> 364 | P13: 100 | Q13: 500
A14: 12 | F14: 0 | I14: 0 | J14: 0 | K14: 0 | L14: 0 | M14: 0 | N14: 0 | O14: =+F14+I14-J14-K14-L14-M14-N14 -> 0 | P14: 0 | Q14: 0
A15: 13 | F15: 0 | I15: 0 | J15: 0 | K15: 0 | L15: 0 | M15: 0 | N15: 0 | O15: =+F15+I15-J15-K15-L15-M15-N15 -> 0 | P15: 0 | Q15: 0

Sheet 1 HAFTA
I2: 1 | J2: 2 | K2: 3 | L2: 4 | M2: 5
A3: STOK ADI | E3: MİKTAR | G3: BİRİM | H3: GİRİŞ | I3: 44803 | J3: 44804 | K3: 44805 | L3: 44806 | N3: KALAN
A4: ZZ.AMORTİSÖR 100 LÜK | E4: 674 | G4: Adet | H4: 0 | I4: 64 | J4: 28 | K4: 40 | L4: 20 | M4: 0 | N4: =+E4+H4-I4-J4-K4-L4-M4 -> 522
A5: ZZ.AMORTİSÖR 120 LÜK | E5: 2821 | G5: Adet | I5: 55 | N5: =+E5+H5-I5-J5-K5-L5-M5 -> 2766
A6: ZZ.AMORTİSÖR 80 LİK | E6: 4165 | G6: Adet | N6: =+E6+H6-I6-J6-K6-L6-M6 -> 4165
A7: ZZ.AMORTİSÖR 140 LIK | E7: 94 | G7: Adet | I7: 35 | N7: =+E7+H7-I7-J7-K7-L7-M7 -> 59
A8: AMORTİSÖR 120 LİK CROM 3 CLASS | E8: 20 | G8: Adet | N8: =+E8+H8-I8-J8-K8-L8-M8 -> 20
A9: KONUM KORUYUCU D 26 KISA | E9: 300 | G9: Adet | K9: 20 | N9: =+E9+H9-I9-J9-K9-L9-M9 -> 280
A10: 100 LÜK KROM AMORTİSÖR 4 CLASS | E10: 1020 | G10: Adet | N10: =+E10+H10-I10-J10-K10-L10-M10 -> 1020
A11: 100 LÜK KROM AMORTİSÖR 3 CLASS | E11: 371 | G11: Adet | N11: =+E11+H11-I11-J11-K11-L11-M11 -> 371
A12: AMORTİSÖR 100 LÜK 3 CLASS | E12: 576 | G12: Adet | N12: =+E12+H12-I12-J12-K12-L12-M12 -> 576
A13: AMORTİSÖRÜ 200 LÜK | E13: 39 | G13: Adet | I13: 2 | N13: =+E13+H13-I13-J13-K13-L13-M13 -> 37
A14: AMORTİSÖR 120 LİK CROM 4 CLASS | E14: 50 | G14: Adet | N14: =+E14+H14-I14-J14-K14-L14-M14 -> 50
A15: AMORTİSÖR 140 LIK CROM | E15: 80 | G15: Adet | N15: =+E15+H15-I15-J15-K15-L15-M15 -> 80
N16: =+E16+H16-I16-J16-K16-L16-M16 -> 0

Sheet eylül 4 HAFTA
A2: STOK ADI | E2: DEVİR MİK | G2: BİRİM | H2: GİRİŞ | I2: 44830 | J2: 44831 | K2: 44832 | L2: 44833 | M2: 44834 | N2: KALAN | O2: MİNİMUN | P2: MAKSİ
A3: ZZ.AMORTİSÖR 100 LÜK | E3: 4811 | G3: Adet | H3: 0 | I3: 0 | J3: 20 | K3: 80 | L3: 0 | M3: 0 | N3: =+E3+H3-I3-J3-K3-L3-M3 -> 4711 | O3: 750 | P3: 5000
A4: ZZ.AMORTİSÖR 120 LÜK | E4: 2541 | G4: Adet | H4: 0 | I4: 0 | J4: 0 | K4: 0 | L4: 0 | M4: 0 | N4: =+E4+H4-I4-J4-K4-L4-M4 -> 2541 | O4: 500 | P4: 3000
A5: ZZ.AMORTİSÖR 80 LİK | E5: 4165 | G5: Adet | H5: 0 | I5: 0 | J5: 4 | K5: 0 | L5: 0 | M5: 0 | N5: =+E5+H5-I5-J5-K5-L5-M5 -> 4161 | O5: 300 | P5: 3000
A6: ZZ.AMORTİSÖR 140 LIK | E6: 800 | G6: Adet | H6: 0 | I6: 0 | J6: 0 | K6: 20 | L6: 0 | M6: 0 | N6: =+E6+H6-I6-J6-K6-L6-M6 -> 780 | O6: 200 | P6: 2000
A7: AMORTİSÖR 120 LİK CROM 3 CLASS | E7: 20 | G7: Adet | H7: 0 | I7: 0 | J7: 0 | K7: 0 | L7: 0 | M7: 0 | N7: =+E7+H7-I7-J7-K7-L7-M7 -> 20
A8: KONUM KORUYUCU D 26 KISA | E8: 260 | G8: Adet | H8: 0 | I8: 0 | J8: 0 | K8: 20 | L8: 0 | M8: 0 | N8: =+E8+H8-I8-J8-K8-L8-M8 -> 240
A9: 100 LÜK KROM AMORTİSÖR 4 CLASS | E9: 1020 | G9: Adet | H9: 0 | I9: 0 | J9: 0 | K9: 0 | L9: 0 | M9: 0 | N9: =+E9+H9-I9-J9-K9-L9-M9 -> 1020
A10: 100 LÜK KROM AMORTİSÖR 3 CLASS | E10: 371 | G10: Adet | H10: 0 | I10: 0 | J10: 0 | K10: 0 | L10: 0 | M10: 0 | N10: =+E10+H10-I10-J10-K10-L10-M10 -> 371
A11: AMORTİSÖR 100 LÜK 3 CLASS | E11: 576 | G11: Adet | H11: 0 | I11: 0 | J11: 0 | K11: 0 | L11: 0 | M11: 0 | N11: =+E11+H11-I11-J11-K11-L11-M11 -> 576
A12: AMORTİSÖRÜ 200 LÜK | E12: 150 | G12: Adet | H12: 50 | I12: 0 | J12: 100 | K12: 50 | L12: 0 | M12: 0 | N12: =+E12+H12-I12-J12-K12-L12-M12 -> 50 | O12: 150 | P12: 2000
A13: AMORTİSÖR 120 LİK CROM 4 CLASS | E13: 50 | G13: Adet | H13: 0 | I13: 0 | J13: 0 | K13: 0 | L13: 0 | M13: 0 | N13: =+E13+H13-I13-J13-K13-L13-M13 -> 50
E14: 0 | H14: 0 | I14: 0 | J14: 0 | K14: 0 | L14: 0 | M14: 0 | N14: =+E14+H14-I14-J14-K14-L14-M14 -> 0
H15: 0 | I15: 0 | J15: 0 | K15: 0 | L15: 0 | M15: 0 | N15: =+E15+H15-I15-J15-K15-L15-M15 -> 0
I16: =SUM(I3:I15) -> 0 | J16: =SUM(J3:J15) -> 124 | K16: =SUM(K3:K15) -> 170

Sheet ekim 1 hafta
A2: STOK ADI | E2: DEVİR MİK | G2: BİRİM | H2: GİRİŞ | I2: 44837 | J2: 44838 | K2: 44839 | L2: 44840 | M2: 44841 | N2: KALAN | O2: MİNİMUN | P2: MAKSİ
A3: ZZ.AMORTİSÖR 100 LÜK | E3: 4711 | G3: Adet | H3: 0 | I3: 0 | J3: 20 | K3: 200 | L3: 4 | M3: 20 | N3: =+E3+H3-I3-J3-K3-L3-M3 -> 4467 | O3: 750 | P3: 5000
A4: ZZ.AMORTİSÖR 120 LÜK | E4: 2541 | G4: Adet | H4: 0 | I4: 0 | J4: 0 | K4: 0 | L4: 0 | M4: 0 | N4: =+E4+H4-I4-J4-K4-L4-M4 -> 2541 | O4: 500 | P4: 3000
A5: ZZ.AMORTİSÖR 80 LİK | E5: 4161 | G5: Adet | H5: 0 | I5: 0 | J5: 0 | K5: 0 | L5: 0 | M5: 0 | N5: =+E5+H5-I5-J5-K5-L5-M5 -> 4161 | O5: 300 | P5: 3000
A6: ZZ.AMORTİSÖR 140 LIK | E6: 780 | G6: Adet | H6: 0 | I6: 0 | J6: 0 | K6: 120 | L6: 0 | M6: 220 | N6: =+E6+H6-I6-J6-K6-L6-M6 -> 440 | O6: 200 | P6: 2000
A7: AMORTİSÖR 120 LİK CROM 3 CLASS | E7: 20 | G7: Adet | H7: 0 | I7: 0 | J7: 0 | K7: 0 | L7: 0 | M7: 0 | N7: =+E7+H7-I7-J7-K7-L7-M7 -> 20
A8: KONUM KORUYUCU D 26 KISA | E8: 240 | G8: Adet | H8: 0 | I8: 0 | J8: 0 | K8: 0 | L8: 0 | M8: 0 | N8: =+E8+H8-I8-J8-K8-L8-M8 -> 240
A9: 100 LÜK KROM AMORTİSÖR 4 CLASS | E9: 1020 | G9: Adet | H9: 0 | I9: 0 | J9: 0 | K9: 0 | L9: 0 | M9: 0 | N9: =+E9+H9-I9-J9-K9-L9-M9 -> 1020
A10: 100 LÜK KROM AMORTİSÖR 3 CLASS | E10: 371 | G10: Adet | H10: 0 | I10: 0 | J10: 0 | K10: 0 | L10: 0 | M10: 0 | N10: =+E10+H10-I10-J10-K10-L10-M10 -> 371
A11: AMORTİSÖR 100 LÜK 3 CLASS | E11: 576 | G11: Adet | H11: 0 | I11: 0 | J11: 0 | K11: 0 | L11: 0 | M11: 0 | N11: =+E11+H11-I11-J11-K11-L11-M11 -> 576
A12: AMORTİSÖRÜ 200 LÜK | E12: 50 | G12: Adet | H12: 0 | I12: 0 | J12: 0 | K12: 0 | L12: 0 | M12: 0 | N12: =+E12+H12-I12-J12-K12-L12-M12 -> 50 | O12: 150 | P12: 2000
A13: AMORTİSÖR 120 LİK CROM 4 CLASS | E13: 50 | G13: Adet | H13: 0 | I13: 0 | J13: 0 | K13: 0 | L13: 0 | M13: 0 | N13: =+E13+H13-I13-J13-K13-L13-M13 -> 50
E14: 0 | H14: 0 | I14: 0 | J14: 0 | K14: 0 | L14: 0 | M14: 0 | N14: =+E14+H14-I14-J14-K14-L14-M14 -> 0
H15: 0 | I15: 0 | J15: 0 | K15: 0 | L15: 0 | M15: 0 | N15: =+E15+H15-I15-J15-K15-L15-M15 -> 0
I16: =SUM(I3:I15) -> 0 | J16: =SUM(J3:J15) -> 20 | K16: =SUM(K3:K15) -> 320 | L16: =SUM(L3:L15) -> 4 | M16: =SUM(M3:M15) -> 240

Sheet ekim 2 hafta 
A2: STOK ADI | E2: DEVİR MİK | G2: BİRİM | H2: GİRİŞ | I2: 44844 | J2: 44845 | K2: 44846 | L2: 44847 | M2: 44848 | N2: KALAN | O2: MİNİMUN | P2: MAKSİ
A3: ZZ.AMORTİSÖR 100 LÜK | E3: 4467 | G3: Adet | H3: 0 | I3: 200 | J3: 0 | K3: 0 | L3: 40 | M3: 100 | N3: =+E3+H3-I3-J3-K3-L3-M3 -> 4127 | O3: 750 | P3: 5000
A4: ZZ.AMORTİSÖR 120 LÜK | E4: 2541 | G4: Adet | H4: 0 | I4: 0 | J4: 0 | K4: 0 | L4: 0 | M4: 0 | N4: =+E4+H4-I4-J4-K4-L4-M4 -> 2541 | O4: 500 | P4: 3000
A5: ZZ.AMORTİSÖR 80 LİK | E5: 4161 | G5: Adet | H5: 0 | I5: 0 | J5: 0 | K5: 2 | L5: 0 | M5: 0 | N5: =+E5+H5-I5-J5-K5-L5-M5 -> 4159 | O5: 300 | P5: 3000
A6: ZZ.AMORTİSÖR 140 LIK | E6: 440 | G6: Adet | H6: 0 | I6: 0 | J6: 0 | K6: 0 | L6: 0 | M6: 0 | N6: =+E6+H6-I6-J6-K6-L6-M6 -> 440 | O6: 200 | P6: 2000
A7: AMORTİSÖR 120 LİK CROM 3 CLASS | E7: 20 | G7: Adet | H7: 0 | I7: 0 | J7: 0 | K7: 0 | L7: 0 | M7: 0 | N7: =+E7+H7-I7-J7-K7-L7-M7 -> 20
A8: KONUM KORUYUCU D 26 KISA | E8: 240 | G8: Adet | H8: 0 | I8: 0 | J8: 0 | K8: 20 | L8: 60 | M8: 0 | N8: =+E8+H8-I8-J8-K8-L8-M8 -> 160
A9: 100 LÜK KROM AMORTİSÖR 4 CLASS | E9: 1020 | G9: Adet | H9: 0 | I9: 0 | J9: 0 | K9: 0 | L9: 0 | M9: 0 | N9: =+E9+H9-I9-J9-K9-L9-M9 -> 1020
A10: 100 LÜK KROM AMORTİSÖR 3 CLASS | E10: 371 | G10: Adet | H10: 0 | I10: 0 | J10: 0 | K10: 0 | L10: 0 | M10: 0 | N10: =+E10+H10-I10-J10-K10-L10-M10 -> 371
A11: AMORTİSÖR 100 LÜK 3 CLASS | E11: 576 | G11: Adet | H11: 0 | I11: 0 | J11: 0 | K11: 0 | L11: 0 | M11: 0 | N11: =+E11+H11-I11-J11-K11-L11-M11 -> 576
A12: AMORTİSÖRÜ 200 LÜK | E12: 50 | G12: Adet | H12: 500 | I12: 0 | J12: 0 | K12: 50 | L12: 0 | M12: 0 | N12: =+E12+H12-I12-J12-K12-L12-M12 -> 500 | O12: 150 | P12: 2000
A13: AMORTİSÖR 120 LİK CROM 4 CLASS | E13: 50 | G13: Adet | H13: 0 | I13: 0 | J13: 0 | K13: 0 | L13: 0 | M13: 0 | N13: =+E13+H13-I13-J13-K13-L13-M13 -> 50
E14: 0 | H14: 0 | I14: 0 | J14: 0 | K14: 0 | L14: 0 | M14: 0 | N14: =+E14+H14-I14-J14-K14-L14-M14 -> 0
E15: 0 | H15: 0 | I15: 0 | J15: 0 | K15: 0 | L15: 0 | M15: 0 | N15: =+E15+H15-I15-J15-K15-L15-M15 -> 0
I16: =SUM(I3:I15) -> 200 | J16: =SUM(J3:J15) -> 0 | K16: =SUM(K3:K15) -> 72 | L16: =SUM(L3:L15) -> 100 | M16: =SUM(M3:M15) -> 100

Sheet ekim 3 hafta 
A2: STOK ADI | E2: DEVİR MİK | G2: BİRİM | H2: GİRİŞ | I2: 44851 | J2: 44852 | K2: 44853 | L2: 44854 | M2: 44855 | N2: KALAN | O2: MİNİMUN | P2: MAKSİ | Q2: yıllık tahmini sarf
A3: ZZ.AMORTİSÖR 100 LÜK | E3: ='ekim 2 hafta '!N3 -> 4127 | G3: Adet | H3: 0 | I3: 176 | J3: 120 | K3: 70 | L3: 45 | M3: 1 | N3: =+E3+H3-I3-J3-K3-L3-M3 -> 3715 | O3: 750 | P3: 5000 | Q3: 10000
A4: ZZ.AMORTİSÖR 120 LÜK | E4: ='ekim 2 hafta '!N4 -> 2541 | G4: Adet | H4: 0 | I4: 0 | J4: 0 | K4: 0 | L4: 0 | M4: 0 | N4: =+E4+H4-I4-J4-K4-L4-M4 -> 2541 | O4: 500 | P4: 3000
A5: ZZ.AMORTİSÖR 80 LİK | E5: ='ekim 2 hafta '!N5 -> 4159 | G5: Adet | H5: 0 | I5: 0 | J5: 20 | K5: 0 | L5: 60 | M5: 0 | N5: =+E5+H5-I5-J5-K5-L5-M5 -> 4079 | O5: 300 | P5: 3000
A6: ZZ.AMORTİSÖR 140 LIK | E6: ='ekim 2 hafta '!N6 -> 440 | G6: Adet | H6: 0 | I6: 0 | J6: 80 | K6: 0 | L6: 24 | M6: 0 | N6: =+E6+H6-I6-J6-K6-L6-M6 -> 336 | O6: 200 | P6: 2000
A7: AMORTİSÖR 120 LİK CROM 3 CLASS | E7: ='ekim 2 hafta '!N7 -> 20 | G7: Adet | H7: 0 | I7: 0 | J7: 0 | K7: 0 | L7: 0 | M7: 0 | N7: =+E7+H7-I7-J7-K7-L7-M7 -> 20
A8: KONUM KORUYUCU D 26 KISA | E8: ='ekim 2 hafta '!N8 -> 160 | G8: Adet | H8: 0 | I8: 0 | J8: 0 | K8: 0 | L8: 0 | M8: 0 | N8: =+E8+H8-I8-J8-K8-L8-M8 -> 160
A9: 100 LÜK KROM AMORTİSÖR 4 CLASS | E9: ='ekim 2 hafta '!N9 -> 1020 | G9: Adet | H9: 0 | I9: 0 | J9: 0 | K9: 0 | L9: 0 | M9: 0 | N9: =+E9+H9-I9-J9-K9-L9-M9 -> 1020
A10: 100 LÜK KROM AMORTİSÖR 3 CLASS | E10: ='ekim 2 hafta '!N10 -> 371 | G10: Adet | H10: 0 | I10: 0 | J10: 0 | K10: 0 | L10: 0 | M10: 0 | N10: =+E10+H10-I10-J10-K10-L10-M10 -> 371
A11: AMORTİSÖR 100 LÜK 3 CLASS | E11: ='ekim 2 hafta '!N11 -> 576 | G11: Adet | H11: 0 | I11: 0 | J11: 0 | K11: 0 | L11: 0 | M11: 0 | N11: =+E11+H11-I11-J11-K11-L11-M11 -> 576
A12: AMORTİSÖRÜ 200 LÜK | E12: ='ekim 2 hafta '!N12 -> 500 | G12: Adet | H12: 0 | I12: 0 | J12: 0 | K12: 0 | L12: 200 | M12: 0 | N12: =+E12+H12-I12-J12-K12-L12-M12 -> 300 | O12: 150 | P12: 2000
A13: AMORTİSÖR 120 LİK CROM 4 CLASS | E13: ='ekim 2 hafta '!N13 -> 50 | G13: Adet | H13: 0 | I13: 0 | J13: 0 | K13: 0 | L13: 0 | M13: 0 | N13: =+E13+H13-I13-J13-K13-L13-M13 -> 50
A14: YARASA ŞASE | E14: 35 | G14: Adet | H14: 0 | I14: 0 | J14: 0 | K14: 0 | L14: 20 | M14: 0 | N14: =+E14+H14-I14-J14-K14-L14-M14 -> 15
E15: 0 | H15: 0 | I15: 0 | J15: 0 | K15: 0 | L15: 0 | M15: 0 | N15: =+E15+H15-I15-J15-K15-L15-M15 -> 0
I16: =SUM(I3:I15) -> 176 | J16: =SUM(J3:J15) -> 220 | K16: =SUM(K3:K15) -> 70 | L16: =SUM(L3:L15) -> 349 | M16: =SUM(M3:M15) -> 1

Sheet ekim 4 hafta 
A2: STOK ADI | E2: DEVİR MİK | G2: BİRİM | H2: GİRİŞ | I2: 44858 | J2: 44859 | K2: 44860 | L2: 44861 | M2: 44862 | N2: KALAN | O2: MİNİMUN | P2: MAKSİ
A3: ZZ.AMORTİSÖR 100 LÜK | E3: ='ekim 3 hafta '!N3 -> 3715 | G3: Adet | H3: 0 | I3: 0 | J3: 0 | K3: 0 | L3: 0 | M3: 0 | N3: =+E3+H3-I3-J3-K3-L3-M3 -> 3715 | O3: 750 | P3: 5000
A4: ZZ.AMORTİSÖR 120 LÜK | E4: ='ekim 3 hafta '!N4 -> 2541 | G4: Adet | H4: 0 | I4: 0 | J4: 0 | K4: 0 | L4: 0 | M4: 0 | N4: =+E4+H4-I4-J4-K4-L4-M4 -> 2541 | O4: 500 | P4: 3000
A5: ZZ.AMORTİSÖR 80 LİK | E5: ='ekim 3 hafta '!N5 -> 4079 | G5: Adet | H5: 0 | I5: 0 | J5: 0 | K5: 0 | L5: 0 | M5: 0 | N5: =+E5+H5-I5-J5-K5-L5-M5 -> 4079 | O5: 300 | P5: 3000
A6: ZZ.AMORTİSÖR 140 LIK | E6: ='ekim 3 hafta '!N6 -> 336 | G6: Adet | H6: 0 | I6: 0 | J6: 10 | K6: 0 | L6: 0 | M6: 0 | N6: =+E6+H6-I6-J6-K6-L6-M6 -> 326 | O6: 200 | P6: 2000
A7: AMORTİSÖR 120 LİK CROM 3 CLASS | E7: ='ekim 3 hafta '!N7 -> 20 | G7: Adet | H7: 0 | I7: 0 | J7: 0 | K7: 0 | L7: 0 | M7: 0 | N7: =+E7+H7-I7-J7-K7-L7-M7 -> 20
A8: KONUM KORUYUCU D 26 KISA | E8: ='ekim 3 hafta '!N8 -> 160 | G8: Adet | H8: 0 | I8: 0 | J8: 0 | K8: 0 | L8: 0 | M8: 0 | N8: =+E8+H8-I8-J8-K8-L8-M8 -> 160
A9: 100 LÜK KROM AMORTİSÖR 4 CLASS | E9: ='ekim 3 hafta '!N9 -> 1020 | G9: Adet | H9: 0 | I9: 0 | J9: 0 | K9: 0 | L9: 0 | M9: 0 | N9: =+E9+H9-I9-J9-K9-L9-M9 -> 1020
A10: 100 LÜK KROM AMORTİSÖR 3 CLASS | E10: ='ekim 3 hafta '!N10 -> 371 | G10: Adet | H10: 0 | I10: 0 | J10: 0 | K10: 0 | L10: 0 | M10: 0 | N10: =+E10+H10-I10-J10-K10-L10-M10 -> 371
A11: AMORTİSÖR 100 LÜK 3 CLASS | E11: ='ekim 3 hafta '!N11 -> 576 | G11: Adet | H11: 0 | I11: 0 | J11: 0 | K11: 100 | L11: 0 | M11: 0 | N11: =+E11+H11-I11-J11-K11-L11-M11 -> 476
A12: AMORTİSÖRÜ 200 LÜK | E12: ='ekim 3 hafta '!N12 -> 300 | G12: Adet | H12: 0 | I12: 0 | J12: 200 | K12: 0 | L12: 0 | M12: 0 | N12: =+E12+H12-I12-J12-K12-L12-M12 -> 100 | O12: 150 | P12: 2000
A13: AMORTİSÖR 120 LİK CROM 4 CLASS | E13: ='ekim 3 hafta '!N13 -> 50 | G13: Adet | H13: 0 | I13: 0 | J13: 0 | K13: 0 | L13: 0 | M13: 0 | N13: =+E13+H13-I13-J13-K13-L13-M13 -> 50
A14: YARASA ŞASE | E14: ='ekim 3 hafta '!N14 -> 15 | G14: Adet | H14: 0 | I14: 0 | J14: 0 | K14: 0 | L14: 0 | M14: 0 | N14: =+E14+H14-I14-J14-K14-L14-M14 -> 15
A15: AMORTİSÖR 60 LIK 3 CLASS SİYAH | E15: ='ekim 3 hafta '!N15 -> 0 | G15: Adet | H15: 200 | I15: 0 | J15: 0 | K15: 0 | L15: 0 | M15: 20 | N15: =+E15+H15-I15-J15-K15-L15-M15 -> 180

Sheet KASIM 1 HAFTA
A2: STOK ADI | E2: DEVİR MİK | G2: BİRİM | H2: GİRİŞ | I2: 44865 | J2: 44866 | K2: 44867 | L2: 44868 | M2: 44869 | N2: KALAN | O2: MİNİMUN | P2: MAKSİ
A3: ZZ.AMORTİSÖR 100 LÜK | E3: ='ekim 4 hafta '!N3 -> 3715 | G3: Adet | H3: 0 | I3: 0 | J3: 100 | K3: 0 | L3: 0 | M3: 0 | N3: =+E3+H3-I3-J3-K3-L3-M3 -> 3615 | O3: 750 | P3: 5000
A4: ZZ.AMORTİSÖR 120 LÜK | E4: ='ekim 4 hafta '!N4 -> 2541 | G4: Adet | H4: 0 | I4: 0 | J4: 490 | K4: 0 | L4: 0 | M4: 0 | N4: =+E4+H4-I4-J4-K4-L4-M4 -> 2051 | O4: 500 | P4: 3000
A5: ZZ.AMORTİSÖR 80 LİK | E5: ='ekim 4 hafta '!N5 -> 4079 | G5: Adet | H5: 0 | I5: 0 | J5: 0 | K5: 0 | L5: 0 | M5: 0 | N5: =+E5+H5-I5-J5-K5-L5-M5 -> 4079 | O5: 300 | P5: 3000
A6: ZZ.AMORTİSÖR 140 LIK | E6: ='ekim 4 hafta '!N6 -> 326 | G6: Adet | H6: 0 | I6: 0 | J6: 20 | K6: 0 | L6: 0 | M6: 0 | N6: =+E6+H6-I6-J6-K6-L6-M6 -> 306 | O6: 200 | P6: 2000
A7: AMORTİSÖR 120 LİK CROM 3 CLASS | E7: ='ekim 4 hafta '!N7 -> 20 | G7: Adet | H7: 0 | I7: 0 | J7: 0 | K7: 0 | L7: 0 | M7: 0 | N7: =+E7+H7-I7-J7-K7-L7-M7 -> 20
A8: KONUM KORUYUCU D 26 KISA | E8: ='ekim 4 hafta '!N8 -> 160 | G8: Adet | H8: 0 | I8: 0 | J8: 0 | K8: 0 | L8: 0 | M8: 0 | N8: =+E8+H8-I8-J8-K8-L8-M8 -> 160
A9: 100 LÜK KROM AMORTİSÖR 4 CLASS | E9: ='ekim 4 hafta '!N9 -> 1020 | G9: Adet | H9: 0 | I9: 0 | J9: 0 | K9: 0 | L9: 0 | M9: 0 | N9: =+E9+H9-I9-J9-K9-L9-M9 -> 1020
A10: 100 LÜK KROM AMORTİSÖR 3 CLASS | E10: ='ekim 4 hafta '!N10 -> 371 | G10: Adet | H10: 0 | I10: 0 | J10: 0 | K10: 0 | L10: 0 | M10: 0 | N10: =+E10+H10-I10-J10-K10-L10-M10 -> 371
A11: AMORTİSÖR 100 LÜK 3 CLASS | E11: ='ekim 4 hafta '!N11 -> 476 | G11: Adet | H11: 0 | I11: 0 | J11: 0 | K11: 0 | L11: 0 | M11: 0 | N11: =+E11+H11-I11-J11-K11-L11-M11 -> 476
A12: AMORTİSÖRÜ 200 LÜK | E12: ='ekim 4 hafta '!N12 -> 100 | G12: Adet | H12: 0 | I12: 0 | J12: 5 | K12: 0 | L12: 0 | M12: 0 | N12: =+E12+H12-I12-J12-K12-L12-M12 -> 95 | O12: 150 | P12: 2000
A13: AMORTİSÖR 120 LİK CROM 4 CLASS | E13: ='ekim 4 hafta '!N13 -> 50 | G13: Adet | H13: 0 | I13: 0 | J13: 0 | K13: 0 | L13: 0 | M13: 0 | N13: =+E13+H13-I13-J13-K13-L13-M13 -> 50
A14: YARASA ŞASE | E14: ='ekim 4 hafta '!N14 -> 15 | G14: Adet | H14: 0 | I14: 0 | J14: 0 | K14: 0 | L14: 0 | M14: 0 | N14: =+E14+H14-I14-J14-K14-L14-M14 -> 15
A15: AMORTİSÖR 60 LIK 3 CLASS SİYAH | E15: ='ekim 4 hafta '!N15 -> 180 | G15: Adet | H15: 0 | I15: 0 | J15: 0 | K15: 0 | L15: 0 | M15: 0 | N15: =+E15+H15-I15-J15-K15-L15-M15 -> 180

Sheet KASIM 2 HAFTA 
A2: STOK ADI | E2: DEVİR MİK | G2: BİRİM | H2: GİRİŞ | I2: 44872 | J2: 44873 | K2: 44874 | L2: 44875 | M2: 44876 | N2: KALAN | O2: MİNİMUN | P2: MAKSİMUN
A3: ZZ.AMORTİSÖR 100 LÜK | E3: ='KASIM 1 HAFTA'!N3 -> 3615 | G3: Adet | H3: 0 | I3: 0 | J3: 0 | K3: 10 | L3: 0 | M3: 0 | N3: =+E3+H3-I3-J3-K3-L3-M3 -> 3605 | O3: 1000 | P3: 5000
A4: ZZ.AMORTİSÖR 120 LÜK | E4: ='KASIM 1 HAFTA'!N4 -> 2051 | G4: Adet | H4: 0 | I4: 0 | J4: 0 | K4: 0 | L4: 0 | M4: 0 | N4: =+E4+H4-I4-J4-K4-L4-M4 -> 2051 | O4: 500 | P4: 3000
A5: ZZ.AMORTİSÖR 80 LİK | E5: ='KASIM 1 HAFTA'!N5 -> 4079 | G5: Adet | H5: 0 | I5: 0 | J5: 0 | K5: 0 | L5: 0 | M5: 60 | N5: =+E5+H5-I5-J5-K5-L5-M5 -> 4019 | O5: 300 | P5: 3000
A6: ZZ.AMORTİSÖR 140 LIK | E6: ='KASIM 1 HAFTA'!N6 -> 306 | G6: Adet | H6: 0 | I6: 0 | J6: 0 | K6: 0 | L6: 0 | M6: 0 | N6: =+E6+H6-I6-J6-K6-L6-M6 -> 306 | O6: 200 | P6: 2000
A7: AMORTİSÖR 120 LİK CROM 3 CLASS | E7: ='KASIM 1 HAFTA'!N7 -> 20 | G7: Adet | H7: 0 | I7: 0 | J7: 0 | K7: 0 | L7: 0 | M7: 0 | N7: =+E7+H7-I7-J7-K7-L7-M7 -> 20 | O7: 0 | P7: 0
A8: KONUM KORUYUCU D 26 KISA | E8: ='KASIM 1 HAFTA'!N8 -> 160 | G8: Adet | H8: 0 | I8: 0 | J8: 0 | K8: 0 | L8: 0 | M8: 0 | N8: =+E8+H8-I8-J8-K8-L8-M8 -> 160 | O8: 100 | P8: 500
A9: 100 LÜK KROM AMORTİSÖR 4 CLASS | E9: ='KASIM 1 HAFTA'!N9 -> 1020 | G9: Adet | H9: 0 | I9: 0 | J9: 0 | K9: 0 | L9: 0 | M9: 0 | N9: =+E9+H9-I9-J9-K9-L9-M9 -> 1020 | O9: 0 | P9: 0
A10: 100 LÜK KROM AMORTİSÖR 3 CLASS | E10: ='KASIM 1 HAFTA'!N10 -> 371 | G10: Adet | H10: 0 | I10: 0 | J10: 0 | K10: 0 | L10: 0 | M10: 0 | N10: =+E10+H10-I10-J10-K10-L10-M10 -> 371 | O10: 0 | P10: 0
A11: AMORTİSÖR 100 LÜK 3 CLASS | E11: ='KASIM 1 HAFTA'!N11 -> 476 | G11: Adet | H11: 0 | I11: 0 | J11: 0 | K11: 0 | L11: 0 | M11: 10 | N11: =+E11+H11-I11-J11-K11-L11-M11 -> 466 | O11: 0 | P11: 0
A12: AMORTİSÖRÜ 200 LÜK | E12: 0 | G12: Adet | H12: 250 | I12: 140 | J12: 50 | K12: 0 | L12: 0 | M12: 0 | N12: =+E12+H12-I12-J12-K12-L12-M12 -> 60 | O12: 150 | P12: 2000
A13: AMORTİSÖR 120 LİK CROM 4 CLASS | E13: ='KASIM 1 HAFTA'!N13 -> 50 | G13: Adet | H13: 0 | I13: 0 | J13: 0 | K13: 0 | L13: 0 | M13: 0 | N13: =+E13+H13-I13-J13-K13-L13-M13 -> 50 | O13: 0 | P13: 0
A14: YARASA ŞASE | E14: ='KASIM 1 HAFTA'!N14 -> 15 | G14: Adet | H14: 0 | I14: 0 | J14: 0 | K14: 0 | L14: 0 | M14: 0 | N14: =+E14+H14-I14-J14-K14-L14-M14 -> 15 | O14: 0 | P14: 0
A15: AMORTİSÖR 60 LIK 3 CLASS SİYAH | E15: ='KASIM 1 HAFTA'!N15 -> 180 | G15: Adet | H15: 0 | I15: 0 | J15: 0 | K15: 0 | L15: 0 | M15: 0 | N15: =+E15+H15-I15-J15-K15-L15-M15 -> 180 | O15: 100 | P15: 300
A16: 140 LIK AMORTİSÖR 3 KLASS | H16: 200 | J16: 100 | M16: 100 | N16: =+E16+H16-I16-J16-K16-L16-M16 -> 0 | O16: 0 | P16: 0

Sheet KASIM 3 HAFTA 
B1: AMORTİSÖR
A2: S.NO | B2: STOK ADI | F2: DEVİR MİK | H2: BİRİM | I2: GİRİŞ | J2: 44879 | K2: 44880 | L2: 44881 | M2: 44882 | N2: 44883 | O2: KALAN | P2: MİNİMUN | Q2: MAKSİMUN
A3: 1 | B3: ZZ.AMORTİSÖR 100 LÜK | F3: ='KASIM 2 HAFTA '!N3 -> 3605 | H3: Adet | I3: 0 | J3: 10 | K3: 0 | L3: 0 | M3: 0 | N3: 160 | O3: =+F3+I3-J3-K3-L3-M3-N3 -> 3435 | P3: 1000 | Q3: 5000
A4: 2 | B4: ZZ.AMORTİSÖR 120 LÜK | F4: ='KASIM 2 HAFTA '!N4 -> 2051 | H4: Adet | I4: 0 | J4: 0 | K4: 0 | L4: 3 | M4: 0 | N4: 0 | O4: =+F4+I4-J4-K4-L4-M4-N4 -> 2048 | P4: 500 | Q4: 3000
A5: 3 | B5: ZZ.AMORTİSÖR 80 LİK | F5: ='KASIM 2 HAFTA '!N5 -> 4019 | H5: Adet | I5: 0 | J5: 0 | K5: 0 | L5: 0 | M5: 0 | N5: 0 | O5: =+F5+I5-J5-K5-L5-M5-N5 -> 4019 | P5: 300 | Q5: 3000
A6: 4 | B6: ZZ.AMORTİSÖR 140 LIK | F6: ='KASIM 2 HAFTA '!N6 -> 306 | H6: Adet | I6: 100 | J6: 0 | K6: 0 | L6: 0 | M6: 0 | N6: 0 | O6: =+F6+I6-J6-K6-L6-M6-N6 -> 406 | P6: 200 | Q6: 2000
A7: 5 | B7: AMORTİSÖR 120 LİK CROM 3 CLASS | F7: ='KASIM 2 HAFTA '!N7 -> 20 | H7: Adet | I7: 0 | J7: 0 | K7: 0 | L7: 0 | M7: 0 | N7: 0 | O7: =+F7+I7-J7-K7-L7-M7-N7 -> 20 | P7: 0 | Q7: 0
A8: 6 | B8: KONUM KORUYUCU D 26 KISA | F8: 0 | H8: Adet | I8: 260 | J8: 0 | K8: 0 | L8: 40 | M8: 0 | N8: 0 | O8: =+F8+I8-J8-K8-L8-M8-N8 -> 220 | P8: 100 | Q8: 500
A9: 7 | B9: 100 LÜK KROM AMORTİSÖR 4 CLASS | F9: ='KASIM 2 HAFTA '!N9 -> 1020 | H9: Adet | I9: 0 | J9: 0 | K9: 0 | L9: 0 | M9: 0 | N9: 0 | O9: =+F9+I9-J9-K9-L9-M9-N9 -> 1020 | P9: 0 | Q9: 0
A10: 8 | B10: 100 LÜK KROM AMORTİSÖR 3 CLASS | F10: ='KASIM 2 HAFTA '!N10 -> 371 | H10: Adet | I10: 0 | J10: 0 | K10: 0 | L10: 0 | M10: 0 | N10: 0 | O10: =+F10+I10-J10-K10-L10-M10-N10 -> 371 | P10: 0 | Q10: 0
A11: 9 | B11: AMORTİSÖR 100 LÜK 3 CLASS | F11: ='KASIM 2 HAFTA '!N11 -> 466 | H11: Adet | I11: 0 | J11: 0 | K11: 0 | L11: 0 | M11: 110 | N11: 0 | O11: =+F11+I11-J11-K11-L11-M11-N11 -> 356 | P11: 0 | Q11: 0
A12: 10 | B12: AMORTİSÖRÜ 200 LÜK | F12: ='KASIM 2 HAFTA '!N12 -> 60 | H12: Adet | I12: 0 | J12: 0 | K12: 0 | L12: 0 | M12: 0 | N12: 0 | O12: =+F12+I12-J12-K12-L12-M12-N12 -> 60 | P12: 150 | Q12: 2000
A13: 11 | B13: AMORTİSÖR 120 LİK CROM 4 CLASS | F13: ='KASIM 2 HAFTA '!N13 -> 50 | H13: Adet | I13: 0 | J13: 0 | K13: 0 | L13: 0 | M13: 0 | N13: 0 | O13: =+F13+I13-J13-K13-L13-M13-N13 -> 50 | P13: 0 | Q13: 0
A14: 12 | B14: YARASA ŞASE | F14: ='KASIM 2 HAFTA '!N14 -> 15 | H14: Adet | I14: 0 | J14: 0 | K14: 0 | L14: 0 | M14: 0 | N14: 0 | O14: =+F14+I14-J14-K14-L14-M14-N14 -> 15 | P14: 0 | Q14: 0
A15: 13 | B15: AMORTİSÖR 60 LIK 3 CLASS SİYAH | F15: ='KASIM 2 HAFTA '!N15 -> 180 | H15: Adet | I15: 0 | J15: 0 | K15: 0 | L15: 0 | M15: 0 | N15: 0 | O15: =+F15+I15-J15-K15-L15-M15-N15 -> 180 | P15: 100 | Q15: 300
A16: 14 | B16: 140 LIK AMORTİSÖR 3 KLASS | F16: 0 | H16: Adet | I16: 0 | K16: 0 | N16: 0 | O16: =+F16+I16-J16-K16-L16-M16-N16 -> 0 | P16: 0 | Q16: 0

Sheet KASIM 4 HAFTA 
A2: S.NO | B2: STOK ADI | F2: DEVİR MİK | H2: BİRİM | I2: GİRİŞ | J2: 44886 | K2: 44887 | L2: 44888 | M2: 44889 | N2: 44890 | O2: KALAN | P2: MİNİMUN | Q2: MAKSİMUN
A3: 1 | B3: ZZ.AMORTİSÖR 100 LÜK | F3: ='KASIM 3 HAFTA '!O3 -> 3435 | H3: Adet | I3: 0 | J3: 0 | K3: 0 | L3: 0 | M3: 80 | N3: 0 | O3: =+F3+I3-J3-K3-L3-M3-N3 -> 3355 | P3: 1000 | Q3: 5000
A4: 2 | B4: ZZ.AMORTİSÖR 120 LÜK | F4: ='KASIM 3 HAFTA '!O4 -> 2048 | H4: Adet | I4: 0 | J4: 20 | K4: 0 | L4: 100 | M4: 80 | N4: 7 | O4: =+F4+I4-J4-K4-L4-M4-N4 -> 1841 | P4: 500 | Q4: 3000
A5: 3 | B5: ZZ.AMORTİSÖR 80 LİK | F5: ='KASIM 3 HAFTA '!O5 -> 4019 | H5: Adet | I5: 0 | J5: 20 | K5: 40 | L5: 0 | M5: 0 | N5: 40 | O5: =+F5+I5-J5-K5-L5-M5-N5 -> 3919 | P5: 300 | Q5: 3000
A6: 4 | B6: ZZ.AMORTİSÖR 140 LIK | F6: ='KASIM 3 HAFTA '!O6 -> 406 | H6: Adet | I6: 0 | J6: 24 | K6: 0 | L6: 0 | M6: 0 | N6: 0 | O6: =+F6+I6-J6-K6-L6-M6-N6 -> 382 | P6: 200 | Q6: 2000
A7: 5 | B7: AMORTİSÖR 120 LİK CROM 3 CLASS | F7: ='KASIM 3 HAFTA '!O7 -> 20 | H7: Adet | I7: 0 | J7: 0 | K7: 0 | L7: 0 | M7: 0 | N7: 0 | O7: =+F7+I7-J7-K7-L7-M7-N7 -> 20 | P7: 0 | Q7: 0
A8: 6 | B8: KONUM KORUYUCU D 26 KISA | F8: ='KASIM 3 HAFTA '!O8 -> 220 | H8: Adet | I8: 0 | J8: 20 | K8: 0 | L8: 0 | M8: 0 | N8: 0 | O8: =+F8+I8-J8-K8-L8-M8-N8 -> 200 | P8: 100 | Q8: 500
A9: 7 | B9: 100 LÜK KROM AMORTİSÖR 4 CLASS | F9: ='KASIM 3 HAFTA '!O9 -> 1020 | H9: Adet | I9: 0 | J9: 0 | K9: 0 | L9: 0 | M9: 0 | N9: 0 | O9: =+F9+I9-J9-K9-L9-M9-N9 -> 1020 | P9: 0 | Q9: 0
A10: 8 | B10: 100 LÜK KROM AMORTİSÖR 3 CLASS | F10: 356 | H10: Adet | I10: 0 | J10: 0 | K10: 0 | L10: 60 | M10: 0 | N10: 0 | O10: =+F10+I10-J10-K10-L10-M10-N10 -> 296 | P10: 0 | Q10: 0
A11: 9 | B11: AMORTİSÖRÜ 200 LÜK | F11: ='KASIM 3 HAFTA '!O12 -> 60 | H11: Adet | I11: 0 | J11: 21 | K11: 0 | L11: 0 | M11: 25 | N11: 4 | O11: =+F11+I11-J11-K11-L11-M11-N11 -> 10 | P11: 150 | Q11: 2000
A12: 10 | B12: AMORTİSÖR 120 LİK CROM 4 CLASS | F12: ='KASIM 3 HAFTA '!O13 -> 50 | H12: Adet | I12: 0 | J12: 20 | K12: 0 | L12: 0 | M12: 0 | N12: 0 | O12: =+F12+I12-J12-K12-L12-M12-N12 -> 30 | P12: 0 | Q12: 0
A13: 11 | B13: YARASA ŞASE | F13: ='KASIM 3 HAFTA '!O14 -> 15 | H13: Adet | I13: 0 | J13: 0 | K13: 0 | L13: 0 | M13: 0 | N13: 0 | O13: =+F13+I13-J13-K13-L13-M13-N13 -> 15 | P13: 0 | Q13: 0
A14: 12 | B14: AMORTİSÖR 60 LIK 3 CLASS SİYAH | F14: ='KASIM 3 HAFTA '!O15 -> 180 | H14: Adet | I14: 0 | J14: 0 | K14: 0 | L14: 0 | M14: 0 | N14: 0 | O14: =+F14+I14-J14-K14-L14-M14-N14 -> 180 | P14: 100 | Q14: 300
A15: 13 | B15: 140 LIK AMORTİSÖR 3 KLASS | F15: 0 | H15: Adet | I15: 0 | K15: 0 | L15: 0 | M15: 0 | N15: 0 | O15: =+F15+I15-J15-K15-L15-M15-N15 -> 0 | P15: 0 | Q15: 0

Sheet KASIM 5 HAFTA 
A2: S.NO | B2: STOK ADI | F2: DEVİR MİK | H2: BİRİM | I2: GİRİŞ | J2: 44893 | K2: 44894 | L2: 44895 | M2: 44896 | N2: 44897 | O2: KALAN | P2: MİNİMUN | Q2: MAKSİMUN
A3: 1 | B3: ZZ.AMORTİSÖR 100 LÜK | F3: 3010 | H3: Adet | I3: 0 | J3: 10 | K3: 0 | L3: 100 | M3: 0 | N3: 0 | O3: =+F3+I3-J3-K3-L3-M3-N3 -> 2900 | P3: 1000 | Q3: 5000
A4: 2 | B4: ZZ.AMORTİSÖR 120 LÜK | F4: 1600 | H4: Adet | I4: 0 | J4: 0 | K4: 100 | L4: 0 | M4: 0 | N4: 0 | O4: =+F4+I4-J4-K4-L4-M4-N4 -> 1500 | P4: 500 | Q4: 3000
A5: 3 | B5: ZZ.AMORTİSÖR 80 LİK | F5: 3919 | H5: Adet | I5: 0 | J5: 0 | K5: 20 | L5: 0 | M5: 0 | N5: 80 | O5: =+F5+I5-J5-K5-L5-M5-N5 -> 3819 | P5: 300 | Q5: 3000
A6: 4 | B6: ZZ.AMORTİSÖR 140 LIK | F6: 382 | H6: Adet | I6: 0 | J6: 4 | K6: 0 | L6: 80 | M6: 0 | N6: 0 | O6: =+F6+I6-J6-K6-L6-M6-N6 -> 298 | P6: 200 | Q6: 2000
A7: 5 | B7: AMORTİSÖR 120 LİK CROM 3 CLASS | F7: 0 | H7: Adet | I7: 0 | J7: 0 | K7: 0 | L7: 0 | M7: 0 | N7: 0 | O7: =+F7+I7-J7-K7-L7-M7-N7 -> 0 | P7: 0 | Q7: 0
A8: 6 | B8: KONUM KORUYUCU D 26 KISA | F8: 200 | H8: Adet | I8: 0 | J8: 0 | K8: 0 | L8: 0 | M8: 42 | N8: 20 | O8: =+F8+I8-J8-K8-L8-M8-N8 -> 138 | P8: 100 | Q8: 500
A9: 7 | B9: 100 LÜK KROM AMORTİSÖR 4 CLASS | F9: ='KASIM 3 HAFTA '!O9 -> 1020 | H9: Adet | I9: 0 | J9: 0 | K9: 0 | L9: 0 | M9: 0 | N9: 0 | O9: =+F9+I9-J9-K9-L9-M9-N9 -> 1020 | P9: 0 | Q9: 0
A10: 8 | B10: 100 LÜK KROM AMORTİSÖR 3 CLASS | F10: 296 | H10: Adet | I10: 0 | J10: 0 | K10: 0 | L10: 0 | M10: 111 | N10: 0 | O10: =+F10+I10-J10-K10-L10-M10-N10 -> 185 | P10: 0 | Q10: 0
A11: 9 | B11: AMORTİSÖRÜ 200 LÜK | F11: 10 | H11: Adet | I11: 0 | J11: 0 | K11: 0 | L11: 0 | M11: 0 | N11: 0 | O11: =+F11+I11-J11-K11-L11-M11-N11 -> 10 | P11: 150 | Q11: 2000
A12: 10 | B12: AMORTİSÖR 120 LİK CROM 4 CLASS | F12: 30 | H12: Adet | I12: 0 | J12: 0 | K12: 12 | L12: 0 | M12: 0 | N12: 0 | O12: =+F12+I12-J12-K12-L12-M12-N12 -> 18 | P12: 0 | Q12: 0
A13: 11 | B13: YARASA ŞASE | F13: ='KASIM 3 HAFTA '!O14 -> 15 | H13: Adet | I13: 0 | J13: 0 | K13: 0 | L13: 0 | M13: 0 | N13: 0 | O13: =+F13+I13-J13-K13-L13-M13-N13 -> 15 | P13: 0 | Q13: 0
A14: 12 | B14: AMORTİSÖR 60 LIK 3 CLASS SİYAH | F14: ='KASIM 3 HAFTA '!O15 -> 180 | H14: Adet | I14: 0 | J14: 0 | K14: 0 | L14: 0 | M14: 0 | N14: 0 | O14: =+F14+I14-J14-K14-L14-M14-N14 -> 180 | P14: 100 | Q14: 300
A15: 13 | B15: 140 LIK AMORTİSÖR 3 KLASS | F15: 160 | H15: Adet | I15: 0 | J15: 0 | K15: 0 | L15: 0 | M15: 0 | N15: 0 | O15: =+F15+I15-J15-K15-L15-M15-N15 -> 160 | P15: 0 | Q15: 0

Sheet ARALIK 1 HAFTA 
B1: ARALIK 1 HAFTA
A2: S.NO | B2: STOK ADI | F2: DEVİR MİK | H2: BİRİM | I2: GİRİŞ | J2: 44900 | K2: 44901 | L2: 44902 | M2: 44903 | N2: 44904 | O2: KALAN | P2: MİNİMUN | Q2: MAKSİMUN
A3: 1 | B3: ZZ.AMORTİSÖR 100 LÜK | F3: 2900 | H3: Adet | I3: 0 | J3: 0 | K3: 140 | L3: 0 | M3: 80 | N3: 6 | O3: =+F3+I3-J3-K3-L3-M3-N3 -> 2674 | P3: 1000 | Q3: 5000
A4: 2 | B4: ZZ.AMORTİSÖR 120 LÜK 3K | F4: 1500 | H4: Adet | I4: 0 | J4: 0 | K4: 0 | L4: 0 | M4: 0 | N4: 180 | O4: =+F4+I4-J4-K4-L4-M4-N4 -> 1320 | P4: 500 | Q4: 3000
A5: 3 | B5: ZZ.AMORTİSÖR 80 LİK | F5: 3819 | H5: Adet | I5: 0 | J5: 0 | K5: 0 | L5: 0 | M5: 0 | N5: 0 | O5: =+F5+I5-J5-K5-L5-M5-N5 -> 3819 | P5: 300 | Q5: 3000
A6: 4 | B6: ZZ.AMORTİSÖR 140 LIK | F6: 298 | H6: Adet | I6: 0 | J6: 5 | K6: 0 | L6: 0 | M6: 0 | N6: 0 | O6: =+F6+I6-J6-K6-L6-M6-N6 -> 293 | P6: 200 | Q6: 2000
A7: 5 | B7: AMORTİSÖR 120 LİK CROM 3 CLASS | F7: 0 | H7: Adet | I7: 500 | J7: 0 | K7: 0 | L7: 0 | M7: 115 | N7: 0 | O7: =+F7+I7-J7-K7-L7-M7-N7 -> 385 | P7: 0 | Q7: 0
A8: 6 | B8: KONUM KORUYUCU D 26 KISA | F8: 138 | H8: Adet | I8: 0 | J8: 0 | K8: 0 | L8: 40 | M8: 0 | N8: 20 | O8: =+F8+I8-J8-K8-L8-M8-N8 -> 78 | P8: 100 | Q8: 500
A9: 7 | B9: 100 LÜK KROM AMORTİSÖR 4 CLASS | F9: ='KASIM 3 HAFTA '!O9 -> 1020 | H9: Adet | I9: 2500 | J9: 0 | K9: 0 | L9: 0 | M9: 0 | N9: 0 | O9: =+F9+I9-J9-K9-L9-M9-N9 -> 3520 | P9: 0 | Q9: 0
A10: 8 | B10: 100 LÜK KROM AMORTİSÖR 3 CLASS | F10: 185 | H10: Adet | I10: 500 | J10: 0 | K10: 0 | L10: 0 | M10: 40 | N10: 20 | O10: =+F10+I10-J10-K10-L10-M10-N10 -> 625 | P10: 0 | Q10: 0
A11: 9 | B11: AMORTİSÖRÜ 200 LÜK | F11: 10 | H11: Adet | I11: 0 | J11: 0 | K11: 0 | L11: 0 | M11: 0 | N11: 0 | O11: =+F11+I11-J11-K11-L11-M11-N11 -> 10 | P11: 150 | Q11: 2000
A12: 10 | B12: AMORTİSÖR 120 LİK CROM 4 CLASS | F12: 18 | H12: Adet | I12: 0 | J12: 0 | K12: 0 | L12: 0 | M12: 0 | N12: 0 | O12: =+F12+I12-J12-K12-L12-M12-N12 -> 18 | P12: 0 | Q12: 0
A13: 11 | B13: YARASA ŞASE | F13: ='KASIM 3 HAFTA '!O14 -> 15 | H13: Adet | I13: 0 | J13: 0 | K13: 0 | L13: 0 | M13: 0 | N13: 0 | O13: =+F13+I13-J13-K13-L13-M13-N13 -> 15 | P13: 0 | Q13: 0
A14: 12 | B14: AMORTİSÖR 60 LIK 3 CLASS SİYAH | F14: ='KASIM 3 HAFTA '!O15 -> 180 | H14: Adet | I14: 0 | J14: 0 | K14: 20 | L14: 0 | M14: 0 | N14: 0 | O14: =+F14+I14-J14-K14-L14-M14-N14 -> 160 | P14: 100 | Q14: 300
A15: 13 | B15: 140 LIK AMORTİSÖR 3 KLASS | F15: 160 | H15: Adet | I15: 0 | J15: 0 | K15: 0 | L15: 0 | M15: 0 | N15: 0 | O15: =+F15+I15-J15-K15-L15-M15-N15 -> 160 | P15: 0 | Q15: 0

Sheet ARALIK 2 HAFTA 
B1: ARALIK 2 HAFTA
A2: S.NO | B2: STOK ADI | F2: DEVİR MİK | H2: BİRİM | I2: GİRİŞ | J2: 44907 | K2: 44908 | L2: 44909 | M2: 44910 | N2: 44911 | O2: KALAN | P2: MİNİMUN | Q2: MAKSİMUN
A3: 1 | B3: ZZ.AMORTİSÖR 100 LÜK | F3: 2674 | H3: Adet | I3: 0 | J3: 20 | K3: 0 | L3: 0 | M3: 0 | N3: 0 | O3: =+F3+I3-J3-K3-L3-M3-N3 -> 2654 | P3: 1000 | Q3: 5000
A4: 2 | B4: ZZ.AMORTİSÖR 120 LÜK 3K | F4: 1320 | H4: Adet | I4: 0 | J4: 4 | K4: 0 | L4: 0 | M4: 0 | N4: 0 | O4: =+F4+I4-J4-K4-L4-M4-N4 -> 1316 | P4: 500 | Q4: 3000
A5: 3 | B5: ZZ.AMORTİSÖR 80 LİK | F5: 3819 | H5: Adet | I5: 0 | J5: 0 | K5: 0 | L5: 0 | M5: 0 | N5: 120 | O5: =+F5+I5-J5-K5-L5-M5-N5 -> 3699 | P5: 300 | Q5: 3000
A6: 4 | B6: ZZ.AMORTİSÖR 140 LIK | F6: 293 | H6: Adet | I6: 0 | J6: 0 | K6: 0 | L6: 0 | M6: 0 | N6: 0 | O6: =+F6+I6-J6-K6-L6-M6-N6 -> 293 | P6: 200 | Q6: 2000
A7: 5 | B7: AMORTİSÖR 120 LİK CROM 3 CLASS | F7: 385 | H7: Adet | I7: 0 | J7: 0 | K7: 0 | L7: 0 | M7: 0 | N7: 0 | O7: =+F7+I7-J7-K7-L7-M7-N7 -> 385 | P7: 0 | Q7: 0
A8: 6 | B8: KONUM KORUYUCU D 26 KISA | F8: 160 | H8: Adet | I8: 0 | J8: 0 | K8: 0 | L8: 0 | M8: 40 | N8: 0 | O8: =+F8+I8-J8-K8-L8-M8-N8 -> 120 | P8: 100 | Q8: 500
A9: 7 | B9: 100 LÜK KROM AMORTİSÖR 4 CLASS | F9: 3520 | H9: Adet | I9: 0 | J9: 0 | K9: 0 | L9: 2500 | M9: 0 | N9: 0 | O9: =+F9+I9-J9-K9-L9-M9-N9 -> 1020 | P9: 0 | Q9: 0
A10: 8 | B10: 100 LÜK KROM AMORTİSÖR 3 CLASS | F10: 625 | H10: Adet | I10: 0 | J10: 0 | K10: 0 | L10: 0 | M10: 0 | N10: 0 | O10: =+F10+I10-J10-K10-L10-M10-N10 -> 625 | P10: 0 | Q10: 0
A11: 9 | B11: AMORTİSÖRÜ 200 LÜK | F11: 10 | H11: Adet | I11: 0 | J11: 0 | K11: 0 | L11: 0 | M11: 0 | N11: 0 | O11: =+F11+I11-J11-K11-L11-M11-N11 -> 10 | P11: 150 | Q11: 2000
A12: 10 | B12: AMORTİSÖR 120 LİK CROM 4 CLASS | F12: 18 | H12: Adet | I12: 0 | J12: 0 | K12: 0 | L12: 0 | M12: 0 | N12: 0 | O12: =+F12+I12-J12-K12-L12-M12-N12 -> 18 | P12: 0 | Q12: 0
A13: 11 | B13: YARASA ŞASE | F13: ='KASIM 3 HAFTA '!O14 -> 15 | H13: Adet | I13: 0 | J13: 0 | K13: 0 | L13: 0 | M13: 0 | N13: 0 | O13: =+F13+I13-J13-K13-L13-M13-N13 -> 15 | P13: 0 | Q13: 0
A14: 12 | B14: AMORTİSÖR 60 LIK 3 CLASS SİYAH | F14: 160 | H14: Adet | I14: 0 | J14: 0 | K14: 0 | L14: 60 | M14: 0 | N14: 0 | O14: =+F14+I14-J14-K14-L14-M14-N14 -> 100 | P14: 100 | Q14: 300
A15: 13 | B15: 140 LIK AMORTİSÖR 3 KLASS | F15: 160 | H15: Adet | I15: 0 | J15: 0 | K15: 0 | L15: 0 | M15: 0 | N15: 0 | O15: =+F15+I15-J15-K15-L15-M15-N15 -> 160 | P15: 0 | Q15: 0

Sheet ARALIK 3 HAFTA 
B1: ARALIK 3 HAFTA
A2: S.NO | B2: STOK ADI | F2: DEVİR MİK | H2: BİRİM | I2: GİRİŞ | J2: 44914 | K2: 44915 | L2: 44916 | M2: 44917 | N2: 44918 | O2: KALAN | P2: MİNİMUN | Q2: MAKSİMUN
A3: 1 | B3: ZZ.AMORTİSÖR 100 LÜK | F3: 2654 | H3: Adet | I3: 0 | J3: 160 | K3: 4 | L3: 0 | M3: 20 | N3: 40 | O3: =+F3+I3-J3-K3-L3-M3-N3 -> 2430 | P3: 1000 | Q3: 5000
A4: 2 | B4: ZZ.AMORTİSÖR 120 LÜK 3K | F4: 1316 | H4: Adet | I4: 0 | J4: 160 | K4: 0 | L4: 100 | M4: 0 | N4: 0 | O4: =+F4+I4-J4-K4-L4-M4-N4 -> 1056 | P4: 500 | Q4: 3000
A5: 3 | B5: ZZ.AMORTİSÖR 80 LİK | F5: 3699 | H5: Adet | I5: 0 | J5: 0 | K5: 0 | L5: 0 | M5: 20 | N5: 20 | O5: =+F5+I5-J5-K5-L5-M5-N5 -> 3659 | P5: 300 | Q5: 3000
A6: 4 | B6: ZZ.AMORTİSÖR 140 LIK | F6: 293 | H6: Adet | I6: 0 | J6: 0 | K6: 0 | L6: 0 | M6: 0 | N6: 5 | O6: =+F6+I6-J6-K6-L6-M6-N6 -> 288 | P6: 200 | Q6: 2000
A7: 5 | B7: AMORTİSÖR 120 LİK CROM 3 CLASS | F7: 385 | H7: Adet | I7: 0 | J7: 0 | K7: 0 | L7: 0 | M7: 0 | N7: 0 | O7: =+F7+I7-J7-K7-L7-M7-N7 -> 385 | P7: 0 | Q7: 0
A8: 6 | B8: KONUM KORUYUCU D 26 KISA | F8: 120 | H8: Adet | I8: 0 | J8: 0 | K8: 0 | L8: 0 | M8: 0 | N8: 60 | O8: =+F8+I8-J8-K8-L8-M8-N8 -> 60 | P8: 100 | Q8: 500
A9: 7 | B9: 100 LÜK KROM AMORTİSÖR 4 CLASS | F9: 1020 | H9: Adet | I9: 0 | J9: 0 | K9: 0 | L9: 0 | M9: 0 | N9: 0 | O9: =+F9+I9-J9-K9-L9-M9-N9 -> 1020 | P9: 0 | Q9: 0
A10: 8 | B10: 100 LÜK KROM AMORTİSÖR 3 CLASS | F10: 625 | H10: Adet | I10: 0 | J10: 0 | K10: 0 | L10: 100 | M10: 0 | N10: 0 | O10: =+F10+I10-J10-K10-L10-M10-N10 -> 525 | P10: 0 | Q10: 0
A11: 9 | B11: AMORTİSÖRÜ 200 LÜK | F11: 10 | H11: Adet | I11: 0 | J11: 0 | K11: 0 | L11: 0 | M11: 0 | N11: 0 | O11: =+F11+I11-J11-K11-L11-M11-N11 -> 10 | P11: 150 | Q11: 2000
A12: 10 | B12: AMORTİSÖR 120 LİK CROM 4 CLASS | F12: 18 | H12: Adet | I12: 0 | J12: 0 | K12: 0 | L12: 0 | M12: 0 | N12: 0 | O12: =+F12+I12-J12-K12-L12-M12-N12 -> 18 | P12: 0 | Q12: 0
A13: 11 | B13: YARASA ŞASE | F13: ='KASIM 3 HAFTA '!O14 -> 15 | H13: Adet | I13: 0 | J13: 0 | K13: 0 | L13: 0 | M13: 0 | N13: 0 | O13: =+F13+I13-J13-K13-L13-M13-N13 -> 15 | P13: 0 | Q13: 0
A14: 12 | B14: AMORTİSÖR 60 LIK 3 CLASS SİYAH | F14: 100 | H14: Adet | I14: 0 | J14: 0 | K14: 0 | L14: 0 | M14: 0 | N14: 20 | O14: =+F14+I14-J14-K14-L14-M14-N14 -> 80 | P14: 100 | Q14: 300
A15: 13 | B15: 140 LIK AMORTİSÖR 3 KLASS | F15: 160 | H15: Adet | I15: 0 | J15: 0 | K15: 0 | L15: 0 | M15: 0 | N15: 0 | O15: =+F15+I15-J15-K15-L15-M15-N15 -> 160 | P15: 0 | Q15: 0

Sheet ARALIK 4 HAFTA 
B1: ARALIK 4 HAFTA
A2: S.NO | B2: STOK ADI | F2: DEVİR MİK | H2: BİRİM | I2: GİRİŞ | J2: 44921 | K2: 44922 | L2: 44923 | M2: 44924 | N2: 44925 | O2: KALAN | P2: MİNİMUN | Q2: MAKSİMUN
A3: 1 | B3: ZZ.AMORTİSÖR 100 LÜK | F3: 2430 | H3: Adet | I3: 0 | J3: 40 | K3: 0 | L3: 3 | M3: 0 | N3: 240 | O3: =+F3+I3-J3-K3-L3-M3-N3 -> 2147 | P3: 1000 | Q3: 5000
A4: 2 | B4: ZZ.AMORTİSÖR 120 LÜK 3K | F4: 1056 | H4: Adet | I4: 0 | J4: 0 | K4: 0 | L4: 3 | M4: 0 | N4: 120 | O4: =+F4+I4-J4-K4-L4-M4-N4 -> 933 | P4: 500 | Q4: 3000
A5: 3 | B5: ZZ.AMORTİSÖR 80 LİK | F5: 3659 | H5: Adet | I5: 0 | J5: 0 | K5: 0 | L5: 0 | M5: 0 | N5: 0 | O5: =+F5+I5-J5-K5-L5-M5-N5 -> 3659 | P5: 300 | Q5: 3000
A6: 4 | B6: ZZ.AMORTİSÖR 140 LIK | F6: 288 | H6: Adet | I6: 0 | J6: 0 | K6: 0 | L6: 10 | M6: 0 | N6: 0 | O6: =+F6+I6-J6-K6-L6-M6-N6 -> 278 | P6: 200 | Q6: 2000
A7: 5 | B7: AMORTİSÖR 120 LİK CROM 3 CLASS | F7: 385 | H7: Adet | I7: 0 | J7: 0 | K7: 0 | L7: 0 | M7: 0 | N7: 0 | O7: =+F7+I7-J7-K7-L7-M7-N7 -> 385 | P7: 0 | Q7: 0
A8: 6 | B8: KONUM KORUYUCU D 26 KISA | F8: 60 | H8: Adet | I8: 500 | J8: 0 | K8: 0 | L8: 0 | M8: 0 | N8: 0 | O8: =+F8+I8-J8-K8-L8-M8-N8 -> 560 | P8: 100 | Q8: 500
A9: 7 | B9: 100 LÜK KROM AMORTİSÖR 4 CLASS | F9: 1020 | H9: Adet | I9: 0 | J9: 0 | K9: 0 | L9: 0 | M9: 0 | N9: 100 | O9: =+F9+I9-J9-K9-L9-M9-N9 -> 920 | P9: 0 | Q9: 0
A10: 8 | B10: 100 LÜK KROM AMORTİSÖR 3 CLASS | F10: 525 | H10: Adet | I10: 0 | J10: 0 | K10: 0 | L10: 0 | M10: 0 | N10: 0 | O10: =+F10+I10-J10-K10-L10-M10-N10 -> 525 | P10: 0 | Q10: 0
A11: 9 | B11: AMORTİSÖRÜ 200 LÜK | F11: 10 | H11: Adet | I11: 0 | J11: 0 | K11: 0 | L11: 10 | M11: 0 | N11: 0 | O11: =+F11+I11-J11-K11-L11-M11-N11 -> 0 | P11: 150 | Q11: 2000
A12: 10 | B12: AMORTİSÖR 120 LİK CROM 4 CLASS | F12: 18 | H12: Adet | I12: 0 | J12: 0 | K12: 0 | L12: 0 | M12: 0 | N12: 0 | O12: =+F12+I12-J12-K12-L12-M12-N12 -> 18 | P12: 0 | Q12: 0
A13: 11 | B13: YARASA ŞASE | F13: ='KASIM 3 HAFTA '!O14 -> 15 | H13: Adet | I13: 0 | J13: 0 | K13: 0 | L13: 0 | M13: 0 | N13: 0 | O13: =+F13+I13-J13-K13-L13-M13-N13 -> 15 | P13: 0 | Q13: 0
A14: 12 | B14: AMORTİSÖR 60 LIK 3 CLASS SİYAH | F14: 80 | H14: Adet | I14: 0 | J14: 0 | K14: 0 | L14: 0 | M14: 0 | N14: 0 | O14: =+F14+I14-J14-K14-L14-M14-N14 -> 80 | P14: 100 | Q14: 300
A15: 13 | B15: 140 LIK AMORTİSÖR 3 KLASS | F15: 160 | H15: Adet | I15: 0 | J15: 0 | K15: 0 | L15: 0 | M15: 0 | N15: 0 | O15: =+F15+I15-J15-K15-L15-M15-N15 -> 160 | P15: 0 | Q15: 0

Sheet OCAK 1 HAFTA
B1: OCAK 1 HAFTA
A2: S.NO | B2: STOK ADI | F2: DEVİR MİK | H2: BİRİM | I2: GİRİŞ | J2: 44928 | K2: 44929 | L2: 44930 | M2: 44931 | N2: 44932 | O2: KALAN | P2: MİNİMUN | Q2: MAKSİMUN
A3: 1 | B3: ZZ.AMORTİSÖR 100 LÜK | F3: 2340 | H3: Adet | I3: 0 | J3: 0 | K3: 0 | L3: 0 | M3: 60 | N3: 0 | O3: =+F3+I3-J3-K3-L3-M3-N3 -> 2280 | P3: 1000 | Q3: 5000
A4: 2 | B4: ZZ.AMORTİSÖR 120 LÜK 3K | F4: 280 | H4: Adet | I4: 0 | J4: 0 | K4: 0 | L4: 0 | M4: 0 | N4: 0 | O4: =+F4+I4-J4-K4-L4-M4-N4 -> 280 | P4: 500 | Q4: 3000
A5: 3 | B5: ZZ.AMORTİSÖR 80 LİK | F5: 3600 | H5: Adet | I5: 0 | J5: 0 | K5: 0 | L5: 0 | M5: 0 | N5: 0 | O5: =+F5+I5-J5-K5-L5-M5-N5 -> 3600 | P5: 300 | Q5: 3000
A6: 4 | B6: ZZ.AMORTİSÖR 140 LIK | F6: 260 | H6: Adet | I6: 0 | J6: 20 | K6: 0 | L6: 0 | M6: 0 | N6: 0 | O6: =+F6+I6-J6-K6-L6-M6-N6 -> 240 | P6: 200 | Q6: 2000
A7: 5 | B7: AMORTİSÖR 120 LİK CROM 3 CLASS | F7: 1120 | H7: Adet | I7: 3000 | J7: 0 | K7: 0 | L7: 0 | M7: 0 | N7: 0 | O7: =+F7+I7-J7-K7-L7-M7-N7 -> 4120 | P7: 0 | Q7: 0
A8: 6 | B8: KONUM KORUYUCU D 26 KISA | F8: 500 | H8: Adet | I8: 0 | J8: 0 | K8: 0 | L8: 2 | M8: 100 | N8: 0 | O8: =+F8+I8-J8-K8-L8-M8-N8 -> 398 | P8: 100 | Q8: 500
A9: 7 | B9: 100 LÜK KROM AMORTİSÖR 4 CLASS | F9: 760 | H9: Adet | I9: 0 | J9: 0 | K9: 0 | L9: 0 | M9: 0 | N9: 0 | O9: =+F9+I9-J9-K9-L9-M9-N9 -> 760 | P9: 0 | Q9: 0
A10: 8 | B10: 100 LÜK KROM AMORTİSÖR 3 CLASS | F10: 780 | H10: Adet | I10: 5000 | J10: 0 | K10: 0 | L10: 0 | M10: 0 | N10: 0 | O10: =+F10+I10-J10-K10-L10-M10-N10 -> 5780 | P10: 0 | Q10: 0
A11: 9 | B11: AMORTİSÖRÜ 200 LÜK | F11: 0 | H11: Adet | I11: 1000 | J11: 0 | K11: 0 | L11: 0 | M11: 10 | N11: 10 | O11: =+F11+I11-J11-K11-L11-M11-N11 -> 980 | P11: 150 | Q11: 2000
A12: 10 | B12: AMORTİSÖR 120 LİK CROM 4 CLASS | F12: 0 | H12: Adet | I12: 0 | J12: 0 | K12: 0 | L12: 0 | M12: 0 | N12: 0 | O12: =+F12+I12-J12-K12-L12-M12-N12 -> 0 | P12: 0 | Q12: 0
A13: 11 | B13: YARASA ŞASE | F13: 0 | H13: Adet | I13: 0 | J13: 0 | K13: 0 | L13: 0 | M13: 0 | N13: 0 | O13: =+F13+I13-J13-K13-L13-M13-N13 -> 0 | P13: 0 | Q13: 0
A14: 12 | B14: AMORTİSÖR 60 LIK 3 CLASS SİYAH | F14: 240 | H14: Adet | I14: 1000 | J14: 0 | K14: 0 | L14: 0 | M14: 0 | N14: 0 | O14: =+F14+I14-J14-K14-L14-M14-N14 -> 1240 | P14: 100 | Q14: 300
A15: 13 | B15: 140 LIK AMORTİSÖR 3 KLASS | F15: 160 | H15: Adet | I15: 7 | J15: 0 | K15: 0 | L15: 0 | M15: 0 | N15: 0 | O15: =+F15+I15-J15-K15-L15-M15-N15 -> 167 | P15: 0 | Q15: 0

Sheet OCAK 2 HAFTA 
B1: OCAK 2 HAFTA
A2: S.NO | B2: STOK ADI | F2: DEVİR MİK | H2: BİRİM | I2: GİRİŞ | J2: 44935 | K2: 44936 | L2: 44937 | M2: 44938 | N2: 44939 | O2: KALAN | P2: MİNİMUN | Q2: MAKSİMUN
A3: 1 | B3: ZZ.AMORTİSÖR 100 LÜK | F3: 2280 | H3: Adet | I3: 0 | J3: 0 | K3: 180 | L3: 100 | M3: 0 | N3: 0 | O3: =+F3+I3-J3-K3-L3-M3-N3 -> 2000 | P3: 1000 | Q3: 5000
A4: 2 | B4: ZZ.AMORTİSÖR 120 LÜK 3K | F4: 280 | H4: Adet | I4: 0 | J4: 0 | K4: 0 | L4: 0 | M4: 0 | N4: 0 | O4: =+F4+I4-J4-K4-L4-M4-N4 -> 280 | P4: 500 | Q4: 3000
A5: 3 | B5: ZZ.AMORTİSÖR 80 LİK | F5: 3600 | H5: Adet | I5: 0 | J5: 0 | K5: 0 | L5: 0 | M5: 0 | N5: 40 | O5: =+F5+I5-J5-K5-L5-M5-N5 -> 3560 | P5: 300 | Q5: 3000
A6: 4 | B6: ZZ.AMORTİSÖR 140 LIK | F6: 240 | H6: Adet | I6: 0 | J6: 0 | K6: 0 | L6: 0 | M6: 0 | N6: 0 | O6: =+F6+I6-J6-K6-L6-M6-N6 -> 240 | P6: 200 | Q6: 2000
A7: 5 | B7: AMORTİSÖR 120 LİK CROM 3 CLASS | F7: 4120 | H7: Adet | I7: 0 | J7: 0 | K7: 0 | L7: 0 | M7: 0 | N7: 20 | O7: =+F7+I7-J7-K7-L7-M7-N7 -> 4100 | P7: 0 | Q7: 0
A8: 6 | B8: KONUM KORUYUCU D 26 KISA | F8: 398 | H8: Adet | I8: 0 | J8: 0 | K8: 0 | L8: 0 | M8: 0 | N8: 0 | O8: =+F8+I8-J8-K8-L8-M8-N8 -> 398 | P8: 100 | Q8: 500
A9: 7 | B9: 100 LÜK KROM AMORTİSÖR 4 CLASS | F9: 760 | H9: Adet | I9: 0 | J9: 0 | K9: 0 | L9: 0 | M9: 0 | N9: 0 | O9: =+F9+I9-J9-K9-L9-M9-N9 -> 760 | P9: 0 | Q9: 0
A10: 8 | B10: 100 LÜK KROM AMORTİSÖR 3 CLASS | F10: 5780 | H10: Adet | I10: 0 | J10: 0 | K10: 0 | L10: 0 | M10: 0 | N10: 0 | O10: =+F10+I10-J10-K10-L10-M10-N10 -> 5780 | P10: 0 | Q10: 0
A11: 9 | B11: AMORTİSÖRÜ 200 LÜK | F11: 980 | H11: Adet | I11: 0 | J11: 0 | K11: 15 | L11: 0 | M11: 0 | N11: 10 | O11: =+F11+I11-J11-K11-L11-M11-N11 -> 955 | P11: 150 | Q11: 2000
A12: 10 | B12: AMORTİSÖR 120 LİK CROM 4 CLASS | F12: 0 | H12: Adet | I12: 0 | J12: 0 | K12: 0 | L12: 0 | M12: 0 | N12: 0 | O12: =+F12+I12-J12-K12-L12-M12-N12 -> 0 | P12: 0 | Q12: 0
A13: 11 | B13: YARASA ŞASE | F13: 0 | H13: Adet | I13: 0 | J13: 0 | K13: 0 | L13: 0 | M13: 0 | N13: 0 | O13: =+F13+I13-J13-K13-L13-M13-N13 -> 0 | P13: 0 | Q13: 0
A14: 12 | B14: AMORTİSÖR 60 LIK 3 CLASS SİYAH | F14: 1240 | H14: Adet | I14: 0 | J14: 0 | K14: 0 | L14: 0 | M14: 0 | N14: 20 | O14: =+F14+I14-J14-K14-L14-M14-N14 -> 1220 | P14: 100 | Q14: 300
A15: 13 | B15: 140 LIK AMORTİSÖR 3 KLASS | F15: 0 | H15: Adet | I15: 0 | J15: 0 | K15: 0 | L15: 0 | M15: 0 | N15: 0 | O15: =+F15+I15-J15-K15-L15-M15-N15 -> 0 | P15: 0 | Q15: 0

Sheet OCAK 3 HAFTA 
B1: OCAK 3 HAFTA
A2: S.NO | B2: STOK ADI | F2: DEVİR MİK | H2: BİRİM | I2: GİRİŞ | J2: 44942 | K2: 44943 | L2: 44944 | M2: 44945 | N2: 44946 | O2: KALAN | P2: MİNİMUN | Q2: MAKSİMUN
A3: 1 | B3: ZZ.AMORTİSÖR 100 LÜK | F3: 1720 | H3: Adet | I3: 0 | J3: 0 | K3: 0 | L3: 0 | M3: 100 | N3: 0 | O3: =+F3+I3-J3-K3-L3-M3-N3 -> 1620 | P3: 1000 | Q3: 5000
A4: 2 | B4: ZZ.AMORTİSÖR 120 LÜK | F4: 280 | H4: Adet | I4: 0 | J4: 0 | K4: 0 | L4: 0 | M4: 0 | N4: 0 | O4: =+F4+I4-J4-K4-L4-M4-N4 -> 280 | P4: 500 | Q4: 3000
A5: 3 | B5: ZZ.AMORTİSÖR 80 LİK | F5: 3530 | H5: Adet | I5: 0 | J5: 0 | K5: 0 | L5: 0 | M5: 0 | N5: 0 | O5: =+F5+I5-J5-K5-L5-M5-N5 -> 3530 | P5: 300 | Q5: 3000
A6: 4 | B6: ZZ.AMORTİSÖR 140 LIK | F6: 80 | H6: Adet | I6: 0 | J6: 0 | K6: 0 | L6: 0 | M6: 0 | N6: 0 | O6: =+F6+I6-J6-K6-L6-M6-N6 -> 80 | P6: 200 | Q6: 2000
A7: 5 | B7: AMORTİSÖR 120 LİK CROM 3 CLASS | F7: 4060 | H7: Adet | I7: 0 | J7: 0 | K7: 60 | L7: 0 | M7: 0 | N7: 0 | O7: =+F7+I7-J7-K7-L7-M7-N7 -> 4000 | P7: 0 | Q7: 0
A8: 6 | B8: KONUM KORUYUCU D 26 KISA | F8: 340 | H8: Adet | I8: 0 | J8: 0 | K8: 0 | L8: 0 | M8: 100 | N8: 0 | O8: =+F8+I8-J8-K8-L8-M8-N8 -> 240 | P8: 100 | Q8: 500
A9: 7 | B9: 100 LÜK KROM AMORTİSÖR 4 CLASS | F9: 850 | H9: Adet | I9: 0 | J9: 0 | K9: 0 | L9: 0 | M9: 0 | N9: 0 | O9: =+F9+I9-J9-K9-L9-M9-N9 -> 850 | P9: 0 | Q9: 0
A10: 8 | B10: 100 LÜK KROM AMORTİSÖR 3 CLASS | F10: 5300 | H10: Adet | I10: 0 | J10: 0 | K10: 260 | L10: 0 | M10: 0 | N10: 6 | O10: =+F10+I10-J10-K10-L10-M10-N10 -> 5034 | P10: 0 | Q10: 0
A11: 9 | B11: AMORTİSÖRÜ 200 LÜK | F11: 955 | H11: Adet | I11: 0 | J11: 0 | K11: 1 | L11: 0 | M11: 0 | N11: 1 | O11: =+F11+I11-J11-K11-L11-M11-N11 -> 953 | P11: 150 | Q11: 2000
A12: 10 | B12: AMORTİSÖR 120 LİK CROM 4 CLASS | F12: 0 | H12: Adet | I12: 0 | J12: 0 | K12: 0 | L12: 0 | M12: 0 | N12: 0 | O12: =+F12+I12-J12-K12-L12-M12-N12 -> 0 | P12: 0 | Q12: 0
A13: 11 | B13: YARASA ŞASE | F13: 0 | H13: Adet | I13: 0 | J13: 0 | K13: 0 | L13: 0 | M13: 0 | N13: 0 | O13: =+F13+I13-J13-K13-L13-M13-N13 -> 0 | P13: 0 | Q13: 0
A14: 12 | B14: AMORTİSÖR 60 LIK 3 CLASS SİYAH | F14: 1060 | H14: Adet | I14: 0 | J14: 0 | K14: 0 | L14: 0 | M14: 0 | N14: 0 | O14: =+F14+I14-J14-K14-L14-M14-N14 -> 1060 | P14: 100 | Q14: 300
A15: 13 | B15: 140 LIK AMORTİSÖR 3 KLASS | F15: 1500 | H15: Adet | I15: 0 | J15: 0 | K15: 0 | L15: 500 | M15: 0 | N15: 0 | O15: =+F15+I15-J15-K15-L15-M15-N15 -> 1000 | P15: 0 | Q15: 0

Sheet OCAK 4 HAFTA 
B1: OCAK 4 HAFTA
A2: S.NO | B2: STOK ADI | F2: DEVİR MİK | H2: BİRİM | I2: GİRİŞ | J2: 44949 | K2: 44950 | L2: 44951 | M2: 44952 | N2: 44953 | O2: KALAN | P2: MİNİMUN | Q2: MAKSİMUN
A3: 1 | B3: ZZ.AMORTİSÖR 100 LÜK | F3: 1620 | H3: Adet | I3: 0 | J3: 0 | K3: 0 | L3: 0 | M3: 40 | N3: 40 | O3: =+F3+I3-J3-K3-L3-M3-N3 -> 1540 | P3: 1000 | Q3: 5000
A4: 2 | B4: ZZ.AMORTİSÖR 120 LÜK | F4: 280 | H4: Adet | I4: 0 | J4: 0 | K4: 0 | L4: 0 | M4: 0 | N4: 0 | O4: =+F4+I4-J4-K4-L4-M4-N4 -> 280 | P4: 500 | Q4: 3000
A5: 3 | B5: ZZ.AMORTİSÖR 80 LİK | F5: 3530 | H5: Adet | I5: 0 | J5: 0 | K5: 0 | L5: 0 | M5: 0 | N5: 0 | O5: =+F5+I5-J5-K5-L5-M5-N5 -> 3530 | P5: 300 | Q5: 3000
A6: 4 | B6: ZZ.AMORTİSÖR 140 LIK | F6: 80 | H6: Adet | I6: 0 | J6: 0 | K6: 0 | L6: 0 | M6: 0 | N6: 0 | O6: =+F6+I6-J6-K6-L6-M6-N6 -> 80 | P6: 200 | Q6: 2000
A7: 5 | B7: AMORTİSÖR 120 LİK CROM 3 CLASS | F7: 4000 | H7: Adet | I7: 0 | J7: 0 | K7: 0 | L7: 0 | M7: 0 | N7: 0 | O7: =+F7+I7-J7-K7-L7-M7-N7 -> 4000 | P7: 0 | Q7: 0
A8: 6 | B8: KONUM KORUYUCU D 26 KISA | F8: 240 | H8: Adet | I8: 0 | J8: 0 | K8: 0 | L8: 0 | M8: 0 | N8: 0 | O8: =+F8+I8-J8-K8-L8-M8-N8 -> 240 | P8: 100 | Q8: 500
A9: 7 | B9: 100 LÜK KROM AMORTİSÖR 4 CLASS | F9: 850 | H9: Adet | I9: 0 | J9: 0 | K9: 0 | L9: 0 | M9: 0 | N9: 0 | O9: =+F9+I9-J9-K9-L9-M9-N9 -> 850 | P9: 0 | Q9: 0
A10: 8 | B10: 100 LÜK KROM AMORTİSÖR 3 CLASS | F10: 5034 | H10: Adet | I10: 0 | J10: 0 | K10: 0 | L10: 0 | M10: 0 | N10: 0 | O10: =+F10+I10-J10-K10-L10-M10-N10 -> 5034 | P10: 0 | Q10: 0
A11: 9 | B11: AMORTİSÖRÜ 200 LÜK | F11: 953 | H11: Adet | I11: 0 | J11: 0 | K11: 0 | L11: 10 | M11: 10 | N11: 0 | O11: =+F11+I11-J11-K11-L11-M11-N11 -> 933 | P11: 150 | Q11: 2000
A12: 10 | B12: AMORTİSÖR 120 LİK CROM 4 CLASS | F12: 0 | H12: Adet | I12: 0 | J12: 0 | K12: 0 | L12: 0 | M12: 0 | N12: 0 | O12: =+F12+I12-J12-K12-L12-M12-N12 -> 0 | P12: 0 | Q12: 0
A13: 11 | B13: YARASA ŞASE | F13: 0 | H13: Adet | I13: 0 | J13: 0 | K13: 0 | L13: 0 | M13: 0 | N13: 0 | O13: =+F13+I13-J13-K13-L13-M13-N13 -> 0 | P13: 0 | Q13: 0
A14: 12 | B14: AMORTİSÖR 60 LIK 3 CLASS SİYAH | F14: 1060 | H14: Adet | I14: 0 | J14: 0 | K14: 0 | L14: 0 | M14: 0 | N14: 20 | O14: =+F14+I14-J14-K14-L14-M14-N14 -> 1040 | P14: 100 | Q14: 300
A15: 13 | B15: 140 LIK AMORTİSÖR 3 KLASS | F15: 1000 | H15: Adet | I15: 0 | J15: 0 | K15: 0 | L15: 0 | M15: 0 | N15: 0 | O15: =+F15+I15-J15-K15-L15-M15-N15 -> 1000 | P15: 0 | Q15: 0

Sheet OCAK5-ŞUBAT 1 HAFTA 
B1: OCAK5 -ŞUBAT 1 HAFTA
A2: S.NO | B2: STOK ADI | F2: DEVİR MİK | H2: BİRİM | I2: GİRİŞ | J2: 44956 | K2: 44957 | L2: 44958 | M2: 44959 | N2: 44960 | O2: KALAN | P2: MİNİMUN | Q2: MAKSİMUN
A3: 1 | B3: ZZ.AMORTİSÖR 100 LÜK | F3: 1540 | H3: Adet | I3: 0 | J3: 40 | K3: 40 | L3: 0 | M3: 160 | N3: 240 | O3: =+F3+I3-J3-K3-L3-M3-N3 -> 1060 | P3: 1000 | Q3: 5000
A4: 2 | B4: ZZ.AMORTİSÖR 120 LÜK | F4: 280 | H4: Adet | I4: 0 | J4: 0 | K4: 0 | L4: 0 | M4: 0 | N4: 20 | O4: =+F4+I4-J4-K4-L4-M4-N4 -> 260 | P4: 500 | Q4: 3000
A5: 3 | B5: ZZ.AMORTİSÖR 80 LİK | F5: 3530 | H5: Adet | I5: 0 | J5: 0 | K5: 20 | L5: 0 | M5: 0 | N5: 20 | O5: =+F5+I5-J5-K5-L5-M5-N5 -> 3490 | P5: 300 | Q5: 3000
A6: 4 | B6: ZZ.AMORTİSÖR 140 LIK | F6: 80 | H6: Adet | I6: 0 | J6: 0 | K6: 0 | L6: 0 | M6: 20 | N6: 0 | O6: =+F6+I6-J6-K6-L6-M6-N6 -> 60 | P6: 200 | Q6: 2000
A7: 5 | B7: AMORTİSÖR 120 LİK CROM 3 CLASS | F7: 4000 | H7: Adet | I7: 0 | J7: 0 | K7: 0 | L7: 0 | M7: 0 | N7: 0 | O7: =+F7+I7-J7-K7-L7-M7-N7 -> 4000 | P7: 0 | Q7: 0
A8: 6 | B8: KONUM KORUYUCU D 26 KISA | F8: 240 | H8: Adet | I8: 0 | J8: 0 | K8: 0 | L8: 0 | M8: 0 | N8: 100 | O8: =+F8+I8-J8-K8-L8-M8-N8 -> 140 | P8: 100 | Q8: 500
A9: 7 | B9: 100 LÜK KROM AMORTİSÖR 4 CLASS | F9: 0 | H9: Adet | I9: 2500 | J9: 0 | K9: 0 | L9: 0 | M9: 140 | N9: 120 | O9: =+F9+I9-J9-K9-L9-M9-N9 -> 2240 | P9: 0 | Q9: 0
A10: 8 | B10: 100 LÜK KROM AMORTİSÖR 3 CLASS | F10: 5034 | H10: Adet | I10: 0 | J10: 0 | K10: 0 | L10: 0 | M10: 0 | N10: 0 | O10: =+F10+I10-J10-K10-L10-M10-N10 -> 5034 | P10: 0 | Q10: 0
A11: 9 | B11: AMORTİSÖRÜ 200 LÜK | F11: 933 | H11: Adet | I11: 0 | J11: 10 | K11: 0 | L11: 0 | M11: 0 | N11: 0 | O11: =+F11+I11-J11-K11-L11-M11-N11 -> 923 | P11: 150 | Q11: 2000
A12: 10 | B12: AMORTİSÖR 120 LİK CROM 4 CLASS | F12: 0 | H12: Adet | I12: 0 | J12: 0 | K12: 0 | L12: 0 | M12: 0 | N12: 0 | O12: =+F12+I12-J12-K12-L12-M12-N12 -> 0 | P12: 0 | Q12: 0
A13: 11 | B13: 100 LÜK AQMORT 4 CLS. BEYAZ | F13: 710 | H13: Adet | I13: 0 | J13: 0 | K13: 0 | L13: 0 | M13: 0 | N13: 0 | O13: =+F13+I13-J13-K13-L13-M13-N13 -> 710 | P13: 0 | Q13: 0
A14: 12 | B14: AMORTİSÖR 60 LIK 3 CLASS SİYAH | F14: 1040 | H14: Adet | I14: 0 | J14: 0 | K14: 0 | L14: 0 | M14: 0 | N14: 0 | O14: =+F14+I14-J14-K14-L14-M14-N14 -> 1040 | P14: 100 | Q14: 300
A15: 13 | B15: 140 LIK AMORTİSÖR 3 KLASS | F15: 1000 | H15: Adet | I15: 0 | J15: 0 | K15: 0 | L15: 0 | M15: 0 | N15: 0 | O15: =+F15+I15-J15-K15-L15-M15-N15 -> 1000 | P15: 0 | Q15: 0

Sheet MART 3 HAFTA
B1: MART 3 HAFTA
A2: S.NO | B2: STOK ADI | F2: DEVİR MİK | H2: BİRİM | I2: GİRİŞ | J2: 45005 | K2: 45006 | L2: 45007 | M2: 45072 | N2: 45051 | O2: KALAN | P2: MİNİMUN | Q2: MAKSİMUN
A3: 1 | B3: ZZ.AMORTİSÖR 100 LÜK | F3: 1060 | H3: Adet | I3: 0 | J3: 194 | K3: 10 | L3: 0 | M3: 115 | N3: 16 | O3: =+F3+I3-J3-K3-L3-M3-N3 -> 725 | P3: 1000 | Q3: 5000
A4: 2 | B4: ZZ.AMORTİSÖR 120 LÜK | F4: 260 | H4: Adet | I4: 0 | J4: 0 | K4: 0 | L4: 0 | M4: 0 | N4: 0 | O4: =+F4+I4-J4-K4-L4-M4-N4 -> 260 | P4: 500 | Q4: 3000
A5: 3 | B5: ZZ.AMORTİSÖR 80 LİK | F5: 3490 | H5: Adet | I5: 0 | J5: 0 | K5: 0 | L5: 0 | M5: 80 | N5: 0 | O5: =+F5+I5-J5-K5-L5-M5-N5 -> 3410 | P5: 300 | Q5: 3000
A6: 4 | B6: ZZ.AMORTİSÖR 140 LIK | F6: 60 | H6: Adet | I6: 0 | J6: 0 | K6: 5 | L6: 0 | M6: 0 | N6: 0 | O6: =+F6+I6-J6-K6-L6-M6-N6 -> 55 | P6: 200 | Q6: 2000
A7: 5 | B7: AMORTİSÖR 120 LİK CROM 3 CLASS | F7: 4000 | H7: Adet | I7: 0 | J7: 0 | K7: 0 | L7: 0 | M7: 0 | N7: 0 | O7: =+F7+I7-J7-K7-L7-M7-N7 -> 4000 | P7: 0 | Q7: 0
A8: 6 | B8: KONUM KORUYUCU D 26 KISA | F8: 140 | H8: Adet | I8: 0 | J8: 0 | K8: 40 | L8: 0 | M8: 20 | N8: 0 | O8: =+F8+I8-J8-K8-L8-M8-N8 -> 80 | P8: 100 | Q8: 500
A9: 7 | B9: 100 LÜK KROM AMORTİSÖR 4 CLASS | F9: 2240 | H9: Adet | I9: 0 | J9: 0 | K9: 0 | L9: 0 | M9: 2240 | N9: 0 | O9: =+F9+I9-J9-K9-L9-M9-N9 -> 0 | P9: 0 | Q9: 0
A10: 8 | B10: 100 LÜK KROM AMORTİSÖR 3 CLASS | F10: 5034 | H10: Adet | I10: 0 | J10: 0 | K10: 0 | L10: 0 | M10: 0 | N10: 0 | O10: =+F10+I10-J10-K10-L10-M10-N10 -> 5034 | P10: 0 | Q10: 0
A11: 9 | B11: AMORTİSÖRÜ 200 LÜK | F11: 923 | H11: Adet | I11: 0 | J11: 4 | K11: 0 | L11: 0 | M11: 5 | N11: 300 | O11: =+F11+I11-J11-K11-L11-M11-N11 -> 614 | P11: 150 | Q11: 2000
A12: 10 | B12: AMORTİSÖR 120 LİK CROM 4 CLASS | F12: 0 | H12: Adet | I12: 0 | J12: 0 | K12: 0 | L12: 0 | M12: 0 | N12: 0 | O12: =+F12+I12-J12-K12-L12-M12-N12 -> 0 | P12: 0 | Q12: 0
A13: 11 | B13: YARASA ŞASE | F13: 0 | H13: Adet | I13: 0 | J13: 0 | K13: 0 | L13: 0 | M13: 0 | N13: 0 | O13: =+F13+I13-J13-K13-L13-M13-N13 -> 0 | P13: 0 | Q13: 0
A14: 12 | B14: AMORTİSÖR 60 LIK 3 CLASS SİYAH | F14: 1040 | H14: Adet | I14: 0 | J14: 0 | K14: 0 | L14: 0 | M14: 0 | N14: 0 | O14: =+F14+I14-J14-K14-L14-M14-N14 -> 1040 | P14: 100 | Q14: 300
A15: 13 | B15: 140 LIK AMORTİSÖR 3 KLASS | F15: 1000 | H15: Adet | I15: 0 | J15: 0 | K15: 0 | L15: 0 | M15: 0 | N15: 0 | O15: =+F15+I15-J15-K15-L15-M15-N15 -> 1000 | P15: 0 | Q15: 0

Sheet HAZ.TEM.2023
B1: HAZİRAN HAFTA
A2: S.NO | B2: STOK ADI | F2: DEVİR MİK | H2: BİRİM | I2: GİRİŞ | J2: 45083 | K2: 45096 | L2: 45100 | M2: 45114 | N2: 45122 | O2: KALAN | P2: MİNİMUN | Q2: MAKSİMUN
A3: 1 | B3: ZZ.AMORTİSÖR 100 LÜK | F3: 725 | H3: Adet | I3: 0 | J3: 0 | K3: 20 | L3: 0 | M3: 100 | N3: 0 | O3: =+F3+I3-J3-K3-L3-M3-N3 -> 605 | P3: 1000 | Q3: 5000
A4: 2 | B4: ZZ.AMORTİSÖR 120 LÜK | F4: 260 | H4: Adet | I4: 0 | J4: 0 | K4: 0 | L4: 0 | M4: 100 | N4: 60 | O4: =+F4+I4-J4-K4-L4-M4-N4 -> 100 | P4: 500 | Q4: 3000
A5: 3 | B5: ZZ.AMORTİSÖR 80 LİK | F5: 3410 | H5: Adet | I5: 0 | J5: 0 | K5: 0 | L5: 0 | M5: 60 | N5: 120 | O5: =+F5+I5-J5-K5-L5-M5-N5 -> 3230 | P5: 300 | Q5: 3000
A6: 4 | B6: ZZ.AMORTİSÖR 140 LIK | F6: 55 | H6: Adet | I6: 0 | J6: 0 | K6: 0 | L6: 0 | M6: 0 | N6: 0 | O6: =+F6+I6-J6-K6-L6-M6-N6 -> 55 | P6: 200 | Q6: 2000
A7: 5 | B7: AMORTİSÖR 120 LİK CROM 3 CLASS | F7: 4000 | H7: Adet | I7: 0 | J7: 0 | K7: 10 | L7: 0 | M7: 0 | N7: 60 | O7: =+F7+I7-J7-K7-L7-M7-N7 -> 3930 | P7: 0 | Q7: 0
A8: 6 | B8: KONUM KORUYUCU D 26 KISA | F8: 80 | H8: Adet | I8: 500 | J8: 80 | K8: 0 | L8: 0 | M8: 0 | N8: 0 | O8: =+F8+I8-J8-K8-L8-M8-N8 -> 500 | P8: 100 | Q8: 500
A9: 7 | B9: 100 LÜK KROM AMORTİSÖR 4 CLASS | F9: 0 | H9: Adet | I9: 0 | J9: 0 | K9: 0 | L9: 0 | M9: 0 | N9: 0 | O9: =+F9+I9-J9-K9-L9-M9-N9 -> 0 | P9: 0 | Q9: 0
A10: 8 | B10: 100 LÜK KROM AMORTİSÖR 3 CLASS | F10: 5034 | H10: Adet | I10: 0 | J10: 0 | K10: 0 | L10: 160 | M10: 0 | N10: 300 | O10: =+F10+I10-J10-K10-L10-M10-N10 -> 4574 | P10: 1000 | Q10: 5000
A11: 9 | B11: AMORTİSÖRÜ 200 LÜK | F11: 614 | H11: Adet | I11: 0 | J11: 7 | K11: 0 | L11: 0 | M11: 0 | N11: 4 | O11: =+F11+I11-J11-K11-L11-M11-N11 -> 603 | P11: 150 | Q11: 2000
A12: 10 | B12: AMORTİSÖR 120 LİK CROM 4 CLASS | F12: 0 | H12: Adet | I12: 0 | J12: 0 | K12: 0 | L12: 0 | M12: 0 | N12: 0 | O12: =+F12+I12-J12-K12-L12-M12-N12 -> 0 | P12: 0 | Q12: 0
A13: 11 | B13: YARASA ŞASE | F13: 0 | H13: Adet | I13: 0 | J13: 0 | K13: 0 | L13: 0 | M13: 0 | N13: 0 | O13: =+F13+I13-J13-K13-L13-M13-N13 -> 0 | P13: 0 | Q13: 0
A14: 12 | B14: AMORTİSÖR 60 LIK 3 CLASS SİYAH | F14: 1040 | H14: Adet | I14: 0 | J14: 0 | K14: 0 | L14: 0 | M14: 40 | N14: 60 | O14: =+F14+I14-J14-K14-L14-M14-N14 -> 940 | P14: 100 | Q14: 300
A15: 13 | B15: 140 LIK AMORTİSÖR 3 KLASS | F15: 1000 | H15: Adet | I15: 0 | J15: 0 | K15: 0 | L15: 0 | M15: 0 | N15: 0 | O15: =+F15+I15-J15-K15-L15-M15-N15 -> 1000 | P15: 0 | Q15: 0

Sheet TEMMUZ 2023
B1: TEMMUZ HAFTA
A2: S.NO | B2: STOK ADI | F2: DEVİR MİK | H2: BİRİM | I2: GİRİŞ | J2: 45128 | K2: 45133 | L2: 45133 | M2: 45136 | N2: 45138 | O2: KALAN | P2: MİNİMUN | Q2: MAKSİMUN
A3: 1 | B3: ZZ.AMORTİSÖR 100 LÜK | F3: 605 | H3: Adet | I3: 0 | J3: 0 | K3: 240 | L3: 0 | M3: 0 | N3: 0 | O3: =+F3+I3-J3-K3-L3-M3-N3 -> 365 | P3: 1000 | Q3: 5000
A4: 2 | B4: ZZ.AMORTİSÖR 120 LÜK | F4: 100 | H4: Adet | I4: 0 | J4: 20 | K4: 0 | L4: 0 | M4: 0 | N4: 0 | O4: =+F4+I4-J4-K4-L4-M4-N4 -> 80 | P4: 500 | Q4: 3000
A5: 3 | B5: ZZ.AMORTİSÖR 80 LİK | F5: 3230 | H5: Adet | I5: 0 | J5: 0 | K5: 0 | L5: 0 | M5: 0 | N5: 0 | O5: =+F5+I5-J5-K5-L5-M5-N5 -> 3230 | P5: 300 | Q5: 3000
A6: 4 | B6: ZZ.AMORTİSÖR 140 LIK | F6: 55 | H6: Adet | I6: 0 | J6: 0 | K6: 0 | L6: 0 | M6: 0 | N6: 0 | O6: =+F6+I6-J6-K6-L6-M6-N6 -> 55 | P6: 200 | Q6: 2000
A7: 5 | B7: AMORTİSÖR 120 LİK CROM 3 CLASS | F7: 3930 | H7: Adet | I7: 0 | J7: 0 | K7: 100 | L7: 0 | M7: 0 | N7: 0 | O7: =+F7+I7-J7-K7-L7-M7-N7 -> 3830 | P7: 0 | Q7: 0
A8: 6 | B8: KONUM KORUYUCU D 26 KISA | F8: 500 | H8: Adet | I8: 0 | J8: 0 | K8: 20 | L8: 0 | M8: 0 | N8: 0 | O8: =+F8+I8-J8-K8-L8-M8-N8 -> 480 | P8: 100 | Q8: 500
A9: 7 | B9: 100 LÜK KROM AMORTİSÖR 4 CLASS | F9: 0 | H9: Adet | I9: 0 | J9: 0 | K9: 0 | L9: 0 | M9: 0 | N9: 0 | O9: =+F9+I9-J9-K9-L9-M9-N9 -> 0 | P9: 0 | Q9: 0
A10: 8 | B10: 100 LÜK KROM AMORTİSÖR 3 CLASS | F10: 4574 | H10: Adet | I10: 0 | J10: 0 | K10: 0 | L10: 0 | M10: 0 | N10: 0 | O10: =+F10+I10-J10-K10-L10-M10-N10 -> 4574 | P10: 1000 | Q10: 5000
A11: 9 | B11: AMORTİSÖRÜ 200 LÜK | F11: 603 | H11: Adet | I11: 0 | J11: 14 | K11: 0 | L11: 0 | M11: 0 | N11: 0 | O11: =+F11+I11-J11-K11-L11-M11-N11 -> 589 | P11: 150 | Q11: 2000
A12: 10 | B12: AMORTİSÖR 120 LİK CROM 4 CLASS | F12: 0 | H12: Adet | I12: 0 | J12: 0 | K12: 0 | L12: 0 | M12: 0 | N12: 0 | O12: =+F12+I12-J12-K12-L12-M12-N12 -> 0 | P12: 0 | Q12: 0
A13: 11 | B13: YARASA ŞASE | F13: 0 | H13: Adet | I13: 0 | J13: 0 | K13: 0 | L13: 0 | M13: 0 | N13: 0 | O13: =+F13+I13-J13-K13-L13-M13-N13 -> 0 | P13: 0 | Q13: 0
A14: 12 | B14: AMORTİSÖR 60 LIK 3 CLASS SİYAH | F14: 940 | H14: Adet | I14: 0 | J14: 0 | K14: 0 | L14: 0 | M14: 0 | N14: 0 | O14: =+F14+I14-J14-K14-L14-M14-N14 -> 940 | P14: 100 | Q14: 300
A15: 13 | B15: 140 LIK AMORTİSÖR 3 KLASS | F15: 1000 | H15: Adet | I15: 0 | J15: 0 | K15: 0 | L15: 0 | M15: 0 | N15: 0 | O15: =+F15+I15-J15-K15-L15-M15-N15 -> 1000 | P15: 0 | Q15: 0

Sheet AĞUSTOS 2023 
B1: 45139
A2: S.NO | B2: STOK ADI | F2: DEVİR MİK | H2: BİRİM | I2: GİRİŞ | J2: 45145 | K2: 45152 | L2: 45159 | M2: 45166 | N2: 45169 | O2: KALAN | P2: MİNİMUN | Q2: MAKSİMUN
A3: 1 | B3: ZZ.AMORTİSÖR 100 LÜK | F3: 0 | H3: Adet | I3: 0 | J3: 0 | K3: 0 | L3: 0 | M3: 0 | N3: 0 | O3: =+F3+I3-J3-K3-L3-M3-N3 -> 0 | P3: 1000 | Q3: 5000
A4: 2 | B4: ZZ.AMORTİSÖR 120 LÜK | F4: 0 | H4: Adet | I4: 0 | J4: 0 | K4: 0 | L4: 0 | M4: 0 | N4: 0 | O4: =+F4+I4-J4-K4-L4-M4-N4 -> 0 | P4: 500 | Q4: 3000
A5: 3 | B5: ZZ.AMORTİSÖR 80 LİK | F5: 2765 | H5: Adet | I5: 0 | J5: 0 | K5: 100 | L5: 40 | M5: 0 | N5: 0 | O5: =+F5+I5-J5-K5-L5-M5-N5 -> 2625 | P5: 300 | Q5: 3000
A6: 4 | B6: ZZ.AMORTİSÖR 140 LIK | F6: 0 | H6: Adet | I6: 0 | J6: 0 | K6: 0 | L6: 0 | M6: 0 | N6: 0 | O6: =+F6+I6-J6-K6-L6-M6-N6 -> 0 | P6: 200 | Q6: 2000
A7: 5 | B7: AMORTİSÖR 120 LİK 3 CLASS | F7: 3515 | H7: Adet | I7: 0 | J7: 120 | K7: 21 | L7: 300 | M7: 40 | N7: 0 | O7: =+F7+I7-J7-K7-L7-M7-N7 -> 3034 | P7: 0 | Q7: 0
A8: 6 | B8: KONUM KORUYUCU D 26 KISA | F8: 480 | H8: Adet | I8: 0 | J8: 0 | K8: 40 | L8: 0 | M8: 0 | N8: 20 | O8: =+F8+I8-J8-K8-L8-M8-N8 -> 420 | P8: 100 | Q8: 500
A9: 7 | B9: 100 LÜK KROM AMORTİSÖR 4 CLASS | F9: 1210 | H9: Adet | I9: 0 | J9: 0 | K9: 0 | L9: 0 | M9: 0 | N9: 0 | O9: =+F9+I9-J9-K9-L9-M9-N9 -> 1210 | P9: 0 | Q9: 0
A10: 8 | B10: 100 LÜK AMORTİSÖR 3 CLASS | F10: 4920 | H10: Adet | I10: 0 | J10: 0 | K10: 95 | L10: 580 | M10: 0 | N10: 0 | O10: =+F10+I10-J10-K10-L10-M10-N10 -> 4245 | P10: 1000 | Q10: 5000
A11: 9 | B11: AMORTİSÖRÜ 200 LÜK SİYAH | F11: 358 | H11: Adet | I11: 0 | J11: 0 | K11: 0 | L11: 2 | M11: 0 | N11: 10 | O11: =+F11+I11-J11-K11-L11-M11-N11 -> 346 | P11: 150 | Q11: 2000
A12: 10 | B12: AMORTİSÖR 60 LIK 3 CLASS SİYAH | F12: 740 | H12: Adet | I12: 0 | J12: 0 | K12: 0 | L12: 0 | M12: 0 | N12: 0 | O12: =+F12+I12-J12-K12-L12-M12-N12 -> 740 | P12: 200 | Q12: 0
A13: 11 | B13: 140 LIK AMORTİSÖR 3 KLASS | F13: 1040 | H13: Adet | I13: 0 | J13: 0 | K13: 0 | L13: 20 | M13: 0 | N13: 0 | O13: =+F13+I13-J13-K13-L13-M13-N13 -> 1020 | P13: 500 | Q13: 1000
A14: 12 | B14: AMORTİSÖRÜ 200 LÜK KROM | F14: 125 | H14: Adet | I14: 0 | J14: 0 | K14: 0 | L14: 0 | M14: 0 | N14: 0 | O14: =+F14+I14-J14-K14-L14-M14-N14 -> 125 | P14: 0 | Q14: 0
A15: 13 | F15: 0 | H15: Adet | I15: 0 | J15: 0 | K15: 0 | L15: 0 | M15: 0 | N15: 0 | O15: =+F15+I15-J15-K15-L15-M15-N15 -> 0 | P15: 0 | Q15: 0

Sheet EYLÜL 2023
B1: 45170
A2: S.NO | B2: STOK ADI | F2: DEVİR MİK | H2: BİRİM | I2: GİRİŞ | J2: 45176 | K2: 45185 | L2: 45189 | M2: 45195 | N2: 45199 | O2: KALAN | P2: MİNİMUN | Q2: MAKSİMUN
A3: 1 | B3: ZZ.AMORTİSÖR 100 LÜK | F3: 0 | H3: Adet | I3: 0 | J3: 0 | K3: 0 | L3: 0 | M3: 0 | N3: 0 | O3: =+F3+I3-J3-K3-L3-M3-N3 -> 0 | P3: 1000 | Q3: 5000
A4: 2 | B4: ZZ.AMORTİSÖR 120 LÜK | F4: 0 | H4: Adet | I4: 0 | J4: 0 | K4: 0 | L4: 0 | M4: 0 | N4: 0 | O4: =+F4+I4-J4-K4-L4-M4-N4 -> 0 | P4: 500 | Q4: 3000
A5: 3 | B5: ZZ.AMORTİSÖR 80 LİK | F5: 2625 | H5: Adet | I5: 0 | J5: 20 | K5: 300 | L5: 0 | M5: 0 | N5: 140 | O5: =+F5+I5-J5-K5-L5-M5-N5 -> 2165 | P5: 300 | Q5: 3000
A6: 4 | B6: ZZ.AMORTİSÖR 140 LIK | F6: 0 | H6: Adet | I6: 0 | J6: 0 | K6: 0 | L6: 0 | M6: 0 | N6: 0 | O6: =+F6+I6-J6-K6-L6-M6-N6 -> 0 | P6: 200 | Q6: 2000
A7: 5 | B7: AMORTİSÖR 120 LİK 3 CLASS | F7: 3034 | H7: Adet | I7: 0 | J7: 0 | K7: 0 | L7: 0 | M7: 60 | N7: 100 | O7: =+F7+I7-J7-K7-L7-M7-N7 -> 2874 | P7: 0 | Q7: 0
A8: 6 | B8: KONUM KORUYUCU D 26 KISA | F8: 420 | H8: Adet | I8: 0 | J8: 0 | K8: 0 | L8: 40 | M8: 0 | N8: 20 | O8: =+F8+I8-J8-K8-L8-M8-N8 -> 360 | P8: 100 | Q8: 500
A9: 7 | B9: 100 LÜK KROM AMORTİSÖR 4 CLASS | F9: 1210 | H9: Adet | I9: 0 | J9: 0 | K9: 0 | L9: 0 | M9: 0 | N9: 20 | O9: =+F9+I9-J9-K9-L9-M9-N9 -> 1190 | P9: 0 | Q9: 0
A10: 8 | B10: 100 LÜK AMORTİSÖR 3 CLASS | F10: 4245 | H10: Adet | I10: 0 | J10: 40 | K10: 0 | L10: 105 | M10: 80 | N10: 100 | O10: =+F10+I10-J10-K10-L10-M10-N10 -> 3920 | P10: 1000 | Q10: 5000
A11: 9 | B11: AMORTİSÖRÜ 200 LÜK SİYAH | F11: 346 | H11: Adet | I11: 0 | J11: 0 | K11: 0 | L11: 0 | M11: 20 | N11: 204 | O11: =+F11+I11-J11-K11-L11-M11-N11 -> 122 | P11: 150 | Q11: 2000
A12: 10 | B12: AMORTİSÖR 60 LIK 3 CLASS SİYAH | F12: 740 | H12: Adet | I12: 0 | J12: 0 | K12: 0 | L12: 0 | M12: 0 | N12: 0 | O12: =+F12+I12-J12-K12-L12-M12-N12 -> 740 | P12: 200 | Q12: 0
A13: 11 | B13: 140 LIK AMORTİSÖR 3 KLASS | F13: 1020 | H13: Adet | I13: 0 | J13: 0 | K13: 0 | L13: 1 | M13: 0 | N13: 103 | O13: =+F13+I13-J13-K13-L13-M13-N13 -> 916 | P13: 500 | Q13: 1000
A14: 12 | B14: AMORTİSÖRÜ 200 LÜK KROM | F14: 125 | H14: Adet | I14: 0 | J14: 0 | K14: 4 | L14: 0 | M14: 44 | N14: 0 | O14: =+F14+I14-J14-K14-L14-M14-N14 -> 77 | P14: 0 | Q14: 0
A15: 13 | F15: 0 | H15: Adet | I15: 0 | J15: 0 | K15: 0 | L15: 0 | M15: 0 | N15: 0 | O15: =+F15+I15-J15-K15-L15-M15-N15 -> 0 | P15: 0 | Q15: 0

Sheet EKİM 2023
B1: 45200
A2: S.NO | B2: STOK ADI | F2: DEVİR MİK | H2: BİRİM | I2: GİRİŞ | J2: 45203 | K2: 45209 | L2: 45222 | M2: 45225 | N2: 45230 | O2: KALAN | P2: MİNİMUN | Q2: MAKSİMUN
A3: 1 | B3: ZZ.AMORTİSÖR 100 LÜK | F3: 0 | H3: Adet | I3: 0 | J3: 0 | K3: 0 | L3: 0 | M3: 0 | N3: 0 | O3: =+F3+I3-J3-K3-L3-M3-N3 -> 0 | P3: 1000 | Q3: 5000
A4: 2 | B4: ZZ.AMORTİSÖR 120 LÜK | F4: 0 | H4: Adet | I4: 0 | J4: 0 | K4: 0 | L4: 0 | M4: 0 | N4: 0 | O4: =+F4+I4-J4-K4-L4-M4-N4 -> 0 | P4: 500 | Q4: 3000
A5: 3 | B5: ZZ.AMORTİSÖR 80 LİK | F5: 2165 | H5: Adet | I5: 0 | J5: 0 | K5: 0 | L5: 300 | M5: 0 | N5: 400 | O5: =+F5+I5-J5-K5-L5-M5-N5 -> 1465 | P5: 300 | Q5: 3000
A6: 4 | B6: ZZ.AMORTİSÖR 140 LIK | F6: 0 | H6: Adet | I6: 0 | J6: 0 | K6: 0 | L6: 0 | M6: 0 | N6: 0 | O6: =+F6+I6-J6-K6-L6-M6-N6 -> 0 | P6: 200 | Q6: 2000
A7: 5 | B7: AMORTİSÖR 120 LİK 3 CLASS | F7: 2874 | H7: Adet | I7: 0 | J7: 0 | K7: 0 | L7: 103 | M7: 0 | N7: 240 | O7: =+F7+I7-J7-K7-L7-M7-N7 -> 2531 | P7: 500 | Q7: 3000
A8: 6 | B8: KONUM KORUYUCU D 26 KISA | F8: 360 | H8: Adet | I8: 0 | J8: 0 | K8: 0 | L8: 20 | M8: 0 | N8: 20 | O8: =+F8+I8-J8-K8-L8-M8-N8 -> 320 | P8: 100 | Q8: 500
A9: 7 | B9: 100 LÜK KROM AMORTİSÖR 4 CLASS | F9: 1190 | H9: Adet | I9: 0 | J9: 10 | K9: 0 | L9: 0 | M9: 0 | N9: 0 | O9: =+F9+I9-J9-K9-L9-M9-N9 -> 1180 | P9: 300 | Q9: 5000
A10: 8 | B10: 100 LÜK AMORTİSÖR 3 CLASS | F10: 3920 | H10: Adet | I10: 0 | J10: 60 | K10: 90 | L10: 41 | M10: 0 | N10: 170 | O10: =+F10+I10-J10-K10-L10-M10-N10 -> 3559 | P10: 1000 | Q10: 5000
A11: 9 | B11: AMORTİSÖRÜ 200 LÜK SİYAH | F11: 126 | H11: Adet | I11: 50 | J11: 0 | K11: 0 | L11: 40 | M11: 0 | N11: 86 | O11: =+F11+I11-J11-K11-L11-M11-N11 -> 50 | P11: 150 | Q11: 2000
A12: 10 | B12: AMORTİSÖR 60 LIK 3 CLASS SİYAH | F12: 740 | H12: Adet | I12: 0 | J12: 0 | K12: 0 | L12: 0 | M12: 0 | N12: 0 | O12: =+F12+I12-J12-K12-L12-M12-N12 -> 740 | P12: 200 | Q12: 0
A13: 11 | B13: 140 LIK AMORTİSÖR 3 KLASS | F13: 916 | H13: Adet | I13: 0 | J13: 0 | K13: 0 | L13: 0 | M13: 0 | N13: 0 | O13: =+F13+I13-J13-K13-L13-M13-N13 -> 916 | P13: 500 | Q13: 1000
A14: 12 | B14: AMORTİSÖRÜ 200 LÜK KROM | F14: 77 | H14: Adet | I14: 0 | J14: 3 | K14: 0 | L14: 31 | M14: 18 | N14: 25 | O14: =+F14+I14-J14-K14-L14-M14-N14 -> 0 | P14: 0 | Q14: 0
A15: 13 | F15: 0 | H15: Adet | I15: 0 | J15: 0 | K15: 0 | L15: 0 | M15: 0 | N15: 0 | O15: =+F15+I15-J15-K15-L15-M15-N15 -> 0 | P15: 0 | Q15: 0

Sheet KASIM2023
B1: 45231
A2: S.NO | B2: STOK ADI | F2: DEVİR MİK | H2: BİRİM | I2: GİRİŞ | J2: 45237 | K2: 45244 | L2: 45250 | M2: 45257 | N2: 45260 | O2: KALAN | P2: MİNİMUN | Q2: MAKSİMUN
A3: 1 | B3: ZZ.AMORTİSÖR 100 LÜK | F3: 0 | H3: Adet | I3: 2500 | J3: 0 | K3: 0 | L3: 0 | M3: 171 | N3: 80 | O3: =+F3+I3-J3-K3-L3-M3-N3 -> 2249 | P3: 1000 | Q3: 5000
A4: 2 | B4: ZZ.AMORTİSÖR 120 LÜK | F4: 0 | H4: Adet | I4: 0 | J4: 0 | K4: 0 | L4: 0 | M4: 0 | N4: 0 | O4: =+F4+I4-J4-K4-L4-M4-N4 -> 0 | P4: 500 | Q4: 3000
A5: 3 | B5: ZZ.AMORTİSÖR 80 LİK | F5: 1465 | H5: Adet | I5: 0 | J5: 0 | K5: 100 | L5: 400 | M5: 0 | N5: 0 | O5: =+F5+I5-J5-K5-L5-M5-N5 -> 965 | P5: 300 | Q5: 3000
A6: 4 | B6: ZZ.AMORTİSÖR 140 LIK | F6: 0 | H6: Adet | I6: 0 | J6: 0 | K6: 0 | L6: 0 | M6: 0 | N6: 0 | O6: =+F6+I6-J6-K6-L6-M6-N6 -> 0 | P6: 200 | Q6: 2000
A7: 5 | B7: AMORTİSÖR 120 LİK 3 CLASS | F7: 2531 | H7: Adet | I7: 0 | J7: 11 | K7: 60 | L7: 300 | M7: 0 | N7: 0 | O7: =+F7+I7-J7-K7-L7-M7-N7 -> 2160 | P7: 500 | Q7: 3000
A8: 6 | B8: KONUM KORUYUCU D 26 KISA | F8: 320 | H8: Adet | I8: 0 | J8: 20 | K8: 0 | L8: 0 | M8: 0 | N8: 20 | O8: =+F8+I8-J8-K8-L8-M8-N8 -> 280 | P8: 100 | Q8: 500
A9: 7 | B9: 100 LÜK KROM AMORTİSÖR 4 CLASS | F9: 1180 | H9: Adet | I9: 0 | J9: 0 | K9: 0 | L9: 0 | M9: 0 | N9: 0 | O9: =+F9+I9-J9-K9-L9-M9-N9 -> 1180 | P9: 300 | Q9: 5000
A10: 8 | B10: 100 LÜK AMORTİSÖR 3 CLASS | F10: 3559 | H10: Adet | I10: 0 | J10: 80 | K10: 81 | L10: 60 | M10: 0 | N10: 0 | O10: =+F10+I10-J10-K10-L10-M10-N10 -> 3338 | P10: 1000 | Q10: 5000
A11: 9 | B11: AMORTİSÖRÜ 200 LÜK SİYAH | F11: 50 | H11: Adet | I11: 350 | J11: 20 | K11: 27 | L11: 202 | M11: 11 | N11: 10 | O11: =+F11+I11-J11-K11-L11-M11-N11 -> 130 | P11: 150 | Q11: 2000
A12: 10 | B12: AMORTİSÖR 60 LIK 3 CLASS SİYAH | F12: 740 | H12: Adet | I12: 0 | J12: 0 | K12: 0 | L12: 0 | M12: 0 | N12: 0 | O12: =+F12+I12-J12-K12-L12-M12-N12 -> 740 | P12: 200 | Q12: 0
A13: 11 | B13: 140 LIK AMORTİSÖR 3 KLASS | F13: 916 | H13: Adet | I13: 0 | J13: 0 | K13: 0 | L13: 0 | M13: 0 | N13: 0 | O13: =+F13+I13-J13-K13-L13-M13-N13 -> 916 | P13: 500 | Q13: 1000
A14: 12 | B14: AMORTİSÖRÜ 200 LÜK KROM | F14: 0 | H14: Adet | I14: 0 | J14: 0 | K14: 0 | L14: 0 | M14: 0 | N14: 0 | O14: =+F14+I14-J14-K14-L14-M14-N14 -> 0 | P14: 0 | Q14: 0
A15: 13 | F15: 0 | H15: Adet | I15: 0 | J15: 0 | K15: 0 | L15: 0 | M15: 0 | N15: 0 | O15: =+F15+I15-J15-K15-L15-M15-N15 -> 0 | P15: 0 | Q15: 0

Sheet ARALIK2023
B1: 45261
A2: S.NO | B2: STOK ADI | F2: DEVİR MİK | H2: BİRİM | I2: GİRİŞ | J2: 45271 | K2: 45278 | L2: 45285 | M2: 45287 | N2: 45291 | O2: KALAN | P2: MİNİMUN | Q2: MAKSİMUN
A3: 1 | B3: ZZ.AMORTİSÖR 100 LÜK | F3: 2249 | H3: Adet | I3: 0 | J3: 100 | K3: 251 | L3: 110 | M3: 0 | N3: 95 | O3: =+F3+I3-J3-K3-L3-M3-N3 -> 1693 | P3: 1000 | Q3: 5000
A4: 2 | B4: ZZ.AMORTİSÖR 120 LÜK | F4: 0 | H4: Adet | I4: 0 | J4: 0 | K4: 0 | L4: 0 | M4: 0 | N4: 0 | O4: =+F4+I4-J4-K4-L4-M4-N4 -> 0 | P4: 500 | Q4: 3000
A5: 3 | B5: ZZ.AMORTİSÖR 80 LİK | F5: 965 | H5: Adet | I5: 0 | J5: 80 | K5: 40 | L5: 100 | M5: 0 | N5: 115 | O5: =+F5+I5-J5-K5-L5-M5-N5 -> 630 | P5: 300 | Q5: 3000
A6: 4 | B6: ZZ.AMORTİSÖR 140 LIK | F6: 0 | H6: Adet | I6: 0 | J6: 0 | K6: 0 | L6: 0 | M6: 0 | N6: 0 | O6: =+F6+I6-J6-K6-L6-M6-N6 -> 0 | P6: 200 | Q6: 2000
A7: 5 | B7: AMORTİSÖR 120 LİK 3 CLASS | F7: 2160 | H7: Adet | I7: 0 | J7: 0 | K7: 0 | L7: 0 | M7: 0 | N7: 0 | O7: =+F7+I7-J7-K7-L7-M7-N7 -> 2160 | P7: 500 | Q7: 3000
A8: 6 | B8: KONUM KORUYUCU D 26 KISA | F8: 280 | H8: Adet | I8: 0 | J8: 60 | K8: 20 | L8: 20 | M8: 0 | N8: 20 | O8: =+F8+I8-J8-K8-L8-M8-N8 -> 160 | P8: 100 | Q8: 500
A9: 7 | B9: 100 LÜK KROM AMORTİSÖR 4 CLASS | F9: 1180 | H9: Adet | I9: 0 | J9: 0 | K9: 0 | L9: 0 | M9: 0 | N9: 0 | O9: =+F9+I9-J9-K9-L9-M9-N9 -> 1180 | P9: 300 | Q9: 5000
A10: 8 | B10: 100 LÜK AMORTİSÖR 3 CLASS | F10: 3338 | H10: Adet | I10: 0 | J10: 0 | K10: 0 | L10: 0 | M10: 0 | N10: 0 | O10: =+F10+I10-J10-K10-L10-M10-N10 -> 3338 | P10: 1000 | Q10: 5000
A11: 9 | B11: AMORTİSÖRÜ 200 LÜK SİYAH | F11: 131 | H11: Adet | I11: 1000 | J11: 1 | K11: 0 | L11: 60 | M11: 0 | N11: 6 | O11: =+F11+I11-J11-K11-L11-M11-N11 -> 1064 | P11: 150 | Q11: 2000
A12: 10 | B12: AMORTİSÖR 60 LIK 3 CLASS SİYAH | F12: 740 | H12: Adet | I12: 0 | J12: 0 | K12: 0 | L12: 0 | M12: 0 | N12: 0 | O12: =+F12+I12-J12-K12-L12-M12-N12 -> 740 | P12: 200 | Q12: 0
A13: 11 | B13: 140 LIK AMORTİSÖR 3 KLASS | F13: 916 | H13: Adet | I13: 0 | J13: 0 | K13: 0 | L13: 0 | M13: 0 | N13: 0 | O13: =+F13+I13-J13-K13-L13-M13-N13 -> 916 | P13: 500 | Q13: 1000
A14: 12 | B14: AMORTİSÖRÜ 200 LÜK KROM | F14: 0 | H14: Adet | I14: 0 | J14: 0 | K14: 0 | L14: 0 | M14: 0 | N14: 0 | O14: =+F14+I14-J14-K14-L14-M14-N14 -> 0 | P14: 0 | Q14: 0
A15: 13 | F15: 0 | H15: Adet | I15: 0 | J15: 0 | K15: 0 | L15: 0 | M15: 0 | N15: 0 | O15: =+F15+I15-J15-K15-L15-M15-N15 -> 0 | P15: 0 | Q15: 0

Sheet OCAK 2024
B1: 45292
A2: S.NO | B2: STOK ADI | F2: DEVİR MİK | H2: BİRİM | I2: GİRİŞ | J2: 45296 | K2: 45306 | L2: 45313 | M2: 45316 | N2: 45322 | O2: KALAN | P2: MİNİMUN | Q2: MAKSİMUN
A3: 1 | B3: ZZ.AMORTİSÖR 100 LÜK | F3: 993 | H3: Adet | I3: 0 | J3: 0 | K3: 120 | L3: 60 | M3: 120 | N3: 166 | O3: =+F3+I3-J3-K3-L3-M3-N3 -> 527 | P3: 1000 | Q3: 5000
A4: 2 | B4: AMORTİSÖR 3 KLAS 100 LÜK KROM | F4: 3000 | H4: Adet | I4: 0 | J4: 0 | K4: 0 | L4: 0 | M4: 0 | N4: 0 | O4: =+F4+I4-J4-K4-L4-M4-N4 -> 3000 | P4: 500 | Q4: 3000
A5: 3 | B5: ZZ.AMORTİSÖR 80 LİK 3 KLASS | F5: 260 | H5: Adet | I5: 3000 | J5: 260 | K5: 300 | L5: 12 | M5: 0 | N5: 340 | O5: =+F5+I5-J5-K5-L5-M5-N5 -> 2348 | P5: 300 | Q5: 3000
A6: 4 | B6: ZZ.AMORTİSÖR 140 LIK | F6: 0 | H6: Adet | I6: 0 | J6: 0 | K6: 0 | L6: 0 | M6: 0 | N6: 0 | O6: =+F6+I6-J6-K6-L6-M6-N6 -> 0 | P6: 200 | Q6: 2000
A7: 5 | B7: AMORTİSÖR 120 LİK 3 CLASS | F7: 2020 | H7: Adet | I7: 0 | J7: 100 | K7: 40 | L7: 0 | M7: 21 | N7: 10 | O7: =+F7+I7-J7-K7-L7-M7-N7 -> 1849 | P7: 500 | Q7: 3000
A8: 6 | B8: KONUM KORUYUCU D 26 KISA | F8: 135 | H8: Adet | I8: 570 | J8: 40 | K8: 20 | L8: 20 | M8: 55 | N8: 40 | O8: =+F8+I8-J8-K8-L8-M8-N8 -> 530 | P8: 100 | Q8: 500
A9: 7 | B9: 100 LÜK KROM AMORTİSÖR 4 CLASS | F9: 1180 | H9: Adet | I9: 0 | J9: 0 | K9: 0 | L9: 0 | M9: 0 | N9: 0 | O9: =+F9+I9-J9-K9-L9-M9-N9 -> 1180 | P9: 300 | Q9: 5000
A10: 8 | B10: 100 LÜK AMORTİSÖR 3 CLASS | F10: 3338 | H10: Adet | I10: 0 | J10: 0 | K10: 0 | L10: 0 | M10: 0 | N10: 0 | O10: =+F10+I10-J10-K10-L10-M10-N10 -> 3338 | P10: 1000 | Q10: 5000
A11: 9 | B11: AMORTİSÖRÜ 200 LÜK SİYAH | F11: 1060 | H11: Adet | I11: 0 | J11: 10 | K11: 0 | L11: 331 | M11: 30 | N11: 20 | O11: =+F11+I11-J11-K11-L11-M11-N11 -> 669 | P11: 150 | Q11: 2000
A12: 10 | B12: AMORTİSÖR 60 LIK 3 CLASS SİYAH | F12: 730 | H12: Adet | I12: 0 | J12: 0 | K12: 0 | L12: 8 | M12: 0 | N12: 0 | O12: =+F12+I12-J12-K12-L12-M12-N12 -> 722 | P12: 200 | Q12: 1000
A13: 11 | B13: 140 LIK AMORTİSÖR 3 KLASS | F13: 916 | H13: Adet | I13: 0 | J13: 0 | K13: 0 | L13: 0 | M13: 0 | N13: 4 | O13: =+F13+I13-J13-K13-L13-M13-N13 -> 912 | P13: 500 | Q13: 1000
A14: 12 | B14: AMORTİSÖRÜ 200 LÜK KROM | F14: 0 | H14: Adet | I14: 0 | J14: 0 | K14: 0 | L14: 0 | M14: 0 | N14: 0 | O14: =+F14+I14-J14-K14-L14-M14-N14 -> 0 | P14: 0 | Q14: 0
A15: 13 | F15: 0 | H15: Adet | I15: 0 | J15: 0 | K15: 0 | L15: 0 | M15: 0 | N15: 0 | O15: =+F15+I15-J15-K15-L15-M15-N15 -> 0 | P15: 0 | Q15: 0

Sheet ŞUBAT 2024
B1: 45323
A2: S.NO | B2: STOK ADI | F2: DEVİR MİK | H2: BİRİM | I2: GİRİŞ | J2: 45331 | K2: 45341 | L2: 45345 | M2: 45351 | N2: 0 | O2: KALAN | P2: MİNİMUN | Q2: MAKSİMUN
A3: 1 | B3: ZZ.AMORTİSÖR 100 LÜK | F3: 527 | H3: Adet | I3: 0 | J3: 0 | K3: 0 | L3: 0 | M3: 0 | N3: 0 | O3: =+F3+I3-J3-K3-L3-M3-N3 -> 527 | P3: 1000 | Q3: 5000
A4: 2 | B4: AMORTİSÖR 3 KLAS 100 LÜK KROM | F4: 3000 | H4: Adet | I4: 0 | J4: 0 | K4: 0 | L4: 0 | M4: 0 | N4: 0 | O4: =+F4+I4-J4-K4-L4-M4-N4 -> 3000 | P4: 500 | Q4: 3000
A5: 3 | B5: ZZ.AMORTİSÖR 80 LİK 3 KLASS | F5: 2348 | H5: Adet | I5: 0 | J5: 0 | K5: 120 | L5: 600 | M5: 0 | N5: 0 | O5: =+F5+I5-J5-K5-L5-M5-N5 -> 1628 | P5: 300 | Q5: 3000
A6: 4 | B6: ZZ.AMORTİSÖR 140 LIK | F6: 0 | H6: Adet | I6: 0 | J6: 0 | K6: 0 | L6: 0 | M6: 0 | N6: 0 | O6: =+F6+I6-J6-K6-L6-M6-N6 -> 0 | P6: 200 | Q6: 2000
A7: 5 | B7: AMORTİSÖR 120 LİK 3 CLASS | F7: 1849 | H7: Adet | I7: 0 | J7: 142 | K7: 1000 | L7: 220 | M7: 120 | N7: 0 | O7: =+F7+I7-J7-K7-L7-M7-N7 -> 367 | P7: 500 | Q7: 3000
A8: 6 | B8: KONUM KORUYUCU D 26 KISA | F8: 530 | H8: Adet | I8: 0 | J8: 2 | K8: 0 | L8: 20 | M8: 40 | N8: 0 | O8: =+F8+I8-J8-K8-L8-M8-N8 -> 468 | P8: 100 | Q8: 500
A9: 7 | B9: 100 LÜK KROM AMORTİSÖR 4 CLASS | F9: 1180 | H9: Adet | I9: 1000 | J9: 0 | K9: 0 | L9: 0 | M9: 0 | N9: 0 | O9: =+F9+I9-J9-K9-L9-M9-N9 -> 2180 | P9: 300 | Q9: 5000
A10: 8 | B10: 100 LÜK AMORTİSÖR 3 CLASS | F10: 3338 | H10: Adet | I10: 0 | J10: 204 | K10: 35 | L10: 108 | M10: 20 | N10: 0 | O10: =+F10+I10-J10-K10-L10-M10-N10 -> 2971 | P10: 1000 | Q10: 5000
A11: 9 | B11: AMORTİSÖRÜ 200 LÜK SİYAH | F11: 669 | H11: Adet | I11: 0 | J11: 40 | K11: 0 | L11: 0 | M11: 76 | N11: 0 | O11: =+F11+I11-J11-K11-L11-M11-N11 -> 553 | P11: 150 | Q11: 2000
A12: 10 | B12: AMORTİSÖR 60 LIK 3 CLASS SİYAH | F12: 722 | H12: Adet | I12: 50 | J12: 0 | K12: 0 | L12: 0 | M12: 0 | N12: 0 | O12: =+F12+I12-J12-K12-L12-M12-N12 -> 772 | P12: 200 | Q12: 1000
A13: 11 | B13: 140 LIK AMORTİSÖR 3 KLASS | F13: 912 | H13: Adet | I13: 0 | J13: 6 | K13: 0 | L13: 0 | M13: 100 | N13: 0 | O13: =+F13+I13-J13-K13-L13-M13-N13 -> 806 | P13: 500 | Q13: 1000
A14: 12 | B14: AMORTİSÖR 80 LİK 4 KLASS | F14: 0 | H14: Adet | I14: 350 | J14: 0 | K14: 0 | L14: 0 | M14: 30 | N14: 0 | O14: =+F14+I14-J14-K14-L14-M14-N14 -> 320 | P14: 0 | Q14: 0
A15: 13 | F15: 0 | H15: Adet | I15: 0 | J15: 0 | K15: 0 | L15: 0 | M15: 0 | N15: 0 | O15: =+F15+I15-J15-K15-L15-M15-N15 -> 0 | P15: 0 | Q15: 0

Sheet MART 2024
B1: 45352
A2: S.NO | B2: STOK ADI | F2: DEVİR MİK | H2: BİRİM | I2: GİRİŞ | J2: 45359 | K2: 45366 | L2: 45373 | M2: 45380 | N2: 45382 | O2: KALAN | P2: MİNİMUN | Q2: MAKSİMUN
A3: 1 | B3: ZZ.AMORTİSÖR 100 LÜK | F3: 527 | H3: Adet | I3: 0 | J3: 0 | K3: 200 | L3: 20 | M3: 0 | N3: 0 | O3: =+F3+I3-J3-K3-L3-M3-N3 -> 307 | P3: 1000 | Q3: 5000
A4: 2 | B4: AMORTİSÖR 3 KLAS 100 LÜK KROM | F4: 3000 | H4: Adet | I4: 0 | J4: 0 | K4: 0 | L4: 0 | M4: 0 | N4: 0 | O4: =+F4+I4-J4-K4-L4-M4-N4 -> 3000 | P4: 500 | Q4: 3000
A5: 3 | B5: ZZ.AMORTİSÖR 80 LİK 3 KLASS | F5: 1628 | H5: Adet | I5: 0 | J5: 360 | K5: 0 | L5: 5 | M5: 140 | N5: 0 | O5: =+F5+I5-J5-K5-L5-M5-N5 -> 1123 | P5: 300 | Q5: 3000
A6: 4 | B6: ZZ.AMORTİSÖR 140 LIK | F6: 0 | H6: Adet | I6: 0 | J6: 0 | K6: 0 | L6: 0 | M6: 0 | N6: 0 | O6: =+F6+I6-J6-K6-L6-M6-N6 -> 0 | P6: 200 | Q6: 2000
A7: 5 | B7: AMORTİSÖR 120 LİK 3 CLASS | F7: 367 | H7: Adet | I7: 0 | J7: 367 | K7: 0 | L7: 0 | M7: 0 | N7: 0 | O7: =+F7+I7-J7-K7-L7-M7-N7 -> 0 | P7: 500 | Q7: 3000
A8: 6 | B8: KONUM KORUYUCU D 26 KISA | F8: 468 | H8: Adet | I8: 0 | J8: 0 | K8: 40 | L8: 20 | M8: 60 | N8: 0 | O8: =+F8+I8-J8-K8-L8-M8-N8 -> 348 | P8: 100 | Q8: 500
A9: 7 | B9: 100 LÜK KROM AMORTİSÖR 4 CLASS | F9: 2180 | H9: Adet | I9: 0 | J9: 0 | K9: 0 | L9: 0 | M9: 0 | N9: 1000 | O9: =+F9+I9-J9-K9-L9-M9-N9 -> 1180 | P9: 300 | Q9: 5000
A10: 8 | B10: 100 LÜK AMORTİSÖR 3 CLASS | F10: 2971 | H10: Adet | I10: 0 | J10: 240 | K10: 0 | L10: 0 | M10: 400 | N10: 0 | O10: =+F10+I10-J10-K10-L10-M10-N10 -> 2331 | P10: 1000 | Q10: 5000
A11: 9 | B11: AMORTİSÖRÜ 200 LÜK SİYAH | F11: 553 | H11: Adet | I11: 0 | J11: 5 | K11: 0 | L11: 20 | M11: 15 | N11: 0 | O11: =+F11+I11-J11-K11-L11-M11-N11 -> 513 | P11: 150 | Q11: 2000
A12: 10 | B12: AMORTİSÖR 60 LIK 3 CLASS SİYAH | F12: 772 | H12: Adet | I12: 0 | J12: 0 | K12: 0 | L12: 0 | M12: 0 | N12: 0 | O12: =+F12+I12-J12-K12-L12-M12-N12 -> 772 | P12: 200 | Q12: 1000
A13: 11 | B13: 140 LIK AMORTİSÖR 3 KLASS | F13: 806 | H13: Adet | I13: 0 | J13: 15 | K13: 8 | L13: 20 | M13: 40 | N13: 0 | O13: =+F13+I13-J13-K13-L13-M13-N13 -> 723 | P13: 500 | Q13: 1000
A14: 12 | B14: AMORTİSÖR 80 LİK 4 KLASS | F14: 320 | H14: Adet | I14: 0 | J14: 0 | K14: 0 | L14: 0 | M14: 0 | N14: 0 | O14: =+F14+I14-J14-K14-L14-M14-N14 -> 320 | P14: 100 | Q14: 500
A15: 13 | F15: 0 | H15: Adet | I15: 0 | J15: 0 | K15: 0 | L15: 0 | M15: 0 | N15: 0 | O15: =+F15+I15-J15-K15-L15-M15-N15 -> 0 | P15: 0 | Q15: 0

Sheet NİSAN 2024
B1: 45352
A2: S.NO | B2: STOK ADI | F2: DEVİR MİK | H2: BİRİM | I2: GİRİŞ | J2: 45387 | K2: 45394 | L2: 45401 | M2: 45412 | N2: 0 | O2: KALAN | P2: MİNİMUN | Q2: MAKSİMUN
A3: 1 | B3: ZZ.AMORTİSÖR 100 LÜK | F3: 307 | H3: Adet | I3: 0 | J3: 186 | K3: 80 | L3: 26 | M3: 15 | N3: 0 | O3: =+F3+I3-J3-K3-L3-M3-N3 -> 0 | P3: 1000 | Q3: 5000
A4: 2 | B4: AMORTİSÖR 3 KLAS 100 LÜK KROM | F4: 3000 | H4: Adet | I4: 0 | J4: 0 | K4: 0 | L4: 0 | M4: 0 | N4: 0 | O4: =+F4+I4-J4-K4-L4-M4-N4 -> 3000 | P4: 500 | Q4: 3000
A5: 3 | B5: ZZ.AMORTİSÖR 80 LİK 3 KLASS | F5: 1123 | H5: Adet | I5: 0 | J5: 0 | K5: 400 | L5: 0 | M5: 100 | N5: 0 | O5: =+F5+I5-J5-K5-L5-M5-N5 -> 623 | P5: 300 | Q5: 3000
A6: 4 | B6: 260 LIK AMORTİSÖR | F6: 0 | H6: Adet | I6: 200 | J6: 0 | K6: 0 | L6: 0 | M6: 0 | N6: 0 | O6: =+F6+I6-J6-K6-L6-M6-N6 -> 200 | P6: 30 | Q6: 200
A7: 5 | B7: AMORTİSÖR 120 LİK 3 CLASS | F7: 0 | H7: Adet | I7: 1000 | J7: 0 | K7: 0 | L7: 0 | M7: 20 | N7: 0 | O7: =+F7+I7-J7-K7-L7-M7-N7 -> 980 | P7: 500 | Q7: 3000
A8: 6 | B8: KONUM KORUYUCU D 26 KISA | F8: 348 | H8: Adet | I8: 0 | J8: 40 | K8: 20 | L8: 0 | M8: 40 | N8: 0 | O8: =+F8+I8-J8-K8-L8-M8-N8 -> 248 | P8: 100 | Q8: 500
A9: 7 | B9: 100 LÜK KROM AMORTİSÖR 4 CLASS | F9: 1180 | H9: Adet | I9: 0 | J9: 0 | K9: 0 | L9: 0 | M9: 0 | N9: 0 | O9: =+F9+I9-J9-K9-L9-M9-N9 -> 1180 | P9: 300 | Q9: 5000
A10: 8 | B10: 100 LÜK AMORTİSÖR 3 CLASS | F10: 2331 | H10: Adet | I10: 0 | J10: 0 | K10: 0 | L10: 0 | M10: 469 | N10: 0 | O10: =+F10+I10-J10-K10-L10-M10-N10 -> 1862 | P10: 1000 | Q10: 5000
A11: 9 | B11: AMORTİSÖRÜ 200 LÜK SİYAH | F11: 513 | H11: Adet | I11: 500 | J11: 26 | K11: 10 | L11: 5 | M11: 10 | N11: 0 | O11: =+F11+I11-J11-K11-L11-M11-N11 -> 962 | P11: 150 | Q11: 2000
A12: 10 | B12: AMORTİSÖR 60 LIK 3 CLASS SİYAH | F12: 772 | H12: Adet | I12: 0 | J12: 0 | K12: 20 | L12: 0 | M12: 0 | N12: 0 | O12: =+F12+I12-J12-K12-L12-M12-N12 -> 752 | P12: 200 | Q12: 1000
A13: 11 | B13: 140 LIK AMORTİSÖR 3 KLASS | F13: 723 | H13: Adet | I13: 0 | J13: 10 | K13: 0 | L13: 1 | M13: 0 | N13: 0 | O13: =+F13+I13-J13-K13-L13-M13-N13 -> 712 | P13: 500 | Q13: 1000
A14: 12 | B14: AMORTİSÖR 80 LİK 4 KLASS | F14: 320 | H14: Adet | I14: 0 | J14: 0 | K14: 0 | L14: 0 | M14: 0 | N14: 0 | O14: =+F14+I14-J14-K14-L14-M14-N14 -> 320 | P14: 100 | Q14: 500
A15: 13 | F15: 0 | H15: Adet | I15: 0 | J15: 0 | K15: 0 | L15: 0 | M15: 0 | N15: 0 | O15: =+F15+I15-J15-K15-L15-M15-N15 -> 0 | P15: 0 | Q15: 0

Sheet MAYIS 2024
B1: 45413
A2: S.NO | B2: STOK ADI | F2: DEVİR MİK | H2: BİRİM | I2: GİRİŞ | J2: 45415 | K2: 45422 | L2: 45429 | M2: 45436 | N2: 45443 | O2: KALAN | P2: MİNİMUN | Q2: MAKSİMUN
A3: 1 | B3: ZZ.AMORTİSÖR 100 LÜK | F3: 0 | H3: Adet | I3: 0 | J3: 0 | K3: 0 | L3: 0 | M3: 0 | N3: 0 | O3: =+F3+I3-J3-K3-L3-M3-N3 -> 0 | P3: 1000 | Q3: 5000
A4: 2 | B4: AMORTİSÖR 3 KLAS 100 LÜK KROM | F4: 3000 | H4: Adet | I4: 0 | J4: 0 | K4: 0 | L4: 0 | M4: 0 | N4: 0 | O4: =+F4+I4-J4-K4-L4-M4-N4 -> 3000 | P4: 500 | Q4: 3000
A5: 3 | B5: ZZ.AMORTİSÖR 80 LİK 3 KLASS | F5: 623 | H5: Adet | I5: 0 | J5: 203 | K5: 0 | L5: 300 | M5: 0 | N5: 0 | O5: =+F5+I5-J5-K5-L5-M5-N5 -> 120 | P5: 500 | Q5: 3000
A6: 4 | B6: 260 LIK AMORTİSÖR | F6: 200 | H6: Adet | I6: 0 | J6: 0 | K6: 10 | L6: 0 | M6: 0 | N6: 0 | O6: =+F6+I6-J6-K6-L6-M6-N6 -> 190 | P6: 30 | Q6: 200
A7: 5 | B7: AMORTİSÖR 120 LİK 3 CLASS | F7: 980 | H7: Adet | I7: 0 | J7: 180 | K7: 0 | L7: 0 | M7: 0 | N7: 0 | O7: =+F7+I7-J7-K7-L7-M7-N7 -> 800 | P7: 500 | Q7: 3000
A8: 6 | B8: KONUM KORUYUCU D 26 KISA | F8: 180 | H8: Adet | I8: 0 | J8: 20 | K8: 0 | L8: 0 | M8: 0 | N8: 0 | O8: =+F8+I8-J8-K8-L8-M8-N8 -> 160 | P8: 100 | Q8: 500
A9: 7 | B9: 100 LÜK KROM AMORTİSÖR 4 CLASS | F9: 800 | H9: Adet | I9: 0 | J9: 0 | K9: 0 | L9: 0 | M9: 0 | N9: 0 | O9: =+F9+I9-J9-K9-L9-M9-N9 -> 800 | P9: 300 | Q9: 5000
A10: 8 | B10: 100 LÜK AMORTİSÖR 3 CLASS | F10: 2700 | H10: Adet | I10: 0 | J10: 149 | K10: 0 | L10: 80 | M10: 0 | N10: 40 | O10: =+F10+I10-J10-K10-L10-M10-N10 -> 2431 | P10: 1000 | Q10: 5000
A11: 9 | B11: AMORTİSÖRÜ 200 LÜK SİYAH | F11: 832 | H11: Adet | I11: 0 | J11: 673 | K11: 5 | L11: 40 | M11: 0 | N11: 114 | O11: =+F11+I11-J11-K11-L11-M11-N11 -> 0 | P11: 150 | Q11: 2000
A12: 10 | B12: AMORTİSÖR 60 LIK 3 CLASS SİYAH | F12: 752 | H12: Adet | I12: 0 | J12: 0 | K12: 0 | L12: 0 | M12: 0 | N12: 0 | O12: =+F12+I12-J12-K12-L12-M12-N12 -> 752 | P12: 200 | Q12: 1000
A13: 11 | B13: 140 LIK AMORTİSÖR 3 KLASS | F13: 712 | H13: Adet | I13: 0 | J13: 0 | K13: 0 | L13: 0 | M13: 0 | N13: 0 | O13: =+F13+I13-J13-K13-L13-M13-N13 -> 712 | P13: 500 | Q13: 1000
A14: 12 | B14: AMORTİSÖR 80 LİK 4 KLASS | F14: 320 | H14: Adet | I14: 0 | J14: 0 | K14: 0 | L14: 0 | M14: 0 | N14: 0 | O14: =+F14+I14-J14-K14-L14-M14-N14 -> 320 | P14: 100 | Q14: 500
A15: 13 | F15: 0 | H15: Adet | I15: 0 | J15: 0 | K15: 0 | L15: 0 | M15: 0 | N15: 0 | O15: =+F15+I15-J15-K15-L15-M15-N15 -> 0 | P15: 0 | Q15: 0

Sheet HAZİRAN 2024
B1: 45413
A2: S.NO | B2: STOK ADI | F2: DEVİR MİK | H2: BİRİM | I2: GİRİŞ | J2: 45450 | K2: 45457 | L2: 45461 | M2: 45467 | N2: 45473 | O2: KALAN | P2: MİNİMUN | Q2: MAKSİMUN
A3: 1 | F3: 0 | I3: 0 | J3: 0 | K3: 0 | L3: 0 | M3: 0 | N3: 0 | O3: =+F3+I3-J3-K3-L3-M3-N3 -> 0 | P3: 0 | Q3: 0
A4: 2 | B4: AMORTİSÖR 3 KLAS 100 LÜK KROM | F4: 3000 | H4: Adet | I4: 0 | J4: 0 | K4: 0 | L4: 0 | M4: 0 | N4: 0 | O4: =+F4+I4-J4-K4-L4-M4-N4 -> 3000 | P4: 500 | Q4: 3000
A5: 3 | B5: ZZ.AMORTİSÖR 80 LİK 3 KLASS | F5: 120 | H5: Adet | I5: 380 | J5: 0 | K5: 200 | L5: 0 | M5: 0 | N5: 103 | O5: =+F5+I5-J5-K5-L5-M5-N5 -> 197 | P5: 500 | Q5: 3000
A6: 4 | B6: 260 LIK AMORTİSÖR | F6: 190 | H6: Adet | I6: 0 | J6: 0 | K6: 0 | L6: 0 | M6: 0 | N6: 0 | O6: =+F6+I6-J6-K6-L6-M6-N6 -> 190 | P6: 30 | Q6: 200
A7: 5 | B7: AMORTİSÖR 120 LİK 3 CLASS | F7: 800 | H7: Adet | I7: 0 | J7: 40 | K7: 192 | L7: 0 | M7: 0 | N7: 6 | O7: =+F7+I7-J7-K7-L7-M7-N7 -> 562 | P7: 500 | Q7: 3000
A8: 6 | B8: KONUM KORUYUCU D 26 KISA | F8: 160 | H8: Adet | I8: 1800 | J8: 20 | K8: 0 | L8: 0 | M8: 0 | N8: 0 | O8: =+F8+I8-J8-K8-L8-M8-N8 -> 1940 | P8: 100 | Q8: 500
A9: 7 | B9: 100 LÜK KROM AMORTİSÖR 4 CLASS | F9: 800 | H9: Adet | I9: 0 | J9: 0 | K9: 0 | L9: 0 | M9: 0 | N9: 0 | O9: =+F9+I9-J9-K9-L9-M9-N9 -> 800 | P9: 300 | Q9: 5000
A10: 8 | B10: 100 LÜK AMORTİSÖR 3 CLASS | F10: 2431 | H10: Adet | I10: 0 | J10: 140 | K10: 220 | L10: 0 | M10: 0 | N10: 120 | O10: =+F10+I10-J10-K10-L10-M10-N10 -> 1951 | P10: 1000 | Q10: 5000
A11: 9 | B11: AMORTİSÖRÜ 200 LÜK SİYAH | F11: 0 | H11: Adet | I11: 1000 | J11: 16 | K11: 20 | L11: 0 | M11: 0 | N11: 7 | O11: =+F11+I11-J11-K11-L11-M11-N11 -> 957 | P11: 150 | Q11: 2000
A12: 10 | B12: AMORTİSÖR 60 LIK 3 CLASS SİYAH | F12: 752 | H12: Adet | I12: 0 | J12: 0 | K12: 0 | L12: 0 | M12: 0 | N12: 0 | O12: =+F12+I12-J12-K12-L12-M12-N12 -> 752 | P12: 200 | Q12: 1000
A13: 11 | B13: 140 LIK AMORTİSÖR 3 KLASS | F13: 712 | H13: Adet | I13: 0 | J13: 40 | K13: 80 | L13: 0 | M13: 0 | N13: 0 | O13: =+F13+I13-J13-K13-L13-M13-N13 -> 592 | P13: 500 | Q13: 1000
A14: 12 | B14: AMORTİSÖR 80 LİK 4 KLASS | F14: 320 | H14: Adet | I14: 0 | J14: 0 | K14: 0 | L14: 0 | M14: 0 | N14: 104 | O14: =+F14+I14-J14-K14-L14-M14-N14 -> 216 | P14: 100 | Q14: 500
A15: 13 | F15: 0 | H15: Adet | I15: 0 | J15: 0 | K15: 0 | L15: 0 | M15: 0 | N15: 0 | O15: =+F15+I15-J15-K15-L15-M15-N15 -> 0 | P15: 0 | Q15: 0

Sheet TEMMUZ 2024
B1: 45474
A2: S.NO | B2: STOK ADI | F2: DEVİR MİK | H2: BİRİM | I2: GİRİŞ | J2: 45478 | K2: 45485 | L2: 45492 | M2: 45499 | N2: 45506 | O2: KALAN | P2: MİNİMUN | Q2: MAKSİMUN
A3: 1 | B3: AMORTİSÖR 80 LİK 4 KLASS | F3: 216 | H3: Adet | I3: 720 | J3: 0 | K3: 0 | L3: 216 | M3: 390 | N3: 0 | O3: =+F3+I3-J3-K3-L3-M3-N3 -> 330 | P3: 100 | Q3: 500
A4: 2 | B4: AMORTİSÖR 3 KLAS 100 LÜK KROM | F4: 3000 | H4: Adet | I4: 0 | J4: 0 | K4: 0 | L4: 0 | M4: 0 | N4: 0 | O4: =+F4+I4-J4-K4-L4-M4-N4 -> 3000 | P4: 500 | Q4: 3000
A5: 3 | B5: ZZ.AMORTİSÖR 80 LİK 3 KLASS | F5: 197 | H5: Adet | I5: 1000 | J5: 157 | K5: 40 | L5: 0 | M5: 0 | N5: 0 | O5: =+F5+I5-J5-K5-L5-M5-N5 -> 1000 | P5: 500 | Q5: 3000
A6: 4 | B6: 260 LIK AMORTİSÖR | F6: 190 | H6: Adet | I6: 0 | J6: 0 | K6: 0 | L6: 0 | M6: 0 | N6: 0 | O6: =+F6+I6-J6-K6-L6-M6-N6 -> 190 | P6: 30 | Q6: 200
A7: 5 | B7: AMORTİSÖR 120 LİK 3 CLASS | F7: 562 | H7: Adet | I7: 0 | J7: 0 | K7: 40 | L7: 0 | M7: 40 | N7: 5 | O7: =+F7+I7-J7-K7-L7-M7-N7 -> 477 | P7: 500 | Q7: 3000
A8: 6 | B8: KONUM KORUYUCU D 26 KISA | F8: 1940 | H8: Adet | I8: 0 | J8: 0 | K8: 0 | L8: 200 | M8: 43 | N8: 120 | O8: =+F8+I8-J8-K8-L8-M8-N8 -> 1577 | P8: 100 | Q8: 500
A9: 7 | B9: 100 LÜK KROM AMORTİSÖR 4 CLASS | F9: 800 | H9: Adet | I9: 0 | J9: 0 | K9: 0 | L9: 0 | M9: 0 | N9: 0 | O9: =+F9+I9-J9-K9-L9-M9-N9 -> 800 | P9: 300 | Q9: 5000
A10: 8 | B10: 100 LÜK AMORTİSÖR 3 CLASS | F10: 1951 | H10: Adet | I10: 0 | J10: 0 | K10: 0 | L10: 0 | M10: 360 | N10: 205 | O10: =+F10+I10-J10-K10-L10-M10-N10 -> 1386 | P10: 1000 | Q10: 5000
A11: 9 | B11: AMORTİSÖRÜ 200 LÜK SİYAH | F11: 957 | H11: Adet | I11: 0 | J11: 10 | K11: 0 | L11: 0 | M11: 60 | N11: 0 | O11: =+F11+I11-J11-K11-L11-M11-N11 -> 887 | P11: 150 | Q11: 2000
A12: 10 | B12: AMORTİSÖR 60 LIK 3 CLASS SİYAH | F12: 752 | H12: Adet | I12: 0 | J12: 0 | K12: 0 | L12: 0 | M12: 0 | N12: 0 | O12: =+F12+I12-J12-K12-L12-M12-N12 -> 752 | P12: 200 | Q12: 1000
A13: 11 | B13: 140 LIK AMORTİSÖR 3 KLASS | F13: 592 | H13: Adet | I13: 0 | J13: 15 | K13: 0 | L13: 0 | M13: 0 | N13: 0 | O13: =+F13+I13-J13-K13-L13-M13-N13 -> 577 | P13: 500 | Q13: 1000
A14: 12 | F14: 0 | I14: 0 | J14: 0 | K14: 0 | L14: 0 | M14: 0 | N14: 0 | O14: =+F14+I14-J14-K14-L14-M14-N14 -> 0 | P14: 0 | Q14: 0
A15: 13 | F15: 0 | I15: 0 | J15: 0 | K15: 0 | L15: 0 | M15: 0 | N15: 0 | O15: =+F15+I15-J15-K15-L15-M15-N15 -> 0 | P15: 0 | Q15: 0

Sheet AĞUSTOS 2024
B1: 45505
A2: S.NO | B2: STOK ADI | F2: DEVİR MİK | H2: BİRİM | I2: GİRİŞ | J2: 45509 | K2: 45516 | L2: 45527 | M2: 45530 | N2: 45534 | O2: KALAN | P2: MİNİMUN | Q2: MAKSİMUN
A3: 1 | B3: AMORTİSÖR 80 LİK 4 KLASS | F3: 330 | H3: Adet | I3: 0 | J3: 0 | K3: 0 | L3: 0 | M3: 0 | N3: 320 | O3: =+F3+I3-J3-K3-L3-M3-N3 -> 10 | P3: 100 | Q3: 500
A4: 2 | B4: AMORTİSÖR 3 KLAS 100 LÜK KROM | F4: 3000 | H4: Adet | I4: 0 | J4: 0 | K4: 0 | L4: 0 | M4: 0 | N4: 0 | O4: =+F4+I4-J4-K4-L4-M4-N4 -> 3000 | P4: 500 | Q4: 3000
A5: 3 | B5: ZZ.AMORTİSÖR 80 LİK 3 KLASS | F5: 1000 | H5: Adet | I5: 0 | J5: 800 | K5: 84 | L5: 100 | M5: 0 | N5: 0 | O5: =+F5+I5-J5-K5-L5-M5-N5 -> 16 | P5: 500 | Q5: 3000
A6: 4 | B6: 260 LIK AMORTİSÖR | F6: 190 | H6: Adet | I6: 0 | J6: 0 | K6: 30 | L6: 10 | M6: 0 | N6: 0 | O6: =+F6+I6-J6-K6-L6-M6-N6 -> 150 | P6: 30 | Q6: 200
A7: 5 | B7: AMORTİSÖR 120 LİK 3 CLASS | F7: 477 | H7: Adet | I7: 0 | J7: 60 | K7: 0 | L7: 0 | M7: 0 | N7: 0 | O7: =+F7+I7-J7-K7-L7-M7-N7 -> 417 | P7: 500 | Q7: 3000
A8: 6 | B8: KONUM KORUYUCU D 26 KISA | F8: 1577 | H8: Adet | I8: 0 | J8: 100 | K8: 200 | L8: 0 | M8: 0 | N8: 0 | O8: =+F8+I8-J8-K8-L8-M8-N8 -> 1277 | P8: 100 | Q8: 500
A9: 7 | B9: 100 LÜK KROM AMORTİSÖR 4 CLASS | F9: 800 | H9: Adet | I9: 0 | J9: 0 | K9: 0 | L9: 0 | M9: 0 | N9: 0 | O9: =+F9+I9-J9-K9-L9-M9-N9 -> 800 | P9: 300 | Q9: 5000
A10: 8 | B10: 100 LÜK AMORTİSÖR 3 CLASS | F10: 1386 | H10: Adet | I10: 0 | J10: 110 | K10: 50 | L10: 0 | M10: 0 | N10: 20 | O10: =+F10+I10-J10-K10-L10-M10-N10 -> 1206 | P10: 1000 | Q10: 5000
A11: 9 | B11: AMORTİSÖRÜ 200 LÜK SİYAH | F11: 887 | H11: Adet | I11: 0 | J11: 2 | K11: 0 | L11: 1 | M11: 0 | N11: 33 | O11: =+F11+I11-J11-K11-L11-M11-N11 -> 851 | P11: 150 | Q11: 2000
A12: 10 | B12: AMORTİSÖR 60 LIK 3 CLASS SİYAH | F12: 752 | H12: Adet | I12: 0 | J12: 0 | K12: 0 | L12: 0 | M12: 0 | N12: 0 | O12: =+F12+I12-J12-K12-L12-M12-N12 -> 752 | P12: 200 | Q12: 1000
A13: 11 | B13: 140 LIK AMORTİSÖR 3 KLASS | F13: 577 | H13: Adet | I13: 0 | J13: 0 | K13: 0 | L13: 0 | M13: 0 | N13: 220 | O13: =+F13+I13-J13-K13-L13-M13-N13 -> 357 | P13: 500 | Q13: 1000
A14: 12 | F14: 0 | I14: 0 | J14: 0 | K14: 0 | L14: 0 | M14: 0 | N14: 0 | O14: =+F14+I14-J14-K14-L14-M14-N14 -> 0 | P14: 0 | Q14: 0
A15: 13 | F15: 0 | I15: 0 | J15: 0 | K15: 0 | L15: 0 | M15: 0 | N15: 0 | O15: =+F15+I15-J15-K15-L15-M15-N15 -> 0 | P15: 0 | Q15: 0

Sheet EYLÜL 2024
B1: 45536
A2: S.NO | B2: STOK ADI | F2: DEVİR MİK | H2: BİRİM | I2: GİRİŞ | J2: 45541 | K2: 45548 | L2: 45555 | M2: 45562 | N2: 45565 | O2: KALAN | P2: MİNİMUN | Q2: MAKSİMUN
A3: 1 | B3: AMORTİSÖR 80 LİK 4 KLASS | F3: 10 | H3: Adet | I3: 0 | J3: 10 | K3: 0 | L3: 0 | M3: 0 | N3: 0 | O3: =+F3+I3-J3-K3-L3-M3-N3 -> 0 | P3: 100 | Q3: 500
A4: 2 | B4: AMORTİSÖR 3 KLAS 100 LÜK KROM | F4: 3000 | H4: Adet | I4: 0 | J4: 0 | K4: 0 | L4: 0 | M4: 0 | N4: 0 | O4: =+F4+I4-J4-K4-L4-M4-N4 -> 3000 | P4: 500 | Q4: 3000
A5: 3 | B5: ZZ.AMORTİSÖR 80 LİK 3 KLASS | F5: 16 | H5: Adet | I5: 1500 | J5: 10 | K5: 300 | L5: 206 | M5: 300 | N5: 0 | O5: =+F5+I5-J5-K5-L5-M5-N5 -> 700 | P5: 500 | Q5: 3000
A6: 4 | B6: 260 LIK AMORTİSÖR | F6: 150 | H6: Adet | I6: 0 | J6: 0 | K6: 0 | L6: 0 | M6: 0 | N6: 0 | O6: =+F6+I6-J6-K6-L6-M6-N6 -> 150 | P6: 30 | Q6: 200
A7: 5 | B7: AMORTİSÖR 120 LİK 3 CLASS | F7: 417 | H7: Adet | I7: 500 | J7: 0 | K7: 40 | L7: 80 | M7: 0 | N7: 0 | O7: =+F7+I7-J7-K7-L7-M7-N7 -> 797 | P7: 500 | Q7: 3000
A8: 6 | B8: KONUM KORUYUCU D 26 KISA | F8: 1277 | H8: Adet | I8: 0 | J8: 80 | K8: 0 | L8: 100 | M8: 132 | N8: 0 | O8: =+F8+I8-J8-K8-L8-M8-N8 -> 965 | P8: 100 | Q8: 500
A9: 7 | B9: 100 LÜK KROM AMORTİSÖR 4 CLASS | F9: 800 | H9: Adet | I9: 0 | J9: 0 | K9: 0 | L9: 0 | M9: 0 | N9: 0 | O9: =+F9+I9-J9-K9-L9-M9-N9 -> 800 | P9: 300 | Q9: 5000
A10: 8 | B10: 100 LÜK AMORTİSÖR 3 CLASS | F10: 1206 | H10: Adet | I10: 0 | J10: 0 | K10: 50 | L10: 64 | M10: 101 | N10: 0 | O10: =+F10+I10-J10-K10-L10-M10-N10 -> 991 | P10: 1000 | Q10: 5000
A11: 9 | B11: AMORTİSÖRÜ 200 LÜK SİYAH | F11: 851 | H11: Adet | I11: 0 | J11: 0 | K11: 100 | L11: 0 | M11: 0 | N11: 0 | O11: =+F11+I11-J11-K11-L11-M11-N11 -> 751 | P11: 150 | Q11: 2000
A12: 10 | B12: AMORTİSÖR 60 LIK 3 CLASS | F12: 752 | H12: Adet | I12: 1600 | J12: 60 | K12: 81 | L12: 0 | M12: 0 | N12: 0 | O12: =+F12+I12-J12-K12-L12-M12-N12 -> 2211 | P12: 200 | Q12: 1000
A13: 11 | B13: 140 LIK AMORTİSÖR 3 KLASS | F13: 357 | H13: Adet | I13: 0 | J13: 0 | K13: 0 | L13: 0 | M13: 0 | N13: 0 | O13: =+F13+I13-J13-K13-L13-M13-N13 -> 357 | P13: 500 | Q13: 1000
A14: 12 | F14: 0 | I14: 0 | J14: 0 | K14: 0 | L14: 0 | M14: 0 | N14: 0 | O14: =+F14+I14-J14-K14-L14-M14-N14 -> 0 | P14: 0 | Q14: 0
A15: 13 | F15: 0 | I15: 0 | J15: 0 | K15: 0 | L15: 0 | M15: 0 | N15: 0 | O15: =+F15+I15-J15-K15-L15-M15-N15 -> 0 | P15: 0 | Q15: 0

Sheet EKİM 2024
B1: 45566
A2: S.NO | B2: STOK ADI | F2: DEVİR MİK | H2: BİRİM | I2: GİRİŞ | J2: 45569 | K2: 45576 | L2: 45583 | M2: 45590 | N2: 45596 | O2: KALAN | P2: MİNİMUN | Q2: MAKSİMUN
A3: 1 | B3: AMORTİSÖR 80 LİK 4 KLASS | F3: 0 | H3: Adet | I3: 0 | J3: 0 | K3: 0 | L3: 0 | M3: 0 | N3: 0 | O3: =+F3+I3-J3-K3-L3-M3-N3 -> 0 | P3: 100 | Q3: 500
A4: 2 | B4: AMORTİSÖR 3 KLAS 100 LÜK KROM | F4: 3000 | H4: Adet | I4: 0 | J4: 0 | K4: 0 | L4: 0 | M4: 0 | N4: 0 | O4: =+F4+I4-J4-K4-L4-M4-N4 -> 3000 | P4: 500 | Q4: 3000
A5: 3 | B5: ZZ.AMORTİSÖR 80 LİK 3 KLASS | F5: 700 | H5: Adet | I5: 0 | J5: 0 | K5: 0 | L5: 101 | M5: 240 | N5: 10 | O5: =+F5+I5-J5-K5-L5-M5-N5 -> 349 | P5: 500 | Q5: 3000
A6: 4 | B6: 260 LIK AMORTİSÖR | F6: 150 | H6: Adet | I6: 0 | J6: 0 | K6: 0 | L6: 0 | M6: 0 | N6: 0 | O6: =+F6+I6-J6-K6-L6-M6-N6 -> 150 | P6: 30 | Q6: 200
A7: 5 | B7: AMORTİSÖR 120 LİK 3 CLASS | F7: 797 | H7: Adet | I7: 0 | J7: 20 | K7: 0 | L7: 120 | M7: 120 | N7: 0 | O7: =+F7+I7-J7-K7-L7-M7-N7 -> 537 | P7: 500 | Q7: 3000
A8: 6 | B8: KONUM KORUYUCU D 26 KISA | F8: 965 | H8: Adet | I8: 0 | J8: 0 | K8: 203 | L8: 0 | M8: 200 | N8: 224 | O8: =+F8+I8-J8-K8-L8-M8-N8 -> 338 | P8: 100 | Q8: 500
A9: 7 | B9: 100 LÜK KROM AMORTİSÖR 4 CLASS | F9: 800 | H9: Adet | I9: 0 | J9: 0 | K9: 0 | L9: 0 | M9: 0 | N9: 0 | O9: =+F9+I9-J9-K9-L9-M9-N9 -> 800 | P9: 300 | Q9: 5000
A10: 8 | B10: 100 LÜK AMORTİSÖR 3 CLASS | F10: 991 | H10: Adet | I10: 0 | J10: 120 | K10: 0 | L10: 340 | M10: 182 | N10: 100 | O10: =+F10+I10-J10-K10-L10-M10-N10 -> 249 | P10: 1000 | Q10: 5000
A11: 9 | B11: AMORTİSÖRÜ 200 LÜK SİYAH | F11: 751 | H11: Adet | I11: 0 | J11: 40 | K11: 0 | L11: 32 | M11: 0 | N11: 0 | O11: =+F11+I11-J11-K11-L11-M11-N11 -> 679 | P11: 150 | Q11: 2000
A12: 10 | B12: AMORTİSÖR 60 LIK 3 CLASS | F12: 2211 | H12: Adet | I12: 0 | J12: 0 | K12: 0 | L12: 0 | M12: 0 | N12: 0 | O12: =+F12+I12-J12-K12-L12-M12-N12 -> 2211 | P12: 200 | Q12: 1000
A13: 11 | B13: 140 LIK AMORTİSÖR 3 KLASS | F13: 357 | H13: Adet | I13: 0 | J13: 0 | K13: 2 | L13: 22 | M13: 0 | N13: 0 | O13: =+F13+I13-J13-K13-L13-M13-N13 -> 333 | P13: 500 | Q13: 1000
A14: 12 | F14: 0 | I14: 0 | J14: 0 | K14: 0 | L14: 0 | M14: 0 | N14: 0 | O14: =+F14+I14-J14-K14-L14-M14-N14 -> 0 | P14: 0 | Q14: 0
A15: 13 | F15: 0 | I15: 0 | J15: 0 | K15: 0 | L15: 0 | M15: 0 | N15: 0 | O15: =+F15+I15-J15-K15-L15-M15-N15 -> 0 | P15: 0 | Q15: 0

Sheet KASIM 2024
B1: 45597
A2: S.NO | B2: STOK ADI | F2: DEVİR MİK | H2: BİRİM | I2: GİRİŞ | J2: 45604 | K2: 45611 | L2: 45618 | M2: 45625 | N2: 0 | O2: KALAN | P2: MİNİMUN | Q2: MAKSİMUN
A3: 1 | B3: AMORTİSÖR 80 LİK 4 KLASS | F3: 0 | H3: Adet | I3: 0 | J3: 0 | K3: 0 | L3: 0 | M3: 0 | N3: 0 | O3: =+F3+I3-J3-K3-L3-M3-N3 -> 0 | P3: 100 | Q3: 500
A4: 2 | B4: AMORTİSÖR 3 KLAS 100 LÜK KROM | F4: 3000 | H4: Adet | I4: 0 | J4: 0 | K4: 0 | L4: 0 | M4: 60 | N4: 0 | O4: =+F4+I4-J4-K4-L4-M4-N4 -> 2940 | P4: 500 | Q4: 3000
A5: 3 | B5: ZZ.AMORTİSÖR 80 LİK 3 KLASS | F5: 349 | H5: Adet | I5: 2200 | J5: 100 | K5: 250 | L5: 330 | M5: 200 | N5: 0 | O5: =+F5+I5-J5-K5-L5-M5-N5 -> 1669 | P5: 500 | Q5: 3000
A6: 4 | B6: 260 LIK AMORTİSÖR | F6: 150 | H6: Adet | I6: 400 | J6: 0 | K6: 0 | L6: 104 | M6: 50 | N6: 0 | O6: =+F6+I6-J6-K6-L6-M6-N6 -> 396 | P6: 30 | Q6: 200
A7: 5 | B7: AMORTİSÖR 120 LİK 3 CLASS | F7: 537 | H7: Adet | I7: 0 | J7: 0 | K7: 50 | L7: 0 | M7: 0 | N7: 0 | O7: =+F7+I7-J7-K7-L7-M7-N7 -> 487 | P7: 400 | Q7: 3000
A8: 6 | B8: KONUM KORUYUCU D 26 KISA | F8: 450 | H8: Adet | I8: 300 | J8: 300 | K8: 40 | L8: 360 | M8: 0 | N8: 0 | O8: =+F8+I8-J8-K8-L8-M8-N8 -> 50 | P8: 100 | Q8: 500
A9: 7 | B9: 100 LÜK KROM AMORTİSÖR 4 CLASS | F9: 800 | H9: Adet | I9: 0 | J9: 0 | K9: 0 | L9: 0 | M9: 0 | N9: 0 | O9: =+F9+I9-J9-K9-L9-M9-N9 -> 800 | P9: 300 | Q9: 5000
A10: 8 | B10: 100 LÜK AMORTİSÖR 3 CLASS | F10: 249 | H10: Adet | I10: 0 | J10: 102 | K10: 80 | L10: 40 | M10: 20 | N10: 0 | O10: =+F10+I10-J10-K10-L10-M10-N10 -> 7 | P10: 1000 | Q10: 5000
A11: 9 | B11: AMORTİSÖRÜ 200 LÜK SİYAH | F11: 679 | H11: Adet | I11: 0 | J11: 0 | K11: 140 | L11: 0 | M11: 1 | N11: 0 | O11: =+F11+I11-J11-K11-L11-M11-N11 -> 538 | P11: 150 | Q11: 2000
A12: 10 | B12: AMORTİSÖR 60 LIK 3 CLASS | F12: 2211 | H12: Adet | I12: 0 | J12: 0 | K12: 0 | L12: 0 | M12: 0 | N12: 0 | O12: =+F12+I12-J12-K12-L12-M12-N12 -> 2211 | P12: 200 | Q12: 1000
A13: 11 | B13: 140 LIK AMORTİSÖR 3 KLASS | F13: 333 | H13: Adet | I13: 0 | J13: 60 | K13: 0 | L13: 0 | M13: 0 | N13: 0 | O13: =+F13+I13-J13-K13-L13-M13-N13 -> 273 | P13: 500 | Q13: 1000
A14: 12 | F14: 0 | I14: 0 | J14: 0 | K14: 0 | L14: 0 | M14: 0 | N14: 0 | O14: =+F14+I14-J14-K14-L14-M14-N14 -> 0 | P14: 0 | Q14: 0
A15: 13 | F15: 0 | I15: 0 | J15: 0 | K15: 0 | L15: 0 | M15: 0 | N15: 0 | O15: =+F15+I15-J15-K15-L15-M15-N15 -> 0 | P15: 0 | Q15: 0

Sheet OCAK 2025
B1: 45627
A2: S.NO | B2: STOK ADI | F2: DEVİR MİK | H2: BİRİM | I2: GİRİŞ | J2: 45661 | K2: 45668 | L2: 45675 | M2: 45681 | N2: 45688 | O2: KALAN | P2: MİNİMUN | Q2: MAKSİMUN
A3: 1 | B3: AMORTİSÖR 80 LİK KROM | F3: 0 | H3: Adet | I3: 720 | J3: 0 | K3: 0 | L3: 0 | M3: 0 | N3: 0 | O3: =+F3+I3-J3-K3-L3-M3-N3 -> 720 | P3: 100 | Q3: 500
A4: 2 | B4: AMORTİSÖR 3 KLAS 100 LÜK KROM | F4: 2850 | H4: Adet | I4: 0 | J4: 20 | K4: 108 | L4: 0 | M4: 0 | N4: 0 | O4: =+F4+I4-J4-K4-L4-M4-N4 -> 2722 | P4: 500 | Q4: 3000
A5: 3 | B5: ZZ.AMORTİSÖR 80 LİK 3 KLASS | F5: 840 | H5: Adet | I5: 1000 | J5: 100 | K5: 120 | L5: 125 | M5: 240 | N5: 3 | O5: =+F5+I5-J5-K5-L5-M5-N5 -> 1252 | P5: 500 | Q5: 3000
A6: 4 | B6: 260 LIK AMORTİSÖR | F6: 100 | H6: Adet | I6: 400 | J6: 0 | K6: 0 | L6: 0 | M6: 33 | N6: 0 | O6: =+F6+I6-J6-K6-L6-M6-N6 -> 467 | P6: 30 | Q6: 200
A7: 5 | B7: AMORTİSÖR 120 LİK 3 CLASS | F7: 40 | H7: Adet | I7: 1000 | J7: 40 | K7: 2 | L7: 0 | M7: 0 | N7: 0 | O7: =+F7+I7-J7-K7-L7-M7-N7 -> 998 | P7: 400 | Q7: 3000
A8: 6 | B8: KONUM KORUYUCU D 26 KISA | F8: 10 | H8: Adet | I8: 1000 | J8: 0 | K8: 100 | L8: 0 | M8: 0 | N8: 0 | O8: =+F8+I8-J8-K8-L8-M8-N8 -> 910 | P8: 100 | Q8: 500
A9: 7 | B9: 100 LÜK KROM AMORTİSÖR 4 CLASS | F9: 800 | H9: Adet | I9: 0 | J9: 0 | K9: 0 | L9: 0 | M9: 0 | N9: 0 | O9: =+F9+I9-J9-K9-L9-M9-N9 -> 800 | P9: 300 | Q9: 5000
A10: 8 | B10: 100 LÜK AMORTİSÖR 3 CLASS | F10: 17 | H10: Adet | I10: 2000 | J10: 0 | K10: 0 | L10: 100 | M10: 0 | N10: 0 | O10: =+F10+I10-J10-K10-L10-M10-N10 -> 1917 | P10: 1000 | Q10: 5000
A11: 9 | B11: AMORTİSÖRÜ 200 LÜK SİYAH | F11: 470 | H11: Adet | I11: 1000 | J11: 40 | K11: 0 | L11: 0 | M11: 190 | N11: 0 | O11: =+F11+I11-J11-K11-L11-M11-N11 -> 1240 | P11: 150 | Q11: 2000
A12: 10 | B12: AMORTİSÖR 60 LIK 3 CLASS | F12: 2170 | H12: Adet | I12: 20 | J12: 0 | K12: 0 | L12: 0 | M12: 0 | N12: 0 | O12: =+F12+I12-J12-K12-L12-M12-N12 -> 2190 | P12: 200 | Q12: 1000
A13: 11 | B13: 140 LIK AMORTİSÖR 3 KLASS | F13: 60 | H13: Adet | I13: 500 | J13: 0 | K13: 101 | L13: 0 | M13: 3 | N13: 80 | O13: =+F13+I13-J13-K13-L13-M13-N13 -> 376 | P13: 500 | Q13: 1000
A14: 12 | F14: 0 | I14: 0 | J14: 0 | K14: 0 | L14: 0 | M14: 0 | N14: 0 | O14: =+F14+I14-J14-K14-L14-M14-N14 -> 0 | P14: 0 | Q14: 0
A15: 13 | F15: 0 | I15: 0 | J15: 0 | K15: 0 | L15: 0 | M15: 0 | N15: 0 | O15: =+F15+I15-J15-K15-L15-M15-N15 -> 0 | P15: 0 | Q15: 0

Sheet ŞUBAT 2025
B1: 45689 | Q1: 45705
A2: S.NO | B2: STOK ADI | F2: DEVİR MİK | H2: BİRİM | I2: GİRİŞ | J2: 45695 | K2: 45702 | L2: 45709 | M2: 45716 | N2: 0 | O2: KALAN | P2: MİNİMUN | Q2: MAKSİMUN
A3: 1 | B3: AMORTİSÖR 80 LİK KROM | F3: 720 | H3: Adet | I3: 500 | J3: 0 | K3: 0 | L3: 0 | M3: 951 | N3: 0 | O3: =+F3+I3-J3-K3-L3-M3-N3 -> 269 | P3: 100 | Q3: 500
A4: 2 | B4: AMORTİSÖR 3 KLAS 100 LÜK KROM | F4: 2480 | H4: Adet | I4: 0 | J4: 0 | K4: 0 | L4: 20 | M4: 140 | N4: 0 | O4: =+F4+I4-J4-K4-L4-M4-N4 -> 2320 | P4: 500 | Q4: 3000
A5: 3 | B5: ZZ.AMORTİSÖR 80 LİK 3 KLASS | F5: 1252 | H5: Adet | I5: 0 | J5: 200 | K5: 100 | L5: 100 | M5: 0 | N5: 0 | O5: =+F5+I5-J5-K5-L5-M5-N5 -> 852 | P5: 500 | Q5: 3000
A6: 4 | B6: 260 LIK AMORTİSÖR | F6: 367 | H6: Adet | I6: 0 | J6: 0 | K6: 7 | L6: 0 | M6: 10 | N6: 0 | O6: =+F6+I6-J6-K6-L6-M6-N6 -> 350 | P6: 30 | Q6: 200
A7: 5 | B7: AMORTİSÖR 120 LİK 3 CLASS | F7: 998 | H7: Adet | I7: 0 | J7: 0 | K7: 64 | L7: 0 | M7: 0 | N7: 0 | O7: =+F7+I7-J7-K7-L7-M7-N7 -> 934 | P7: 400 | Q7: 3000
A8: 6 | B8: KONUM KORUYUCU D 26 KISA | F8: 1010 | H8: Adet | I8: 0 | J8: 100 | K8: 0 | L8: 0 | M8: 63 | N8: 0 | O8: =+F8+I8-J8-K8-L8-M8-N8 -> 847 | P8: 100 | Q8: 500
A9: 7 | B9: 100 LÜK KROM AMORTİSÖR 4 CLASS | F9: 800 | H9: Adet | I9: 0 | J9: 0 | K9: 0 | L9: 0 | M9: 0 | N9: 0 | O9: =+F9+I9-J9-K9-L9-M9-N9 -> 800 | P9: 300 | Q9: 5000
A10: 8 | B10: 100 LÜK AMORTİSÖR 3 CLASS | F10: 1810 | H10: Adet | I10: 0 | J10: 200 | K10: 185 | L10: 40 | M10: 100 | N10: 0 | O10: =+F10+I10-J10-K10-L10-M10-N10 -> 1285 | P10: 1000 | Q10: 5000
A11: 9 | B11: AMORTİSÖRÜ 200 LÜK SİYAH | F11: 760 | H11: Adet | I11: 0 | J11: 60 | K11: 120 | L11: 0 | M11: 0 | N11: 0 | O11: =+F11+I11-J11-K11-L11-M11-N11 -> 580 | P11: 150 | Q11: 2000 | R11: *
A12: 10 | B12: AMORTİSÖR 60 LIK 3 CLASS | F12: 2190 | H12: Adet | I12: 0 | J12: 0 | K12: 1 | L12: 0 | M12: 0 | N12: 0 | O12: =+F12+I12-J12-K12-L12-M12-N12 -> 2189 | P12: 200 | Q12: 1000
A13: 11 | B13: 140 LIK AMORTİSÖR 3 KLASS | F13: 340 | H13: Adet | I13: 0 | J13: 60 | K13: 0 | L13: 0 | M13: 0 | N13: 0 | O13: =+F13+I13-J13-K13-L13-M13-N13 -> 280 | P13: 500 | Q13: 1000
A14: 12 | F14: 0 | I14: 0 | J14: 0 | K14: 0 | L14: 0 | M14: 0 | N14: 0 | O14: =+F14+I14-J14-K14-L14-M14-N14 -> 0 | P14: 0 | Q14: 0
A15: 13 | F15: 0 | I15: 0 | J15: 0 | K15: 0 | L15: 0 | M15: 0 | N15: 0 | O15: =+F15+I15-J15-K15-L15-M15-N15 -> 0 | P15: 0 | Q15: 0

Sheet MART 2025
B1: 45717 | Q1: 45705
A2: S.NO | B2: STOK ADI | F2: DEVİR MİK | H2: BİRİM | I2: GİRİŞ | J2: 45723 | K2: 45730 | L2: 45737 | M2: 45744 | N2: 0 | O2: KALAN | P2: MİNİMUN | Q2: MAKSİMUN
A3: 1 | B3: AMORTİSÖR 80 LİK KROM | F3: 269 | H3: Adet | I3: 0 | J3: 100 | K3: 0 | L3: 10 | M3: 0 | N3: 0 | O3: =+F3+I3-J3-K3-L3-M3-N3 -> 159 | P3: 500 | Q3: 3000
A4: 2 | B4: AMORTİSÖR 3 KLAS 100 LÜK KROM | F4: 2320 | H4: Adet | I4: 0 | J4: 0 | K4: 0 | L4: 0 | M4: 0 | N4: 0 | O4: =+F4+I4-J4-K4-L4-M4-N4 -> 2320 | P4: 500 | Q4: 3000
A5: 3 | B5: ZZ.AMORTİSÖR 80 LİK 3 KLASS | F5: 852 | H5: Adet | I5: 0 | J5: 0 | K5: 100 | L5: 140 | M5: 100 | N5: 0 | O5: =+F5+I5-J5-K5-L5-M5-N5 -> 512 | P5: 500 | Q5: 3000
A6: 4 | B6: 260 LIK AMORTİSÖR | F6: 350 | H6: Adet | I6: 0 | J6: 10 | K6: 10 | L6: 10 | M6: 0 | N6: 0 | O6: =+F6+I6-J6-K6-L6-M6-N6 -> 320 | P6: 50 | Q6: 200
A7: 5 | B7: AMORTİSÖR 120 LİK 3 CLASS | F7: 934 | H7: Adet | I7: 0 | J7: 0 | K7: 0 | L7: 0 | M7: 0 | N7: 0 | O7: =+F7+I7-J7-K7-L7-M7-N7 -> 934 | P7: 500 | Q7: 3000
A8: 6 | B8: KONUM KORUYUCU D 26 KISA | F8: 847 | H8: Adet | I8: 0 | J8: 10 | K8: 100 | L8: 0 | M8: 40 | N8: 0 | O8: =+F8+I8-J8-K8-L8-M8-N8 -> 697 | P8: 200 | Q8: 1000
A9: 7 | B9: 100 LÜK KROM AMORTİSÖR 4 CLASS | F9: 800 | H9: Adet | I9: 0 | J9: 0 | K9: 0 | L9: 0 | M9: 0 | N9: 0 | O9: =+F9+I9-J9-K9-L9-M9-N9 -> 800 | P9: 300 | Q9: 3000
A10: 8 | B10: 100 LÜK AMORTİSÖR 3 CLASS | F10: 1285 | H10: Adet | I10: 0 | J10: 0 | K10: 100 | L10: 0 | M10: 0 | N10: 0 | O10: =+F10+I10-J10-K10-L10-M10-N10 -> 1185 | P10: 1000 | Q10: 5000
A11: 9 | B11: AMORTİSÖRÜ 200 LÜK SİYAH | F11: 580 | H11: Adet | I11: 0 | J11: 30 | K11: 20 | L11: 160 | M11: 0 | N11: 0 | O11: =+F11+I11-J11-K11-L11-M11-N11 -> 370 | P11: 200 | Q11: 2000 | R11: *
A12: 10 | B12: AMORTİSÖR 60 LIK 3 CLASS | F12: 2189 | H12: Adet | I12: 0 | J12: 0 | K12: 0 | L12: 0 | M12: 0 | N12: 0 | O12: =+F12+I12-J12-K12-L12-M12-N12 -> 2189 | P12: 200 | Q12: 1000
A13: 11 | B13: 140 LIK AMORTİSÖR 3 KLASS | F13: 280 | H13: Adet | I13: 0 | J13: 0 | K13: 0 | L13: 50 | M13: 0 | N13: 0 | O13: =+F13+I13-J13-K13-L13-M13-N13 -> 230 | P13: 500 | Q13: 1000
A14: 12 | F14: 0 | I14: 0 | J14: 0 | K14: 0 | L14: 0 | M14: 0 | N14: 0 | O14: =+F14+I14-J14-K14-L14-M14-N14 -> 0 | P14: 0 | Q14: 0
A15: 13 | F15: 0 | I15: 0 | J15: 0 | K15: 0 | L15: 0 | M15: 0 | N15: 0 | O15: =+F15+I15-J15-K15-L15-M15-N15 -> 0 | P15: 0 | Q15: 0

Sheet NİSAN 2025
B1: NİSAN N | Q1: 45705
A2: S.NO | B2: STOK ADI | F2: DEVİR MİK | H2: BİRİM | I2: GİRİŞ | J2: 45751 | K2: 45758 | L2: 45765 | M2: 45772 | N2: 45777 | O2: KALAN | P2: MİNİMUN | Q2: MAKSİMUN
A3: 1 | B3: AMORTİSÖR 80 LİK KROM | F3: 159 | H3: Adet | I3: 0 | J3: 0 | K3: 0 | L3: 0 | M3: 60 | N3: 0 | O3: =+F3+I3-J3-K3-L3-M3-N3 -> 99 | P3: 500 | Q3: 3000
A4: 2 | B4: AMORTİSÖR 3 KLAS 100 LÜK KROM | F4: 2320 | H4: Adet | I4: 0 | J4: 0 | K4: 0 | L4: 0 | M4: 0 | N4: 0 | O4: =+F4+I4-J4-K4-L4-M4-N4 -> 2320 | P4: 500 | Q4: 3000
A5: 3 | B5: ZZ.AMORTİSÖR 80 LİK 3 KLASS | F5: 484 | H5: Adet | I5: 0 | J5: 140 | K5: 220 | L5: 60 | M5: 60 | N5: 0 | O5: =+F5+I5-J5-K5-L5-M5-N5 -> 4 | P5: 500 | Q5: 3000
A6: 4 | B6: 260 LIK AMORTİSÖR | F6: 320 | H6: Adet | I6: 0 | J6: 3 | K6: 0 | L6: 2 | M6: 2 | N6: 10 | O6: =+F6+I6-J6-K6-L6-M6-N6 -> 303 | P6: 50 | Q6: 200
A7: 5 | B7: AMORTİSÖR 120 LİK 3 CLASS | F7: 934 | H7: Adet | I7: 0 | J7: 40 | K7: 0 | L7: 0 | M7: 0 | N7: 0 | O7: =+F7+I7-J7-K7-L7-M7-N7 -> 894 | P7: 500 | Q7: 3000
A8: 6 | B8: KONUM KORUYUCU D 26 KISA | F8: 697 | H8: Adet | I8: 0 | J8: 0 | K8: 60 | L8: 60 | M8: 100 | N8: 40 | O8: =+F8+I8-J8-K8-L8-M8-N8 -> 437 | P8: 200 | Q8: 1000
A9: 7 | B9: 100 LÜK KROM AMORTİSÖR 4 CLASS | F9: 800 | H9: Adet | I9: 0 | J9: 0 | K9: 0 | L9: 0 | M9: 0 | N9: 0 | O9: =+F9+I9-J9-K9-L9-M9-N9 -> 800 | P9: 300 | Q9: 3000
A10: 8 | B10: 100 LÜK AMORTİSÖR 3 CLASS | F10: 1185 | H10: Adet | I10: 0 | J10: 40 | K10: 340 | L10: 120 | M10: 200 | N10: 40 | O10: =+F10+I10-J10-K10-L10-M10-N10 -> 445 | P10: 1000 | Q10: 5000
A11: 9 | B11: AMORTİSÖRÜ 200 LÜK SİYAH | F11: 370 | H11: Adet | I11: 0 | J11: 0 | K11: 0 | L11: 0 | M11: 50 | N11: 0 | O11: =+F11+I11-J11-K11-L11-M11-N11 -> 320 | P11: 200 | Q11: 2000 | R11: *
A12: 10 | B12: AMORTİSÖR 60 LIK 3 CLASS | F12: 2189 | H12: Adet | I12: 0 | J12: 0 | K12: 80 | L12: 0 | M12: 0 | N12: 0 | O12: =+F12+I12-J12-K12-L12-M12-N12 -> 2109 | P12: 200 | Q12: 1000
A13: 11 | B13: 140 LIK AMORTİSÖR 3 KLASS | F13: 240 | H13: Adet | I13: 0 | J13: 0 | K13: 0 | L13: 0 | M13: 0 | N13: 0 | O13: =+F13+I13-J13-K13-L13-M13-N13 -> 240 | P13: 200 | Q13: 700
A14: 12 | F14: 0 | I14: 0 | J14: 0 | K14: 0 | L14: 0 | M14: 0 | N14: 0 | O14: =+F14+I14-J14-K14-L14-M14-N14 -> 0 | P14: 0 | Q14: 0
A15: 13 | F15: 0 | I15: 0 | J15: 0 | K15: 0 | L15: 0 | M15: 0 | N15: 0 | O15: =+F15+I15-J15-K15-L15-M15-N15 -> 0 | P15: 0 | Q15: 0

Sheet MAYIS 2025
B1: 45778 | Q1: 45705
A2: S.NO | B2: STOK ADI | F2: DEVİR MİK | H2: BİRİM | I2: GİRİŞ | J2: 45786 | K2: 45793 | L2: 45800 | M2: 45807 | N2: 0 | O2: KALAN | P2: MİNİMUN | Q2: MAKSİMUN
A3: 1 | B3: AMORTİSÖR 80 LİK KROM | F3: 99 | H3: Adet | I3: 1000 | J3: 260 | K3: 180 | L3: 100 | M3: 70 | N3: 0 | O3: =+F3+I3-J3-K3-L3-M3-N3 -> 489 | P3: 500 | Q3: 3000
A4: 2 | B4: AMORTİSÖR 3 KLAS 100 LÜK KROM | F4: 2320 | H4: Adet | I4: 0 | J4: 0 | K4: 0 | L4: 0 | M4: 0 | N4: 0 | O4: =+F4+I4-J4-K4-L4-M4-N4 -> 2320 | P4: 500 | Q4: 3000
A5: 3 | B5: ZZ.AMORTİSÖR 80 LİK 3 KLASS | F5: 4 | H5: Adet | I5: 0 | J5: 0 | K5: 0 | L5: 0 | M5: 4 | N5: 0 | O5: =+F5+I5-J5-K5-L5-M5-N5 -> 0 | P5: 500 | Q5: 3000
A6: 4 | B6: 260 LIK AMORTİSÖR | F6: 303 | H6: Adet | I6: 0 | J6: 6 | K6: 12 | L6: 0 | M6: 5 | N6: 0 | O6: =+F6+I6-J6-K6-L6-M6-N6 -> 280 | P6: 50 | Q6: 200
A7: 5 | B7: AMORTİSÖR 120 LİK 3 CLASS | F7: 894 | H7: Adet | I7: 0 | J7: 22 | K7: 0 | L7: 60 | M7: 0 | N7: 0 | O7: =+F7+I7-J7-K7-L7-M7-N7 -> 812 | P7: 500 | Q7: 3000
A8: 6 | B8: KONUM KORUYUCU D 26 KISA | F8: 437 | H8: Adet | I8: 500 | J8: 120 | K8: 80 | L8: 0 | M8: 4 | N8: 0 | O8: =+F8+I8-J8-K8-L8-M8-N8 -> 733 | P8: 200 | Q8: 1000
A9: 7 | B9: 100 LÜK KROM AMORTİSÖR 4 CLASS | F9: 800 | H9: Adet | I9: 0 | J9: 0 | K9: 0 | L9: 0 | M9: 0 | N9: 0 | O9: =+F9+I9-J9-K9-L9-M9-N9 -> 800 | P9: 300 | Q9: 3000
A10: 8 | B10: 100 LÜK AMORTİSÖR 3 CLASS | F10: 445 | H10: Adet | I10: 1000 | J10: 180 | K10: 0 | L10: 140 | M10: 80 | N10: 0 | O10: =+F10+I10-J10-K10-L10-M10-N10 -> 1045 | P10: 1000 | Q10: 5000
A11: 9 | B11: AMORTİSÖRÜ 200 LÜK SİYAH | F11: 320 | H11: Adet | I11: 0 | J11: 10 | K11: 0 | L11: 0 | M11: 50 | N11: 0 | O11: =+F11+I11-J11-K11-L11-M11-N11 -> 260 | P11: 200 | Q11: 2000 | R11: *
A12: 10 | B12: AMORTİSÖR 60 LIK 3 CLASS | F12: 2109 | H12: Adet | I12: 0 | J12: 0 | K12: 0 | L12: 0 | M12: 0 | N12: 0 | O12: =+F12+I12-J12-K12-L12-M12-N12 -> 2109 | P12: 200 | Q12: 1000
A13: 11 | B13: 140 LIK AMORTİSÖR 3 KLASS | F13: 240 | H13: Adet | I13: 0 | J13: 2 | K13: 8 | L13: 0 | M13: 0 | N13: 0 | O13: =+F13+I13-J13-K13-L13-M13-N13 -> 230 | P13: 200 | Q13: 700
A14: 12 | F14: 0 | I14: 0 | J14: 0 | K14: 0 | L14: 0 | M14: 0 | N14: 0 | O14: =+F14+I14-J14-K14-L14-M14-N14 -> 0 | P14: 0 | Q14: 0
A15: 13 | F15: 0 | I15: 0 | J15: 0 | K15: 0 | L15: 0 | M15: 0 | N15: 0 | O15: =+F15+I15-J15-K15-L15-M15-N15 -> 0 | P15: 0 | Q15: 0

Sheet HAZİRAN 2025
B1: HAZİRAN | Q1: 45705
A2: S.NO | B2: STOK ADI | F2: DEVİR MİK | H2: BİRİM | I2: GİRİŞ | J2: 45814 | K2: 45821 | L2: 45828 | M2: 45835 | N2: 45838 | O2: KALAN | P2: MİNİMUN | Q2: MAKSİMUN
A3: 1 | B3: AMORTİSÖR 80 LİK KROM | F3: 489 | H3: Adet | I3: 0 | J3: 0 | K3: 120 | L3: 102 | M3: 100 | N3: 0 | O3: =+F3+I3-J3-K3-L3-M3-N3 -> 167 | P3: 500 | Q3: 3000
A4: 2 | B4: AMORTİSÖR 3 KLAS 100 LÜK KROM | F4: 2320 | H4: Adet | I4: 0 | J4: 0 | K4: 0 | L4: 0 | M4: 0 | N4: 0 | O4: =+F4+I4-J4-K4-L4-M4-N4 -> 2320 | P4: 500 | Q4: 3000
A5: 3 | B5: ZZ.AMORTİSÖR 80 LİK 3 KLASS | F5: 0 | H5: Adet | I5: 0 | J5: 0 | K5: 0 | L5: 0 | M5: 0 | N5: 0 | O5: =+F5+I5-J5-K5-L5-M5-N5 -> 0 | P5: 500 | Q5: 3000
A6: 4 | B6: 260 LIK AMORTİSÖR | F6: 280 | H6: Adet | I6: 0 | J6: 0 | K6: 15 | L6: 9 | M6: 4 | N6: 0 | O6: =+F6+I6-J6-K6-L6-M6-N6 -> 252 | P6: 50 | Q6: 200
A7: 5 | B7: AMORTİSÖR 120 LİK 3 CLASS | F7: 812 | H7: Adet | I7: 0 | J7: 0 | K7: 0 | L7: 120 | M7: 55 | N7: 0 | O7: =+F7+I7-J7-K7-L7-M7-N7 -> 637 | P7: 500 | Q7: 3000
A8: 6 | B8: KONUM KORUYUCU D 26 KISA | F8: 733 | H8: Adet | I8: 0 | J8: 0 | K8: 0 | L8: 0 | M8: 0 | N8: 0 | O8: =+F8+I8-J8-K8-L8-M8-N8 -> 733 | P8: 200 | Q8: 1000
A9: 7 | B9: 100 LÜK KROM AMORTİSÖR 4 CLASS | F9: 800 | H9: Adet | I9: 0 | J9: 0 | K9: 0 | L9: 0 | M9: 0 | N9: 0 | O9: =+F9+I9-J9-K9-L9-M9-N9 -> 800 | P9: 300 | Q9: 3000
A10: 8 | B10: 100 LÜK AMORTİSÖR 3 CLASS | F10: 1045 | H10: Adet | I10: 0 | J10: 0 | K10: 120 | L10: 200 | M10: 0 | N10: 0 | O10: =+F10+I10-J10-K10-L10-M10-N10 -> 725 | P10: 1000 | Q10: 5000
A11: 9 | B11: AMORTİSÖRÜ 200 LÜK SİYAH | F11: 260 | H11: Adet | I11: 0 | J11: 0 | K11: 20 | L11: 20 | M11: 25 | N11: 0 | O11: =+F11+I11-J11-K11-L11-M11-N11 -> 195 | P11: 200 | Q11: 2000 | R11: *
A12: 10 | B12: AMORTİSÖR 60 LIK 3 CLASS | F12: 2109 | H12: Adet | I12: 0 | J12: 0 | K12: 0 | L12: 0 | M12: 0 | N12: 0 | O12: =+F12+I12-J12-K12-L12-M12-N12 -> 2109 | P12: 200 | Q12: 1000
A13: 11 | B13: 140 LIK AMORTİSÖR 3 KLASS | F13: 230 | H13: Adet | I13: 0 | J13: 0 | K13: 0 | L13: 4 | M13: 16 | N13: 0 | O13: =+F13+I13-J13-K13-L13-M13-N13 -> 210 | P13: 200 | Q13: 700
A14: 12 | F14: 0 | I14: 0 | J14: 0 | K14: 0 | L14: 0 | M14: 0 | N14: 0 | O14: =+F14+I14-J14-K14-L14-M14-N14 -> 0 | P14: 0 | Q14: 0
A15: 13 | F15: 0 | I15: 0 | J15: 0 | K15: 0 | L15: 0 | M15: 0 | N15: 0 | O15: =+F15+I15-J15-K15-L15-M15-N15 -> 0 | P15: 0 | Q15: 0

Sheet TEMMUZ 2025
B1: TEMMUZ | Q1: 45705
A2: S.NO | B2: STOK ADI | F2: DEVİR MİK | H2: BİRİM | I2: GİRİŞ | J2: 45842 | K2: 45849 | L2: 45856 | M2: 45863 | N2: 45869 | O2: KALAN | P2: MİNİMUN | Q2: MAKSİMUN
A3: 1 | B3: AMORTİSÖR 80 LİK KROM | F3: 167 | H3: Adet | I3: 1000 | J3: 80 | K3: 0 | L3: 20 | M3: 180 | N3: 120 | O3: =+F3+I3-J3-K3-L3-M3-N3 -> 767 | P3: 500 | Q3: 3000
A4: 2 | B4: AMORTİSÖR 3 KLAS 100 LÜK KROM | F4: 2320 | H4: Adet | I4: 0 | J4: 0 | K4: 0 | L4: 0 | M4: 0 | N4: 60 | O4: =+F4+I4-J4-K4-L4-M4-N4 -> 2260 | P4: 500 | Q4: 3000
A5: 3 | B5: ZZ.AMORTİSÖR 80 LİK 3 KLASS | F5: 0 | H5: Adet | I5: 0 | J5: 0 | K5: 0 | L5: 0 | M5: 0 | N5: 0 | O5: =+F5+I5-J5-K5-L5-M5-N5 -> 0 | P5: 500 | Q5: 3000
A6: 4 | B6: 260 LIK AMORTİSÖR | F6: 252 | H6: Adet | I6: 0 | J6: 10 | K6: 9 | L6: 6 | M6: 3 | N6: 10 | O6: =+F6+I6-J6-K6-L6-M6-N6 -> 214 | P6: 50 | Q6: 200
A7: 5 | B7: AMORTİSÖR 120 LİK 3 CLASS | F7: 637 | H7: Adet | I7: 0 | J7: 0 | K7: 20 | L7: 80 | M7: 0 | N7: 0 | O7: =+F7+I7-J7-K7-L7-M7-N7 -> 537 | P7: 500 | Q7: 3000
A8: 6 | B8: KONUM KORUYUCU D 26 KISA | F8: 733 | H8: Adet | I8: 0 | J8: 0 | K8: 60 | L8: 40 | M8: 80 | N8: 0 | O8: =+F8+I8-J8-K8-L8-M8-N8 -> 553 | P8: 200 | Q8: 1000
A9: 7 | B9: 100 LÜK KROM AMORTİSÖR 4 CLASS | F9: 800 | H9: Adet | I9: 0 | J9: 0 | K9: 0 | L9: 0 | M9: 0 | N9: 0 | O9: =+F9+I9-J9-K9-L9-M9-N9 -> 800 | P9: 300 | Q9: 3000
A10: 8 | B10: 100 LÜK AMORTİSÖR 3 CLASS | F10: 725 | H10: Adet | I10: 0 | J10: 120 | K10: 41 | L10: 196 | M10: 0 | N10: 0 | O10: =+F10+I10-J10-K10-L10-M10-N10 -> 368 | P10: 1000 | Q10: 5000
A11: 9 | B11: AMORTİSÖRÜ 200 LÜK SİYAH | F11: 195 | H11: Adet | I11: 0 | J11: 0 | K11: 20 | L11: 30 | M11: 0 | N11: 0 | O11: =+F11+I11-J11-K11-L11-M11-N11 -> 145 | P11: 200 | Q11: 2000 | R11: *
A12: 10 | B12: AMORTİSÖR 60 LIK 3 CLASS | F12: 2109 | H12: Adet | I12: 0 | J12: 0 | K12: 0 | L12: 0 | M12: 0 | N12: 0 | O12: =+F12+I12-J12-K12-L12-M12-N12 -> 2109 | P12: 200 | Q12: 1000
A13: 11 | B13: 140 LIK AMORTİSÖR 3 KLASS | F13: 210 | H13: Adet | I13: 0 | J13: 0 | K13: 0 | L13: 0 | M13: 0 | N13: 0 | O13: =+F13+I13-J13-K13-L13-M13-N13 -> 210 | P13: 200 | Q13: 700
A14: 12 | F14: 0 | I14: 0 | J14: 0 | K14: 0 | L14: 0 | M14: 0 | N14: 0 | O14: =+F14+I14-J14-K14-L14-M14-N14 -> 0 | P14: 0 | Q14: 0
A15: 13 | F15: 0 | I15: 0 | J15: 0 | K15: 0 | L15: 0 | M15: 0 | N15: 0 | O15: =+F15+I15-J15-K15-L15-M15-N15 -> 0 | P15: 0 | Q15: 0

Sheet AĞUSTOS 2025
B1: AĞUSTOS | Q1: 45705
A2: S.NO | B2: STOK ADI | F2: DEVİR MİK | H2: BİRİM | I2: GİRİŞ | J2: 45877 | K2: 45884 | L2: 45891 | M2: 45898 | N2: 0 | O2: KALAN | P2: MİNİMUN | Q2: MAKSİMUN
A3: 1 | B3: AMORTİSÖR 80 LİK KROM | F3: 767 | H3: Adet | I3: 0 | J3: 0 | K3: 140 | L3: 120 | M3: 140 | N3: 0 | O3: =+F3+I3-J3-K3-L3-M3-N3 -> 367 | P3: 500 | Q3: 3000
A4: 2 | B4: AMORTİSÖR 3 KLAS 100 LÜK KROM | F4: 2260 | H4: Adet | I4: 0 | J4: 0 | K4: 321 | L4: 0 | M4: 380 | N4: 0 | O4: =+F4+I4-J4-K4-L4-M4-N4 -> 1559 | P4: 500 | Q4: 3000
A5: 3 | B5: ZZ.AMORTİSÖR 80 LİK 3 KLASS | F5: 0 | H5: Adet | I5: 0 | J5: 0 | K5: 0 | L5: 0 | M5: 0 | N5: 0 | O5: =+F5+I5-J5-K5-L5-M5-N5 -> 0 | P5: 500 | Q5: 3000
A6: 4 | B6: 260 LIK AMORTİSÖR | F6: 214 | H6: Adet | I6: 0 | J6: 17 | K6: 17 | L6: 0 | M6: 0 | N6: 0 | O6: =+F6+I6-J6-K6-L6-M6-N6 -> 180 | P6: 50 | Q6: 200
A7: 5 | B7: AMORTİSÖR 120 LİK 3 CLASS | F7: 537 | H7: Adet | I7: 0 | J7: 50 | K7: 0 | L7: 0 | M7: 50 | N7: 0 | O7: =+F7+I7-J7-K7-L7-M7-N7 -> 437 | P7: 500 | Q7: 3000
A8: 6 | B8: KONUM KORUYUCU D 26 KISA | F8: 553 | H8: Adet | I8: 0 | J8: 100 | K8: 0 | L8: 100 | M8: 0 | N8: 0 | O8: =+F8+I8-J8-K8-L8-M8-N8 -> 353 | P8: 200 | Q8: 1000
A9: 7 | B9: 100 LÜK KROM AMORTİSÖR 4 CLASS | F9: 800 | H9: Adet | I9: 0 | J9: 0 | K9: 0 | L9: 0 | M9: 0 | N9: 0 | O9: =+F9+I9-J9-K9-L9-M9-N9 -> 800 | P9: 300 | Q9: 3000
A10: 8 | B10: 100 LÜK AMORTİSÖR 3 CLASS | F10: 368 | H10: Adet | I10: 0 | J10: 200 | K10: 0 | L10: 100 | M10: 0 | N10: 0 | O10: =+F10+I10-J10-K10-L10-M10-N10 -> 68 | P10: 1000 | Q10: 5000
A11: 9 | B11: AMORTİSÖRÜ 200 LÜK SİYAH | F11: 145 | H11: Adet | I11: 0 | J11: 0 | K11: 0 | L11: 20 | M11: 0 | N11: 0 | O11: =+F11+I11-J11-K11-L11-M11-N11 -> 125 | P11: 200 | Q11: 2000 | R11: *
A12: 10 | B12: AMORTİSÖR 60 LIK 3 CLASS | F12: 2109 | H12: Adet | I12: 0 | J12: 0 | K12: 0 | L12: 0 | M12: 0 | N12: 0 | O12: =+F12+I12-J12-K12-L12-M12-N12 -> 2109 | P12: 200 | Q12: 1000
A13: 11 | B13: 140 LIK AMORTİSÖR 3 KLASS | F13: 210 | H13: Adet | I13: 0 | J13: 20 | K13: 0 | L13: 0 | M13: 40 | N13: 0 | O13: =+F13+I13-J13-K13-L13-M13-N13 -> 150 | P13: 200 | Q13: 700
A14: 12 | F14: 0 | I14: 0 | J14: 0 | K14: 0 | L14: 0 | M14: 0 | N14: 0 | O14: =+F14+I14-J14-K14-L14-M14-N14 -> 0 | P14: 0 | Q14: 0
A15: 13 | F15: 0 | I15: 0 | J15: 0 | K15: 0 | L15: 0 | M15: 0 | N15: 0 | O15: =+F15+I15-J15-K15-L15-M15-N15 -> 0 | P15: 0 | Q15: 0

Sheet EYLÜL 2025
B1: EYLÜL | Q1: 45705
A2: S.NO | B2: STOK ADI | F2: DEVİR MİK | H2: BİRİM | I2: GİRİŞ | J2: 45905 | K2: 45912 | L2: 45919 | M2: 45926 | N2: 45930 | O2: KALAN | P2: MİNİMUN | Q2: MAKSİMUN
A3: 1 | B3: AMORTİSÖR 80 LİK KROM | F3: 690 | H3: Adet | I3: 1000 | J3: 240 | K3: 0 | L3: 170 | M3: 140 | N3: 670 | O3: =+F3+I3-J3-K3-L3-M3-N3 -> 470 | P3: 500 | Q3: 3000
A4: 2 | B4: AMORTİSÖR 3 KLAS 100 LÜK KROM | F4: 1700 | H4: Adet | I4: 0 | J4: 140 | K4: 440 | L4: 180 | M4: 40 | N4: 0 | O4: =+F4+I4-J4-K4-L4-M4-N4 -> 900 | P4: 500 | Q4: 3000
A5: 3 | B5: ZZ.AMORTİSÖR 80 LİK 3 KLASS | F5: 0 | H5: Adet | I5: 0 | J5: 0 | K5: 0 | L5: 0 | M5: 0 | N5: 0 | O5: =+F5+I5-J5-K5-L5-M5-N5 -> 0 | P5: 500 | Q5: 3000
A6: 4 | B6: 260 LIK AMORTİSÖR | F6: 286 | H6: Adet | I6: 0 | J6: 6 | K6: 15 | L6: 5 | M6: 0 | N6: 0 | O6: =+F6+I6-J6-K6-L6-M6-N6 -> 260 | P6: 50 | Q6: 200
A7: 5 | B7: AMORTİSÖR 120 LİK 3 CLASS | F7: 320 | H7: Adet | I7: 500 | J7: 0 | K7: 0 | L7: 0 | M7: 100 | N7: 160 | O7: =+F7+I7-J7-K7-L7-M7-N7 -> 560 | P7: 500 | Q7: 3000
A8: 6 | B8: KONUM KORUYUCU D 26 KISA | F8: 340 | H8: Adet | I8: 1000 | J8: 320 | K8: 0 | L8: 0 | M8: 0 | N8: 0 | O8: =+F8+I8-J8-K8-L8-M8-N8 -> 1020 | P8: 200 | Q8: 1000
A9: 7 | B9: 100 LÜK KROM AMORTİSÖR 4 CLASS | F9: 800 | H9: Adet | I9: 0 | J9: 0 | K9: 0 | L9: 0 | M9: 0 | N9: 0 | O9: =+F9+I9-J9-K9-L9-M9-N9 -> 800 | P9: 300 | Q9: 3000
A10: 8 | B10: 100 LÜK AMORTİSÖR 3 CLASS | F10: 15 | H10: Adet | I10: 1000 | J10: 0 | K10: 0 | L10: 0 | M10: 0 | N10: 140 | O10: =+F10+I10-J10-K10-L10-M10-N10 -> 875 | P10: 1000 | Q10: 5000
A11: 9 | B11: AMORTİSÖRÜ 200 LÜK SİYAH | F11: 72 | H11: Adet | I11: 500 | J11: 0 | K11: 0 | L11: 0 | M11: 0 | N11: 0 | O11: =+F11+I11-J11-K11-L11-M11-N11 -> 572 | P11: 200 | Q11: 2000 | R11: *
A12: 10 | B12: AMORTİSÖR 60 LIK 3 CLASS | F12: 2109 | H12: Adet | I12: 0 | J12: 0 | K12: 0 | L12: 0 | M12: 0 | N12: 0 | O12: =+F12+I12-J12-K12-L12-M12-N12 -> 2109 | P12: 200 | Q12: 1000
A13: 11 | B13: 140 LIK AMORTİSÖR 3 KLASS | F13: 230 | H13: Adet | I13: 359 | J13: 150 | K13: 0 | L13: 75 | M13: 0 | N13: 0 | O13: =+F13+I13-J13-K13-L13-M13-N13 -> 364 | P13: 100 | Q13: 500
A14: 12 | F14: 0 | I14: 0 | J14: 0 | K14: 0 | L14: 0 | M14: 0 | N14: 0 | O14: =+F14+I14-J14-K14-L14-M14-N14 -> 0 | P14: 0 | Q14: 0
A15: 13 | F15: 0 | I15: 0 | J15: 0 | K15: 0 | L15: 0 | M15: 0 | N15: 0 | O15: =+F15+I15-J15-K15-L15-M15-N15 -> 0 | P15: 0 | Q15: 0

Sheet EKİM 2025
B1: EKİM | Q1: 45705
A2: S.NO | B2: STOK ADI | F2: DEVİR MİK | H2: BİRİM | I2: GİRİŞ | J2: 45940 | K2: 45947 | L2: 45954 | M2: 45961 | N2: 0 | O2: KALAN | P2: MİNİMUN | Q2: MAKSİMUN
A3: 1 | B3: AMORTİSÖR 80 LİK KROM | F3: 470 | H3: Adet | I3: 0 | J3: 0 | K3: 0 | L3: 20 | M3: 140 | N3: 0 | O3: =+F3+I3-J3-K3-L3-M3-N3 -> 310 | P3: 500 | Q3: 3000
A4: 2 | B4: AMORTİSÖR 3 KLAS 100 LÜK KROM | F4: 900 | H4: Adet | I4: 20 | J4: 0 | K4: 0 | L4: 0 | M4: 0 | N4: 0 | O4: =+F4+I4-J4-K4-L4-M4-N4 -> 920 | P4: 500 | Q4: 3000
A5: 3 | B5: ZZ.AMORTİSÖR 80 LİK 3 KLASS | F5: 0 | H5: Adet | I5: 0 | J5: 0 | K5: 0 | L5: 0 | M5: 0 | N5: 0 | O5: =+F5+I5-J5-K5-L5-M5-N5 -> 0 | P5: 500 | Q5: 3000
A6: 4 | B6: 260 LIK AMORTİSÖR | F6: 260 | H6: Adet | I6: 0 | J6: 0 | K6: 27 | L6: 0 | M6: 17 | N6: 0 | O6: =+F6+I6-J6-K6-L6-M6-N6 -> 216 | P6: 50 | Q6: 200
A7: 5 | B7: AMORTİSÖR 120 LİK 3 CLASS | F7: 560 | H7: Adet | I7: 0 | J7: 20 | K7: 140 | L7: 0 | M7: 160 | N7: 0 | O7: =+F7+I7-J7-K7-L7-M7-N7 -> 240 | P7: 500 | Q7: 3000
A8: 6 | B8: KONUM KORUYUCU D 26 KISA | F8: 1020 | H8: Adet | I8: 0 | J8: 80 | K8: 0 | L8: 0 | M8: 0 | N8: 0 | O8: =+F8+I8-J8-K8-L8-M8-N8 -> 940 | P8: 200 | Q8: 1000
A9: 7 | B9: 100 LÜK KROM AMORTİSÖR 4 CLASS | F9: 800 | H9: Adet | I9: 0 | J9: 0 | K9: 0 | L9: 0 | M9: 0 | N9: 0 | O9: =+F9+I9-J9-K9-L9-M9-N9 -> 800 | P9: 300 | Q9: 3000
A10: 8 | B10: 100 LÜK AMORTİSÖR 3 CLASS | F10: 875 | H10: Adet | I10: 1000 | J10: 140 | K10: 200 | L10: 0 | M10: 120 | N10: 0 | O10: =+F10+I10-J10-K10-L10-M10-N10 -> 1415 | P10: 1000 | Q10: 5000
A11: 9 | B11: AMORTİSÖRÜ 200 LÜK SİYAH | F11: 572 | H11: Adet | I11: 0 | J11: 70 | K11: 40 | L11: 0 | M11: 0 | N11: 0 | O11: =+F11+I11-J11-K11-L11-M11-N11 -> 462 | P11: 200 | Q11: 2000 | R11: *
A12: 10 | B12: AMORTİSÖR 60 LIK 3 CLASS | F12: 2109 | H12: Adet | I12: 0 | J12: 0 | K12: 0 | L12: 0 | M12: 0 | N12: 0 | O12: =+F12+I12-J12-K12-L12-M12-N12 -> 2109 | P12: 200 | Q12: 1000
A13: 11 | B13: 140 LIK AMORTİSÖR 3 KLASS | F13: 364 | H13: Adet | I13: 0 | J13: 0 | K13: 20 | L13: 100 | M13: 0 | N13: 0 | O13: =+F13+I13-J13-K13-L13-M13-N13 -> 244 | P13: 100 | Q13: 500
A14: 12 | F14: 0 | I14: 0 | J14: 0 | K14: 0 | L14: 0 | M14: 0 | N14: 0 | O14: =+F14+I14-J14-K14-L14-M14-N14 -> 0 | P14: 0 | Q14: 0
A15: 13 | F15: 0 | I15: 0 | J15: 0 | K15: 0 | L15: 0 | M15: 0 | N15: 0 | O15: =+F15+I15-J15-K15-L15-M15-N15 -> 0 | P15: 0 | Q15: 0

Sheet KASIM 2025
B1: KASIM | Q1: 45705
A2: S.NO | B2: STOK ADI | F2: DEVİR MİK | H2: BİRİM | I2: GİRİŞ | J2: 45968 | K2: 45975 | L2: 45982 | M2: 45989 | N2: 0 | O2: KALAN | P2: MİNİMUN | Q2: MAKSİMUN
A3: 1 | B3: AMORTİSÖR 80 LİK KROM | F3: 310 | H3: Adet | I3: 0 | J3: 60 | K3: 0 | L3: 0 | M3: 0 | N3: 0 | O3: =+F3+I3-J3-K3-L3-M3-N3 -> 250 | P3: 500 | Q3: 3000
A4: 2 | B4: AMORTİSÖR 3 KLAS 100 LÜK KROM | F4: 920 | H4: Adet | I4: 0 | J4: 0 | K4: 0 | L4: 0 | M4: 0 | N4: 0 | O4: =+F4+I4-J4-K4-L4-M4-N4 -> 920 | P4: 500 | Q4: 3000
A5: 3 | B5: ZZ.AMORTİSÖR 80 LİK 3 KLASS | F5: 0 | H5: Adet | I5: 1000 | J5: 0 | K5: 220 | L5: 180 | M5: 100 | N5: 0 | O5: =+F5+I5-J5-K5-L5-M5-N5 -> 500 | P5: 500 | Q5: 3000
A6: 4 | B6: 260 LIK AMORTİSÖR | F6: 216 | H6: Adet | I6: 0 | J6: 0 | K6: 0 | L6: 4 | M6: 40 | N6: 0 | O6: =+F6+I6-J6-K6-L6-M6-N6 -> 172 | P6: 50 | Q6: 200
A7: 5 | B7: AMORTİSÖR 120 LİK 3 CLASS | F7: 240 | H7: Adet | I7: 1000 | J7: 40 | K7: 0 | L7: 0 | M7: 0 | N7: 0 | O7: =+F7+I7-J7-K7-L7-M7-N7 -> 1200 | P7: 500 | Q7: 3000
A8: 6 | B8: KONUM KORUYUCU D 26 KISA | F8: 940 | H8: Adet | I8: 0 | J8: 0 | K8: 0 | L8: 0 | M8: 0 | N8: 0 | O8: =+F8+I8-J8-K8-L8-M8-N8 -> 940 | P8: 200 | Q8: 1000
A9: 7 | B9: 100 LÜK KROM AMORTİSÖR 4 CLASS | F9: 800 | H9: Adet | I9: 0 | J9: 0 | K9: 0 | L9: 0 | M9: 0 | N9: 0 | O9: =+F9+I9-J9-K9-L9-M9-N9 -> 800 | P9: 300 | Q9: 3000
A10: 8 | B10: 100 LÜK AMORTİSÖR 3 CLASS | F10: 1415 | H10: Adet | I10: 0 | J10: 400 | K10: 80 | L10: 90 | M10: 360 | N10: 0 | O10: =+F10+I10-J10-K10-L10-M10-N10 -> 485 | P10: 1000 | Q10: 5000
A11: 9 | B11: AMORTİSÖRÜ 200 LÜK SİYAH | F11: 462 | H11: Adet | I11: 0 | J11: 0 | K11: 30 | L11: 20 | M11: 0 | N11: 0 | O11: =+F11+I11-J11-K11-L11-M11-N11 -> 412 | P11: 200 | Q11: 2000 | R11: *
A12: 10 | B12: AMORTİSÖR 60 LIK 3 CLASS | F12: 2109 | H12: Adet | I12: 0 | J12: 0 | K12: 0 | L12: 0 | M12: 0 | N12: 0 | O12: =+F12+I12-J12-K12-L12-M12-N12 -> 2109 | P12: 200 | Q12: 1000
A13: 11 | B13: 140 LIK AMORTİSÖR 3 KLASS | F13: 244 | H13: Adet | I13: 0 | J13: 0 | K13: 80 | L13: 0 | M13: 0 | N13: 0 | O13: =+F13+I13-J13-K13-L13-M13-N13 -> 164 | P13: 100 | Q13: 500
A14: 12 | F14: 0 | I14: 0 | J14: 0 | K14: 0 | L14: 0 | M14: 0 | N14: 0 | O14: =+F14+I14-J14-K14-L14-M14-N14 -> 0 | P14: 0 | Q14: 0
A15: 13 | F15: 0 | I15: 0 | J15: 0 | K15: 0 | L15: 0 | M15: 0 | N15: 0 | O15: =+F15+I15-J15-K15-L15-M15-N15 -> 0 | P15: 0 | Q15: 0

Sheet ARALIK 2025
B1: ARALIK | Q1: 45705
A2: S.NO | B2: STOK ADI | F2: DEVİR MİK | H2: BİRİM | I2: GİRİŞ | J2: 45996 | K2: 46003 | L2: 46010 | M2: 46017 | N2: 46022 | O2: KALAN | P2: MİNİMUN | Q2: MAKSİMUN
A3: 1 | B3: AMORTİSÖR 80 LİK KROM | F3: 250 | H3: Adet | I3: 0 | J3: 0 | K3: 0 | L3: 0 | M3: 0 | N3: 0 | O3: =+F3+I3-J3-K3-L3-M3-N3 -> 250 | P3: 500 | Q3: 3000
A4: 2 | B4: AMORTİSÖR 3 KLAS 100 LÜK KROM | F4: 920 | H4: Adet | I4: 0 | J4: 0 | K4: 0 | L4: 0 | M4: 0 | N4: 0 | O4: =+F4+I4-J4-K4-L4-M4-N4 -> 920 | P4: 500 | Q4: 3000
A5: 3 | B5: ZZ.AMORTİSÖR 80 LİK 3 KLASS | F5: 500 | H5: Adet | I5: 1000 | J5: 0 | K5: 60 | L5: 100 | M5: 160 | N5: 0 | O5: =+F5+I5-J5-K5-L5-M5-N5 -> 1180 | P5: 500 | Q5: 3000
A6: 4 | B6: 260 LIK AMORTİSÖR | F6: 172 | H6: Adet | I6: 0 | J6: 25 | K6: 0 | L6: 35 | M6: 0 | N6: 0 | O6: =+F6+I6-J6-K6-L6-M6-N6 -> 112 | P6: 50 | Q6: 200
A7: 5 | B7: AMORTİSÖR 120 LİK 3 CLASS | F7: 1200 | H7: Adet | I7: 0 | J7: 20 | K7: 0 | L7: 0 | M7: 80 | N7: 0 | O7: =+F7+I7-J7-K7-L7-M7-N7 -> 1100 | P7: 500 | Q7: 3000
A8: 6 | B8: KONUM KORUYUCU D 26 KISA | F8: 940 | H8: Adet | I8: 0 | J8: 20 | K8: 0 | L8: 0 | M8: 40 | N8: 20 | O8: =+F8+I8-J8-K8-L8-M8-N8 -> 860 | P8: 200 | Q8: 1000
A9: 7 | B9: 100 LÜK KROM AMORTİSÖR 4 CLASS | F9: 800 | H9: Adet | I9: 0 | J9: 0 | K9: 0 | L9: 0 | M9: 0 | N9: 0 | O9: =+F9+I9-J9-K9-L9-M9-N9 -> 800 | P9: 300 | Q9: 3000
A10: 8 | B10: 100 LÜK AMORTİSÖR 3 CLASS | F10: 485 | H10: Adet | I10: 1000 | J10: 95 | K10: 20 | L10: 20 | M10: 45 | N10: 10 | O10: =+F10+I10-J10-K10-L10-M10-N10 -> 1295 | P10: 1000 | Q10: 5000
A11: 9 | B11: AMORTİSÖRÜ 200 LÜK SİYAH | F11: 412 | H11: Adet | I11: 0 | J11: 25 | K11: 20 | L11: 10 | M11: 12 | N11: 4 | O11: =+F11+I11-J11-K11-L11-M11-N11 -> 341 | P11: 200 | Q11: 2000 | R11: *
A12: 10 | B12: AMORTİSÖR 60 LIK 3 CLASS | F12: 2109 | H12: Adet | I12: 0 | J12: 2 | K12: 0 | L12: 0 | M12: 0 | N12: 0 | O12: =+F12+I12-J12-K12-L12-M12-N12 -> 2107 | P12: 200 | Q12: 1000
A13: 11 | B13: 140 LIK AMORTİSÖR 3 KLASS | F13: 164 | H13: Adet | I13: 0 | J13: 0 | K13: 0 | L13: 5 | M13: 10 | N13: 0 | O13: =+F13+I13-J13-K13-L13-M13-N13 -> 149 | P13: 100 | Q13: 500
A14: 12 | F14: 0 | I14: 0 | J14: 0 | K14: 0 | L14: 0 | M14: 0 | N14: 0 | O14: =+F14+I14-J14-K14-L14-M14-N14 -> 0 | P14: 0 | Q14: 0
A15: 13 | F15: 0 | I15: 0 | J15: 0 | K15: 0 | L15: 0 | M15: 0 | N15: 0 | O15: =+F15+I15-J15-K15-L15-M15-N15 -> 0 | P15: 0 | Q15: 0

Sheet OCAK 2026
B1: OCAK | Q1: 45705
A2: S.NO | B2: STOK ADI | F2: DEVİR MİK | H2: BİRİM | I2: GİRİŞ | J2: 46031 | K2: 46038 | L2: 46045 | M2: 46052 | N2: 0 | O2: KALAN | P2: MİNİMUN | Q2: MAKSİMUN
A3: 1 | B3: AMORTİSÖR 80 LİK KROM | F3: 250 | H3: Adet | I3: 560 | J3: 0 | K3: 35 | L3: 0 | M3: 124 | N3: 0 | O3: =+F3+I3-J3-K3-L3-M3-N3 -> 651 | P3: 500 | Q3: 3000
A4: 2 | B4: AMORTİSÖR 3 KLAS 100 LÜK KROM | F4: 920 | H4: Adet | I4: 0 | J4: 0 | K4: 0 | L4: 0 | M4: 20 | N4: 0 | O4: =+F4+I4-J4-K4-L4-M4-N4 -> 900 | P4: 500 | Q4: 3000
A5: 3 | B5: ZZ.AMORTİSÖR 80 LİK 3 KLASS | F5: 1180 | H5: Adet | I5: 0 | J5: 40 | K5: 40 | L5: 40 | M5: 40 | N5: 0 | O5: =+F5+I5-J5-K5-L5-M5-N5 -> 1020 | P5: 500 | Q5: 3000
A6: 4 | B6: 260 LIK AMORTİSÖR | F6: 172 | H6: Adet | I6: 0 | J6: 4 | K6: 0 | L6: 2 | M6: 0 | N6: 0 | O6: =+F6+I6-J6-K6-L6-M6-N6 -> 166 | P6: 50 | Q6: 200
A7: 5 | B7: AMORTİSÖR 120 LİK 3 CLASS | F7: 1100 | H7: Adet | I7: 0 | J7: 20 | K7: 0 | L7: 100 | M7: 0 | N7: 0 | O7: =+F7+I7-J7-K7-L7-M7-N7 -> 980 | P7: 500 | Q7: 3000
A8: 6 | B8: KONUM KORUYUCU D 26 KISA | F8: 860 | H8: Adet | I8: 0 | J8: 20 | K8: 20 | L8: 35 | M8: 40 | N8: 0 | O8: =+F8+I8-J8-K8-L8-M8-N8 -> 745 | P8: 200 | Q8: 1000
A9: 7 | B9: 100 LÜK KROM AMORTİSÖR 4 CLASS | F9: 800 | H9: Adet | I9: 0 | J9: 40 | K9: 0 | L9: 0 | M9: 0 | N9: 0 | O9: =+F9+I9-J9-K9-L9-M9-N9 -> 760 | P9: 300 | Q9: 3000
A10: 8 | B10: 100 LÜK AMORTİSÖR 3 CLASS | F10: 950 | H10: Adet | I10: 1000 | J10: 140 | K10: 120 | L10: 585 | M10: 95 | N10: 0 | O10: =+F10+I10-J10-K10-L10-M10-N10 -> 1010 | P10: 1000 | Q10: 5000
A11: 9 | B11: AMORTİSÖRÜ 200 LÜK SİYAH | F11: 341 | H11: Adet | I11: 0 | J11: 30 | K11: 1 | L11: 0 | M11: 1 | N11: 0 | O11: =+F11+I11-J11-K11-L11-M11-N11 -> 309 | P11: 200 | Q11: 2000 | R11: *
A12: 10 | B12: AMORTİSÖR 60 LIK 3 CLASS | F12: 2107 | H12: Adet | I12: 0 | J12: 0 | K12: 0 | L12: 0 | M12: 0 | N12: 0 | O12: =+F12+I12-J12-K12-L12-M12-N12 -> 2107 | P12: 200 | Q12: 1000
A13: 11 | B13: 140 LIK AMORTİSÖR 3 KLASS | F13: 149 | H13: Adet | I13: 0 | J13: 8 | K13: 7 | L13: 0 | M13: 0 | N13: 0 | O13: =+F13+I13-J13-K13-L13-M13-N13 -> 134 | P13: 100 | Q13: 500
A14: 12 | F14: 0 | I14: 0 | J14: 0 | K14: 0 | L14: 0 | M14: 0 | N14: 0 | O14: =+F14+I14-J14-K14-L14-M14-N14 -> 0 | P14: 0 | Q14: 0
A15: 13 | F15: 0 | I15: 0 | J15: 0 | K15: 0 | L15: 0 | M15: 0 | N15: 0 | O15: =+F15+I15-J15-K15-L15-M15-N15 -> 0 | P15: 0 | Q15: 0

Sheet ŞUBAT 2026
B1: ŞUBAT | Q1: 45705
A2: S.NO | B2: STOK ADI | F2: DEVİR MİK | H2: BİRİM | I2: GİRİŞ | J2: 46059 | K2: 46066 | L2: 46073 | M2: 46080 | N2: 0 | O2: KALAN | P2: MİNİMUN | Q2: MAKSİMUN
A3: 1 | B3: AMORTİSÖR 80 LİK KROM | F3: 651 | H3: Adet | I3: 0 | J3: 340 | K3: 0 | L3: 0 | M3: 0 | N3: 0 | O3: =+F3+I3-J3-K3-L3-M3-N3 -> 311 | P3: 100 | Q3: 1500
A4: 2 | B4: AMORTİSÖR 3 KLAS 100 LÜK KROM | F4: 900 | H4: Adet | I4: 0 | J4: 0 | K4: 0 | L4: 0 | M4: 0 | N4: 0 | O4: =+F4+I4-J4-K4-L4-M4-N4 -> 900 | P4: 500 | Q4: 3000
A5: 3 | B5: ZZ.AMORTİSÖR 80 LİK 3 KLASS | F5: 1020 | H5: Adet | I5: 0 | J5: 100 | K5: 160 | L5: 20 | M5: 0 | N5: 0 | O5: =+F5+I5-J5-K5-L5-M5-N5 -> 740 | P5: 500 | Q5: 3000
A6: 4 | B6: 260 LIK AMORTİSÖR | F6: 166 | H6: Adet | I6: 0 | J6: 0 | K6: 3 | L6: 0 | M6: 0 | N6: 0 | O6: =+F6+I6-J6-K6-L6-M6-N6 -> 163 | P6: 50 | Q6: 200
A7: 5 | B7: AMORTİSÖR 120 LİK 3 CLASS | F7: 980 | H7: Adet | I7: 0 | J7: 0 | K7: 0 | L7: 120 | M7: 0 | N7: 0 | O7: =+F7+I7-J7-K7-L7-M7-N7 -> 860 | P7: 500 | Q7: 3000
A8: 6 | B8: KONUM KORUYUCU D 26 KISA | F8: 745 | H8: Adet | I8: 0 | J8: 45 | K8: 40 | L8: 0 | M8: 0 | N8: 0 | O8: =+F8+I8-J8-K8-L8-M8-N8 -> 660 | P8: 200 | Q8: 1000
A9: 7 | B9: 100 LÜK KROM AMORTİSÖR 4 CLASS | F9: 760 | H9: Adet | I9: 0 | J9: 0 | K9: 0 | L9: 0 | M9: 0 | N9: 0 | O9: =+F9+I9-J9-K9-L9-M9-N9 -> 760 | P9: 300 | Q9: 3000
A10: 8 | B10: 100 LÜK AMORTİSÖR 3 CLASS | F10: 1010 | H10: Adet | I10: 0 | J10: 260 | K10: 100 | L10: 0 | M10: 0 | N10: 0 | O10: =+F10+I10-J10-K10-L10-M10-N10 -> 650 | P10: 1000 | Q10: 5000
A11: 9 | B11: AMORTİSÖRÜ 200 LÜK SİYAH | F11: 309 | H11: Adet | I11: 0 | J11: 4 | K11: 6 | L11: 130 | M11: 0 | N11: 0 | O11: =+F11+I11-J11-K11-L11-M11-N11 -> 169 | P11: 200 | Q11: 2000 | R11: *
A12: 10 | B12: AMORTİSÖR 60 LIK 3 CLASS | F12: 2107 | H12: Adet | I12: 0 | J12: 0 | K12: 0 | L12: 0 | M12: 0 | N12: 0 | O12: =+F12+I12-J12-K12-L12-M12-N12 -> 2107 | P12: 200 | Q12: 1000
A13: 11 | B13: 140 LIK AMORTİSÖR 3 KLASS | F13: 134 | H13: Adet | I13: 0 | J13: 46 | K13: 2 | L13: 0 | M13: 0 | N13: 0 | O13: =+F13+I13-J13-K13-L13-M13-N13 -> 86 | P13: 100 | Q13: 500
A14: 12 | F14: 0 | I14: 0 | J14: 0 | K14: 0 | L14: 0 | M14: 0 | N14: 0 | O14: =+F14+I14-J14-K14-L14-M14-N14 -> 0 | P14: 0 | Q14: 0
A15: 13 | F15: 0 | I15: 0 | J15: 0 | K15: 0 | L15: 0 | M15: 0 | N15: 0 | O15: =+F15+I15-J15-K15-L15-M15-N15 -> 0 | P15: 0 | Q15: 0
