Workbook
Name PENTA: 'AĞUSTOS 2023'!$K$5
Name PENTA: 'AĞUSTOS 2024'!$K$5
Name PENTA: 'AĞUSTOS 2025'!$K$5
Name PENTA: 'ARALIK 1 HAFTA'!$K$5
Name PENTA: 'ARALIK 2 HAFTA '!$K$5
Name PENTA: 'ARALIK 2025'!$K$5
Name PENTA: 'ARALIK 3 HAFTA '!$K$5
Name PENTA: 'ARALIK 4 HAFTA '!$K$5
Name PENTA: ARALIK2023!$K$5
Name PENTA: 'ekim 1 hafta'!$K$5
Name PENTA: 'ekim 2 hafta '!$K$5
Name PENTA: 'EKİM 2023'!$K$5
Name PENTA: 'EKİM 2024'!$K$5
Name PENTA: 'EKİM 2025'!$K$5
Name PENTA: 'ekim 3 hafta'!$K$5
Name PENTA: 'ekim 4 hafta '!$K$5
Name PENTA: 'EYLÜL 2023'!$K$5
Name PENTA: 'EYLÜL 2024'!$K$5
Name PENTA: 'EYLÜL 2025'!$K$5
Name PENTA: 'HAZİRAN 2024'!$K$5
Name PENTA: 'HAZİRAN 2025'!$K$5
Name PENTA: 'HAZ-TEM.2023'!$K$5
Name PENTA: 'KASIM 1 HAFTA'!$K$5
Name PENTA: 'KASIM 2 HAFTA '!$K$5
Name PENTA: 'KASIM 2023'!$K$5
Name PENTA: 'KASIM 2024'!$K$5
Name PENTA: 'KASIM 2025'!$K$5
Name PENTA: 'KASIM 3 HAFTA '!$K$5
Name PENTA: 'KASIM 4 HAFTA '!$K$5
Name PENTA: 'KASIM 5 HAFTA '!$K$5
Name PENTA: 'MART 2024'!$K$5
Name PENTA: 'MART 2025'!$K$5
Name PENTA: 'MART-NİSAN'!$K$5
Name PENTA: 'MAYIS 2024'!$K$5
Name PENTA: 'MAYIS 2025'!$K$5
Name PENTA: 'NİSAN 2024'!$K$5
Name PENTA: 'NİSAN 2025'!$K$5
Name PENTA: 'OCAK 1 HAFTA'!$K$5
Name PENTA: 'OCAK 2 HAFTA '!$K$5
Name PENTA: 'OCAK 2024'!$K$5
Name PENTA: 'OCAK 2025'!$K$5
Name PENTA: 'OCAK 2026'!$K$5
Name PENTA: 'OCAK 3 HAFTA '!$K$5
Name PENTA: 'OCAK 4 HAFTA '!$K$5
Name PENTA: 'OCAK 5..ŞUBAT 1 HAFTA '!$K$5
Name PENTA: 'ŞUBAT 2024'!$K$5
Name PENTA: 'ŞUBAT 2025'!$K$5
Name PENTA: 'ŞUBAT 2026'!$K$5
Name PENTA: 'TEMMUZ 2023'!$K$5
Name PENTA: 'TEMMUZ 2024'!$K$5
Name PENTA: 'TEMMUZ 2025'!$K$5
Name PENTA: 'eylül 4 hafta'!$K$5

Sheet eylül 4 hafta
P1: =+H1+J1-K1-L1-M1-N1-O1 -> 0
O2: 13.09.2022 10:30:27
A3: S.NO | D3: ÜRÜN ADI | H3: ADET | I3: BİRİM | J3: GİRİŞ | K3: 44830 | L3: 44831 | M3: 44832 | N3: 44833 | O3: 44834 | P3: KALAN
A4: 1 | D4: ZZ.KORUMA FİLESİ | H4: 351 | I4: Kg | J4: 0 | K4: 0 | L4: 17 | M4: 0 | N4: 0 | O4: 0 | P4: =+H4+J4-K4-L4-M4-N4-O4 -> 334 | Q4: 17 KĞ
A5: 2 | D5: ZZ.RADO (NİTRO) AYAKLI KOL | H5: 30 | I5: Adet | J5: 0 | K5: 0 | L5: 0 | M5: 0 | N5: 0 | O5: 0 | P5: =+H5+J5-K5-L5-M5-N5-O5 -> 30
A6: 3 | D6: ZZ.ORBİT (BİLGİN) KOL | H6: 40 | I6: Adet | J6: 0 | K6: 0 | L6: 0 | M6: 0 | N6: 0 | O6: 0 | P6: =+H6+J6-K6-L6-M6-N6-O6 -> 40
A7: 4 | D7: ZZ.MAKER YAY KOL | H7: 58 | I7: Adet | J7: 0 | K7: 0 | L7: 0 | M7: 0 | N7: 0 | O7: 0 | P7: =+H7+J7-K7-L7-M7-N7-O7 -> 58
A8: 5 | D8: ZZ.JAZZ T KOL | H8: 280 | I8: Adet | J8: 0 | K8: 8 | L8: 40 | M8: 0 | N8: 0 | O8: 0 | P8: =+H8+J8-K8-L8-M8-N8-O8 -> 232
A9: 6 | D9: ZZ.STELLA ÜÇGEN PLASTİK KROM KOL | H9: 138 | I9: Adet | J9: 0 | K9: 0 | L9: 0 | M9: 0 | N9: 0 | O9: 0 | P9: =+H9+J9-K9-L9-M9-N9-O9 -> 138
A10: 7 | D10: ZZ.PENTA KOL | H10: 2408 | I10: Adet | J10: 0 | K10: 0 | L10: 0 | M10: 0 | N10: 0 | O10: 0 | P10: =+H10+J10-K10-L10-M10-N10-O10 -> 2408
A11: 8 | D11: ZZ.WENGE KOL PLASTİK | H11: 496 | I11: Adet | J11: 0 | K11: 0 | L11: 0 | M11: 0 | N11: 0 | O11: 0 | P11: =+H11+J11-K11-L11-M11-N11-O11 -> 496
A12: 9 | D12: ZZ.PRESTİJ (KİNG EKO PLASTİK ) KOL | H12: 60 | I12: Adet | J12: 0 | K12: 0 | L12: 0 | M12: 0 | N12: 0 | O12: 0 | P12: =+H12+J12-K12-L12-M12-N12-O12 -> 60
A13: 10 | D13: ZZ.WARLOCK (ELEGANCE) KOL | H13: 42 | I13: Adet | J13: 0 | K13: 0 | L13: 0 | M13: 0 | N13: 0 | O13: 0 | P13: =+H13+J13-K13-L13-M13-N13-O13 -> 42
A14: 11 | D14: CYBORG KOL | H14: 24 | I14: Adet | J14: 0 | K14: 0 | L14: 0 | M14: 0 | N14: 0 | O14: 0 | P14: =+H14+J14-K14-L14-M14-N14-O14 -> 24
A15: 12 | D15: ZZ. MARKOL(SAKURE) (AHŞAP AÇIK KOL) | H15: 26 | I15: Adet | J15: 0 | K15: 0 | L15: 0 | M15: 0 | N15: 0 | O15: 0 | P15: =+H15+J15-K15-L15-M15-N15-O15 -> 26
A16: 13 | D16: ZZ.SEAT ALÜMİNYUM KOL | H16: 90 | I16: Adet | J16: 0 | K16: 0 | L16: 0 | M16: 0 | N16: 0 | O16: 0 | P16: =+H16+J16-K16-L16-M16-N16-O16 -> 90
... A53: 50 | D53: ZZ.JAZZ OTURAK DIŞ PLASTİĞİ | H53: 60 | I53: Adet | J53: 0 | K53: 0 | L53: 0 | M53: 0 | N53: 0 | O53: 0 | P53: =+H53+J53-K53-L53-M53-N53-O53 -> 60
A54: 51 | D54: ZZ.YAPIŞTIRICI (UNITEK 63) | H54: 256 | I54: Kg | J54: 0 | K54: 48 | L54: 32 | M54: 17 | N54: 17 | O54: 0 | P54: =+H54+J54-K54-L54-M54-N54-O54 -> 142 | Q54: 16 KĞ
A55: 52 | D55: ZZ.32Q İÇ TAKOZ | H55: 10000 | I55: Adet | J55: 0 | K55: 0 | L55: 0 | M55: 0 | N55: 0 | O55: 0 | P55: =+H55+J55-K55-L55-M55-N55-O55 -> 10000
A56: 53 | D56: ZZ.40x40 İÇ TAKOZ | H56: 2000 | I56: Adet | J56: 0 | K56: 0 | L56: 0 | M56: 0 | N56: 0 | O56: 0 | P56: =+H56+J56-K56-L56-M56-N56-O56 -> 2000
A57: 54 | D57: ZZ.32Q IZGARA TAKOZ | H57: 2800 | I57: Adet | J57: 0 | K57: 0 | L57: 0 | M57: 0 | N57: 0 | O57: 0 | P57: =+H57+J57-K57-L57-M57-N57-O57 -> 2800
A58: 55 | D58: ZZ.20x40 İÇ TAKOZ | H58: 3000 | I58: Adet | J58: 0 | K58: 0 | L58: 0 | M58: 0 | N58: 0 | O58: 0 | P58: =+H58+J58-K58-L58-M58-N58-O58 -> 3000
A59: 56 | D59: ZZ.25Q İÇ TAKOZ | H59: 5000 | I59: Adet | J59: 0 | K59: 0 | L59: 0 | M59: 0 | N59: 0 | O59: 0 | P59: =+H59+J59-K59-L59-M59-N59-O59 -> 5000
A60: 57 | D60: ZZ.25x50 ELİPS İÇ TAKOZ | H60: 3000 | I60: Adet | J60: 0 | K60: 0 | L60: 0 | M60: 0 | N60: 0 | O60: 0 | P60: =+H60+J60-K60-L60-M60-N60-O60 -> 3000
A61: 58 | D61: ZZ.25x25 İÇ TAKOZ | H61: 5000 | I61: Adet | J61: 0 | K61: 0 | L61: 0 | M61: 0 | N61: 0 | O61: 0 | P61: =+H61+J61-K61-L61-M61-N61-O61 -> 5000
A62: 59 | D62: OYUNCU KOLTUĞU MEKANİZMA TKM | H62: 494 | I62: Adet | J62: 0 | K62: 0 | L62: 0 | M62: 0 | N62: 0 | O62: 0 | P62: =+H62+J62-K62-L62-M62-N62-O62 -> 494
A63: 60 | D63: OFİS (DIAMOND) PLSTK AYAK | H63: 100 | I63: Adet | J63: 0 | K63: 0 | L63: 0 | M63: 0 | N63: 0 | O63: 0 | P63: =+H63+J63-K63-L63-M63-N63-O63 -> 100
A64: 61 | D64: ZZ.Plastik L Ayak 180X180 | H64: 297 | I64: Adet | J64: 0 | K64: 0 | L64: 0 | M64: 0 | N64: 0 | O64: 0 | P64: =+H64+J64-K64-L64-M64-N64-O64 -> 297
A65: 62 | D65: ZZ.PLASTİK ÜÇGEN AYAK 10 CM (TIESTO) | H65: 315 | I65: Adet | J65: 0 | K65: 0 | L65: 0 | M65: 0 | N65: 0 | O65: 0 | P65: =+H65+J65-K65-L65-M65-N65-O65 -> 315
A66: 63 | D66: ZZ.STINGER PLASTİK AYAK -5.5 Ebru M8*35 | H66: 350 | I66: Adet | J66: 0 | K66: 0 | L66: 0 | M66: 0 | N66: 0 | O66: 0 | P66: =+H66+J66-K66-L66-M66-N66-O66 -> 350
... A78: 75 | D78: EXPERİ KOL | H78: 2 | I78: Adet | J78: 0 | K78: 0 | L78: 0 | M78: 0 | N78: 0 | O78: 0 | P78: =+H78+J78-K78-L78-M78-N78-O78 -> 2
D79: BONCUK ELYAF | I79: KĞ | J79: 100 | N79: 30 | P79: =+H79+J79-K79-L79-M79-N79-O79 -> 70 | Q79: 10 KĞ
P80: =+H80+J80-K80-L80-M80-N80-O80 -> 0
P81: =+H81+J81-K81-L81-M81-N81-O81 -> 0
P82: =+H82+J82-K82-L82-M82-N82-O82 -> 0
P83: =+H83+J83-K83-L83-M83-N83-O83 -> 0

Sheet ekim 1 hafta
P1: =+H1+J1-K1-L1-M1-N1-O1 -> 0
O2: 44837
A3: S.NO | D3: ÜRÜN ADI | H3: ADET | I3: BİRİM | J3: GİRİŞ | K3: 44837 | L3: 44838 | M3: 44839 | N3: 44840 | O3: 44841 | P3: KALAN
A4: 1 | D4: ZZ.KORUMA FİLESİ | H4: 334 | I4: Kg | J4: 0 | K4: 0 | L4: 17 | M4: 0 | N4: 0 | O4: 0 | P4: =+H4+J4-K4-L4-M4-N4-O4 -> 317 | Q4: 17 KĞ
A5: 2 | D5: ZZ.RADO (NİTRO) AYAKLI KOL | H5: 30 | I5: Adet | J5: 0 | K5: 0 | L5: 0 | M5: 0 | N5: 0 | O5: 0 | P5: =+H5+J5-K5-L5-M5-N5-O5 -> 30
A6: 3 | D6: ZZ.ORBİT (BİLGİN) KOL | H6: 40 | I6: Adet | J6: 0 | K6: 0 | L6: 0 | M6: 0 | N6: 0 | O6: 0 | P6: =+H6+J6-K6-L6-M6-N6-O6 -> 40
A7: 4 | D7: ZZ.MAKER YAY KOL | H7: 58 | I7: Adet | J7: 0 | K7: 0 | L7: 0 | M7: 0 | N7: 0 | O7: 0 | P7: =+H7+J7-K7-L7-M7-N7-O7 -> 58
A8: 5 | D8: ZZ.JAZZ T KOL | H8: 232 | I8: Adet | J8: 0 | K8: 0 | L8: 0 | M8: 0 | N8: 0 | O8: 0 | P8: =+H8+J8-K8-L8-M8-N8-O8 -> 232
A9: 6 | D9: ZZ.STELLA ÜÇGEN PLASTİK KROM KOL | H9: 138 | I9: Adet | J9: 0 | K9: 0 | L9: 0 | M9: 0 | N9: 0 | O9: 138 | P9: =+H9+J9-K9-L9-M9-N9-O9 -> 0
A10: 7 | D10: ZZ.PENTA KOL | H10: 2408 | I10: Adet | J10: 0 | K10: 0 | L10: 40 | M10: 20 | N10: 0 | O10: 0 | P10: =+H10+J10-K10-L10-M10-N10-O10 -> 2348
A11: 8 | D11: ZZ.WENGE KOL PLASTİK | H11: 496 | I11: Adet | J11: 0 | K11: 0 | L11: 0 | M11: 0 | N11: 0 | O11: 0 | P11: =+H11+J11-K11-L11-M11-N11-O11 -> 496
A12: 9 | D12: ZZ.PRESTİJ (KİNG EKO PLASTİK ) KOL | H12: 60 | I12: Adet | J12: 0 | K12: 0 | L12: 0 | M12: 0 | N12: 0 | O12: 0 | P12: =+H12+J12-K12-L12-M12-N12-O12 -> 60
A13: 10 | D13: ZZ.WARLOCK (ELEGANCE) KOL | H13: 42 | I13: Adet | J13: 0 | K13: 0 | L13: 0 | M13: 0 | N13: 0 | O13: 0 | P13: =+H13+J13-K13-L13-M13-N13-O13 -> 42
A14: 11 | D14: CYBORG KOL | H14: 24 | I14: Adet | J14: 0 | K14: 0 | L14: 0 | M14: 0 | N14: 0 | O14: 0 | P14: =+H14+J14-K14-L14-M14-N14-O14 -> 24
A15: 12 | D15: ZZ. MARKOL(SAKURE) (AHŞAP AÇIK KOL) | H15: 26 | I15: Adet | J15: 0 | K15: 0 | L15: 0 | M15: 0 | N15: 0 | O15: 0 | P15: =+H15+J15-K15-L15-M15-N15-O15 -> 26
A16: 13 | D16: ZZ.SEAT ALÜMİNYUM KOL | H16: 90 | I16: Adet | J16: 0 | K16: 0 | L16: 0 | M16: 0 | N16: 0 | O16: 0 | P16: =+H16+J16-K16-L16-M16-N16-O16 -> 90
... A48: 45 | D48: ZZ.BOGA PLASTİK BAŞLIK | H48: 28 | I48: Adet | J48: 0 | K48: 0 | L48: 0 | M48: 16 | N48: 0 | O48: 0 | P48: =+H48+J48-K48-L48-M48-N48-O48 -> 12
A49: 46 | D49: ZZ.60 GR VATKA ELYAF (1 TORBA = 5 KG ) | H49: 310 | I49: Kg | J49: 0 | K49: 0 | L49: 0 | M49: 0 | N49: 0 | O49: 20 | P49: =+H49+J49-K49-L49-M49-N49-O49 -> 290 | Q49: 5 kğ
A50: 47 | D50: ZZ.KROM HONİK AYAK | H50: 209 | I50: Adet | J50: 0 | K50: 0 | L50: 0 | M50: 20 | N50: 0 | O50: 2 | P50: =+H50+J50-K50-L50-M50-N50-O50 -> 187
A51: 48 | D51: ZZ.JAZZ SIRT PLASTİĞİ | H51: 124 | I51: Adet | J51: 0 | K51: 0 | L51: 0 | M51: 0 | N51: 0 | O51: 0 | P51: =+H51+J51-K51-L51-M51-N51-O51 -> 124
A52: 49 | D52: ZZ.JAZZ OTURAK İÇ PLASTİĞİ | H52: 60 | I52: Adet | J52: 0 | K52: 0 | L52: 0 | M52: 0 | N52: 0 | O52: 0 | P52: =+H52+J52-K52-L52-M52-N52-O52 -> 60
A53: 50 | D53: ZZ.JAZZ OTURAK DIŞ PLASTİĞİ | H53: 60 | I53: Adet | J53: 0 | K53: 0 | L53: 0 | M53: 0 | N53: 0 | O53: 0 | P53: =+H53+J53-K53-L53-M53-N53-O53 -> 60
A54: 51 | D54: ZZ.YAPIŞTIRICI (UNITEK 63) | H54: 85 | I54: Kg | J54: 1050 | K54: 34 | L54: 34 | M54: 0 | N54: 32 | O54: 60 | P54: =+H54+J54-K54-L54-M54-N54-O54 -> 975 | Q54: 15 kğ
A55: 52 | D55: ZZ.32Q İÇ TAKOZ | H55: 10000 | I55: Adet | J55: 0 | K55: 0 | L55: 0 | M55: 0 | N55: 0 | O55: 0 | P55: =+H55+J55-K55-L55-M55-N55-O55 -> 10000
A56: 53 | D56: ZZ.40x40 İÇ TAKOZ | H56: 2000 | I56: Adet | J56: 0 | K56: 0 | L56: 0 | M56: 0 | N56: 0 | O56: 0 | P56: =+H56+J56-K56-L56-M56-N56-O56 -> 2000
A57: 54 | D57: ZZ.32Q IZGARA TAKOZ | H57: 2800 | I57: Adet | J57: 0 | K57: 0 | L57: 0 | M57: 0 | N57: 0 | O57: 0 | P57: =+H57+J57-K57-L57-M57-N57-O57 -> 2800
A58: 55 | D58: ZZ.20x40 İÇ TAKOZ | H58: 3000 | I58: Adet | J58: 0 | K58: 0 | L58: 0 | M58: 0 | N58: 0 | O58: 0 | P58: =+H58+J58-K58-L58-M58-N58-O58 -> 3000
A59: 56 | D59: ZZ.25Q İÇ TAKOZ | H59: 5000 | I59: Adet | J59: 0 | K59: 0 | L59: 0 | M59: 0 | N59: 0 | O59: 0 | P59: =+H59+J59-K59-L59-M59-N59-O59 -> 5000
A60: 57 | D60: ZZ.25x50 ELİPS İÇ TAKOZ | H60: 3000 | I60: Adet | J60: 0 | K60: 0 | L60: 0 | M60: 0 | N60: 0 | O60: 0 | P60: =+H60+J60-K60-L60-M60-N60-O60 -> 3000
A61: 58 | D61: ZZ.25x25 İÇ TAKOZ | H61: 5000 | I61: Adet | J61: 0 | K61: 0 | L61: 0 | M61: 0 | N61: 0 | O61: 0 | P61: =+H61+J61-K61-L61-M61-N61-O61 -> 5000
A62: 59 | D62: OYUNCU KOLTUĞU MEKANİZMA TKM | H62: 494 | I62: Adet | J62: 0 | K62: 0 | L62: 0 | M62: 0 | N62: 0 | O62: 0 | P62: =+H62+J62-K62-L62-M62-N62-O62 -> 494
A63: 60 | D63: OFİS (DIAMOND) PLSTK AYAK | H63: 100 | I63: Adet | J63: 0 | K63: 0 | L63: 0 | M63: 0 | N63: 0 | O63: 0 | P63: =+H63+J63-K63-L63-M63-N63-O63 -> 100
A64: 61 | D64: ZZ.Plastik L Ayak 180X180 | H64: 297 | I64: Adet | J64: 0 | K64: 0 | L64: 0 | M64: 0 | N64: 0 | O64: 0 | P64: =+H64+J64-K64-L64-M64-N64-O64 -> 297
A65: 62 | D65: ZZ.PLASTİK ÜÇGEN AYAK 10 CM (TIESTO) | H65: 315 | I65: Adet | J65: 0 | K65: 0 | L65: 0 | M65: 0 | N65: 0 | O65: 0 | P65: =+H65+J65-K65-L65-M65-N65-O65 -> 315
A66: 63 | D66: ZZ.STINGER PLASTİK AYAK -5.5 Ebru M8*35 | H66: 350 | I66: Adet | J66: 0 | K66: 0 | L66: 0 | M66: 0 | N66: 0 | O66: 0 | P66: =+H66+J66-K66-L66-M66-N66-O66 -> 350
... A72: 69 | D72: ZZ.VEGA (FORM) KOL TABLASI | H72: 0 | I72: Adet | J72: 0 | K72: 0 | L72: 0 | M72: 0 | N72: 0 | O72: 0 | P72: =+H72+J72-K72-L72-M72-N72-O72 -> 0
A73: 70 | D73: TELA BEZ 20 GR | H73: 160 | I73: KĞ | J73: 0 | K73: 32 | L73: 0 | M73: 0 | N73: 0 | O73: 0 | P73: =+H73+J73-K73-L73-M73-N73-O73 -> 128 | Q73: 32 kğ
A74: 71 | D74: SİEANNA,KARİNA PLASTİK KOL | H74: 184 | I74: Adet | J74: 0 | K74: 0 | L74: 0 | M74: 0 | N74: 0 | O74: 0 | P74: =+H74+J74-K74-L74-M74-N74-O74 -> 184
A75: 72 | D75: VOX OTURAK,SIRT İÇ DIŞ PLS. | H75: 76 | I75: Adet | J75: 0 | K75: 4 | L75: 0 | M75: 0 | N75: 0 | O75: 0 | P75: =+H75+J75-K75-L75-M75-N75-O75 -> 72
A76: 73 | D76: POLO PLASTİK TAKIMI | H76: 38 | I76: Adet | J76: 0 | K76: 0 | L76: 0 | M76: 0 | N76: 0 | O76: 0 | P76: =+H76+J76-K76-L76-M76-N76-O76 -> 38
A77: 74 | D77: VEGA FORM ÇAKMA KOL | H77: 100 | I77: Adet | J77: 0 | K77: 0 | L77: 50 | M77: 0 | N77: 0 | O77: 0 | P77: =+H77+J77-K77-L77-M77-N77-O77 -> 50
A78: 75 | D78: EXPERİ KOL | H78: 2 | I78: Adet | J78: 0 | K78: 0 | L78: 0 | M78: 0 | N78: 0 | O78: 0 | P78: =+H78+J78-K78-L78-M78-N78-O78 -> 2
H79: 0 | J79: 0 | K79: 0 | L79: 0 | M79: 0 | N79: 0 | O79: 0 | P79: =+H79+J79-K79-L79-M79-N79-O79 -> 0
J80: 0 | K80: 0 | L80: 0 | M80: 0 | N80: 0 | O80: 0 | P80: =+H80+J80-K80-L80-M80-N80-O80 -> 0
J81: 0 | K81: 0 | L81: 0 | M81: 0 | N81: 0 | O81: 0 | P81: =+H81+J81-K81-L81-M81-N81-O81 -> 0
J82: 0 | K82: 0 | L82: 0 | M82: 0 | N82: 0 | O82: 0 | P82: =+H82+J82-K82-L82-M82-N82-O82 -> 0
J83: 0 | K83: 0 | L83: 0 | M83: 0 | N83: 0 | O83: 0 | P83: =+H83+J83-K83-L83-M83-N83-O83 -> 0

Sheet ekim 2 hafta 
P1: =+H1+J1-K1-L1-M1-N1-O1 -> 0
O2: 44837
A3: S.NO | D3: ÜRÜN ADI | H3: ADET | I3: BİRİM | J3: GİRİŞ | K3: 44844 | L3: 44845 | M3: 44846 | N3: 44847 | O3: 44848 | P3: KALAN
A4: 1 | D4: ZZ.KORUMA FİLESİ | H4: 317 | I4: Kg | J4: 0 | K4: 34 | L4: 0 | M4: 0 | N4: 17 | O4: 0 | P4: =+H4+J4-K4-L4-M4-N4-O4 -> 266 | Q4: 17 KĞ
A5: 2 | D5: ZZ.RADO (NİTRO) AYAKLI KOL | H5: 30 | I5: Adet | J5: 0 | K5: 0 | L5: 0 | M5: 0 | N5: 0 | O5: 0 | P5: =+H5+J5-K5-L5-M5-N5-O5 -> 30
A6: 3 | D6: ZZ.ORBİT (BİLGİN) KOL | H6: 40 | I6: Adet | J6: 0 | K6: 0 | L6: 0 | M6: 0 | N6: 0 | O6: 0 | P6: =+H6+J6-K6-L6-M6-N6-O6 -> 40
A7: 4 | D7: ZZ.MAKER YAY KOL | H7: 58 | I7: Adet | J7: 0 | K7: 0 | L7: 0 | M7: 0 | N7: 0 | O7: 0 | P7: =+H7+J7-K7-L7-M7-N7-O7 -> 58
A8: 5 | D8: ZZ.JAZZ T KOL | H8: 232 | I8: Adet | J8: 0 | K8: 0 | L8: 0 | M8: 0 | N8: 0 | O8: 0 | P8: =+H8+J8-K8-L8-M8-N8-O8 -> 232
A9: 6 | D9: ZZ.STELLA ÜÇGEN PLASTİK KROM KOL | H9: 0 | I9: Adet | J9: 100 | K9: 0 | L9: 0 | M9: 0 | N9: 40 | O9: 0 | P9: =+H9+J9-K9-L9-M9-N9-O9 -> 60
A10: 7 | D10: ZZ.PENTA KOL (AYARLI KOL) | H10: 2348 | I10: Adet | J10: 0 | K10: 0 | L10: 6 | M10: 2 | N10: 0 | O10: 0 | P10: =+H10+J10-K10-L10-M10-N10-O10 -> 2340
A11: 8 | D11: ZZ.WENGE KOL PLASTİK | H11: 496 | I11: Adet | J11: 0 | K11: 0 | L11: 0 | M11: 0 | N11: 0 | O11: 0 | P11: =+H11+J11-K11-L11-M11-N11-O11 -> 496
A12: 9 | D12: ZZ.PRESTİJ (KİNG EKO PLASTİK ) KOL | H12: 60 | I12: Adet | J12: 0 | K12: 0 | L12: 0 | M12: 0 | N12: 0 | O12: 0 | P12: =+H12+J12-K12-L12-M12-N12-O12 -> 60
A13: 10 | D13: ZZ.WARLOCK (ELEGANCE) KOL | H13: 42 | I13: Adet | J13: 0 | K13: 0 | L13: 0 | M13: 0 | N13: 0 | O13: 0 | P13: =+H13+J13-K13-L13-M13-N13-O13 -> 42
A14: 11 | D14: CYBORG KOL | H14: 24 | I14: Adet | J14: 0 | K14: 0 | L14: 0 | M14: 0 | N14: 0 | O14: 0 | P14: =+H14+J14-K14-L14-M14-N14-O14 -> 24
A15: 12 | D15: ZZ. MARKOL(SAKURE) (AHŞAP AÇIK KOL) | H15: 26 | I15: Adet | J15: 0 | K15: 0 | L15: 0 | M15: 0 | N15: 0 | O15: 0 | P15: =+H15+J15-K15-L15-M15-N15-O15 -> 26
A16: 13 | D16: ZZ.SEAT ALÜMİNYUM KOL | H16: 90 | I16: Adet | J16: 0 | K16: 0 | L16: 0 | M16: 0 | N16: 0 | O16: 0 | P16: =+H16+J16-K16-L16-M16-N16-O16 -> 90
... A53: 50 | D53: ZZ.JAZZ OTURAK DIŞ PLASTİĞİ | H53: 60 | I53: Adet | J53: 0 | K53: 0 | L53: 0 | M53: 0 | N53: 0 | O53: 0 | P53: =+H53+J53-K53-L53-M53-N53-O53 -> 60
A54: 51 | D54: ZZ.YAPIŞTIRICI (UNITEK 63) | H54: 975 | I54: Kg | J54: 150 | K54: 0 | L54: 30 | M54: 45 | N54: 15 | O54: 30 | P54: =+H54+J54-K54-L54-M54-N54-O54 -> 1005 | Q54: 16 KĞ
A55: 52 | D55: ZZ.32Q İÇ TAKOZ | H55: 10000 | I55: Adet | J55: 0 | K55: 0 | L55: 2000 | M55: 0 | N55: 0 | O55: 0 | P55: =+H55+J55-K55-L55-M55-N55-O55 -> 8000
A56: 53 | D56: ZZ.40x40 İÇ TAKOZ | H56: 2000 | I56: Adet | J56: 0 | K56: 0 | L56: 0 | M56: 0 | N56: 0 | O56: 0 | P56: =+H56+J56-K56-L56-M56-N56-O56 -> 2000
A57: 54 | D57: ZZ.32Q IZGARA TAKOZ | H57: 2800 | I57: Adet | J57: 0 | K57: 0 | L57: 0 | M57: 0 | N57: 0 | O57: 0 | P57: =+H57+J57-K57-L57-M57-N57-O57 -> 2800
A58: 55 | D58: ZZ.20x40 İÇ TAKOZ | H58: 3000 | I58: Adet | J58: 0 | K58: 0 | L58: 0 | M58: 0 | N58: 0 | O58: 0 | P58: =+H58+J58-K58-L58-M58-N58-O58 -> 3000
A59: 56 | D59: ZZ.25Q İÇ TAKOZ | H59: 5000 | I59: Adet | J59: 0 | K59: 0 | L59: 0 | M59: 0 | N59: 0 | O59: 0 | P59: =+H59+J59-K59-L59-M59-N59-O59 -> 5000
A60: 57 | D60: ZZ.25x50 ELİPS İÇ TAKOZ | H60: 3000 | I60: Adet | J60: 0 | K60: 0 | L60: 0 | M60: 0 | N60: 0 | O60: 0 | P60: =+H60+J60-K60-L60-M60-N60-O60 -> 3000
A61: 58 | D61: ZZ.25x25 İÇ TAKOZ | H61: 5000 | I61: Adet | J61: 0 | K61: 0 | L61: 0 | M61: 0 | N61: 0 | O61: 0 | P61: =+H61+J61-K61-L61-M61-N61-O61 -> 5000
A62: 59 | D62: OYUNCU KOLTUĞU MEKANİZMA TKM | H62: 494 | I62: Adet | J62: 0 | K62: 0 | L62: 0 | M62: 0 | N62: 0 | O62: 0 | P62: =+H62+J62-K62-L62-M62-N62-O62 -> 494
A63: 60 | D63: OFİS (DIAMOND) PLSTK AYAK | H63: 100 | I63: Adet | J63: 200 | K63: 0 | L63: 10 | M63: 0 | N63: 0 | O63: 6 | P63: =+H63+J63-K63-L63-M63-N63-O63 -> 284
A64: 61 | D64: ZZ.Plastik L Ayak 180X180 | H64: 297 | I64: Adet | J64: 0 | K64: 0 | L64: 0 | M64: 0 | N64: 0 | O64: 0 | P64: =+H64+J64-K64-L64-M64-N64-O64 -> 297
A65: 62 | D65: ZZ.PLASTİK ÜÇGEN AYAK 10 CM (TIESTO) | H65: 315 | I65: Adet | J65: 0 | K65: 0 | L65: 0 | M65: 0 | N65: 0 | O65: 0 | P65: =+H65+J65-K65-L65-M65-N65-O65 -> 315
A66: 63 | D66: ZZ.STINGER PLASTİK AYAK -5.5 Ebru M8*35 | H66: 350 | I66: Adet | J66: 0 | K66: 0 | L66: 0 | M66: 0 | N66: 0 | O66: 0 | P66: =+H66+J66-K66-L66-M66-N66-O66 -> 350
... A72: 69 | D72: ZZ.VEGA (FORM) KOL TABLASI | H72: 0 | I72: Adet | J72: 0 | K72: 0 | L72: 0 | M72: 0 | N72: 0 | O72: 0 | P72: =+H72+J72-K72-L72-M72-N72-O72 -> 0
A73: 70 | D73: TELA BEZ 20 GR | H73: 128 | I73: KĞ | J73: 0 | K73: 0 | L73: 0 | M73: 64 | N73: 0 | O73: 0 | P73: =+H73+J73-K73-L73-M73-N73-O73 -> 64 | Q73: 32 kğ
A74: 71 | D74: SİEANNA,KARİNA PLASTİK KOL | H74: 184 | I74: Adet | J74: 0 | K74: 0 | L74: 30 | M74: 0 | N74: 0 | O74: 0 | P74: =+H74+J74-K74-L74-M74-N74-O74 -> 154
A75: 72 | D75: VOX OTURAK,SIRT İÇ DIŞ PLS. | H75: 72 | I75: Adet | J75: 0 | K75: 0 | L75: 0 | M75: 0 | N75: 0 | O75: 0 | P75: =+H75+J75-K75-L75-M75-N75-O75 -> 72
A76: 73 | D76: POLO PLASTİK TAKIMI | H76: 38 | I76: Adet | J76: 0 | K76: 0 | L76: 0 | M76: 0 | N76: 0 | O76: 0 | P76: =+H76+J76-K76-L76-M76-N76-O76 -> 38
A77: 74 | D77: VEGA FORM ÇAKMA KOL | H77: 50 | I77: Adet | J77: 0 | K77: 0 | L77: 0 | M77: 0 | N77: 0 | O77: 0 | P77: =+H77+J77-K77-L77-M77-N77-O77 -> 50
A78: 75 | D78: EXPERİ KOL | H78: 2 | I78: Adet | J78: 0 | K78: 0 | L78: 2 | M78: 0 | N78: 0 | O78: 0 | P78: =+H78+J78-K78-L78-M78-N78-O78 -> 0
D79: 100*160 balonlu naylon | H79: 75 | I79: kğ | J79: 446 | K79: 0 | L79: 0 | M79: 0 | N79: 0 | O79: 75 | P79: =+H79+J79-K79-L79-M79-N79-O79 -> 446 | Q79: 1 pk.25
H80: 0 | J80: 0 | K80: 0 | L80: 0 | M80: 0 | N80: 0 | O80: 0 | P80: =+H80+J80-K80-L80-M80-N80-O80 -> 0
H81: 0 | J81: 0 | K81: 0 | L81: 0 | M81: 0 | N81: 0 | O81: 0 | P81: =+H81+J81-K81-L81-M81-N81-O81 -> 0
H82: 0 | J82: 0 | K82: 0 | L82: 0 | M82: 0 | N82: 0 | O82: 0 | P82: =+H82+J82-K82-L82-M82-N82-O82 -> 0
H83: 0 | J83: 0 | K83: 0 | L83: 0 | M83: 0 | N83: 0 | O83: 0 | P83: =+H83+J83-K83-L83-M83-N83-O83 -> 0

Sheet ekim 3 hafta
P1: =+H1+J1-K1-L1-M1-N1-O1 -> 0
O2: 44837
A3: S.NO | D3: ÜRÜN ADI | H3: ADET | I3: BİRİM | J3: GİRİŞ | K3: 44851 | L3: 44852 | M3: 44853 | N3: 44854 | O3: 44855 | P3: KALAN
A4: 1 | D4: ZZ.KORUMA FİLESİ | H4: 266 | I4: Kg | J4: 0 | K4: 0 | L4: 0 | M4: 17 | N4: 0 | O4: 0 | P4: =+H4+J4-K4-L4-M4-N4-O4 -> 249 | Q4: 17 KĞ
A5: 2 | D5: ZZ.RADO (NİTRO) AYAKLI KOL | H5: 30 | I5: Adet | J5: 0 | K5: 0 | L5: 0 | M5: 0 | N5: 0 | O5: 0 | P5: =+H5+J5-K5-L5-M5-N5-O5 -> 30
A6: 3 | D6: ZZ.ORBİT (BİLGİN) KOL | H6: 40 | I6: Adet | J6: 0 | K6: 0 | L6: 0 | M6: 0 | N6: 0 | O6: 0 | P6: =+H6+J6-K6-L6-M6-N6-O6 -> 40
A7: 4 | D7: ZZ.MAKER YAY KOL | H7: 58 | I7: Adet | J7: 0 | K7: 0 | L7: 0 | M7: 0 | N7: 0 | O7: 0 | P7: =+H7+J7-K7-L7-M7-N7-O7 -> 58
A8: 5 | D8: ZZ.JAZZ T KOL | H8: 232 | I8: Adet | J8: 0 | K8: 18 | L8: 0 | M8: 0 | N8: 0 | O8: 0 | P8: =+H8+J8-K8-L8-M8-N8-O8 -> 214
A9: 6 | D9: ZZ.STELLA ÜÇGEN PLASTİK KROM KOL | H9: 60 | I9: Adet | J9: 0 | K9: 0 | L9: 0 | M9: 0 | N9: 0 | O9: 0 | P9: =+H9+J9-K9-L9-M9-N9-O9 -> 60
A10: 7 | D10: ZZ.PENTA KOL | H10: 2340 | I10: Adet | J10: 0 | K10: 86 | L10: 0 | M10: 0 | N10: 0 | O10: 0 | P10: =+H10+J10-K10-L10-M10-N10-O10 -> 2254
A11: 8 | D11: ZZ.WENGE KOL PLASTİK | H11: 496 | I11: Adet | J11: 0 | K11: 0 | L11: 0 | M11: 0 | N11: 0 | O11: 0 | P11: =+H11+J11-K11-L11-M11-N11-O11 -> 496
A12: 9 | D12: ZZ.PRESTİJ (KİNG EKO PLASTİK ) KOL | H12: 60 | I12: Adet | J12: 0 | K12: 0 | L12: 0 | M12: 0 | N12: 0 | O12: 0 | P12: =+H12+J12-K12-L12-M12-N12-O12 -> 60
A13: 10 | D13: ZZ.WARLOCK (ELEGANCE) KOL | H13: 42 | I13: Adet | J13: 0 | K13: 0 | L13: 0 | M13: 0 | N13: 0 | O13: 0 | P13: =+H13+J13-K13-L13-M13-N13-O13 -> 42
A14: 11 | D14: CYBORG KOL | H14: 24 | I14: Adet | J14: 0 | K14: 0 | L14: 0 | M14: 0 | N14: 0 | O14: 0 | P14: =+H14+J14-K14-L14-M14-N14-O14 -> 24
A15: 12 | D15: ZZ. MARKOL(SAKURE) (AHŞAP AÇIK KOL) | H15: 26 | I15: Adet | J15: 0 | K15: 0 | L15: 0 | M15: 0 | N15: 0 | O15: 0 | P15: =+H15+J15-K15-L15-M15-N15-O15 -> 26
A16: 13 | D16: ZZ.SEAT ALÜMİNYUM KOL | H16: 90 | I16: Adet | J16: 0 | K16: 0 | L16: 0 | M16: 0 | N16: 0 | O16: 0 | P16: =+H16+J16-K16-L16-M16-N16-O16 -> 90
... A42: 39 | D42: ZZ.BETTA KOL | H42: 155 | I42: Adet | J42: 0 | K42: 16 | L42: 0 | M42: 0 | N42: 0 | O42: 0 | P42: =+H42+J42-K42-L42-M42-N42-O42 -> 139
A43: 40 | D43: ZZ.BETTA SIRT PLASTİĞİ | H43: 151 | I43: Adet | J43: 0 | K43: 8 | L43: 0 | M43: 0 | N43: 0 | P43: =+H43+J43-K43-L43-M43-N43-O43 -> 143
A44: 41 | D44: ZZ.BETTA FONT DIŞ PLASTİĞİ | H44: 25 | I44: Adet | J44: 10 | K44: 8 | L44: 0 | M44: 0 | N44: 0 | O44: 16 | P44: =+H44+J44-K44-L44-M44-N44-O44 -> 11
A45: 42 | D45: ZZ.BETTA FONT İÇ PLASTİĞİ | H45: 20 | I45: Adet | J45: 60 | K45: 8 | L45: 0 | M45: 0 | N45: 0 | O45: 16 | P45: =+H45+J45-K45-L45-M45-N45-O45 -> 56
A46: 43 | D46: ZZ.BOGA SIRT İÇ - DIŞ PLASTİĞİ BEYAZ | H46: 54 | I46: Adet | J46: 0 | K46: 10 | L46: 0 | M46: 0 | N46: 0 | O46: 0 | P46: =+H46+J46-K46-L46-M46-N46-O46 -> 44
A47: 44 | D47: ZZ.BOGA SIRT İÇ - DIŞ PLASTİĞİ | H47: 42 | I47: Adet | J47: 7 | K47: 10 | L47: 0 | M47: 0 | N47: 0 | O47: 0 | P47: =+H47+J47-K47-L47-M47-N47-O47 -> 39
A48: 45 | D48: ZZ.BOGA PLASTİK BAŞLIK | H48: 11 | I48: Adet | J48: 0 | K48: 10 | L48: 0 | M48: 0 | N48: 0 | O48: 0 | P48: =+H48+J48-K48-L48-M48-N48-O48 -> 1
A49: 46 | D49: ZZ.60 GR VATKA ELYAF (1 TORBA = 5 KG ) | H49: 270 | I49: Kg | J49: 0 | K49: 0 | L49: 0 | M49: 0 | N49: 0 | O49: 0 | P49: =+H49+J49-K49-L49-M49-N49-O49 -> 270
A50: 47 | D50: ZZ.KROM HONİK AYAK | H50: 186 | I50: Adet | J50: 0 | K50: 0 | L50: 3 | M50: 0 | N50: 0 | O50: 0 | P50: =+H50+J50-K50-L50-M50-N50-O50 -> 183
A51: 48 | D51: ZZ.JAZZ SIRT PLASTİĞİ | H51: 124 | I51: Adet | J51: 0 | K51: 5 | L51: 0 | M51: 0 | N51: 0 | O51: 0 | P51: =+H51+J51-K51-L51-M51-N51-O51 -> 119
A52: 49 | D52: ZZ.JAZZ OTURAK İÇ PLASTİĞİ | H52: 60 | I52: Adet | J52: 0 | K52: 5 | L52: 0 | M52: 0 | N52: 0 | O52: 0 | P52: =+H52+J52-K52-L52-M52-N52-O52 -> 55
A53: 50 | D53: ZZ.JAZZ OTURAK DIŞ PLASTİĞİ | H53: 60 | I53: Adet | J53: 0 | K53: 5 | L53: 0 | M53: 0 | N53: 0 | O53: 0 | P53: =+H53+J53-K53-L53-M53-N53-O53 -> 55
A54: 51 | D54: ZZ.YAPIŞTIRICI (UNITEK 63) | H54: 1005 | I54: Kg | J54: 150 | K54: 30 | L54: 15 | M54: 30 | N54: 30 | O54: 45 | P54: =+H54+J54-K54-L54-M54-N54-O54 -> 1005 | Q54: 16 KĞ
A55: 52 | D55: ZZ.32Q İÇ TAKOZ | H55: 8000 | I55: Adet | J55: 0 | K55: 0 | L55: 0 | M55: 0 | N55: 0 | O55: 0 | P55: =+H55+J55-K55-L55-M55-N55-O55 -> 8000
A56: 53 | D56: ZZ.40x40 İÇ TAKOZ | H56: 2000 | I56: Adet | J56: 0 | K56: 0 | L56: 0 | M56: 0 | N56: 0 | O56: 0 | P56: =+H56+J56-K56-L56-M56-N56-O56 -> 2000
A57: 54 | D57: ZZ.32Q IZGARA TAKOZ | H57: 2800 | I57: Adet | J57: 0 | K57: 0 | L57: 0 | M57: 0 | N57: 0 | O57: 0 | P57: =+H57+J57-K57-L57-M57-N57-O57 -> 2800
A58: 55 | D58: ZZ.20x40 İÇ TAKOZ | H58: 3000 | I58: Adet | J58: 0 | K58: 0 | L58: 0 | M58: 0 | N58: 0 | O58: 0 | P58: =+H58+J58-K58-L58-M58-N58-O58 -> 3000
A59: 56 | D59: ZZ.25Q İÇ TAKOZ | H59: 5000 | I59: Adet | J59: 0 | K59: 0 | L59: 0 | M59: 0 | N59: 0 | O59: 0 | P59: =+H59+J59-K59-L59-M59-N59-O59 -> 5000
A60: 57 | D60: ZZ.25x50 ELİPS İÇ TAKOZ | H60: 3000 | I60: Adet | J60: 0 | K60: 0 | L60: 0 | M60: 0 | N60: 0 | O60: 0 | P60: =+H60+J60-K60-L60-M60-N60-O60 -> 3000
A61: 58 | D61: ZZ.25x25 İÇ TAKOZ | H61: 5000 | I61: Adet | J61: 0 | K61: 0 | L61: 0 | M61: 0 | N61: 0 | O61: 0 | P61: =+H61+J61-K61-L61-M61-N61-O61 -> 5000
A62: 59 | D62: OYUNCU KOLTUĞU MEKANİZMA TKM | H62: 494 | I62: Adet | J62: 0 | K62: 0 | L62: 0 | M62: 0 | N62: 0 | O62: 0 | P62: =+H62+J62-K62-L62-M62-N62-O62 -> 494
A63: 60 | D63: OFİS (DIAMOND) PLSTK AYAK | H63: 284 | I63: Adet | J63: 100 | K63: 100 | L63: 0 | M63: 0 | N63: 0 | O63: 0 | P63: =+H63+J63-K63-L63-M63-N63-O63 -> 284
A64: 61 | D64: ZZ.Plastik L Ayak 180X180 | H64: 297 | I64: Adet | J64: 150 | K64: 0 | L64: 0 | M64: 0 | N64: 0 | O64: 0 | P64: =+H64+J64-K64-L64-M64-N64-O64 -> 447
A65: 62 | D65: ZZ.PLASTİK ÜÇGEN AYAK 10 CM (TIESTO) | H65: 315 | I65: Adet | J65: 0 | K65: 0 | L65: 0 | M65: 0 | N65: 0 | O65: 0 | P65: =+H65+J65-K65-L65-M65-N65-O65 -> 315
A66: 63 | D66: ZZ.STINGER PLASTİK AYAK -5.5 Ebru M8*35 | H66: 350 | I66: Adet | J66: 0 | K66: 0 | L66: 0 | M66: 0 | N66: 0 | O66: 0 | P66: =+H66+J66-K66-L66-M66-N66-O66 -> 350
... A72: 69 | D72: ZZ.VEGA (FORM) KOL TABLASI | H72: 0 | I72: Adet | J72: 0 | K72: 0 | L72: 0 | M72: 0 | N72: 0 | O72: 0 | P72: =+H72+J72-K72-L72-M72-N72-O72 -> 0
A73: 70 | D73: TELA BEZ 20 GR | H73: 64 | I73: KĞ | J73: 0 | K73: 0 | L73: 0 | M73: 0 | N73: 0 | O73: 0 | P73: =+H73+J73-K73-L73-M73-N73-O73 -> 64 | Q73: 32 kğ
A74: 71 | D74: SİEANNA,KARİNA PLASTİK KOL | H74: 154 | I74: Adet | J74: 0 | K74: 0 | L74: 0 | M74: 2 | N74: 0 | O74: 0 | P74: =+H74+J74-K74-L74-M74-N74-O74 -> 152
A75: 72 | D75: VOX OTURAK,SIRT İÇ DIŞ PLS. | H75: 72 | I75: Adet | J75: 0 | K75: 4 | L75: 1 | M75: 0 | N75: 0 | O75: 0 | P75: =+H75+J75-K75-L75-M75-N75-O75 -> 67
A76: 73 | D76: POLO PLASTİK TAKIMI | H76: 38 | I76: Adet | J76: 0 | K76: 1 | L76: 0 | M76: 0 | N76: 0 | O76: 0 | P76: =+H76+J76-K76-L76-M76-N76-O76 -> 37
A77: 74 | D77: VEGA FORM ÇAKMA KOL | H77: 50 | I77: Adet | J77: 0 | K77: 0 | L77: 0 | M77: 0 | N77: 0 | O77: 0 | P77: =+H77+J77-K77-L77-M77-N77-O77 -> 50
A78: 75 | D78: EXPERİ KOL | H78: 2 | I78: Adet | J78: 0 | K78: 0 | L78: 0 | M78: 0 | N78: 2 | O78: 0 | P78: =+H78+J78-K78-L78-M78-N78-O78 -> 0
D79: 100*160 BALONLU NAYLON | H79: 446 | I79: kğ | J79: 0 | K79: 0 | L79: 0 | M79: 25 | N79: 0 | O79: 0 | P79: =+H79+J79-K79-L79-M79-N79-O79 -> 421
D80: HARMANY S KOL PLSTİK | H80: 0 | I80: Adet | J80: 40 | K80: 0 | L80: 0 | M80: 0 | N80: 0 | O80: 0 | P80: =+H80+J80-K80-L80-M80-N80-O80 -> 40
H81: 0 | J81: 0 | K81: 0 | L81: 0 | M81: 0 | N81: 0 | O81: 0 | P81: =+H81+J81-K81-L81-M81-N81-O81 -> 0
H82: 0 | J82: 0 | K82: 0 | L82: 0 | M82: 0 | N82: 0 | O82: 0 | P82: =+H82+J82-K82-L82-M82-N82-O82 -> 0
H83: 0 | J83: 0 | K83: 0 | L83: 0 | M83: 0 | N83: 0 | O83: 0 | P83: =+H83+J83-K83-L83-M83-N83-O83 -> 0

Sheet ekim 4 hafta 
P1: =+H1+J1-K1-L1-M1-N1-O1 -> 0
O2: 44837
A3: S.NO | D3: ÜRÜN ADI | H3: ADET | I3: BİRİM | J3: GİRİŞ | K3: 44858 | L3: 44859 | M3: 44860 | N3: 44861 | O3: 44862 | P3: KALAN
A4: 1 | D4: ZZ.KORUMA FİLESİ | H4: ='ekim 3 hafta'!P4 -> 249 | I4: Kg | J4: 0 | K4: 34 | L4: 0 | M4: 0 | N4: 17 | O4: 0 | P4: =+H4+J4-K4-L4-M4-N4-O4 -> 198 | Q4: 17 KĞ
A5: 2 | D5: ZZ.RADO (NİTRO) AYAKLI KOL | H5: ='ekim 3 hafta'!P5 -> 30 | I5: Adet | J5: 0 | K5: 0 | L5: 0 | M5: 0 | N5: 0 | O5: 0 | P5: =+H5+J5-K5-L5-M5-N5-O5 -> 30
A6: 3 | D6: ZZ.ORBİT (BİLGİN) KOL | H6: ='ekim 3 hafta'!P6 -> 40 | I6: Adet | J6: 0 | K6: 0 | L6: 0 | M6: 0 | N6: 0 | O6: 0 | P6: =+H6+J6-K6-L6-M6-N6-O6 -> 40
A7: 4 | D7: ZZ.MAKER YAY KOL | H7: ='ekim 3 hafta'!P7 -> 58 | I7: Adet | J7: 0 | K7: 0 | L7: 0 | M7: 0 | N7: 0 | O7: 0 | P7: =+H7+J7-K7-L7-M7-N7-O7 -> 58
A8: 5 | D8: ZZ.JAZZ T KOL | H8: ='ekim 3 hafta'!P8 -> 214 | I8: Adet | J8: 0 | K8: 0 | L8: 0 | M8: 0 | N8: 0 | O8: 0 | P8: =+H8+J8-K8-L8-M8-N8-O8 -> 214
A9: 6 | D9: ZZ.STELLA ÜÇGEN PLASTİK KROM KOL | H9: ='ekim 3 hafta'!P9 -> 60 | I9: Adet | J9: 10 | K9: 20 | L9: 0 | M9: 0 | N9: 40 | O9: 0 | P9: =+H9+J9-K9-L9-M9-N9-O9 -> 10
A10: 7 | D10: ZZ.PENTA KOL (ayarlı,onyar başlı) | H10: ='ekim 3 hafta'!P10 -> 2254 | I10: Adet | J10: 0 | K10: 15 | L10: 0 | M10: 32 | N10: 0 | O10: 6 | P10: =+H10+J10-K10-L10-M10-N10-O10 -> 2201
A11: 8 | D11: ZZ.WENGE KOL PLASTİK | H11: ='ekim 3 hafta'!P11 -> 496 | I11: Adet | J11: 0 | K11: 0 | L11: 0 | M11: 0 | N11: 0 | O11: 0 | P11: =+H11+J11-K11-L11-M11-N11-O11 -> 496
A12: 9 | D12: ZZ.PRESTİJ (KİNG EKO PLASTİK ) KOL | H12: ='ekim 3 hafta'!P12 -> 60 | I12: Adet | J12: 0 | K12: 0 | L12: 0 | M12: 0 | N12: 0 | O12: 0 | P12: =+H12+J12-K12-L12-M12-N12-O12 -> 60
A13: 10 | D13: ZZ.WARLOCK (ELEGANCE) KOL | H13: ='ekim 3 hafta'!P13 -> 42 | I13: Adet | J13: 0 | K13: 0 | L13: 0 | M13: 0 | N13: 0 | O13: 0 | P13: =+H13+J13-K13-L13-M13-N13-O13 -> 42
A14: 11 | D14: CYBORG KOL | H14: ='ekim 3 hafta'!P14 -> 24 | I14: Adet | J14: 0 | K14: 10 | L14: 0 | M14: 0 | N14: 0 | O14: 0 | P14: =+H14+J14-K14-L14-M14-N14-O14 -> 14
A15: 12 | D15: ZZ. MARKOL(SAKURE) (AHŞAP AÇIK KOL) | H15: ='ekim 3 hafta'!P15 -> 26 | I15: Adet | J15: 0 | K15: 0 | L15: 0 | M15: 0 | N15: 0 | O15: 0 | P15: =+H15+J15-K15-L15-M15-N15-O15 -> 26
A16: 13 | D16: ZZ.SEAT ALÜMİNYUM KOL | H16: ='ekim 3 hafta'!P16 -> 90 | I16: Adet | J16: 0 | K16: 0 | L16: 0 | M16: 0 | N16: 0 | O16: 0 | P16: =+H16+J16-K16-L16-M16-N16-O16 -> 90
... A53: 50 | D53: ZZ.JAZZ OTURAK DIŞ PLASTİĞİ | H53: ='ekim 3 hafta'!P53 -> 55 | I53: Adet | J53: 0 | K53: 0 | L53: 0 | M53: 0 | N53: 0 | O53: 0 | P53: =+H53+J53-K53-L53-M53-N53-O53 -> 55
A54: 51 | D54: ZZ.YAPIŞTIRICI (UNITEK 63) | H54: ='ekim 3 hafta'!P54 -> 1005 | I54: Kg | J54: 15 | K54: 0 | L54: 45 | M54: 30 | N54: 0 | O54: 15 | P54: =+H54+J54-K54-L54-M54-N54-O54 -> 930 | Q54: 16 KĞ
A55: 52 | D55: ZZ.32Q İÇ TAKOZ | H55: ='ekim 3 hafta'!P55 -> 8000 | I55: Adet | J55: 0 | K55: 0 | L55: 0 | M55: 0 | N55: 0 | O55: 0 | P55: =+H55+J55-K55-L55-M55-N55-O55 -> 8000
A56: 53 | D56: ZZ.40x40 İÇ TAKOZ | H56: ='ekim 3 hafta'!P56 -> 2000 | I56: Adet | J56: 0 | K56: 0 | L56: 0 | M56: 0 | N56: 0 | O56: 0 | P56: =+H56+J56-K56-L56-M56-N56-O56 -> 2000
A57: 54 | D57: ZZ.32Q IZGARA TAKOZ | H57: ='ekim 3 hafta'!P57 -> 2800 | I57: Adet | J57: 0 | K57: 0 | L57: 0 | M57: 0 | N57: 0 | O57: 0 | P57: =+H57+J57-K57-L57-M57-N57-O57 -> 2800
A58: 55 | D58: ZZ.20x40 İÇ TAKOZ | H58: ='ekim 3 hafta'!P58 -> 3000 | I58: Adet | J58: 0 | K58: 0 | L58: 0 | M58: 0 | N58: 0 | O58: 0 | P58: =+H58+J58-K58-L58-M58-N58-O58 -> 3000
A59: 56 | D59: ZZ.25Q İÇ TAKOZ | H59: ='ekim 3 hafta'!P59 -> 5000 | I59: Adet | J59: 0 | K59: 0 | L59: 0 | M59: 0 | N59: 0 | O59: 0 | P59: =+H59+J59-K59-L59-M59-N59-O59 -> 5000
A60: 57 | D60: ZZ.25x50 ELİPS İÇ TAKOZ | H60: ='ekim 3 hafta'!P60 -> 3000 | I60: Adet | J60: 0 | K60: 0 | L60: 0 | M60: 0 | N60: 0 | O60: 0 | P60: =+H60+J60-K60-L60-M60-N60-O60 -> 3000
A61: 58 | D61: ZZ.25x25 İÇ TAKOZ | H61: ='ekim 3 hafta'!P61 -> 5000 | I61: Adet | J61: 0 | K61: 0 | L61: 0 | M61: 0 | N61: 0 | O61: 0 | P61: =+H61+J61-K61-L61-M61-N61-O61 -> 5000
A62: 59 | D62: OYUNCU KOLTUĞU MEKANİZMA TKM | H62: ='ekim 3 hafta'!P62 -> 494 | I62: Adet | J62: 0 | K62: 0 | L62: 0 | M62: 0 | N62: 0 | O62: 0 | P62: =+H62+J62-K62-L62-M62-N62-O62 -> 494
A63: 60 | D63: OFİS (DIAMOND) PLSTK AYAK | H63: ='ekim 3 hafta'!P63 -> 284 | I63: Adet | J63: 0 | K63: 0 | L63: 0 | M63: 0 | N63: 0 | O63: 0 | P63: =+H63+J63-K63-L63-M63-N63-O63 -> 284
A64: 61 | D64: ZZ.Plastik L Ayak 180X180 | H64: ='ekim 3 hafta'!P64 -> 447 | I64: Adet | J64: 0 | K64: 0 | L64: 0 | M64: 0 | N64: 0 | O64: 0 | P64: =+H64+J64-K64-L64-M64-N64-O64 -> 447
A65: 62 | D65: ZZ.PLASTİK ÜÇGEN AYAK 10 CM (TIESTO) | H65: ='ekim 3 hafta'!P65 -> 315 | I65: Adet | J65: 0 | K65: 0 | L65: 0 | M65: 0 | N65: 0 | O65: 0 | P65: =+H65+J65-K65-L65-M65-N65-O65 -> 315
A66: 63 | D66: ZZ.STINGER PLASTİK AYAK -5.5 Ebru M8*35 | H66: ='ekim 3 hafta'!P66 -> 350 | I66: Adet | J66: 0 | K66: 0 | L66: 0 | M66: 0 | N66: 0 | O66: 0 | P66: =+H66+J66-K66-L66-M66-N66-O66 -> 350
... A72: 69 | D72: ZZ.VEGA (FORM) KOL TABLASI | H72: ='ekim 3 hafta'!P72 -> 0 | I72: Adet | J72: 0 | K72: 0 | L72: 0 | M72: 0 | N72: 0 | O72: 0 | P72: =+H72+J72-K72-L72-M72-N72-O72 -> 0
A73: 70 | D73: TELA BEZ 20 GR | H73: ='ekim 3 hafta'!P73 -> 64 | I73: KĞ | J73: 0 | K73: 0 | L73: 0 | M73: 0 | N73: 0 | O73: 0 | P73: =+H73+J73-K73-L73-M73-N73-O73 -> 64 | Q73: 32 kğ
A74: 71 | D74: SİEANNA,KARİNA PLASTİK KOL | H74: ='ekim 3 hafta'!P74 -> 152 | I74: Adet | J74: 0 | K74: 0 | L74: 0 | M74: 0 | N74: 0 | O74: 0 | P74: =+H74+J74-K74-L74-M74-N74-O74 -> 152
A75: 72 | D75: VOX OTURAK,SIRT İÇ DIŞ PLS. | H75: ='ekim 3 hafta'!P75 -> 67 | I75: Adet | J75: 0 | K75: 0 | L75: 0 | M75: 0 | N75: 0 | O75: 0 | P75: =+H75+J75-K75-L75-M75-N75-O75 -> 67
A76: 73 | D76: POLO PLASTİK TAKIMI | H76: ='ekim 3 hafta'!P76 -> 37 | I76: Adet | J76: 0 | K76: 0 | L76: 0 | M76: 0 | N76: 0 | O76: 0 | P76: =+H76+J76-K76-L76-M76-N76-O76 -> 37
A77: 74 | D77: VEGA FORM ÇAKMA KOL | H77: ='ekim 3 hafta'!P77 -> 50 | I77: Adet | J77: 0 | K77: 0 | L77: 0 | M77: 0 | N77: 0 | O77: 0 | P77: =+H77+J77-K77-L77-M77-N77-O77 -> 50
A78: 75 | D78: EXPERİ KOL | H78: ='ekim 3 hafta'!P78 -> 0 | I78: Adet | J78: 0 | K78: 0 | L78: 0 | M78: 0 | N78: 0 | O78: 0 | P78: =+H78+J78-K78-L78-M78-N78-O78 -> 0
D79: 100*160 BALONLU NAYLON | H79: ='ekim 3 hafta'!P79 -> 421 | I79: Adet | J79: 0 | K79: 25 | L79: 0 | M79: 0 | N79: 0 | O79: 0 | P79: =+H79+J79-K79-L79-M79-N79-O79 -> 396
D80: HARMANY S KOL PLSTİK | H80: ='ekim 3 hafta'!P80 -> 40 | I80: Adet | J80: 0 | K80: 0 | L80: 0 | M80: 0 | N80: 0 | O80: 0 | P80: =+H80+J80-K80-L80-M80-N80-O80 -> 40
D81: STREÇ NAYLON | H81: ='ekim 3 hafta'!P81 -> 0 | I81: Adet | J81: 140 | K81: 0 | L81: 0 | M81: 0 | N81: 0 | O81: 0 | P81: =+H81+J81-K81-L81-M81-N81-O81 -> 140
D82: AB1508 COBRA CEZAR KOL | I82: Adet | J82: 520 | K82: 0 | L82: 0 | M82: 0 | N82: 0 | O82: 0 | P82: =+H82+J82-K82-L82-M82-N82-O82 -> 520
J83: 0 | K83: 0 | L83: 0 | M83: 0 | N83: 0 | O83: 0 | P83: =+H83+J83-K83-L83-M83-N83-O83 -> 0

Sheet KASIM 1 HAFTA
P1: =+H1+J1-K1-L1-M1-N1-O1 -> 0
O2: 44837
A3: S.NO | D3: ÜRÜN ADI | H3: ADET | I3: BİRİM | J3: GİRİŞ | K3: 44865 | L3: 44866 | M3: 44867 | N3: 44868 | O3: 44869 | P3: KALAN
A4: 1 | D4: ZZ.KORUMA FİLESİ | H4: ='ekim 4 hafta '!P4 -> 198 | I4: Kg | J4: 0 | K4: 0 | L4: 0 | M4: 0 | N4: 0 | O4: 0 | P4: =+H4+J4-K4-L4-M4-N4-O4 -> 198 | Q4: 17 KĞ
A5: 2 | D5: ZZ.RADO (NİTRO) AYAKLI KOL | H5: ='ekim 4 hafta '!P5 -> 30 | I5: Adet | J5: 0 | K5: 0 | L5: 0 | M5: 0 | N5: 0 | O5: 0 | P5: =+H5+J5-K5-L5-M5-N5-O5 -> 30
A6: 3 | D6: ZZ.ORBİT (BİLGİN) KOL | H6: ='ekim 4 hafta '!P6 -> 40 | I6: Adet | J6: 0 | K6: 0 | L6: 0 | M6: 0 | N6: 0 | O6: 0 | P6: =+H6+J6-K6-L6-M6-N6-O6 -> 40
A7: 4 | D7: ZZ.MAKER YAY KOL | H7: ='ekim 4 hafta '!P7 -> 58 | I7: Adet | J7: 0 | K7: 0 | L7: 0 | M7: 0 | N7: 0 | O7: 0 | P7: =+H7+J7-K7-L7-M7-N7-O7 -> 58
A8: 5 | D8: ZZ.JAZZ T KOL | H8: ='ekim 4 hafta '!P8 -> 214 | I8: Adet | J8: 0 | K8: 0 | L8: 0 | M8: 0 | N8: 0 | O8: 0 | P8: =+H8+J8-K8-L8-M8-N8-O8 -> 214
A9: 6 | D9: ZZ.STELLA ÜÇGEN PLASTİK KROM KOL | H9: ='ekim 4 hafta '!P9 -> 10 | I9: Adet | J9: 0 | K9: 0 | L9: 0 | M9: 0 | N9: 0 | O9: 0 | P9: =+H9+J9-K9-L9-M9-N9-O9 -> 10
A10: 7 | D10: ZZ.PENTA KOL (ayarlı,onyar başlı) | H10: ='ekim 4 hafta '!P10 -> 2201 | I10: Adet | J10: 0 | K10: 0 | L10: 50 | M10: 0 | N10: 0 | O10: 0 | P10: =+H10+J10-K10-L10-M10-N10-O10 -> 2151
A11: 8 | D11: ZZ.WENGE KOL PLASTİK | H11: ='ekim 4 hafta '!P11 -> 496 | I11: Adet | J11: 0 | K11: 0 | L11: 0 | M11: 0 | N11: 0 | O11: 0 | P11: =+H11+J11-K11-L11-M11-N11-O11 -> 496
A12: 9 | D12: ZZ.PRESTİJ (KİNG EKO PLASTİK ) KOL | H12: ='ekim 4 hafta '!P12 -> 60 | I12: Adet | J12: 0 | K12: 0 | L12: 0 | M12: 0 | N12: 0 | O12: 0 | P12: =+H12+J12-K12-L12-M12-N12-O12 -> 60
A13: 10 | D13: ZZ.WARLOCK (ELEGANCE) KOL | H13: ='ekim 4 hafta '!P13 -> 42 | I13: Adet | J13: 0 | K13: 0 | L13: 0 | M13: 0 | N13: 0 | O13: 0 | P13: =+H13+J13-K13-L13-M13-N13-O13 -> 42
A14: 11 | D14: CYBORG KOL | H14: ='ekim 4 hafta '!P14 -> 14 | I14: Adet | J14: 0 | K14: 0 | L14: 0 | M14: 0 | N14: 0 | O14: 0 | P14: =+H14+J14-K14-L14-M14-N14-O14 -> 14
A15: 12 | D15: ZZ. MARKOL(SAKURE) (AHŞAP AÇIK KOL) | H15: ='ekim 4 hafta '!P15 -> 26 | I15: Adet | J15: 0 | K15: 0 | L15: 0 | M15: 0 | N15: 0 | O15: 0 | P15: =+H15+J15-K15-L15-M15-N15-O15 -> 26
A16: 13 | D16: ZZ.SEAT ALÜMİNYUM KOL | H16: ='ekim 4 hafta '!P16 -> 90 | I16: Adet | J16: 0 | K16: 0 | L16: 0 | M16: 0 | N16: 0 | O16: 0 | P16: =+H16+J16-K16-L16-M16-N16-O16 -> 90
... A53: 50 | D53: ZZ.JAZZ OTURAK DIŞ PLASTİĞİ | H53: ='ekim 4 hafta '!P53 -> 55 | I53: Adet | J53: 0 | K53: 0 | L53: 6 | M53: 0 | N53: 0 | O53: 0 | P53: =+H53+J53-K53-L53-M53-N53-O53 -> 49
A54: 51 | D54: ZZ.YAPIŞTIRICI (UNITEK 63) | H54: ='ekim 4 hafta '!P54 -> 930 | I54: Kg | J54: 0 | K54: 0 | L54: 115 | M54: 0 | N54: 30 | O54: 15 | P54: =+H54+J54-K54-L54-M54-N54-O54 -> 770 | Q54: 16 KĞ
A55: 52 | D55: ZZ.32Q İÇ TAKOZ | H55: ='ekim 4 hafta '!P55 -> 8000 | I55: Adet | J55: 0 | K55: 0 | L55: 0 | M55: 0 | N55: 0 | O55: 0 | P55: =+H55+J55-K55-L55-M55-N55-O55 -> 8000
A56: 53 | D56: ZZ.40x40 İÇ TAKOZ | H56: ='ekim 4 hafta '!P56 -> 2000 | I56: Adet | J56: 0 | K56: 0 | L56: 0 | M56: 0 | N56: 0 | O56: 0 | P56: =+H56+J56-K56-L56-M56-N56-O56 -> 2000
A57: 54 | D57: ZZ.32Q IZGARA TAKOZ | H57: ='ekim 4 hafta '!P57 -> 2800 | I57: Adet | J57: 0 | K57: 0 | L57: 0 | M57: 0 | N57: 0 | O57: 0 | P57: =+H57+J57-K57-L57-M57-N57-O57 -> 2800
A58: 55 | D58: ZZ.20x40 İÇ TAKOZ | H58: ='ekim 4 hafta '!P58 -> 3000 | I58: Adet | J58: 0 | K58: 0 | L58: 0 | M58: 0 | N58: 0 | O58: 0 | P58: =+H58+J58-K58-L58-M58-N58-O58 -> 3000
A59: 56 | D59: ZZ.25Q İÇ TAKOZ | H59: ='ekim 4 hafta '!P59 -> 5000 | I59: Adet | J59: 0 | K59: 0 | L59: 0 | M59: 0 | N59: 0 | O59: 0 | P59: =+H59+J59-K59-L59-M59-N59-O59 -> 5000
A60: 57 | D60: ZZ.25x50 ELİPS İÇ TAKOZ | H60: ='ekim 4 hafta '!P60 -> 3000 | I60: Adet | J60: 0 | K60: 0 | L60: 0 | M60: 0 | N60: 0 | O60: 0 | P60: =+H60+J60-K60-L60-M60-N60-O60 -> 3000
A61: 58 | D61: ZZ.25x25 İÇ TAKOZ | H61: ='ekim 4 hafta '!P61 -> 5000 | I61: Adet | J61: 0 | K61: 0 | L61: 0 | M61: 0 | N61: 0 | O61: 0 | P61: =+H61+J61-K61-L61-M61-N61-O61 -> 5000
A62: 59 | D62: OYUNCU KOLTUĞU MEKANİZMA TKM | H62: ='ekim 4 hafta '!P62 -> 494 | I62: Adet | J62: 0 | K62: 0 | L62: 0 | M62: 0 | N62: 0 | O62: 0 | P62: =+H62+J62-K62-L62-M62-N62-O62 -> 494
A63: 60 | D63: OFİS (DIAMOND) PLSTK AYAK | H63: ='ekim 4 hafta '!P63 -> 284 | I63: Adet | J63: 600 | K63: 0 | L63: 0 | M63: 0 | N63: 100 | O63: 100 | P63: =+H63+J63-K63-L63-M63-N63-O63 -> 684
A64: 61 | D64: ZZ.Plastik L Ayak 180X180 | H64: ='ekim 4 hafta '!P64 -> 447 | I64: Adet | J64: 0 | K64: 0 | L64: 0 | M64: 0 | N64: 0 | O64: 0 | P64: =+H64+J64-K64-L64-M64-N64-O64 -> 447
A65: 62 | D65: ZZ.PLASTİK ÜÇGEN AYAK 10 CM (TIESTO) | H65: ='ekim 4 hafta '!P65 -> 315 | I65: Adet | J65: 0 | K65: 0 | L65: 0 | M65: 0 | N65: 0 | O65: 0 | P65: =+H65+J65-K65-L65-M65-N65-O65 -> 315
A66: 63 | D66: ZZ.STINGER PLASTİK AYAK -5.5 Ebru M8*35 | H66: ='ekim 4 hafta '!P66 -> 350 | I66: Adet | J66: 0 | K66: 0 | L66: 0 | M66: 0 | N66: 0 | O66: 0 | P66: =+H66+J66-K66-L66-M66-N66-O66 -> 350
... A72: 69 | D72: ZZ.VEGA (FORM) KOL TABLASI | H72: ='ekim 4 hafta '!P72 -> 0 | I72: Adet | J72: 0 | K72: 0 | L72: 0 | M72: 0 | N72: 0 | O72: 0 | P72: =+H72+J72-K72-L72-M72-N72-O72 -> 0
A73: 70 | D73: TELA BEZ 20 GR | H73: ='ekim 4 hafta '!P73 -> 64 | I73: KĞ | J73: 0 | K73: 32 | L73: 0 | M73: 0 | N73: 0 | O73: 0 | P73: =+H73+J73-K73-L73-M73-N73-O73 -> 32 | Q73: 32 kğ
A74: 71 | D74: SİEANNA,KARİNA PLASTİK KOL | H74: ='ekim 4 hafta '!P74 -> 152 | I74: Adet | J74: 0 | K74: 0 | L74: 0 | M74: 0 | N74: 0 | O74: 0 | P74: =+H74+J74-K74-L74-M74-N74-O74 -> 152
A75: 72 | D75: VOX OTURAK,SIRT İÇ DIŞ PLS. | H75: ='ekim 4 hafta '!P75 -> 67 | I75: Adet | J75: 0 | K75: 0 | L75: 35 | M75: 0 | N75: 0 | O75: 0 | P75: =+H75+J75-K75-L75-M75-N75-O75 -> 32
A76: 73 | D76: POLO PLASTİK TAKIMI | H76: ='ekim 4 hafta '!P76 -> 37 | I76: Adet | J76: 0 | K76: 0 | L76: 0 | M76: 0 | N76: 0 | O76: 0 | P76: =+H76+J76-K76-L76-M76-N76-O76 -> 37
A77: 74 | D77: VEGA FORM ÇAKMA KOL | H77: ='ekim 4 hafta '!P77 -> 50 | I77: Adet | J77: 0 | K77: 0 | L77: 0 | M77: 0 | N77: 0 | O77: 0 | P77: =+H77+J77-K77-L77-M77-N77-O77 -> 50
A78: 75 | D78: EXPERİ KOL | H78: ='ekim 4 hafta '!P78 -> 0 | I78: Adet | J78: 0 | K78: 0 | L78: 0 | M78: 0 | N78: 0 | O78: 0 | P78: =+H78+J78-K78-L78-M78-N78-O78 -> 0
A79: 76 | D79: 100*160 BALONLU NAYLON | H79: ='ekim 4 hafta '!P79 -> 396 | I79: KĞ | J79: 0 | K79: 0 | L79: 100 | M79: 0 | N79: 0 | O79: 0 | P79: =+H79+J79-K79-L79-M79-N79-O79 -> 296
A80: 77 | D80: HARMANY S KOL PLSTİK | H80: ='ekim 4 hafta '!P80 -> 40 | I80: Adet | J80: 0 | K80: 0 | L80: 0 | M80: 0 | N80: 0 | O80: 0 | P80: =+H80+J80-K80-L80-M80-N80-O80 -> 40
A81: 78 | D81: STREÇ NAYLON | H81: 130 | I81: Adet | J81: 0 | K81: 16 | L81: 0 | M81: 0 | N81: 0 | O81: 0 | P81: =+H81+J81-K81-L81-M81-N81-O81 -> 114
A82: 79 | D82: AB1508 COBRA CEZAR KOL | H82: ='ekim 4 hafta '!P82 -> 520 | I82: Adet | J82: 0 | K82: 0 | L82: 0 | M82: 0 | N82: 0 | O82: 0 | P82: =+H82+J82-K82-L82-M82-N82-O82 -> 520
A83: 80 | H83: ='ekim 4 hafta '!P83 -> 0 | J83: 0 | K83: 0 | L83: 0 | M83: 0 | N83: 0 | O83: 0 | P83: =+H83+J83-K83-L83-M83-N83-O83 -> 0

Sheet KASIM 2 HAFTA 
P1: =+H1+J1-K1-L1-M1-N1-O1 -> 0
O2: 44837
A3: S.NO | D3: ÜRÜN ADI | H3: ADET | I3: BİRİM | J3: GİRİŞ | K3: 44872 | L3: 44873 | M3: 44874 | N3: 44875 | O3: 44876 | P3: KALAN | R3: MİNİMUN | S3: MAKSİMUN
A4: 1 | D4: ZZ.KORUMA FİLESİ 17KĞ | H4: ='KASIM 1 HAFTA'!P4 -> 198 | I4: Kg | J4: 0 | K4: 0 | L4: 0 | M4: 0 | N4: 17 | O4: 0 | P4: =+H4+J4-K4-L4-M4-N4-O4 -> 181 | Q4: KĞ | R4: 100 | S4: 500 | T4: KĞ
A5: 2 | D5: ZZ.RADO (NİTRO) AYAKLI KOL | H5: ='KASIM 1 HAFTA'!P5 -> 30 | I5: Adet | J5: 0 | K5: 0 | L5: 0 | M5: 0 | N5: 0 | O5: 2 | P5: =+H5+J5-K5-L5-M5-N5-O5 -> 28 | R5: 6 | S5: 10
A6: 3 | D6: ZZ.ORBİT (BİLGİN) KOL | H6: ='KASIM 1 HAFTA'!P6 -> 40 | I6: Adet | J6: 0 | K6: 0 | L6: 2 | M6: 0 | N6: 0 | O6: 0 | P6: =+H6+J6-K6-L6-M6-N6-O6 -> 38 | R6: 6 | S6: 10
A7: 4 | D7: ZZ.MAKER YAY KOL | H7: ='KASIM 1 HAFTA'!P7 -> 58 | I7: Adet | J7: 0 | K7: 0 | L7: 0 | M7: 0 | N7: 0 | O7: 0 | P7: =+H7+J7-K7-L7-M7-N7-O7 -> 58 | R7: 6 | S7: 10
A8: 5 | D8: ZZ.JAZZ T KOL | H8: ='KASIM 1 HAFTA'!P8 -> 214 | I8: Adet | J8: 0 | K8: 0 | L8: 0 | M8: 0 | N8: 0 | O8: 0 | P8: =+H8+J8-K8-L8-M8-N8-O8 -> 214 | R8: 100 | S8: 400
A9: 6 | D9: ZZ.STELLA ÜÇGEN PLASTİK KROM KOL | H9: ='KASIM 1 HAFTA'!P9 -> 10 | I9: Adet | J9: 0 | K9: 0 | L9: 10 | M9: 0 | N9: 0 | O9: 0 | P9: =+H9+J9-K9-L9-M9-N9-O9 -> 0 | R9: 60 | S9: 200
A10: 7 | D10: ZZ.PENTA KOL (ayarlı,onyar başlı) | H10: ='KASIM 1 HAFTA'!P10 -> 2151 | I10: Adet | J10: 0 | K10: 0 | L10: 0 | M10: 0 | N10: 0 | O10: 20 | P10: =+H10+J10-K10-L10-M10-N10-O10 -> 2131 | R10: 200 | S10: 500
A11: 8 | D11: ZZ.WENGE KOL PLASTİK | H11: ='KASIM 1 HAFTA'!P11 -> 496 | I11: Adet | J11: 0 | K11: 0 | L11: 0 | M11: 0 | N11: 0 | O11: 0 | P11: =+H11+J11-K11-L11-M11-N11-O11 -> 496 | R11: 0 | S11: 0
A12: 9 | D12: ZZ.PRESTİJ (KİNG EKO PLASTİK ) KOL | H12: ='KASIM 1 HAFTA'!P12 -> 60 | I12: Adet | J12: 0 | K12: 0 | L12: 0 | M12: 0 | N12: 0 | O12: 0 | P12: =+H12+J12-K12-L12-M12-N12-O12 -> 60 | R12: 200 | S12: 400
A13: 10 | D13: ZZ.WARLOCK (ELEGANCE) KOL | H13: ='KASIM 1 HAFTA'!P13 -> 42 | I13: Adet | J13: 0 | K13: 0 | L13: 0 | M13: 0 | N13: 0 | O13: 0 | P13: =+H13+J13-K13-L13-M13-N13-O13 -> 42 | R13: 0
A14: 11 | D14: CYBORG KOL | H14: ='KASIM 1 HAFTA'!P14 -> 14 | I14: Adet | J14: 0 | K14: 0 | L14: 0 | M14: 0 | N14: 8 | O14: 0 | P14: =+H14+J14-K14-L14-M14-N14-O14 -> 6 | R14: 20 | S14: 50
A15: 12 | D15: ZZ. MARKOL(SAKURE) (AHŞAP AÇIK KOL) | H15: ='KASIM 1 HAFTA'!P15 -> 26 | I15: Adet | J15: 0 | K15: 0 | L15: 0 | M15: 0 | N15: 0 | O15: 0 | P15: =+H15+J15-K15-L15-M15-N15-O15 -> 26 | R15: 100 | S15: 200
A16: 13 | D16: ZZ.SEAT ALÜMİNYUM KOL | H16: ='KASIM 1 HAFTA'!P16 -> 90 | I16: Adet | J16: 0 | K16: 0 | L16: 0 | M16: 0 | N16: 0 | O16: 0 | P16: =+H16+J16-K16-L16-M16-N16-O16 -> 90 | R16: 0
A17: 14 | D17: PLASTİK YILDIZ AYAK ÇİN GÜMÜŞ GRİ | H17: ='KASIM 1 HAFTA'!P17 -> 800 | I17: Adet | J17: 0 | K17: 0 | L17: 0 | M17: 0 | N17: 0 | O17: 0 | P17: =+H17+J17-K17-L17-M17-N17-O17 -> 800 | R17: 0
A18: 15 | D18: ZZ.NEO BAR TABURESİ AYAK ÇEMBERİ | H18: 28 | I18: Adet | J18: 0 | K18: 3 | L18: 0 | M18: 0 | N18: 0 | O18: 8 | P18: =+H18+J18-K18-L18-M18-N18-O18 -> 17 | R18: 20 | S18: 50
A19: 16 | D19: ZZ.NEO BAR TEPSİ AYAK 4Q5 | H19: 28 | I19: Adet | J19: 0 | K19: 3 | L19: 0 | M19: 0 | N19: 0 | O19: 8 | P19: =+H19+J19-K19-L19-M19-N19-O19 -> 17 | R19: 20 | S19: 50
A20: 17 | D20: ZZ.NEO BAR AMORTİSÖRÜ 260 LIK | H20: 60 | I20: Adet | J20: 0 | K20: 3 | L20: 0 | M20: 0 | N20: 0 | O20: 8 | P20: =+H20+J20-K20-L20-M20-N20-O20 -> 49 | R20: 20 | S20: 50
A21: 18 | D21: ZZ.EFOR ŞEF SET KOL +SIRT İÇ-DIŞ | H21: ='KASIM 1 HAFTA'!P21 -> 33 | I21: Adet | J21: 0 | K21: 0 | L21: 0 | M21: 0 | N21: 0 | O21: 0 | P21: =+H21+J21-K21-L21-M21-N21-O21 -> 33 | R21: 0
A22: 19 | D22: ZZ.BONCUK ELYAF ( 1 TORBA = 10 KG ) | H22: 30 | I22: Kg | J22: 510 | K22: 0 | L22: 20 | M22: 150 | N22: 10 | O22: 0 | P22: =+H22+J22-K22-L22-M22-N22-O22 -> 360 | Q22: KĞ | R22: 50 | S22: 200
A23: 20 | D23: İNCİ SEKRETER İÇ DIŞ PLASTİĞİ | H23: ='KASIM 1 HAFTA'!P23 -> 2000 | I23: Adet | J23: 0 | K23: 0 | L23: 0 | M23: 0 | N23: 0 | O23: 0 | P23: =+H23+J23-K23-L23-M23-N23-O23 -> 2000 | R23: 0
A24: 21 | D24: TETRA OTURAK İÇ DIŞ PLASTİK AB 3355 | H24: ='KASIM 1 HAFTA'!P24 -> 279 | I24: Adet | J24: 0 | K24: 0 | L24: 0 | M24: 0 | N24: 0 | O24: 0 | P24: =+H24+J24-K24-L24-M24-N24-O24 -> 279 | R24: 0
A25: 22 | D25: EVO SIRT PLASTİĞİ | H25: ='KASIM 1 HAFTA'!P25 -> 40 | I25: Adet | J25: 0 | K25: 0 | L25: 0 | M25: 0 | N25: 0 | O25: 0 | P25: =+H25+J25-K25-L25-M25-N25-O25 -> 40 | R25: 0
A26: 23 | D26: DARK OTURAK İÇ/DIŞ PLASTİK | H26: ='KASIM 1 HAFTA'!P26 -> 168 | I26: Adet | J26: 0 | K26: 0 | L26: 0 | M26: 0 | N26: 0 | O26: 0 | P26: =+H26+J26-K26-L26-M26-N26-O26 -> 168 | R26: 20 | S26: 50
A27: 24 | D27: EVO OTURAK İÇ/DIŞ PLASTİĞİ | H27: ='KASIM 1 HAFTA'!P27 -> 42 | I27: Adet | J27: 0 | K27: 0 | L27: 0 | M27: 0 | N27: 0 | O27: 0 | P27: =+H27+J27-K27-L27-M27-N27-O27 -> 42 | R27: 20 | S27: 50
A28: 25 | D28: ZZ.ZİRVE (BAG 25) SIRT DIŞ KAPAK | H28: ='KASIM 1 HAFTA'!P28 -> 50 | I28: Adet | J28: 0 | K28: 0 | L28: 0 | M28: 0 | N28: 0 | O28: 0 | P28: =+H28+J28-K28-L28-M28-N28-O28 -> 50 | R28: 50 | S28: 100
A29: 26 | D29: ZZ.ZİRVE (BAG 25 ) SIRT İÇ KAPAK | H29: ='KASIM 1 HAFTA'!P29 -> 65 | I29: Adet | J29: 0 | K29: 0 | L29: 0 | M29: 0 | N29: 0 | O29: 0 | P29: =+H29+J29-K29-L29-M29-N29-O29 -> 65 | R29: 50 | S29: 100
A30: 27 | D30: DARK BAŞLIK | H30: ='KASIM 1 HAFTA'!P30 -> 232 | I30: Adet | J30: 0 | K30: 0 | L30: 0 | M30: 0 | N30: 0 | O30: 0 | P30: =+H30+J30-K30-L30-M30-N30-O30 -> 232 | R30: 20 | S30: 50
A31: 28 | D31: ZZ.VOX BAŞLIK | H31: ='KASIM 1 HAFTA'!P31 -> 668 | I31: Adet | J31: 0 | K31: 0 | L31: 0 | M31: 0 | N31: 0 | O31: 0 | P31: =+H31+J31-K31-L31-M31-N31-O31 -> 668 | R31: 50 | S31: 100
A32: 29 | D32: DARK SIRT PLASTİĞİ | H32: ='KASIM 1 HAFTA'!P32 -> 50 | I32: Adet | J32: 0 | K32: 0 | L32: 0 | M32: 0 | N32: 0 | O32: 0 | P32: =+H32+J32-K32-L32-M32-N32-O32 -> 50 | R32: 20 | S32: 50
A33: 30 | D33: SEKRETER İÇ / DIŞ PLASTİĞİ KONYA | H33: ='KASIM 1 HAFTA'!P33 -> 1115 | I33: Adet | J33: 0 | K33: 0 | L33: 0 | M33: 0 | N33: 0 | O33: 0 | P33: =+H33+J33-K33-L33-M33-N33-O33 -> 1115 | R33: 0
A34: 31 | D34: ZZ.NOORD KOL (ALFA) | H34: ='KASIM 1 HAFTA'!P34 -> 546 | I34: Adet | J34: 0 | K34: 0 | L34: 0 | M34: 0 | N34: 0 | O34: 0 | P34: =+H34+J34-K34-L34-M34-N34-O34 -> 546 | R34: 50 | S34: 100
A35: 32 | D35: DARK SIRT İÇ/DIŞ PLASTİĞİ | H35: ='KASIM 1 HAFTA'!P35 -> 100 | I35: Adet | J35: 0 | K35: 0 | L35: 0 | M35: 0 | N35: 0 | O35: 0 | P35: =+H35+J35-K35-L35-M35-N35-O35 -> 100 | R35: 20 | S35: 50
A36: 33 | D36: DORİ PLASTİK BAŞLIK(ALTIN B) | H36: ='KASIM 1 HAFTA'!P36 -> 934 | I36: Adet | J36: 0 | K36: 0 | L36: 0 | M36: 0 | N36: 0 | O36: 0 | P36: =+H36+J36-K36-L36-M36-N36-O36 -> 934 | R36: 0
A37: 34 | D37: ALFA OTURAK İÇ DIŞ PLASTİĞİ | H37: ='KASIM 1 HAFTA'!P37 -> 283 | I37: Adet | J37: 0 | K37: 0 | L37: 0 | M37: 0 | N37: 0 | O37: 0 | P37: =+H37+J37-K37-L37-M37-N37-O37 -> 283 | R37: 50 | S37: 100
A38: 35 | D38: ALFA SIRT PLASTİĞİ | H38: ='KASIM 1 HAFTA'!P38 -> 287 | I38: Adet | J38: 0 | K38: 0 | L38: 0 | M38: 0 | N38: 0 | O38: 0 | P38: =+H38+J38-K38-L38-M38-N38-O38 -> 287 | R38: 50 | S38: 100
A39: 36 | D39: NOORD BAŞLIK PLASTİĞİ (ALFA) | H39: ='KASIM 1 HAFTA'!P39 -> 27 | I39: Adet | J39: 0 | K39: 0 | L39: 0 | M39: 0 | N39: 0 | O39: 0 | P39: =+H39+J39-K39-L39-M39-N39-O39 -> 27 | R39: 50 | S39: 100
A40: 37 | D40: LİMA FONT İÇ PLASTİĞİ | H40: ='KASIM 1 HAFTA'!P40 -> 99 | I40: Adet | J40: 0 | K40: 0 | L40: 0 | M40: 0 | N40: 0 | O40: 0 | P40: =+H40+J40-K40-L40-M40-N40-O40 -> 99 | R40: 0
A41: 38 | D41: ZZ.MİLLORD(JOBB) SIRT İÇ/DIŞ PLASTİĞİ | H41: ='KASIM 1 HAFTA'!P41 -> 20 | I41: Adet | J41: 0 | K41: 0 | L41: 0 | M41: 0 | N41: 0 | O41: 0 | P41: =+H41+J41-K41-L41-M41-N41-O41 -> 20 | R41: 5 | S41: 10
A42: 39 | D42: ZZ.BETTA KOL | H42: 50 | I42: Adet | J42: 30 | K42: 0 | L42: 0 | M42: 0 | N42: 60 | O42: 0 | P42: =+H42+J42-K42-L42-M42-N42-O42 -> 20 | R42: 40 | S42: 100
A43: 40 | D43: ZZ.BETTA SIRT PLASTİĞİ | H43: 43 | I43: Adet | J43: 15 | K43: 0 | L43: 0 | M43: 0 | N43: 31 | O43: 0 | P43: =+H43+J43-K43-L43-M43-N43-O43 -> 27 | R43: 20 | S43: 50
A44: 41 | D44: ZZ.BETTA FONT DIŞ PLASTİĞİ | H44: 41 | I44: Adet | J44: 15 | K44: 0 | L44: 0 | M44: 0 | N44: 31 | O44: 0 | P44: =+H44+J44-K44-L44-M44-N44-O44 -> 25 | R44: 20 | S44: 50
A45: 42 | D45: ZZ.BETTA FONT İÇ PLASTİĞİ | H45: ='KASIM 1 HAFTA'!P45 -> 56 | I45: Adet | J45: 15 | K45: 0 | L45: 0 | M45: 0 | N45: 31 | O45: 0 | P45: =+H45+J45-K45-L45-M45-N45-O45 -> 40 | R45: 20 | S45: 50
A46: 43 | D46: ZZ.BOGA SIRT İÇ - DIŞ PLASTİĞİ BEYAZ | H46: ='KASIM 1 HAFTA'!P46 -> 44 | I46: Adet | J46: 0 | K46: 0 | L46: 0 | M46: 0 | N46: 0 | O46: 0 | P46: =+H46+J46-K46-L46-M46-N46-O46 -> 44 | R46: 10 | S46: 20
A47: 44 | D47: ZZ.BOGA SIRT İÇ - DIŞ PLASTİĞİ | H47: ='KASIM 1 HAFTA'!P47 -> 39 | I47: Adet | J47: 0 | K47: 0 | L47: 0 | M47: 0 | N47: 0 | O47: 0 | P47: =+H47+J47-K47-L47-M47-N47-O47 -> 39 | R47: 10 | S47: 20
A48: 45 | D48: ZZ.BOGA PLASTİK BAŞLIK | H48: ='KASIM 1 HAFTA'!P48 -> 1 | I48: Adet | J48: 0 | K48: 0 | L48: 0 | M48: 0 | N48: 0 | O48: 0 | P48: =+H48+J48-K48-L48-M48-N48-O48 -> 1 | R48: 10 | S48: 20
A49: 46 | D49: ZZ.60 GR VATKA ELYAF (1 TORBA = 5 KG ) | H49: 34 | I49: Kg | J49: 0 | K49: 34 | L49: 0 | M49: 0 | N49: 0 | O49: 0 | P49: =+H49+J49-K49-L49-M49-N49-O49 -> 0 | R49: 20 | S49: 100 | T49: KĞ
A50: 47 | D50: ZZ.KROM HONİK AYAK | H50: ='KASIM 1 HAFTA'!P50 -> 182 | I50: Adet | J50: 0 | K50: 0 | L50: 2 | M50: 0 | N50: 0 | O50: 0 | P50: =+H50+J50-K50-L50-M50-N50-O50 -> 180 | R50: 30 | S50: 100
A51: 48 | D51: ZZ.JAZZ SIRT PLASTİĞİ | H51: ='KASIM 1 HAFTA'!P51 -> 103 | I51: Adet | J51: 0 | K51: 0 | L51: 0 | M51: 0 | N51: 0 | O51: 0 | P51: =+H51+J51-K51-L51-M51-N51-O51 -> 103 | R51: 20 | S51: 50
A52: 49 | D52: ZZ.JAZZ OTURAK İÇ PLASTİĞİ | H52: ='KASIM 1 HAFTA'!P52 -> 49 | I52: Adet | J52: 0 | K52: 0 | L52: 0 | M52: 0 | N52: 0 | O52: 0 | P52: =+H52+J52-K52-L52-M52-N52-O52 -> 49 | R52: 20 | S52: 50
A53: 50 | D53: ZZ.JAZZ OTURAK DIŞ PLASTİĞİ | H53: ='KASIM 1 HAFTA'!P53 -> 49 | I53: Adet | J53: 0 | K53: 0 | L53: 0 | M53: 0 | N53: 0 | O53: 0 | P53: =+H53+J53-K53-L53-M53-N53-O53 -> 49 | R53: 20 | S53: 50
A54: 51 | D54: ZZ.YAPIŞTIRICI (UNITEK 63) | H54: 495 | I54: Kg | J54: 0 | K54: 45 | L54: 60 | M54: 30 | N54: 30 | O54: 15 | P54: =+H54+J54-K54-L54-M54-N54-O54 -> 315 | Q54: 16 KĞ | R54: 250 | S54: 750 | T54: KĞ
A55: 52 | D55: ZZ.32Q İÇ TAKOZ | H55: ='KASIM 1 HAFTA'!P55 -> 8000 | I55: Adet | J55: 0 | K55: 0 | L55: 0 | M55: 0 | N55: 0 | O55: 3500 | P55: =+H55+J55-K55-L55-M55-N55-O55 -> 4500 | R55: 0
A56: 53 | D56: ZZ.40x40 İÇ TAKOZ | H56: ='KASIM 1 HAFTA'!P56 -> 2000 | I56: Adet | J56: 0 | K56: 0 | L56: 0 | M56: 0 | N56: 0 | O56: 0 | P56: =+H56+J56-K56-L56-M56-N56-O56 -> 2000 | R56: 0
A57: 54 | D57: ZZ.32Q IZGARA TAKOZ | H57: ='KASIM 1 HAFTA'!P57 -> 2800 | I57: Adet | J57: 0 | K57: 0 | L57: 0 | M57: 0 | N57: 0 | O57: 0 | P57: =+H57+J57-K57-L57-M57-N57-O57 -> 2800 | R57: 0
A58: 55 | D58: ZZ.20x40 İÇ TAKOZ | H58: ='KASIM 1 HAFTA'!P58 -> 3000 | I58: Adet | J58: 0 | K58: 0 | L58: 0 | M58: 0 | N58: 0 | O58: 0 | P58: =+H58+J58-K58-L58-M58-N58-O58 -> 3000 | R58: 0
A59: 56 | D59: ZZ.25Q İÇ TAKOZ | H59: ='KASIM 1 HAFTA'!P59 -> 5000 | I59: Adet | J59: 0 | K59: 0 | L59: 0 | M59: 0 | N59: 0 | O59: 0 | P59: =+H59+J59-K59-L59-M59-N59-O59 -> 5000 | R59: 0
A60: 57 | D60: ZZ.25x50 ELİPS İÇ TAKOZ | H60: ='KASIM 1 HAFTA'!P60 -> 3000 | I60: Adet | J60: 0 | K60: 0 | L60: 0 | M60: 0 | N60: 0 | O60: 0 | P60: =+H60+J60-K60-L60-M60-N60-O60 -> 3000 | R60: 0
A61: 58 | D61: ZZ.25x25 İÇ TAKOZ | H61: ='KASIM 1 HAFTA'!P61 -> 5000 | I61: Adet | J61: 0 | K61: 0 | L61: 0 | M61: 0 | N61: 0 | O61: 0 | P61: =+H61+J61-K61-L61-M61-N61-O61 -> 5000 | R61: 0
A62: 59 | D62: OYUNCU KOLTUĞU MEKANİZMA TKM | H62: ='KASIM 1 HAFTA'!P62 -> 494 | I62: Adet | J62: 0 | K62: 0 | L62: 0 | M62: 0 | N62: 0 | O62: 0 | P62: =+H62+J62-K62-L62-M62-N62-O62 -> 494 | R62: 0
A63: 60 | D63: OFİS (DIAMOND) PLSTK AYAK | H63: ='KASIM 1 HAFTA'!P63 -> 684 | I63: Adet | J63: 800 | K63: 200 | L63: 0 | M63: 0 | N63: 0 | O63: 0 | P63: =+H63+J63-K63-L63-M63-N63-O63 -> 1284 | R63: 200 | S63: 1000
A64: 61 | D64: ZZ.Plastik L Ayak 180X180 | H64: ='KASIM 1 HAFTA'!P64 -> 447 | I64: Adet | J64: 0 | K64: 0 | L64: 0 | M64: 0 | N64: 0 | O64: 0 | P64: =+H64+J64-K64-L64-M64-N64-O64 -> 447 | R64: 100 | S64: 300
A65: 62 | D65: ZZ.PLASTİK ÜÇGEN AYAK 10 CM (TIESTO) | H65: ='KASIM 1 HAFTA'!P65 -> 315 | I65: Adet | J65: 0 | K65: 0 | L65: 0 | M65: 0 | N65: 0 | O65: 0 | P65: =+H65+J65-K65-L65-M65-N65-O65 -> 315 | R65: 100 | S65: 300
A66: 63 | D66: ZZ.STINGER PLASTİK AYAK -5.5 Ebru M8*35 | H66: ='KASIM 1 HAFTA'!P66 -> 350 | I66: Adet | J66: 0 | K66: 0 | L66: 0 | M66: 0 | N66: 0 | O66: 0 | P66: =+H66+J66-K66-L66-M66-N66-O66 -> 350 | R66: 100 | S66: 300
A67: 64 | D67: MODEL 5 AYAK 10CM (15 CM) | H67: ='KASIM 1 HAFTA'!P67 -> 1382 | I67: Adet | J67: 0 | K67: 0 | L67: 0 | M67: 0 | N67: 0 | O67: 0 | P67: =+H67+J67-K67-L67-M67-N67-O67 -> 1382 | R67: 100 | S67: 300
A68: 65 | D68: LEO TAKIM PLASTİK | H68: ='KASIM 1 HAFTA'!P68 -> 515 | I68: Adet | J68: 0 | K68: 0 | L68: 0 | M68: 0 | N68: 0 | O68: 0 | P68: =+H68+J68-K68-L68-M68-N68-O68 -> 515 | R68: 0
A69: 66 | D69: ZZ.NOORD SIRT PLASTİĞİ (ALFA) | H69: ='KASIM 1 HAFTA'!P69 -> 328 | I69: Adet | J69: 0 | K69: 0 | L69: 0 | M69: 0 | N69: 0 | O69: 0 | P69: =+H69+J69-K69-L69-M69-N69-O69 -> 328 | R69: 50 | S69: 100
A70: 67 | D70: BERBER KOLTUK TEPSİ | H70: ='KASIM 1 HAFTA'!P70 -> 95 | I70: Adet | J70: 0 | K70: 0 | L70: 0 | M70: 0 | N70: 0 | O70: 35 | P70: =+H70+J70-K70-L70-M70-N70-O70 -> 60 | R70: 0
A71: 68 | D71: PLASTİK YILDIZ AYAK 60 | H71: ='KASIM 1 HAFTA'!P71 -> 500 | I71: Adet | J71: 0 | K71: 0 | L71: 0 | M71: 0 | N71: 0 | O71: 0 | P71: =+H71+J71-K71-L71-M71-N71-O71 -> 500 | R71: 300 | S71: 1000
A72: 69 | D72: ZZ.VEGA (FORM) KOL TABLASI | H72: ='KASIM 1 HAFTA'!P72 -> 0 | I72: Adet | J72: 0 | K72: 0 | L72: 0 | M72: 0 | N72: 0 | O72: 0 | P72: =+H72+J72-K72-L72-M72-N72-O72 -> 0 | R72: 50 | S72: 150
A73: 70 | D73: TELA BEZ 20 GR | H73: ='KASIM 1 HAFTA'!P73 -> 32 | I73: KĞ | J73: 0 | K73: 0 | L73: 0 | M73: 0 | N73: 0 | O73: 0 | P73: =+H73+J73-K73-L73-M73-N73-O73 -> 32 | Q73: 32 kğ | R73: 65 | S73: 150
A74: 71 | D74: SİEANNA,KARİNA PLASTİK KOL | H74: ='KASIM 1 HAFTA'!P74 -> 152 | I74: Adet | J74: 0 | K74: 0 | L74: 0 | M74: 0 | N74: 10 | O74: 0 | P74: =+H74+J74-K74-L74-M74-N74-O74 -> 142 | R74: 50 | S74: 100
A75: 72 | D75: VOX OTURAK,SIRT İÇ DIŞ PLS. | H75: ='KASIM 1 HAFTA'!P75 -> 32 | I75: Adet | J75: 0 | K75: 0 | L75: 0 | M75: 0 | N75: 0 | O75: 0 | P75: =+H75+J75-K75-L75-M75-N75-O75 -> 32 | R75: 50 | S75: 100
A76: 73 | D76: POLO PLASTİK TAKIMI | H76: ='KASIM 1 HAFTA'!P76 -> 37 | I76: Adet | J76: 0 | K76: 0 | L76: 0 | M76: 0 | N76: 0 | O76: 0 | P76: =+H76+J76-K76-L76-M76-N76-O76 -> 37 | R76: 0
A77: 74 | D77: VEGA FORM ÇAKMA KOL | H77: ='KASIM 1 HAFTA'!P77 -> 50 | I77: Adet | J77: 0 | K77: 0 | L77: 0 | M77: 0 | N77: 0 | O77: 0 | P77: =+H77+J77-K77-L77-M77-N77-O77 -> 50 | R77: 100 | S77: 200
A78: 75 | D78: EXPERİ KOL | H78: ='KASIM 1 HAFTA'!P78 -> 0 | I78: Adet | J78: 0 | K78: 0 | L78: 0 | M78: 0 | N78: 0 | O78: 0 | P78: =+H78+J78-K78-L78-M78-N78-O78 -> 0 | R78: 0
A79: 76 | D79: 100*160 BASKISIZ NAYLON | H79: ='KASIM 1 HAFTA'!P79 -> 296 | I79: Adet | J79: 0 | K79: 0 | L79: 50 | M79: 0 | N79: 0 | O79: 25 | P79: =+H79+J79-K79-L79-M79-N79-O79 -> 221 | R79: 100 | S79: 500 | T79: KĞ
A80: 77 | D80: HARMANY S KOL PLSTİK | H80: ='KASIM 1 HAFTA'!P80 -> 40 | I80: Adet | J80: 0 | K80: 0 | L80: 0 | M80: 0 | N80: 0 | O80: 0 | P80: =+H80+J80-K80-L80-M80-N80-O80 -> 40 | R80: 0
A81: 78 | D81: STREÇ NAYLON | H81: ='KASIM 1 HAFTA'!P81 -> 114 | I81: Adet | J81: 0 | K81: 6 | L81: 0 | M81: 12 | N81: 3 | O81: 15 | P81: =+H81+J81-K81-L81-M81-N81-O81 -> 78 | R81: 30 | S81: 100
A82: 79 | D82: AB1508 COBRA CEZAR KOL | H82: ='KASIM 1 HAFTA'!P82 -> 520 | I82: Adet | J82: 0 | K82: 220 | L82: 0 | M82: 0 | N82: 0 | O82: 0 | P82: =+H82+J82-K82-L82-M82-N82-O82 -> 300 | R82: 60 | S82: 100
A83: 80 | D83: ELASTİK KOLON | H83: 1000 | I83: METRE | J83: 3000 | K83: 0 | L83: 0 | M83: 0 | N83: 0 | O83: 0 | P83: =+H83+J83-K83-L83-M83-N83-O83 -> 4000

Sheet KASIM 3 HAFTA 
P1: =+H1+J1-K1-L1-M1-N1-O1 -> 0
O2: 44837
A3: S.NO | D3: ÜRÜN ADI | H3: ADET | I3: BİRİM | J3: GİRİŞ | K3: 44879 | L3: 44880 | M3: 44881 | N3: 44882 | O3: 44883 | P3: KALAN | R3: MİNİMUN | S3: MAKSİMUN
A4: 1 | D4: ZZ.KORUMA FİLESİ | H4: ='KASIM 2 HAFTA '!P4 -> 181 | I4: Kg | J4: 0 | K4: 0 | L4: 0 | M4: 0 | N4: 0 | O4: 0 | P4: =+H4+J4-K4-L4-M4-N4-O4 -> 181 | Q4: 17 KĞ | R4: 100 | S4: 500 | T4: KĞ
A5: 2 | D5: ZZ.RADO (NİTRO) AYAKLI KOL | H5: ='KASIM 2 HAFTA '!P5 -> 28 | I5: Adet | J5: 0 | K5: 0 | L5: 0 | M5: 0 | N5: 0 | O5: 0 | P5: =+H5+J5-K5-L5-M5-N5-O5 -> 28 | R5: 6 | S5: 10
A6: 3 | D6: ZZ.ORBİT (BİLGİN) KOL | H6: 14 | I6: Adet | J6: 0 | K6: 0 | L6: 0 | M6: 0 | N6: 0 | O6: 0 | P6: =+H6+J6-K6-L6-M6-N6-O6 -> 14 | R6: 6 | S6: 10
A7: 4 | D7: ZZ.MAKER YAY KOL | H7: ='KASIM 2 HAFTA '!P7 -> 58 | I7: Adet | J7: 0 | K7: 0 | L7: 0 | M7: 0 | N7: 0 | O7: 0 | P7: =+H7+J7-K7-L7-M7-N7-O7 -> 58 | R7: 6 | S7: 10
A8: 5 | D8: ZZ.JAZZ T KOL | H8: ='KASIM 2 HAFTA '!P8 -> 214 | I8: Adet | J8: 0 | K8: 0 | L8: 2 | M8: 14 | N8: 72 | O8: 0 | P8: =+H8+J8-K8-L8-M8-N8-O8 -> 126 | R8: 100 | S8: 400
A9: 6 | D9: ZZ.STELLA ÜÇGEN PLASTİK KROM KOL | H9: ='KASIM 2 HAFTA '!P9 -> 0 | I9: Adet | J9: 200 | K9: 0 | L9: 0 | M9: 40 | N9: 0 | O9: 0 | P9: =+H9+J9-K9-L9-M9-N9-O9 -> 160 | R9: 60 | S9: 200
A10: 7 | D10: ZZ.PENTA KOL (ayarlı,onyar başlı) | H10: ='KASIM 2 HAFTA '!P10 -> 2131 | I10: Adet | J10: 0 | K10: 0 | L10: 0 | M10: 250 | N10: 0 | O10: 14 | P10: =+H10+J10-K10-L10-M10-N10-O10 -> 1867 | R10: 200 | S10: 500
A11: 8 | D11: ZZ.WENGE KOL PLASTİK | H11: ='KASIM 2 HAFTA '!P11 -> 496 | I11: Adet | J11: 0 | K11: 0 | L11: 0 | M11: 0 | N11: 0 | O11: 0 | P11: =+H11+J11-K11-L11-M11-N11-O11 -> 496 | R11: 0 | S11: 0
A12: 9 | D12: ZZ.PRESTİJ (KİNG EKO PLASTİK ) KOL | H12: ='KASIM 2 HAFTA '!P12 -> 60 | I12: Adet | J12: 0 | K12: 0 | L12: 0 | M12: 0 | N12: 0 | O12: 0 | P12: =+H12+J12-K12-L12-M12-N12-O12 -> 60 | R12: 200 | S12: 400
A13: 10 | D13: ZZ.WARLOCK (ELEGANCE) KOL | H13: ='KASIM 2 HAFTA '!P13 -> 42 | I13: Adet | J13: 0 | K13: 0 | L13: 0 | M13: 0 | N13: 0 | O13: 0 | P13: =+H13+J13-K13-L13-M13-N13-O13 -> 42 | R13: 0
A14: 11 | D14: CYBORG KOL | H14: ='KASIM 2 HAFTA '!P14 -> 6 | I14: Adet | J14: 0 | K14: 0 | L14: 0 | M14: 6 | N14: 0 | O14: 0 | P14: =+H14+J14-K14-L14-M14-N14-O14 -> 0 | R14: 20 | S14: 50
A15: 12 | D15: ZZ. MARKOL(SAKURE) (AHŞAP AÇIK KOL) | H15: ='KASIM 2 HAFTA '!P15 -> 26 | I15: Adet | J15: 0 | K15: 0 | L15: 0 | M15: 0 | N15: 0 | O15: 0 | P15: =+H15+J15-K15-L15-M15-N15-O15 -> 26 | R15: 100 | S15: 200
A16: 13 | D16: ZZ.SEAT ALÜMİNYUM KOL | H16: ='KASIM 2 HAFTA '!P16 -> 90 | I16: Adet | J16: 0 | K16: 0 | L16: 0 | M16: 0 | N16: 0 | O16: 0 | P16: =+H16+J16-K16-L16-M16-N16-O16 -> 90 | R16: 0
A17: 14 | D17: PLASTİK YILDIZ AYAK ÇİN GÜMÜŞ GRİ | H17: ='KASIM 2 HAFTA '!P17 -> 800 | I17: Adet | J17: 0 | K17: 0 | L17: 0 | M17: 0 | N17: 0 | O17: 0 | P17: =+H17+J17-K17-L17-M17-N17-O17 -> 800 | R17: 0
A18: 15 | D18: ZZ.NEO BAR TABURESİ AYAK ÇEMBERİ | H18: ='KASIM 2 HAFTA '!P18 -> 17 | I18: Adet | J18: 50 | K18: 0 | L18: 0 | M18: 0 | N18: 5 | O18: 0 | P18: =+H18+J18-K18-L18-M18-N18-O18 -> 62 | R18: 20 | S18: 50
A19: 16 | D19: ZZ.NEO BAR TEPSİ AYAK 4Q5 | H19: ='KASIM 2 HAFTA '!P19 -> 17 | I19: Adet | J19: 50 | K19: 0 | L19: 0 | M19: 0 | N19: 5 | O19: 0 | P19: =+H19+J19-K19-L19-M19-N19-O19 -> 62 | R19: 20 | S19: 50
A20: 17 | D20: ZZ.NEO BAR AMORTİSÖRÜ 260 LIK | H20: ='KASIM 2 HAFTA '!P20 -> 49 | I20: Adet | J20: 50 | K20: 0 | L20: 0 | M20: 0 | N20: 5 | O20: 0 | P20: =+H20+J20-K20-L20-M20-N20-O20 -> 94 | R20: 20 | S20: 50
A21: 18 | D21: ZZ.EFOR ŞEF SET KOL +SIRT İÇ-DIŞ | H21: ='KASIM 2 HAFTA '!P21 -> 33 | I21: Adet | J21: 0 | K21: 0 | L21: 0 | M21: 0 | N21: 0 | O21: 0 | P21: =+H21+J21-K21-L21-M21-N21-O21 -> 33 | R21: 0
A22: 19 | D22: ZZ.BONCUK ELYAF ( 1 TORBA = 10 KG ) | H22: ='KASIM 2 HAFTA '!P22 -> 360 | I22: Kg | J22: 0 | K22: 130 | L22: 10 | M22: 0 | N22: 90 | O22: 0 | P22: =+H22+J22-K22-L22-M22-N22-O22 -> 130 | R22: 50 | S22: 200
A23: 20 | D23: İNCİ SEKRETER İÇ DIŞ PLASTİĞİ | H23: ='KASIM 2 HAFTA '!P23 -> 2000 | I23: Adet | J23: 0 | K23: 0 | L23: 0 | M23: 0 | N23: 0 | O23: 0 | P23: =+H23+J23-K23-L23-M23-N23-O23 -> 2000 | R23: 0
A24: 21 | D24: TETRA OTURAK İÇ DIŞ PLASTİK AB 3355 | H24: ='KASIM 2 HAFTA '!P24 -> 279 | I24: Adet | J24: 0 | K24: 0 | L24: 0 | M24: 0 | N24: 6 | O24: 0 | P24: =+H24+J24-K24-L24-M24-N24-O24 -> 273 | R24: 0
A25: 22 | D25: EVO SIRT PLASTİĞİ | H25: ='KASIM 2 HAFTA '!P25 -> 40 | I25: Adet | J25: 0 | K25: 0 | L25: 0 | M25: 0 | N25: 0 | O25: 0 | P25: =+H25+J25-K25-L25-M25-N25-O25 -> 40 | R25: 0
A26: 23 | D26: DARK OTURAK İÇ/DIŞ PLASTİK | H26: ='KASIM 2 HAFTA '!P26 -> 168 | I26: Adet | J26: 0 | K26: 0 | L26: 0 | M26: 0 | N26: 0 | O26: 0 | P26: =+H26+J26-K26-L26-M26-N26-O26 -> 168 | R26: 20 | S26: 50
A27: 24 | D27: EVO OTURAK İÇ/DIŞ PLASTİĞİ | H27: ='KASIM 2 HAFTA '!P27 -> 42 | I27: Adet | J27: 0 | K27: 0 | L27: 0 | M27: 0 | N27: 0 | O27: 0 | P27: =+H27+J27-K27-L27-M27-N27-O27 -> 42 | R27: 20 | S27: 50
A28: 25 | D28: ZZ.ZİRVE (BAG 25) SIRT DIŞ KAPAK | H28: ='KASIM 2 HAFTA '!P28 -> 50 | I28: Adet | J28: 0 | K28: 0 | L28: 0 | M28: 0 | N28: 0 | O28: 0 | P28: =+H28+J28-K28-L28-M28-N28-O28 -> 50 | R28: 50 | S28: 100
A29: 26 | D29: ZZ.ZİRVE (BAG 25 ) SIRT İÇ KAPAK | H29: ='KASIM 2 HAFTA '!P29 -> 65 | I29: Adet | J29: 0 | K29: 0 | L29: 0 | M29: 0 | N29: 0 | O29: 0 | P29: =+H29+J29-K29-L29-M29-N29-O29 -> 65 | R29: 50 | S29: 100
A30: 27 | D30: DARK BAŞLIK | H30: ='KASIM 2 HAFTA '!P30 -> 232 | I30: Adet | J30: 0 | K30: 0 | L30: 0 | M30: 0 | N30: 0 | O30: 0 | P30: =+H30+J30-K30-L30-M30-N30-O30 -> 232 | R30: 20 | S30: 50
A31: 28 | D31: ZZ.VOX BAŞLIK | H31: ='KASIM 2 HAFTA '!P31 -> 668 | I31: Adet | J31: 0 | K31: 0 | L31: 0 | M31: 112 | N31: 0 | O31: 0 | P31: =+H31+J31-K31-L31-M31-N31-O31 -> 556 | R31: 50 | S31: 100
A32: 29 | D32: DARK SIRT PLASTİĞİ | H32: ='KASIM 2 HAFTA '!P32 -> 50 | I32: Adet | J32: 0 | K32: 0 | L32: 0 | M32: 0 | N32: 0 | O32: 0 | P32: =+H32+J32-K32-L32-M32-N32-O32 -> 50 | R32: 20 | S32: 50
A33: 30 | D33: SEKRETER İÇ / DIŞ PLASTİĞİ KONYA | H33: ='KASIM 2 HAFTA '!P33 -> 1115 | I33: Adet | J33: 0 | K33: 0 | L33: 0 | M33: 0 | N33: 0 | O33: 0 | P33: =+H33+J33-K33-L33-M33-N33-O33 -> 1115 | R33: 0
A34: 31 | D34: ZZ.NOORD KOL (ALFA) | H34: ='KASIM 2 HAFTA '!P34 -> 546 | I34: Adet | J34: 0 | K34: 0 | L34: 0 | M34: 0 | N34: 0 | O34: 0 | P34: =+H34+J34-K34-L34-M34-N34-O34 -> 546 | R34: 50 | S34: 100
A35: 32 | D35: DARK SIRT İÇ/DIŞ PLASTİĞİ | H35: ='KASIM 2 HAFTA '!P35 -> 100 | I35: Adet | J35: 0 | K35: 0 | L35: 0 | M35: 0 | N35: 0 | O35: 6 | P35: =+H35+J35-K35-L35-M35-N35-O35 -> 94 | R35: 20 | S35: 50
A36: 33 | D36: DORİ PLASTİK BAŞLIK(ALTIN B) | H36: ='KASIM 2 HAFTA '!P36 -> 934 | I36: Adet | J36: 0 | K36: 0 | L36: 0 | M36: 0 | N36: 0 | O36: 0 | P36: =+H36+J36-K36-L36-M36-N36-O36 -> 934 | R36: 0
A37: 34 | D37: ALFA OTURAK İÇ DIŞ PLASTİĞİ | H37: ='KASIM 2 HAFTA '!P37 -> 283 | I37: Adet | J37: 0 | K37: 0 | L37: 0 | M37: 0 | N37: 0 | O37: 0 | P37: =+H37+J37-K37-L37-M37-N37-O37 -> 283 | R37: 50 | S37: 100
A38: 35 | D38: ALFA SIRT PLASTİĞİ | H38: ='KASIM 2 HAFTA '!P38 -> 287 | I38: Adet | J38: 0 | K38: 0 | L38: 0 | M38: 0 | N38: 0 | O38: 0 | P38: =+H38+J38-K38-L38-M38-N38-O38 -> 287 | R38: 50 | S38: 100
A39: 36 | D39: NOORD BAŞLIK PLASTİĞİ (ALFA) | H39: ='KASIM 2 HAFTA '!P39 -> 27 | I39: Adet | J39: 0 | K39: 0 | L39: 0 | M39: 0 | N39: 0 | O39: 0 | P39: =+H39+J39-K39-L39-M39-N39-O39 -> 27 | R39: 50 | S39: 100
A40: 37 | D40: LİMA FONT İÇ PLASTİĞİ | H40: ='KASIM 2 HAFTA '!P40 -> 99 | I40: Adet | J40: 0 | K40: 0 | L40: 0 | M40: 0 | N40: 0 | O40: 0 | P40: =+H40+J40-K40-L40-M40-N40-O40 -> 99 | R40: 0
A41: 38 | D41: ZZ.MİLLORD(JOBB) SIRT İÇ/DIŞ PLASTİĞİ | H41: ='KASIM 2 HAFTA '!P41 -> 20 | I41: Adet | J41: 0 | K41: 0 | L41: 0 | M41: 0 | N41: 0 | O41: 0 | P41: =+H41+J41-K41-L41-M41-N41-O41 -> 20 | R41: 5 | S41: 10
A42: 39 | D42: ZZ.BETTA KOL | H42: ='KASIM 2 HAFTA '!P42 -> 20 | I42: Adet | J42: 100 | K42: 0 | L42: 0 | M42: 0 | N42: 0 | O42: 0 | P42: =+H42+J42-K42-L42-M42-N42-O42 -> 120 | R42: 40 | S42: 100
A43: 40 | D43: ZZ.BETTA SIRT PLASTİĞİ | H43: ='KASIM 2 HAFTA '!P43 -> 27 | I43: Adet | J43: 100 | K43: 0 | L43: 0 | M43: 0 | N43: 0 | O43: 0 | P43: =+H43+J43-K43-L43-M43-N43-O43 -> 127 | R43: 20 | S43: 50
A44: 41 | D44: ZZ.BETTA FONT DIŞ PLASTİĞİ | H44: ='KASIM 2 HAFTA '!P44 -> 25 | I44: Adet | J44: 100 | K44: 0 | L44: 0 | M44: 0 | N44: 0 | O44: 0 | P44: =+H44+J44-K44-L44-M44-N44-O44 -> 125 | R44: 20 | S44: 50
A45: 42 | D45: ZZ.BETTA FONT İÇ PLASTİĞİ | H45: ='KASIM 2 HAFTA '!P45 -> 40 | I45: Adet | J45: 100 | K45: 0 | L45: 0 | M45: 0 | N45: 0 | O45: 0 | P45: =+H45+J45-K45-L45-M45-N45-O45 -> 140 | R45: 20 | S45: 50
A46: 43 | D46: ZZ.BOGA SIRT İÇ - DIŞ PLASTİĞİ BEYAZ | H46: ='KASIM 2 HAFTA '!P46 -> 44 | I46: Adet | J46: 20 | K46: 0 | L46: 0 | M46: 0 | N46: 0 | O46: 1 | P46: =+H46+J46-K46-L46-M46-N46-O46 -> 63 | R46: 10 | S46: 20
A47: 44 | D47: ZZ.BOGA SIRT İÇ - DIŞ PLASTİĞİ | H47: ='KASIM 2 HAFTA '!P47 -> 39 | I47: Adet | J47: 0 | K47: 0 | L47: 0 | M47: 0 | N47: 0 | O47: 1 | P47: =+H47+J47-K47-L47-M47-N47-O47 -> 38 | R47: 10 | S47: 20
A48: 45 | D48: ZZ.BOGA PLASTİK BAŞLIK | H48: ='KASIM 2 HAFTA '!P48 -> 1 | I48: Adet | J48: 0 | K48: 0 | L48: 0 | M48: 0 | N48: 0 | O48: 1 | P48: =+H48+J48-K48-L48-M48-N48-O48 -> 0 | R48: 10 | S48: 20
A49: 46 | D49: ZZ.60 GR VATKA ELYAF (1 TORBA = 5 KG ) | H49: ='KASIM 2 HAFTA '!P49 -> 0 | I49: Kg | J49: 0 | K49: 0 | L49: 0 | M49: 0 | N49: 0 | O49: 0 | P49: =+H49+J49-K49-L49-M49-N49-O49 -> 0 | R49: 20 | S49: 100 | T49: KĞ
A50: 47 | D50: ZZ.KROM HONİK AYAK | H50: ='KASIM 2 HAFTA '!P50 -> 180 | I50: Adet | J50: 0 | K50: 0 | L50: 0 | M50: 0 | N50: 6 | O50: 2 | P50: =+H50+J50-K50-L50-M50-N50-O50 -> 172 | R50: 30 | S50: 100
A51: 48 | D51: ZZ.JAZZ SIRT PLASTİĞİ | H51: ='KASIM 2 HAFTA '!P51 -> 103 | I51: Adet | J51: 0 | K51: 0 | L51: 0 | M51: 7 | N51: 0 | O51: 0 | P51: =+H51+J51-K51-L51-M51-N51-O51 -> 96 | R51: 20 | S51: 50
A52: 49 | D52: ZZ.JAZZ OTURAK İÇ PLASTİĞİ | H52: ='KASIM 2 HAFTA '!P52 -> 49 | I52: Adet | J52: 0 | K52: 0 | L52: 0 | M52: 7 | N52: 0 | O52: 0 | P52: =+H52+J52-K52-L52-M52-N52-O52 -> 42 | R52: 20 | S52: 50
A53: 50 | D53: ZZ.JAZZ OTURAK DIŞ PLASTİĞİ | H53: ='KASIM 2 HAFTA '!P53 -> 49 | I53: Adet | J53: 0 | K53: 0 | L53: 0 | M53: 7 | N53: 0 | O53: 0 | P53: =+H53+J53-K53-L53-M53-N53-O53 -> 42 | R53: 20 | S53: 50
A54: 51 | D54: ZZ.YAPIŞTIRICI (UNITEK 63) | H54: 300 | I54: Kg | J54: 135 | K54: 30 | L54: 45 | M54: 60 | N54: 30 | O54: 30 | P54: =+H54+J54-K54-L54-M54-N54-O54 -> 240 | Q54: 16 KĞ | R54: 250 | S54: 750 | T54: KĞ
A55: 52 | D55: ZZ.32Q İÇ TAKOZ | H55: ='KASIM 2 HAFTA '!P55 -> 4500 | I55: Adet | J55: 0 | K55: 0 | L55: 0 | M55: 0 | N55: 0 | O55: 0 | P55: =+H55+J55-K55-L55-M55-N55-O55 -> 4500 | R55: 0
A56: 53 | D56: ZZ.40x40 İÇ TAKOZ | H56: ='KASIM 2 HAFTA '!P56 -> 2000 | I56: Adet | J56: 0 | K56: 0 | L56: 0 | M56: 0 | N56: 0 | O56: 0 | P56: =+H56+J56-K56-L56-M56-N56-O56 -> 2000 | R56: 0
A57: 54 | D57: ZZ.32Q IZGARA TAKOZ | H57: ='KASIM 2 HAFTA '!P57 -> 2800 | I57: Adet | J57: 0 | K57: 0 | L57: 0 | M57: 0 | N57: 0 | O57: 0 | P57: =+H57+J57-K57-L57-M57-N57-O57 -> 2800 | R57: 0
A58: 55 | D58: ZZ.20x40 İÇ TAKOZ | H58: ='KASIM 2 HAFTA '!P58 -> 3000 | I58: Adet | J58: 0 | K58: 0 | L58: 0 | M58: 0 | N58: 0 | O58: 0 | P58: =+H58+J58-K58-L58-M58-N58-O58 -> 3000 | R58: 0
A59: 56 | D59: ZZ.25Q İÇ TAKOZ | H59: ='KASIM 2 HAFTA '!P59 -> 5000 | I59: Adet | J59: 0 | K59: 0 | L59: 0 | M59: 0 | N59: 0 | O59: 0 | P59: =+H59+J59-K59-L59-M59-N59-O59 -> 5000 | R59: 0
A60: 57 | D60: ZZ.25x50 ELİPS İÇ TAKOZ | H60: ='KASIM 2 HAFTA '!P60 -> 3000 | I60: Adet | J60: 0 | K60: 0 | L60: 0 | M60: 0 | N60: 0 | O60: 0 | P60: =+H60+J60-K60-L60-M60-N60-O60 -> 3000 | R60: 0
A61: 58 | D61: ZZ.25x25 İÇ TAKOZ | H61: ='KASIM 2 HAFTA '!P61 -> 5000 | I61: Adet | J61: 0 | K61: 0 | L61: 0 | M61: 0 | N61: 0 | O61: 0 | P61: =+H61+J61-K61-L61-M61-N61-O61 -> 5000 | R61: 0
A62: 59 | D62: OYUNCU KOLTUĞU MEKANİZMA TKM | H62: ='KASIM 2 HAFTA '!P62 -> 494 | I62: Adet | J62: 0 | K62: 0 | L62: 0 | M62: 0 | N62: 0 | O62: 0 | P62: =+H62+J62-K62-L62-M62-N62-O62 -> 494 | R62: 0
A63: 60 | D63: OFİS (DIAMOND) PLSTK AYAK | H63: ='KASIM 2 HAFTA '!P63 -> 1284 | I63: Adet | J63: 0 | K63: 0 | L63: 0 | M63: 100 | N63: 0 | O63: 0 | P63: =+H63+J63-K63-L63-M63-N63-O63 -> 1184 | R63: 200 | S63: 1000
A64: 61 | D64: ZZ.Plastik L Ayak 180X180 | H64: ='KASIM 2 HAFTA '!P64 -> 447 | I64: Adet | J64: 0 | K64: 0 | L64: 0 | M64: 0 | N64: 0 | O64: 0 | P64: =+H64+J64-K64-L64-M64-N64-O64 -> 447 | R64: 100 | S64: 300
A65: 62 | D65: ZZ.PLASTİK ÜÇGEN AYAK 10 CM (TIESTO) | H65: ='KASIM 2 HAFTA '!P65 -> 315 | I65: Adet | J65: 0 | K65: 0 | L65: 0 | M65: 0 | N65: 0 | O65: 0 | P65: =+H65+J65-K65-L65-M65-N65-O65 -> 315 | R65: 100 | S65: 300
A66: 63 | D66: ZZ.STINGER PLASTİK AYAK -5.5 Ebru M8*35 | H66: ='KASIM 2 HAFTA '!P66 -> 350 | I66: Adet | J66: 0 | K66: 0 | L66: 0 | M66: 0 | N66: 0 | O66: 0 | P66: =+H66+J66-K66-L66-M66-N66-O66 -> 350 | R66: 100 | S66: 300
A67: 64 | D67: MODEL 5 AYAK 10CM (15 CM) | H67: ='KASIM 2 HAFTA '!P67 -> 1382 | I67: Adet | J67: 0 | K67: 0 | L67: 0 | M67: 0 | N67: 208 | O67: 12 | P67: =+H67+J67-K67-L67-M67-N67-O67 -> 1162 | R67: 100 | S67: 300
A68: 65 | D68: LEO TAKIM PLASTİK | H68: ='KASIM 2 HAFTA '!P68 -> 515 | I68: Adet | J68: 0 | K68: 0 | L68: 0 | M68: 0 | N68: 0 | O68: 0 | P68: =+H68+J68-K68-L68-M68-N68-O68 -> 515 | R68: 0
A69: 66 | D69: ZZ.NOORD SIRT PLASTİĞİ (ALFA) | H69: ='KASIM 2 HAFTA '!P69 -> 328 | I69: Adet | J69: 0 | K69: 0 | L69: 0 | M69: 0 | N69: 0 | O69: 0 | P69: =+H69+J69-K69-L69-M69-N69-O69 -> 328 | R69: 50 | S69: 100
A70: 67 | D70: BERBER KOLTUK TEPSİ | H70: ='KASIM 2 HAFTA '!P70 -> 60 | I70: Adet | J70: 0 | K70: 0 | L70: 0 | M70: 0 | N70: 0 | O70: 0 | P70: =+H70+J70-K70-L70-M70-N70-O70 -> 60 | R70: 0
A71: 68 | D71: PLASTİK YILDIZ AYAK 60 | H71: ='KASIM 2 HAFTA '!P71 -> 500 | I71: Adet | J71: 0 | K71: 0 | L71: 0 | M71: 0 | N71: 0 | O71: 0 | P71: =+H71+J71-K71-L71-M71-N71-O71 -> 500 | R71: 300 | S71: 1000
A72: 69 | D72: ZZ.VEGA (FORM) KOL TABLASI | H72: ='KASIM 2 HAFTA '!P72 -> 0 | I72: Adet | J72: 0 | K72: 0 | L72: 0 | M72: 0 | N72: 0 | O72: 0 | P72: =+H72+J72-K72-L72-M72-N72-O72 -> 0 | R72: 50 | S72: 150
A73: 70 | D73: TELA BEZ 20 GR | H73: ='KASIM 2 HAFTA '!P73 -> 32 | I73: KĞ | J73: 0 | K73: 0 | L73: 0 | M73: 0 | N73: 0 | O73: 0 | P73: =+H73+J73-K73-L73-M73-N73-O73 -> 32 | Q73: 32 kğ | R73: 65 | S73: 150
A74: 71 | D74: SİEANNA,KARİNA PLASTİK KOL | H74: ='KASIM 2 HAFTA '!P74 -> 142 | I74: Adet | J74: 0 | K74: 0 | L74: 0 | M74: 0 | N74: 0 | O74: 0 | P74: =+H74+J74-K74-L74-M74-N74-O74 -> 142 | R74: 50 | S74: 100
A75: 72 | D75: VOX OTURAK,SIRT İÇ DIŞ PLS. | H75: ='KASIM 2 HAFTA '!P75 -> 32 | I75: Adet | J75: 100 | K75: 0 | L75: 5 | M75: 106 | N75: 0 | O75: 0 | P75: =+H75+J75-K75-L75-M75-N75-O75 -> 21 | R75: 50 | S75: 100
A76: 73 | D76: POLO PLASTİK TAKIMI | H76: ='KASIM 2 HAFTA '!P76 -> 37 | I76: Adet | J76: 0 | K76: 0 | L76: 0 | M76: 0 | N76: 0 | O76: 0 | P76: =+H76+J76-K76-L76-M76-N76-O76 -> 37 | R76: 0
A77: 74 | D77: VEGA FORM ÇAKMA KOL | H77: ='KASIM 2 HAFTA '!P77 -> 50 | I77: Adet | J77: 0 | K77: 0 | L77: 0 | M77: 0 | N77: 0 | O77: 0 | P77: =+H77+J77-K77-L77-M77-N77-O77 -> 50 | R77: 100 | S77: 200
A78: 75 | D78: EXPERİ KOL | H78: ='KASIM 2 HAFTA '!P78 -> 0 | I78: Adet | J78: 0 | K78: 0 | L78: 0 | M78: 0 | N78: 0 | O78: 0 | P78: =+H78+J78-K78-L78-M78-N78-O78 -> 0 | R78: 0
A79: 76 | D79: 100*160 BALONLU NAYLON | H79: ='KASIM 2 HAFTA '!P79 -> 221 | I79: Adet | J79: 0 | K79: 0 | L79: 25 | M79: 0 | N79: 0 | O79: 25 | P79: =+H79+J79-K79-L79-M79-N79-O79 -> 171 | R79: 100 | S79: 500 | T79: KĞ
A80: 77 | D80: HARMANY S KOL PLSTİK | H80: ='KASIM 2 HAFTA '!P80 -> 40 | I80: Adet | J80: 0 | K80: 0 | L80: 0 | M80: 0 | N80: 0 | O80: 0 | P80: =+H80+J80-K80-L80-M80-N80-O80 -> 40 | R80: 0
A81: 78 | D81: STREÇ NAYLON | H81: ='KASIM 2 HAFTA '!P81 -> 78 | I81: Adet | J81: 0 | K81: 12 | L81: 0 | M81: 10 | N81: 0 | O81: 20 | P81: =+H81+J81-K81-L81-M81-N81-O81 -> 36 | R81: 30 | S81: 100
A82: 79 | D82: AB1508 COBRA CEZAR KOL | H82: ='KASIM 2 HAFTA '!P82 -> 300 | I82: Adet | J82: 0 | K82: 0 | L82: 0 | M82: 0 | N82: 0 | O82: 0 | P82: =+H82+J82-K82-L82-M82-N82-O82 -> 300 | R82: 60 | S82: 100
A83: 80 | D83: ELASTİK KOLON | H83: 4000 | I83: MT | J83: 0 | K83: 0 | L83: 0 | M83: 500 | N83: 500 | O83: 0 | P83: =+H83+J83-K83-L83-M83-N83-O83 -> 3000 | R83: 1000 | S83: 10000

Sheet KASIM 4 HAFTA 
P1: =+H1+J1-K1-L1-M1-N1-O1 -> 0
S2: 44837
A3: S.NO | D3: ÜRÜN ADI | H3: ADET | I3: BİRİM | J3: GİRİŞ | K3: 44886 | L3: 44887 | M3: 44888 | N3: 44889 | O3: 44890 | P3: KALAN | R3: MİNİMUN | S3: MAKSİMUN
A4: 1 | D4: ZZ.KORUMA FİLESİ | H4: ='KASIM 3 HAFTA '!P4 -> 181 | I4: Kg | J4: 0 | K4: 0 | L4: 0 | M4: 17 | N4: 0 | O4: 0 | P4: =+H4+J4-K4-L4-M4-N4-O4 -> 164 | Q4: 17 KĞ | R4: 100 | S4: 500 | T4: KĞ
A5: 2 | D5: ZZ.RADO (NİTRO) AYAKLI KOL | H5: ='KASIM 3 HAFTA '!P5 -> 28 | I5: Adet | J5: 0 | K5: 0 | L5: 0 | M5: 0 | N5: 0 | O5: 0 | P5: =+H5+J5-K5-L5-M5-N5-O5 -> 28 | R5: 6 | S5: 10
A6: 3 | D6: ZZ.ORBİT (BİLGİN) KOL | H6: ='KASIM 3 HAFTA '!P6 -> 14 | I6: Adet | J6: 0 | K6: 0 | L6: 0 | M6: 0 | N6: 0 | O6: 0 | P6: =+H6+J6-K6-L6-M6-N6-O6 -> 14 | R6: 6 | S6: 10
A7: 4 | D7: ZZ.MAKER YAY KOL | H7: ='KASIM 3 HAFTA '!P7 -> 58 | I7: Adet | J7: 0 | K7: 0 | L7: 0 | M7: 0 | N7: 0 | O7: 0 | P7: =+H7+J7-K7-L7-M7-N7-O7 -> 58 | R7: 6 | S7: 10
A8: 5 | D8: ZZ.JAZZ T KOL | H8: ='KASIM 3 HAFTA '!P8 -> 126 | I8: Adet | J8: 0 | K8: 0 | L8: 0 | M8: 0 | N8: 4 | O8: 0 | P8: =+H8+J8-K8-L8-M8-N8-O8 -> 122 | R8: 100 | S8: 400
A9: 6 | D9: ZZ.STELLA ÜÇGEN PLASTİK KROM KOL | H9: ='KASIM 3 HAFTA '!P9 -> 160 | I9: Adet | J9: 0 | K9: 0 | L9: 0 | M9: 20 | N9: 0 | O9: 0 | P9: =+H9+J9-K9-L9-M9-N9-O9 -> 140 | R9: 60 | S9: 200
A10: 7 | D10: ZZ.PENTA KOL (ayarlı,onyar başlı) | H10: ='KASIM 3 HAFTA '!P10 -> 1867 | I10: Adet | J10: 0 | K10: 20 | L10: 0 | M10: 0 | N10: 0 | O10: 40 | P10: =+H10+J10-K10-L10-M10-N10-O10 -> 1807 | R10: 200 | S10: 500
A11: 8 | D11: ZZ.WENGE KOL PLASTİK | H11: ='KASIM 3 HAFTA '!P11 -> 496 | I11: Adet | J11: 0 | K11: 0 | L11: 0 | M11: 0 | N11: 0 | O11: 0 | P11: =+H11+J11-K11-L11-M11-N11-O11 -> 496 | R11: 0 | S11: 0
A12: 9 | D12: ZZ.PRESTİJ (KİNG EKO PLASTİK ) KOL | H12: ='KASIM 3 HAFTA '!P12 -> 60 | I12: Adet | J12: 0 | K12: 0 | L12: 0 | M12: 0 | N12: 0 | O12: 0 | P12: =+H12+J12-K12-L12-M12-N12-O12 -> 60 | R12: 200 | S12: 400
A13: 10 | D13: ZZ.WARLOCK (ELEGANCE) KOL | H13: ='KASIM 3 HAFTA '!P13 -> 42 | I13: Adet | J13: 0 | K13: 0 | L13: 0 | M13: 0 | N13: 0 | O13: 0 | P13: =+H13+J13-K13-L13-M13-N13-O13 -> 42 | R13: 0
A14: 11 | D14: CYBORG KOL | H14: ='KASIM 3 HAFTA '!P14 -> 0 | I14: Adet | J14: 0 | K14: 0 | L14: 0 | M14: 0 | N14: 0 | O14: 0 | P14: =+H14+J14-K14-L14-M14-N14-O14 -> 0 | R14: 20 | S14: 50
A15: 12 | D15: ZZ. MARKOL(SAKURE) (AHŞAP AÇIK KOL) | H15: ='KASIM 3 HAFTA '!P15 -> 26 | I15: Adet | J15: 0 | K15: 0 | L15: 0 | M15: 0 | N15: 0 | O15: 0 | P15: =+H15+J15-K15-L15-M15-N15-O15 -> 26 | R15: 100 | S15: 200
A16: 13 | D16: ZZ.SEAT ALÜMİNYUM KOL | H16: ='KASIM 3 HAFTA '!P16 -> 90 | I16: Adet | J16: 0 | K16: 0 | L16: 0 | M16: 0 | N16: 0 | O16: 0 | P16: =+H16+J16-K16-L16-M16-N16-O16 -> 90 | R16: 0
A17: 14 | D17: PLASTİK YILDIZ AYAK ÇİN GÜMÜŞ GRİ | H17: ='KASIM 3 HAFTA '!P17 -> 800 | I17: Adet | J17: 0 | K17: 0 | L17: 0 | M17: 0 | N17: 0 | O17: 0 | P17: =+H17+J17-K17-L17-M17-N17-O17 -> 800 | R17: 0
A18: 15 | D18: ZZ.NEO BAR TABURESİ AYAK ÇEMBERİ | H18: ='KASIM 3 HAFTA '!P18 -> 62 | I18: Adet | J18: 0 | K18: 0 | L18: 0 | M18: 0 | N18: 0 | O18: 0 | P18: =+H18+J18-K18-L18-M18-N18-O18 -> 62 | R18: 20 | S18: 50
A19: 16 | D19: ZZ.NEO BAR TEPSİ AYAK 4Q5 | H19: ='KASIM 3 HAFTA '!P19 -> 62 | I19: Adet | J19: 0 | K19: 0 | L19: 0 | M19: 0 | N19: 0 | O19: 0 | P19: =+H19+J19-K19-L19-M19-N19-O19 -> 62 | R19: 20 | S19: 50
A20: 17 | D20: ZZ.NEO BAR AMORTİSÖRÜ 260 LIK | H20: ='KASIM 3 HAFTA '!P20 -> 94 | I20: Adet | J20: 0 | K20: 0 | L20: 0 | M20: 0 | N20: 0 | O20: 0 | P20: =+H20+J20-K20-L20-M20-N20-O20 -> 94 | R20: 20 | S20: 50
A21: 18 | D21: ZZ.EFOR ŞEF SET KOL +SIRT İÇ-DIŞ | H21: ='KASIM 3 HAFTA '!P21 -> 33 | I21: Adet | J21: 0 | K21: 0 | L21: 0 | M21: 0 | N21: 0 | O21: 0 | P21: =+H21+J21-K21-L21-M21-N21-O21 -> 33 | R21: 0
A22: 19 | D22: ZZ.BONCUK ELYAF ( 1 TORBA = 10 KG ) | H22: ='KASIM 3 HAFTA '!P22 -> 130 | I22: Kg | J22: 0 | K22: 10 | L22: 0 | M22: 0 | N22: 20 | O22: 10 | P22: =+H22+J22-K22-L22-M22-N22-O22 -> 90 | R22: 50 | S22: 200
A23: 20 | D23: İNCİ SEKRETER İÇ DIŞ PLASTİĞİ | H23: ='KASIM 3 HAFTA '!P23 -> 2000 | I23: Adet | J23: 0 | K23: 0 | L23: 0 | M23: 0 | N23: 0 | O23: 0 | P23: =+H23+J23-K23-L23-M23-N23-O23 -> 2000 | R23: 0
A24: 21 | D24: TETRA OTURAK İÇ DIŞ PLASTİK AB 3355 | H24: ='KASIM 3 HAFTA '!P24 -> 273 | I24: Adet | J24: 0 | K24: 0 | L24: 0 | M24: 0 | N24: 0 | O24: 0 | P24: =+H24+J24-K24-L24-M24-N24-O24 -> 273 | R24: 0
A25: 22 | D25: EVO SIRT PLASTİĞİ | H25: ='KASIM 3 HAFTA '!P25 -> 40 | I25: Adet | J25: 0 | K25: 0 | L25: 0 | M25: 0 | N25: 0 | O25: 0 | P25: =+H25+J25-K25-L25-M25-N25-O25 -> 40 | R25: 0
A26: 23 | D26: DARK OTURAK İÇ/DIŞ PLASTİK | H26: ='KASIM 3 HAFTA '!P26 -> 168 | I26: Adet | J26: 0 | K26: 0 | L26: 0 | M26: 0 | N26: 0 | O26: 0 | P26: =+H26+J26-K26-L26-M26-N26-O26 -> 168 | R26: 20 | S26: 50
A27: 24 | D27: EVO OTURAK İÇ/DIŞ PLASTİĞİ | H27: ='KASIM 3 HAFTA '!P27 -> 42 | I27: Adet | J27: 0 | K27: 0 | L27: 0 | M27: 0 | N27: 0 | O27: 0 | P27: =+H27+J27-K27-L27-M27-N27-O27 -> 42 | R27: 20 | S27: 50
A28: 25 | D28: ZZ.ZİRVE (BAG 25) SIRT DIŞ KAPAK | H28: ='KASIM 3 HAFTA '!P28 -> 50 | I28: Adet | J28: 0 | K28: 0 | L28: 0 | M28: 0 | N28: 0 | O28: 40 | P28: =+H28+J28-K28-L28-M28-N28-O28 -> 10 | R28: 50 | S28: 100
A29: 26 | D29: ZZ.ZİRVE (BAG 25 ) SIRT İÇ KAPAK | H29: ='KASIM 3 HAFTA '!P29 -> 65 | I29: Adet | J29: 0 | K29: 0 | L29: 0 | M29: 0 | N29: 0 | O29: 40 | P29: =+H29+J29-K29-L29-M29-N29-O29 -> 25 | R29: 50 | S29: 100
A30: 27 | D30: DARK BAŞLIK | H30: ='KASIM 3 HAFTA '!P30 -> 232 | I30: Adet | J30: 0 | K30: 0 | L30: 0 | M30: 0 | N30: 2 | O30: 0 | P30: =+H30+J30-K30-L30-M30-N30-O30 -> 230 | R30: 20 | S30: 50
A31: 28 | D31: ZZ.VOX BAŞLIK | H31: ='KASIM 3 HAFTA '!P31 -> 556 | I31: Adet | J31: 0 | K31: 5 | L31: 0 | M31: 0 | N31: 0 | O31: 0 | P31: =+H31+J31-K31-L31-M31-N31-O31 -> 551 | R31: 50 | S31: 100
A32: 29 | D32: DARK SIRT PLASTİĞİ | H32: ='KASIM 3 HAFTA '!P32 -> 50 | I32: Adet | J32: 0 | K32: 0 | L32: 0 | M32: 0 | N32: 2 | O32: 0 | P32: =+H32+J32-K32-L32-M32-N32-O32 -> 48 | R32: 20 | S32: 50
A33: 30 | D33: SEKRETER İÇ / DIŞ PLASTİĞİ KONYA | H33: ='KASIM 3 HAFTA '!P33 -> 1115 | I33: Adet | J33: 0 | K33: 0 | L33: 0 | M33: 0 | N33: 0 | O33: 40 | P33: =+H33+J33-K33-L33-M33-N33-O33 -> 1075 | R33: 0
A34: 31 | D34: ZZ.NOORD KOL (ALFA) | H34: ='KASIM 3 HAFTA '!P34 -> 546 | I34: Adet | J34: 0 | K34: 0 | L34: 0 | M34: 0 | N34: 0 | O34: 0 | P34: =+H34+J34-K34-L34-M34-N34-O34 -> 546 | R34: 50 | S34: 100
A35: 32 | D35: DARK SIRT İÇ/DIŞ PLASTİĞİ | H35: ='KASIM 3 HAFTA '!P35 -> 94 | I35: Adet | J35: 0 | K35: 0 | L35: 0 | M35: 0 | N35: 2 | O35: 0 | P35: =+H35+J35-K35-L35-M35-N35-O35 -> 92 | R35: 20 | S35: 50
A36: 33 | D36: DORİ PLASTİK BAŞLIK(ALTIN B) | H36: ='KASIM 3 HAFTA '!P36 -> 934 | I36: Adet | J36: 0 | K36: 0 | L36: 0 | M36: 0 | N36: 0 | O36: 0 | P36: =+H36+J36-K36-L36-M36-N36-O36 -> 934 | R36: 0
A37: 34 | D37: ALFA OTURAK İÇ DIŞ PLASTİĞİ | H37: ='KASIM 3 HAFTA '!P37 -> 283 | I37: Adet | J37: 0 | K37: 0 | L37: 0 | M37: 0 | N37: 0 | O37: 0 | P37: =+H37+J37-K37-L37-M37-N37-O37 -> 283 | R37: 50 | S37: 100
A38: 35 | D38: ALFA SIRT PLASTİĞİ | H38: ='KASIM 3 HAFTA '!P38 -> 287 | I38: Adet | J38: 0 | K38: 0 | L38: 0 | M38: 0 | N38: 0 | O38: 0 | P38: =+H38+J38-K38-L38-M38-N38-O38 -> 287 | R38: 50 | S38: 100
A39: 36 | D39: NOORD BAŞLIK PLASTİĞİ (ALFA) | H39: ='KASIM 3 HAFTA '!P39 -> 27 | I39: Adet | J39: 0 | K39: 0 | L39: 0 | M39: 0 | N39: 0 | O39: 0 | P39: =+H39+J39-K39-L39-M39-N39-O39 -> 27 | R39: 50 | S39: 100
A40: 37 | D40: LİMA FONT İÇ PLASTİĞİ | H40: 10 | I40: Adet | J40: 0 | K40: 8 | L40: 0 | M40: 0 | N40: 0 | O40: 1 | P40: =+H40+J40-K40-L40-M40-N40-O40 -> 1 | R40: 0
A41: 38 | D41: ZZ.MİLLORD(JOBB) SIRT İÇ/DIŞ PLASTİĞİ | H41: ='KASIM 3 HAFTA '!P41 -> 20 | I41: Adet | J41: 0 | K41: 0 | L41: 0 | M41: 0 | N41: 0 | O41: 0 | P41: =+H41+J41-K41-L41-M41-N41-O41 -> 20 | R41: 5 | S41: 10
A42: 39 | D42: ZZ.BETTA KOL | H42: ='KASIM 3 HAFTA '!P42 -> 120 | I42: Adet | J42: 0 | K42: 10 | L42: 0 | M42: 0 | N42: 0 | O42: 0 | P42: =+H42+J42-K42-L42-M42-N42-O42 -> 110 | R42: 40 | S42: 100
A43: 40 | D43: ZZ.BETTA SIRT PLASTİĞİ | H43: ='KASIM 3 HAFTA '!P43 -> 127 | I43: Adet | J43: 0 | K43: 5 | L43: 0 | M43: 0 | N43: 0 | O43: 0 | P43: =+H43+J43-K43-L43-M43-N43-O43 -> 122 | R43: 20 | S43: 50
A44: 41 | D44: ZZ.BETTA FONT DIŞ PLASTİĞİ | H44: ='KASIM 3 HAFTA '!P44 -> 125 | I44: Adet | J44: 0 | K44: 5 | L44: 0 | M44: 0 | N44: 0 | O44: 0 | P44: =+H44+J44-K44-L44-M44-N44-O44 -> 120 | R44: 20 | S44: 50
A45: 42 | D45: ZZ.BETTA FONT İÇ PLASTİĞİ | H45: ='KASIM 3 HAFTA '!P45 -> 140 | I45: Adet | J45: 0 | K45: 5 | L45: 0 | M45: 0 | N45: 0 | O45: 0 | P45: =+H45+J45-K45-L45-M45-N45-O45 -> 135 | R45: 20 | S45: 50
A46: 43 | D46: ZZ.BOGA SIRT İÇ - DIŞ PLASTİĞİ BEYAZ | H46: ='KASIM 3 HAFTA '!P46 -> 63 | I46: Adet | J46: 0 | K46: 6 | L46: 0 | M46: 0 | N46: 1 | O46: 0 | P46: =+H46+J46-K46-L46-M46-N46-O46 -> 56 | R46: 10 | S46: 20
A47: 44 | D47: ZZ.BOGA SIRT İÇ - DIŞ PLASTİĞİ | H47: ='KASIM 3 HAFTA '!P47 -> 38 | I47: Adet | J47: 0 | K47: 6 | L47: 0 | M47: 0 | N47: 1 | O47: 0 | P47: =+H47+J47-K47-L47-M47-N47-O47 -> 31 | R47: 10 | S47: 20
A48: 45 | D48: ZZ.BOGA PLASTİK BAŞLIK | H48: ='KASIM 3 HAFTA '!P48 -> 0 | I48: Adet | J48: 0 | K48: 0 | L48: 0 | M48: 0 | N48: 1 | O48: 0 | P48: =+H48+J48-K48-L48-M48-N48-O48 -> -1 | R48: 10 | S48: 20
A49: 46 | D49: ZZ.60 GR VATKA ELYAF (1 TORBA = 5 KG ) | H49: ='KASIM 3 HAFTA '!P49 -> 0 | I49: Kg | J49: 0 | K49: 0 | L49: 0 | M49: 0 | N49: 0 | O49: 0 | P49: =+H49+J49-K49-L49-M49-N49-O49 -> 0 | R49: 20 | S49: 100 | T49: KĞ
A50: 47 | D50: ZZ.KROM KONİK AYAK | H50: ='KASIM 3 HAFTA '!P50 -> 172 | I50: Adet | J50: 0 | K50: 14 | L50: 0 | M50: 0 | N50: 0 | O50: 0 | P50: =+H50+J50-K50-L50-M50-N50-O50 -> 158 | R50: 30 | S50: 100
A51: 48 | D51: ZZ.JAZZ SIRT PLASTİĞİ | H51: ='KASIM 3 HAFTA '!P51 -> 96 | I51: Adet | J51: 0 | K51: 0 | L51: 0 | M51: 0 | N51: 2 | O51: 0 | P51: =+H51+J51-K51-L51-M51-N51-O51 -> 94 | R51: 20 | S51: 50
A52: 49 | D52: ZZ.JAZZ OTURAK İÇ PLASTİĞİ | H52: ='KASIM 3 HAFTA '!P52 -> 42 | I52: Adet | J52: 0 | K52: 0 | L52: 0 | M52: 0 | N52: 2 | O52: 0 | P52: =+H52+J52-K52-L52-M52-N52-O52 -> 40 | R52: 20 | S52: 50
A53: 50 | D53: ZZ.JAZZ OTURAK DIŞ PLASTİĞİ | H53: ='KASIM 3 HAFTA '!P53 -> 42 | I53: Adet | J53: 0 | K53: 0 | L53: 0 | M53: 0 | N53: 2 | O53: 0 | P53: =+H53+J53-K53-L53-M53-N53-O53 -> 40 | R53: 20 | S53: 50
A54: 51 | D54: ZZ.YAPIŞTIRICI (UNITEK 63) | H54: ='KASIM 3 HAFTA '!P54 -> 240 | I54: Kg | J54: 900 | K54: 30 | L54: 0 | M54: 30 | N54: 15 | O54: 30 | P54: =+H54+J54-K54-L54-M54-N54-O54 -> 1035 | Q54: 16 KĞ | R54: 250 | S54: 750 | T54: KĞ
A55: 52 | D55: ZZ.32Q İÇ TAKOZ | H55: ='KASIM 3 HAFTA '!P55 -> 4500 | I55: Adet | J55: 0 | K55: 0 | L55: 500 | M55: 0 | N55: 0 | O55: 0 | P55: =+H55+J55-K55-L55-M55-N55-O55 -> 4000 | R55: 0
A56: 53 | D56: ZZ.40x40 İÇ TAKOZ | H56: ='KASIM 3 HAFTA '!P56 -> 2000 | I56: Adet | J56: 0 | K56: 0 | L56: 0 | M56: 0 | N56: 0 | O56: 0 | P56: =+H56+J56-K56-L56-M56-N56-O56 -> 2000 | R56: 0
A57: 54 | D57: ZZ.32Q IZGARA TAKOZ | H57: ='KASIM 3 HAFTA '!P57 -> 2800 | I57: Adet | J57: 0 | K57: 0 | L57: 0 | M57: 0 | N57: 0 | O57: 0 | P57: =+H57+J57-K57-L57-M57-N57-O57 -> 2800 | R57: 0
A58: 55 | D58: ZZ.20x40 İÇ TAKOZ | H58: ='KASIM 3 HAFTA '!P58 -> 3000 | I58: Adet | J58: 0 | K58: 0 | L58: 0 | M58: 0 | N58: 0 | O58: 0 | P58: =+H58+J58-K58-L58-M58-N58-O58 -> 3000 | R58: 0
A59: 56 | D59: ZZ.25Q İÇ TAKOZ | H59: ='KASIM 3 HAFTA '!P59 -> 5000 | I59: Adet | J59: 0 | K59: 0 | L59: 0 | M59: 0 | N59: 0 | O59: 0 | P59: =+H59+J59-K59-L59-M59-N59-O59 -> 5000 | R59: 0
A60: 57 | D60: ZZ.25x50 ELİPS İÇ TAKOZ | H60: ='KASIM 3 HAFTA '!P60 -> 3000 | I60: Adet | J60: 0 | K60: 0 | L60: 0 | M60: 0 | N60: 0 | O60: 0 | P60: =+H60+J60-K60-L60-M60-N60-O60 -> 3000 | R60: 0
A61: 58 | D61: ZZ.25x25 İÇ TAKOZ | H61: ='KASIM 3 HAFTA '!P61 -> 5000 | I61: Adet | J61: 0 | K61: 300 | L61: 0 | M61: 0 | N61: 0 | O61: 0 | P61: =+H61+J61-K61-L61-M61-N61-O61 -> 4700 | R61: 0
A62: 59 | D62: OYUNCU KOLTUĞU MEKANİZMA TKM | H62: ='KASIM 3 HAFTA '!P62 -> 494 | I62: Adet | J62: 0 | K62: 0 | L62: 0 | M62: 0 | N62: 0 | O62: 0 | P62: =+H62+J62-K62-L62-M62-N62-O62 -> 494 | R62: 0
A63: 60 | D63: OFİS (DIAMOND) PLSTK AYAK | H63: ='KASIM 3 HAFTA '!P63 -> 1184 | I63: Adet | J63: 0 | K63: 0 | L63: 0 | M63: 0 | N63: 0 | O63: 0 | P63: =+H63+J63-K63-L63-M63-N63-O63 -> 1184 | R63: 200 | S63: 1000
A64: 61 | D64: ZZ.Plastik L Ayak 180X180 | H64: ='KASIM 3 HAFTA '!P64 -> 447 | I64: Adet | J64: 0 | K64: 0 | L64: 0 | M64: 0 | N64: 0 | O64: 0 | P64: =+H64+J64-K64-L64-M64-N64-O64 -> 447 | R64: 100 | S64: 300
A65: 62 | D65: ZZ.PLASTİK ÜÇGEN AYAK 10 CM (TIESTO) | H65: ='KASIM 3 HAFTA '!P65 -> 315 | I65: Adet | J65: 0 | K65: 0 | L65: 0 | M65: 0 | N65: 0 | O65: 0 | P65: =+H65+J65-K65-L65-M65-N65-O65 -> 315 | R65: 100 | S65: 300
A66: 63 | D66: ZZ.STINGER PLASTİK AYAK -5.5 Ebru M8*35 | H66: ='KASIM 3 HAFTA '!P66 -> 350 | I66: Adet | J66: 0 | K66: 0 | L66: 0 | M66: 0 | N66: 0 | O66: 0 | P66: =+H66+J66-K66-L66-M66-N66-O66 -> 350 | R66: 100 | S66: 300
A67: 64 | D67: MODEL 5 AYAK 10CM (15 CM) | H67: ='KASIM 3 HAFTA '!P67 -> 1162 | I67: Adet | J67: 0 | K67: 0 | L67: 0 | M67: 0 | N67: 0 | O67: 0 | P67: =+H67+J67-K67-L67-M67-N67-O67 -> 1162 | R67: 100 | S67: 300
A68: 65 | D68: LEO TAKIM PLASTİK | H68: ='KASIM 3 HAFTA '!P68 -> 515 | I68: Adet | J68: 0 | K68: 4 | L68: 0 | M68: 0 | N68: 0 | O68: 0 | P68: =+H68+J68-K68-L68-M68-N68-O68 -> 511 | R68: 0
A69: 66 | D69: ZZ.NOORD SIRT PLASTİĞİ (ALFA) | H69: ='KASIM 3 HAFTA '!P69 -> 328 | I69: Adet | J69: 0 | K69: 0 | L69: 0 | M69: 0 | N69: 0 | O69: 0 | P69: =+H69+J69-K69-L69-M69-N69-O69 -> 328 | R69: 50 | S69: 100
A70: 67 | D70: BERBER KOLTUK TEPSİ | H70: ='KASIM 3 HAFTA '!P70 -> 60 | I70: Adet | J70: 0 | K70: 0 | L70: 0 | M70: 0 | N70: 0 | O70: 0 | P70: =+H70+J70-K70-L70-M70-N70-O70 -> 60 | R70: 0
A71: 68 | D71: PLASTİK YILDIZ AYAK 60 | H71: ='KASIM 3 HAFTA '!P71 -> 500 | I71: Adet | J71: 0 | K71: 0 | L71: 0 | M71: 0 | N71: 0 | O71: 0 | P71: =+H71+J71-K71-L71-M71-N71-O71 -> 500 | R71: 300 | S71: 1000
A72: 69 | D72: ZZ.VEGA (FORM) KOL TABLASI | H72: ='KASIM 3 HAFTA '!P72 -> 0 | I72: Adet | J72: 0 | K72: 0 | L72: 0 | M72: 0 | N72: 0 | O72: 0 | P72: =+H72+J72-K72-L72-M72-N72-O72 -> 0 | R72: 50 | S72: 150
A73: 70 | D73: TELA BEZ 20 GR | H73: ='KASIM 3 HAFTA '!P73 -> 32 | I73: KĞ | J73: 0 | K73: 0 | L73: 0 | M73: 0 | N73: 0 | O73: 0 | P73: =+H73+J73-K73-L73-M73-N73-O73 -> 32 | Q73: 32 kğ | R73: 65 | S73: 150
A74: 71 | D74: SİEANNA,KARİNA PLASTİK KOL | H74: ='KASIM 3 HAFTA '!P74 -> 142 | I74: Adet | J74: 0 | K74: 20 | L74: 0 | M74: 0 | N74: 0 | O74: 0 | P74: =+H74+J74-K74-L74-M74-N74-O74 -> 122 | R74: 50 | S74: 100
A75: 72 | D75: VOX OTURAK,SIRT İÇ DIŞ PLS. | H75: ='KASIM 3 HAFTA '!P75 -> 21 | I75: Adet | J75: 0 | K75: 4 | L75: 0 | M75: 0 | N75: 0 | O75: 0 | P75: =+H75+J75-K75-L75-M75-N75-O75 -> 17 | R75: 50 | S75: 100
A76: 73 | D76: POLO PLASTİK TAKIMI | H76: ='KASIM 3 HAFTA '!P76 -> 37 | I76: Adet | J76: 0 | K76: 4 | L76: 0 | M76: 0 | N76: 0 | O76: 0 | P76: =+H76+J76-K76-L76-M76-N76-O76 -> 33 | R76: 0
A77: 74 | D77: VEGA FORM ÇAKMA KOL | H77: ='KASIM 3 HAFTA '!P77 -> 50 | I77: Adet | J77: 0 | K77: 0 | L77: 0 | M77: 0 | N77: 0 | O77: 0 | P77: =+H77+J77-K77-L77-M77-N77-O77 -> 50 | R77: 100 | S77: 200
A78: 75 | D78: EXPERİ KOL | H78: ='KASIM 3 HAFTA '!P78 -> 0 | I78: Adet | J78: 0 | K78: 0 | L78: 0 | M78: 0 | N78: 0 | O78: 0 | P78: =+H78+J78-K78-L78-M78-N78-O78 -> 0 | R78: 0
A79: 76 | D79: 100*160 BALONLU NAYLON | H79: ='KASIM 3 HAFTA '!P79 -> 171 | I79: Adet | J79: 0 | K79: 25 | L79: 0 | M79: 0 | N79: 0 | O79: 0 | P79: =+H79+J79-K79-L79-M79-N79-O79 -> 146 | R79: 100 | S79: 500 | T79: KĞ
A80: 77 | D80: HARMANY S KOL PLSTİK | H80: ='KASIM 3 HAFTA '!P80 -> 40 | I80: Adet | J80: 0 | K80: 0 | L80: 0 | M80: 0 | N80: 0 | O80: 0 | P80: =+H80+J80-K80-L80-M80-N80-O80 -> 40 | R80: 0
A81: 78 | D81: STREÇ NAYLON 2,30 KĞ | H81: ='KASIM 3 HAFTA '!P81 -> 36 | I81: Adet | J81: 138 | K81: 0 | L81: 4 | M81: 0 | N81: 26 | O81: 0 | P81: =+H81+J81-K81-L81-M81-N81-O81 -> 144 | Q81: 2,3 KG | R81: 30 | S81: 100
A82: 79 | D82: AB1508 COBRA CEZAR KOL | H82: ='KASIM 3 HAFTA '!P82 -> 300 | I82: Adet | J82: 0 | K82: 0 | L82: 0 | M82: 0 | N82: 0 | O82: 38 | P82: =+H82+J82-K82-L82-M82-N82-O82 -> 262 | R82: 60 | S82: 100
A83: 80 | D83: ELASTİK KOLON | H83: 3000 | I83: MT | J83: 5000 | K83: 500 | L83: 500 | M83: 500 | N83: 1500 | O83: 1000 | P83: =+H83+J83-K83-L83-M83-N83-O83 -> 4000 | R83: 1000 | S83: 10000

Sheet KASIM 5 HAFTA 
P1: =+H1+J1-K1-L1-M1-N1-O1 -> 0
S2: 44837
A3: S.NO | D3: ÜRÜN ADI | H3: ADET | I3: BİRİM | J3: GİRİŞ | K3: 44893 | L3: 44894 | M3: 44895 | N3: 44896 | O3: 44897 | P3: KALAN | R3: MİNİMUN | S3: MAKSİMUN
A4: 1 | D4: ZZ.KORUMA FİLESİ | H4: 164 | I4: Kg | J4: 0 | K4: 0 | L4: 34 | M4: 17 | N4: 0 | O4: 0 | P4: =+H4+J4-K4-L4-M4-N4-O4 -> 113 | Q4: 17 KĞ | R4: 100 | S4: 500 | T4: KĞ
A5: 2 | D5: ZZ.RADO (NİTRO) AYAKLI KOL | H5: ='KASIM 3 HAFTA '!P5 -> 28 | I5: Adet | J5: 0 | K5: 0 | L5: 0 | M5: 0 | N5: 0 | O5: 0 | P5: =+H5+J5-K5-L5-M5-N5-O5 -> 28 | R5: 6 | S5: 10
A6: 3 | D6: ZZ.ORBİT (BİLGİN) KOL | H6: ='KASIM 3 HAFTA '!P6 -> 14 | I6: Adet | J6: 20 | K6: 0 | L6: 0 | M6: 0 | N6: 0 | O6: 0 | P6: =+H6+J6-K6-L6-M6-N6-O6 -> 34 | R6: 6 | S6: 10
A7: 4 | D7: ZZ.MAKER YAY KOL | H7: ='KASIM 3 HAFTA '!P7 -> 58 | I7: Adet | J7: 0 | K7: 0 | L7: 0 | M7: 0 | N7: 0 | O7: 0 | P7: =+H7+J7-K7-L7-M7-N7-O7 -> 58 | R7: 6 | S7: 10
A8: 5 | D8: ZZ.JAZZ T KOL | H8: 126 | I8: Adet | J8: 0 | K8: 0 | L8: 0 | M8: 0 | N8: 6 | O8: 6 | P8: =+H8+J8-K8-L8-M8-N8-O8 -> 114 | R8: 100 | S8: 400
A9: 6 | D9: ZZ.STELLA ÜÇGEN PLASTİK KROM KOL | H9: 140 | I9: Adet | J9: 0 | K9: 0 | L9: 0 | M9: 0 | N9: 0 | O9: 20 | P9: =+H9+J9-K9-L9-M9-N9-O9 -> 120 | R9: 60 | S9: 200
A10: 7 | D10: ZZ.PENTA KOL (ayarlı,onyar başlı) | H10: 1807 | I10: Adet | J10: 0 | K10: 0 | L10: 0 | M10: 16 | N10: 20 | O10: 0 | P10: =+H10+J10-K10-L10-M10-N10-O10 -> 1771 | R10: 200 | S10: 500
A11: 8 | D11: ZZ.WENGE KOL PLASTİK | H11: ='KASIM 3 HAFTA '!P11 -> 496 | I11: Adet | J11: 0 | K11: 0 | L11: 0 | M11: 0 | N11: 0 | O11: 0 | P11: =+H11+J11-K11-L11-M11-N11-O11 -> 496 | R11: 0 | S11: 0
A12: 9 | D12: ZZ.PRESTİJ (KİNG EKO PLASTİK ) KOL | H12: ='KASIM 3 HAFTA '!P12 -> 60 | I12: Adet | J12: 0 | K12: 0 | L12: 0 | M12: 0 | N12: 0 | O12: 0 | P12: =+H12+J12-K12-L12-M12-N12-O12 -> 60 | R12: 200 | S12: 400
A13: 10 | D13: ZZ.WARLOCK (ELEGANCE) KOL | H13: ='KASIM 3 HAFTA '!P13 -> 42 | I13: Adet | J13: 0 | K13: 0 | L13: 0 | M13: 0 | N13: 0 | O13: 0 | P13: =+H13+J13-K13-L13-M13-N13-O13 -> 42 | R13: 0
A14: 11 | D14: CYBORG KOL | H14: ='KASIM 3 HAFTA '!P14 -> 0 | I14: Adet | J14: 0 | K14: 0 | L14: 0 | M14: 0 | N14: 0 | O14: 0 | P14: =+H14+J14-K14-L14-M14-N14-O14 -> 0 | R14: 20 | S14: 50
A15: 12 | D15: ZZ. MARKOL(SAKURE) (AHŞAP AÇIK KOL) | H15: ='KASIM 3 HAFTA '!P15 -> 26 | I15: Adet | J15: 0 | K15: 0 | L15: 0 | M15: 0 | N15: 0 | O15: 0 | P15: =+H15+J15-K15-L15-M15-N15-O15 -> 26 | R15: 100 | S15: 200
A16: 13 | D16: ZZ.SEAT ALÜMİNYUM KOL | H16: ='KASIM 3 HAFTA '!P16 -> 90 | I16: Adet | J16: 0 | K16: 0 | L16: 0 | M16: 0 | N16: 0 | O16: 0 | P16: =+H16+J16-K16-L16-M16-N16-O16 -> 90 | R16: 0
A17: 14 | D17: PLASTİK YILDIZ AYAK ÇİN GÜMÜŞ GRİ | H17: ='KASIM 3 HAFTA '!P17 -> 800 | I17: Adet | J17: 0 | K17: 0 | L17: 0 | M17: 0 | N17: 0 | O17: 0 | P17: =+H17+J17-K17-L17-M17-N17-O17 -> 800 | R17: 0
A18: 15 | D18: ZZ.NEO BAR TABURESİ AYAK ÇEMBERİ | H18: ='KASIM 3 HAFTA '!P18 -> 62 | I18: Adet | J18: 0 | K18: 0 | L18: 0 | M18: 2 | N18: 0 | O18: 4 | P18: =+H18+J18-K18-L18-M18-N18-O18 -> 56 | R18: 20 | S18: 50
A19: 16 | D19: ZZ.NEO BAR TEPSİ AYAK 4Q5 | H19: ='KASIM 3 HAFTA '!P19 -> 62 | I19: Adet | J19: 0 | K19: 0 | L19: 0 | M19: 2 | N19: 0 | O19: 4 | P19: =+H19+J19-K19-L19-M19-N19-O19 -> 56 | R19: 20 | S19: 50
A20: 17 | D20: ZZ.NEO BAR AMORTİSÖRÜ 260 LIK | H20: ='KASIM 3 HAFTA '!P20 -> 94 | I20: Adet | J20: 0 | K20: 0 | L20: 0 | M20: 2 | N20: 0 | O20: 4 | P20: =+H20+J20-K20-L20-M20-N20-O20 -> 88 | R20: 20 | S20: 50
A21: 18 | D21: ZZ.EFOR ŞEF SET KOL +SIRT İÇ-DIŞ | H21: ='KASIM 3 HAFTA '!P21 -> 33 | I21: Adet | J21: 0 | K21: 0 | L21: 0 | M21: 0 | N21: 0 | O21: 0 | P21: =+H21+J21-K21-L21-M21-N21-O21 -> 33 | R21: 0
A22: 19 | D22: ZZ.BONCUK ELYAF ( 1 TORBA = 10 KG ) | H22: 90 | I22: Kg | J22: 0 | K22: 0 | L22: 0 | M22: 0 | N22: 0 | O22: 0 | P22: =+H22+J22-K22-L22-M22-N22-O22 -> 90 | R22: 50 | S22: 200
A23: 20 | D23: İNCİ SEKRETER İÇ DIŞ PLASTİĞİ | H23: ='KASIM 3 HAFTA '!P23 -> 2000 | I23: Adet | J23: 0 | K23: 0 | L23: 0 | M23: 0 | N23: 0 | O23: 0 | P23: =+H23+J23-K23-L23-M23-N23-O23 -> 2000 | R23: 0
A24: 21 | D24: TETRA OTURAK İÇ DIŞ PLASTİK AB 3355 | H24: ='KASIM 3 HAFTA '!P24 -> 273 | I24: Adet | J24: 0 | K24: 0 | L24: 0 | M24: 0 | N24: 0 | O24: 0 | P24: =+H24+J24-K24-L24-M24-N24-O24 -> 273 | R24: 0
A25: 22 | D25: EVO SIRT PLASTİĞİ | H25: ='KASIM 3 HAFTA '!P25 -> 40 | I25: Adet | J25: 0 | K25: 0 | L25: 0 | M25: 0 | N25: 0 | O25: 0 | P25: =+H25+J25-K25-L25-M25-N25-O25 -> 40 | R25: 0
A26: 23 | D26: DARK OTURAK İÇ/DIŞ PLASTİK | H26: ='KASIM 3 HAFTA '!P26 -> 168 | I26: Adet | J26: 0 | K26: 0 | L26: 0 | M26: 0 | N26: 0 | O26: 0 | P26: =+H26+J26-K26-L26-M26-N26-O26 -> 168 | R26: 20 | S26: 50
A27: 24 | D27: EVO OTURAK İÇ/DIŞ PLASTİĞİ | H27: ='KASIM 3 HAFTA '!P27 -> 42 | I27: Adet | J27: 0 | K27: 0 | L27: 0 | M27: 0 | N27: 0 | O27: 0 | P27: =+H27+J27-K27-L27-M27-N27-O27 -> 42 | R27: 20 | S27: 50
A28: 25 | D28: ZZ.ZİRVE (BAG 25) SIRT DIŞ KAPAK | H28: 50 | I28: Adet | J28: 0 | K28: 0 | L28: 50 | M28: 0 | N28: 0 | O28: 0 | P28: =+H28+J28-K28-L28-M28-N28-O28 -> 0 | R28: 50 | S28: 100
A29: 26 | D29: ZZ.ZİRVE (BAG 25 ) SIRT İÇ KAPAK | H29: 25 | I29: Adet | J29: 0 | K29: 0 | L29: 0 | M29: 0 | N29: 0 | O29: 0 | P29: =+H29+J29-K29-L29-M29-N29-O29 -> 25 | R29: 50 | S29: 100
A30: 27 | D30: DARK BAŞLIK | H30: 230 | I30: Adet | J30: 0 | K30: 0 | L30: 0 | M30: 0 | N30: 0 | O30: 0 | P30: =+H30+J30-K30-L30-M30-N30-O30 -> 230 | R30: 20 | S30: 50
A31: 28 | D31: ZZ.VOX BAŞLIK | H31: 551 | I31: Adet | J31: 0 | K31: 0 | L31: 0 | M31: 11 | N31: 0 | O31: 5 | P31: =+H31+J31-K31-L31-M31-N31-O31 -> 535 | R31: 50 | S31: 100
A32: 29 | D32: DARK SIRT PLASTİĞİ | H32: 48 | I32: Adet | J32: 0 | K32: 0 | L32: 0 | M32: 0 | N32: 0 | O32: 0 | P32: =+H32+J32-K32-L32-M32-N32-O32 -> 48 | R32: 20 | S32: 50
A33: 30 | D33: SEKRETER İÇ / DIŞ PLASTİĞİ KONYA | H33: 1075 | I33: Adet | J33: 0 | K33: 0 | L33: 0 | M33: 0 | N33: 0 | O33: 0 | P33: =+H33+J33-K33-L33-M33-N33-O33 -> 1075 | R33: 0
A34: 31 | D34: ZZ.NOORD KOL (ALFA) | H34: ='KASIM 3 HAFTA '!P34 -> 546 | I34: Adet | J34: 0 | K34: 0 | L34: 0 | M34: 22 | N34: 0 | O34: 0 | P34: =+H34+J34-K34-L34-M34-N34-O34 -> 524 | R34: 50 | S34: 100
A35: 32 | D35: DARK SIRT İÇ/DIŞ PLASTİĞİ | H35: 94 | I35: Adet | J35: 0 | K35: 0 | L35: 0 | M35: 0 | N35: 0 | O35: 0 | P35: =+H35+J35-K35-L35-M35-N35-O35 -> 94 | R35: 20 | S35: 50
A36: 33 | D36: DORİ PLASTİK BAŞLIK(ALTIN B) | H36: ='KASIM 3 HAFTA '!P36 -> 934 | I36: Adet | J36: 0 | K36: 0 | L36: 0 | M36: 0 | N36: 0 | O36: 0 | P36: =+H36+J36-K36-L36-M36-N36-O36 -> 934 | R36: 0
A37: 34 | D37: ALFA OTURAK İÇ DIŞ PLASTİĞİ | H37: ='KASIM 3 HAFTA '!P37 -> 283 | I37: Adet | J37: 0 | K37: 0 | L37: 0 | M37: 0 | N37: 0 | O37: 0 | P37: =+H37+J37-K37-L37-M37-N37-O37 -> 283 | R37: 50 | S37: 100
A38: 35 | D38: ALFA SIRT PLASTİĞİ | H38: ='KASIM 3 HAFTA '!P38 -> 287 | I38: Adet | J38: 0 | K38: 0 | L38: 0 | M38: 0 | N38: 0 | O38: 0 | P38: =+H38+J38-K38-L38-M38-N38-O38 -> 287 | R38: 50 | S38: 100
A39: 36 | D39: NOORD BAŞLIK PLASTİĞİ (ALFA) | H39: ='KASIM 3 HAFTA '!P39 -> 27 | I39: Adet | J39: 0 | K39: 0 | L39: 0 | M39: 11 | N39: 0 | O39: 0 | P39: =+H39+J39-K39-L39-M39-N39-O39 -> 16 | R39: 50 | S39: 100
A40: 37 | D40: LİMA FONT İÇ PLASTİĞİ | H40: 1 | I40: Adet | J40: 50 | K40: 0 | L40: 0 | M40: 1 | N40: 0 | O40: 0 | P40: =+H40+J40-K40-L40-M40-N40-O40 -> 50 | R40: 0
A41: 38 | D41: ZZ.MİLLORD(JOBB) SIRT İÇ/DIŞ PLASTİĞİ | H41: ='KASIM 3 HAFTA '!P41 -> 20 | I41: Adet | J41: 0 | K41: 0 | L41: 0 | M41: 0 | N41: 0 | O41: 0 | P41: =+H41+J41-K41-L41-M41-N41-O41 -> 20 | R41: 5 | S41: 10
A42: 39 | D42: ZZ.BETTA KOL | H42: 110 | I42: Adet | J42: 0 | K42: 80 | L42: 0 | M42: 0 | N42: 0 | O42: 0 | P42: =+H42+J42-K42-L42-M42-N42-O42 -> 30 | R42: 40 | S42: 100
A43: 40 | D43: ZZ.BETTA SIRT PLASTİĞİ | H43: 122 | I43: Adet | J43: 0 | K43: 40 | L43: 0 | M43: 2 | N43: 0 | O43: 0 | P43: =+H43+J43-K43-L43-M43-N43-O43 -> 80 | R43: 20 | S43: 50
A44: 41 | D44: ZZ.BETTA FONT DIŞ PLASTİĞİ | H44: 120 | I44: Adet | J44: 0 | K44: 40 | L44: 0 | M44: 0 | N44: 0 | O44: 0 | P44: =+H44+J44-K44-L44-M44-N44-O44 -> 80 | R44: 20 | S44: 50
A45: 42 | D45: ZZ.BETTA FONT İÇ PLASTİĞİ | H45: 135 | I45: Adet | J45: 0 | K45: 40 | L45: 0 | M45: 0 | N45: 0 | O45: 0 | P45: =+H45+J45-K45-L45-M45-N45-O45 -> 95 | R45: 20 | S45: 50
A46: 43 | D46: ZZ.BOGA SIRT İÇ - DIŞ PLASTİĞİ BEYAZ | H46: 56 | I46: Adet | J46: 0 | K46: 1 | L46: 1 | M46: 2 | N46: 0 | O46: 0 | P46: =+H46+J46-K46-L46-M46-N46-O46 -> 52 | R46: 10 | S46: 20
A47: 44 | D47: ZZ.BOGA SIRT İÇ - DIŞ PLASTİĞİ | H47: 31 | I47: Adet | J47: 0 | K47: 1 | L47: 1 | M47: 2 | N47: 0 | O47: 0 | P47: =+H47+J47-K47-L47-M47-N47-O47 -> 27 | R47: 10 | S47: 20
A48: 45 | D48: ZZ.BOGA PLASTİK BAŞLIK | H48: ='KASIM 3 HAFTA '!P48 -> 0 | I48: Adet | J48: 0 | K48: 0 | L48: 0 | M48: 0 | N48: 0 | O48: 0 | P48: =+H48+J48-K48-L48-M48-N48-O48 -> 0 | R48: 10 | S48: 20
A49: 46 | D49: ZZ.60 GR VATKA ELYAF (1 TORBA = 5 KG ) | H49: ='KASIM 3 HAFTA '!P49 -> 0 | I49: Kg | J49: 0 | K49: 0 | L49: 0 | M49: 0 | N49: 0 | O49: 0 | P49: =+H49+J49-K49-L49-M49-N49-O49 -> 0 | R49: 20 | S49: 100 | T49: KĞ
A50: 47 | D50: ZZ.KROM KONİK AYAK | H50: 158 | I50: Adet | J50: 6 | K50: 0 | L50: 0 | M50: 0 | N50: 0 | O50: 15 | P50: =+H50+J50-K50-L50-M50-N50-O50 -> 149 | R50: 30 | S50: 100
A51: 48 | D51: ZZ.JAZZ SIRT PLASTİĞİ | H51: 94 | I51: Adet | J51: 0 | K51: 0 | L51: 0 | M51: 0 | N51: 0 | O51: 0 | P51: =+H51+J51-K51-L51-M51-N51-O51 -> 94 | R51: 20 | S51: 50
A52: 49 | D52: ZZ.JAZZ OTURAK İÇ PLASTİĞİ | H52: 40 | I52: Adet | J52: 50 | K52: 0 | L52: 0 | M52: 0 | N52: 0 | O52: 0 | P52: =+H52+J52-K52-L52-M52-N52-O52 -> 90 | R52: 20 | S52: 50
A53: 50 | D53: ZZ.JAZZ OTURAK DIŞ PLASTİĞİ | H53: 40 | I53: Adet | J53: 0 | K53: 0 | L53: 0 | M53: 0 | N53: 0 | O53: 0 | P53: =+H53+J53-K53-L53-M53-N53-O53 -> 40 | R53: 20 | S53: 50
A54: 51 | D54: ZZ.YAPIŞTIRICI (UNITEK 63) | H54: 1035 | I54: Kg | J54: 0 | K54: 45 | L54: 15 | M54: 0 | N54: 15 | O54: 30 | P54: =+H54+J54-K54-L54-M54-N54-O54 -> 930 | Q54: 16 KĞ | R54: 250 | S54: 750 | T54: KĞ
A55: 52 | D55: ZZ.32Q İÇ TAKOZ | H55: 4000 | I55: Adet | J55: 0 | K55: 0 | L55: 0 | M55: 0 | N55: 0 | O55: 0 | P55: =+H55+J55-K55-L55-M55-N55-O55 -> 4000 | R55: 0
A56: 53 | D56: ZZ.40x40 İÇ TAKOZ | H56: ='KASIM 3 HAFTA '!P56 -> 2000 | I56: Adet | J56: 0 | K56: 0 | L56: 0 | M56: 0 | N56: 0 | O56: 0 | P56: =+H56+J56-K56-L56-M56-N56-O56 -> 2000 | R56: 0
A57: 54 | D57: ZZ.32Q IZGARA TAKOZ | H57: ='KASIM 3 HAFTA '!P57 -> 2800 | I57: Adet | J57: 0 | K57: 0 | L57: 0 | M57: 0 | N57: 0 | O57: 0 | P57: =+H57+J57-K57-L57-M57-N57-O57 -> 2800 | R57: 0
A58: 55 | D58: ZZ.20x40 İÇ TAKOZ | H58: ='KASIM 3 HAFTA '!P58 -> 3000 | I58: Adet | J58: 0 | K58: 0 | L58: 0 | M58: 0 | N58: 0 | O58: 0 | P58: =+H58+J58-K58-L58-M58-N58-O58 -> 3000 | R58: 0
A59: 56 | D59: ZZ.25Q İÇ TAKOZ | H59: ='KASIM 3 HAFTA '!P59 -> 5000 | I59: Adet | J59: 0 | K59: 0 | L59: 0 | M59: 0 | N59: 0 | O59: 0 | P59: =+H59+J59-K59-L59-M59-N59-O59 -> 5000 | R59: 0
A60: 57 | D60: ZZ.25x50 ELİPS İÇ TAKOZ | H60: ='KASIM 3 HAFTA '!P60 -> 3000 | I60: Adet | J60: 0 | K60: 0 | L60: 0 | M60: 0 | N60: 0 | O60: 0 | P60: =+H60+J60-K60-L60-M60-N60-O60 -> 3000 | R60: 0
A61: 58 | D61: ZZ.25x25 İÇ TAKOZ | H61: 4700 | I61: Adet | J61: 0 | K61: 0 | L61: 0 | M61: 0 | N61: 0 | O61: 0 | P61: =+H61+J61-K61-L61-M61-N61-O61 -> 4700 | R61: 0
A62: 59 | D62: OYUNCU KOLTUĞU MEKANİZMA TKM | H62: ='KASIM 3 HAFTA '!P62 -> 494 | I62: Adet | J62: 0 | K62: 0 | L62: 0 | M62: 0 | N62: 0 | O62: 0 | P62: =+H62+J62-K62-L62-M62-N62-O62 -> 494 | R62: 0
A63: 60 | D63: OFİS (DIAMOND) PLSTK AYAK | H63: ='KASIM 3 HAFTA '!P63 -> 1184 | I63: Adet | J63: 0 | K63: 0 | L63: 0 | M63: 0 | N63: 0 | O63: 0 | P63: =+H63+J63-K63-L63-M63-N63-O63 -> 1184 | R63: 200 | S63: 1000
A64: 61 | D64: ZZ.Plastik L Ayak 180X180 | H64: ='KASIM 3 HAFTA '!P64 -> 447 | I64: Adet | J64: 0 | K64: 0 | L64: 0 | M64: 0 | N64: 0 | O64: 0 | P64: =+H64+J64-K64-L64-M64-N64-O64 -> 447 | R64: 100 | S64: 300
A65: 62 | D65: ZZ.PLASTİK ÜÇGEN AYAK 10 CM (TIESTO) | H65: ='KASIM 3 HAFTA '!P65 -> 315 | I65: Adet | J65: 0 | K65: 0 | L65: 0 | M65: 0 | N65: 0 | O65: 0 | P65: =+H65+J65-K65-L65-M65-N65-O65 -> 315 | R65: 100 | S65: 300
A66: 63 | D66: ZZ.STINGER PLASTİK AYAK -5.5 Ebru M8*35 | H66: ='KASIM 3 HAFTA '!P66 -> 350 | I66: Adet | J66: 0 | K66: 0 | L66: 0 | M66: 0 | N66: 0 | O66: 0 | P66: =+H66+J66-K66-L66-M66-N66-O66 -> 350 | R66: 100 | S66: 300
A67: 64 | D67: MODEL 5 AYAK 10CM (15 CM) | H67: ='KASIM 3 HAFTA '!P67 -> 1162 | I67: Adet | J67: 0 | K67: 0 | L67: 0 | M67: 0 | N67: 0 | O67: 0 | P67: =+H67+J67-K67-L67-M67-N67-O67 -> 1162 | R67: 100 | S67: 300
A68: 65 | D68: LEO TAKIM PLASTİK | H68: 511 | I68: Adet | J68: 0 | K68: 0 | L68: 0 | M68: 0 | N68: 0 | O68: 0 | P68: =+H68+J68-K68-L68-M68-N68-O68 -> 511 | R68: 0
A69: 66 | D69: ZZ.NOORD SIRT PLASTİĞİ (ALFA) | H69: ='KASIM 3 HAFTA '!P69 -> 328 | I69: Adet | J69: 0 | K69: 0 | L69: 0 | M69: 11 | N69: 0 | O69: 0 | P69: =+H69+J69-K69-L69-M69-N69-O69 -> 317 | R69: 50 | S69: 100
A70: 67 | D70: BERBER KOLTUK TEPSİ | H70: ='KASIM 3 HAFTA '!P70 -> 60 | I70: Adet | J70: 0 | K70: 0 | L70: 0 | M70: 0 | N70: 0 | O70: 0 | P70: =+H70+J70-K70-L70-M70-N70-O70 -> 60 | R70: 0
A71: 68 | D71: PLASTİK YILDIZ AYAK 60 | H71: ='KASIM 3 HAFTA '!P71 -> 500 | I71: Adet | J71: 0 | K71: 0 | L71: 0 | M71: 0 | N71: 6 | O71: 0 | P71: =+H71+J71-K71-L71-M71-N71-O71 -> 494 | R71: 300 | S71: 1000
A72: 69 | D72: ZZ.VEGA (FORM) KOL TABLASI | H72: ='KASIM 3 HAFTA '!P72 -> 0 | I72: Adet | J72: 0 | K72: 0 | L72: 0 | M72: 0 | N72: 0 | O72: 0 | P72: =+H72+J72-K72-L72-M72-N72-O72 -> 0 | R72: 50 | S72: 150
A73: 70 | D73: TELA BEZ 20 GR | H73: ='KASIM 3 HAFTA '!P73 -> 32 | I73: KĞ | J73: 0 | K73: 0 | L73: 0 | M73: 0 | N73: 0 | O73: 0 | P73: =+H73+J73-K73-L73-M73-N73-O73 -> 32 | Q73: 32 kğ | R73: 65 | S73: 150
A74: 71 | D74: SİEANNA,KARİNA PLASTİK KOL | H74: 122 | I74: Adet | J74: 0 | K74: 0 | L74: 0 | M74: 6 | N74: 0 | O74: 2 | P74: =+H74+J74-K74-L74-M74-N74-O74 -> 114 | R74: 50 | S74: 100
A75: 72 | D75: VOX OTURAK,İÇ DIŞ PLS. | H75: 17 | I75: Adet | J75: 150 | K75: 0 | L75: 0 | M75: 0 | N75: 0 | O75: 0 | P75: =+H75+J75-K75-L75-M75-N75-O75 -> 167 | R75: 50 | S75: 100
A76: 73 | D76: POLO PLASTİK TAKIMI | H76: 33 | I76: Adet | J76: 0 | K76: 0 | L76: 0 | M76: 0 | N76: 0 | O76: 0 | P76: =+H76+J76-K76-L76-M76-N76-O76 -> 33 | R76: 0
A77: 74 | D77: VEGA FORM ÇAKMA KOL | H77: ='KASIM 3 HAFTA '!P77 -> 50 | I77: Adet | J77: 0 | K77: 0 | L77: 0 | M77: 0 | N77: 0 | O77: 0 | P77: =+H77+J77-K77-L77-M77-N77-O77 -> 50 | R77: 100 | S77: 200
A78: 75 | D78: EXPERİ KOL | H78: ='KASIM 3 HAFTA '!P78 -> 0 | I78: Adet | J78: 0 | K78: 0 | L78: 0 | M78: 0 | N78: 0 | O78: 0 | P78: =+H78+J78-K78-L78-M78-N78-O78 -> 0 | R78: 0
A79: 76 | D79: 100*160 BALONLU NAYLON | H79: 146 | I79: Adet | J79: 0 | K79: 25 | L79: 0 | M79: 0 | N79: 0 | O79: 25 | P79: =+H79+J79-K79-L79-M79-N79-O79 -> 96 | R79: 100 | S79: 500 | T79: KĞ
A80: 77 | D80: HARMANY S KOL PLSTİK | H80: ='KASIM 3 HAFTA '!P80 -> 40 | I80: Adet | J80: 0 | K80: 0 | L80: 0 | M80: 0 | N80: 0 | O80: 0 | P80: =+H80+J80-K80-L80-M80-N80-O80 -> 40 | R80: 0
A81: 78 | D81: STREÇ NAYLON 2,30 KĞ | H81: 144 | I81: Adet | J81: 0 | K81: 2 | L81: 2 | M81: 0 | N81: 14 | O81: 6 | P81: =+H81+J81-K81-L81-M81-N81-O81 -> 120 | Q81: 2,3 KG | R81: 30 | S81: 100
A82: 79 | D82: AB1508 COBRA CEZAR KOL | H82: 262 | I82: Adet | J82: 0 | K82: 0 | L82: 0 | M82: 0 | N82: 0 | O82: 34 | P82: =+H82+J82-K82-L82-M82-N82-O82 -> 228 | R82: 60 | S82: 100
A83: 80 | D83: ELASTİK KOLON | H83: 4000 | I83: MT | J83: 2500 | K83: 0 | L83: 1000 | M83: 2500 | N83: 0 | O83: 0 | P83: =+H83+J83-K83-L83-M83-N83-O83 -> 3000 | R83: 1000 | S83: 10000
A84: 81 | D84: VOX SIRT İÇ DIŞ PLASTİĞİ | H84: 20 | I84: Adet | J84: 100 | O84: 100 | P84: =+H84+J84-K84-L84-M84-N84-O84 -> 20 | R84: 50 | S84: 100

Sheet ARALIK 1 HAFTA
P1: =+H1+J1-K1-L1-M1-N1-O1 -> 0
D2: ARALIK 1 HAFTA | S2: 44837
A3: S.NO | D3: ÜRÜN ADI | H3: ADET | I3: BİRİM | J3: GİRİŞ | K3: 44900 | L3: 44901 | M3: 44902 | N3: 44903 | O3: 44904 | P3: KALAN | R3: MİNİMUN | S3: MAKSİMUN
A4: 1 | D4: ZZ.KORUMA FİLESİ | H4: 113 | I4: Kg | J4: 0 | K4: 0 | L4: 0 | M4: 0 | N4: 0 | O4: 0 | P4: =+H4+J4-K4-L4-M4-N4-O4 -> 113 | Q4: 17 KĞ | R4: 100 | S4: 500 | T4: KĞ
A5: 2 | D5: ZZ.RADO (NİTRO) AYAKLI KOL | H5: ='KASIM 3 HAFTA '!P5 -> 28 | I5: Adet | J5: 0 | K5: 0 | L5: 0 | M5: 0 | N5: 0 | O5: 0 | P5: =+H5+J5-K5-L5-M5-N5-O5 -> 28 | R5: 6 | S5: 10
A6: 3 | D6: ZZ.ORBİT (BİLGİN) KOL | H6: 34 | I6: Adet | J6: 0 | K6: 0 | L6: 0 | M6: 0 | N6: 0 | O6: 0 | P6: =+H6+J6-K6-L6-M6-N6-O6 -> 34 | R6: 6 | S6: 10
A7: 4 | D7: ZZ.MAKER YAY KOL | H7: ='KASIM 3 HAFTA '!P7 -> 58 | I7: Adet | J7: 0 | K7: 0 | L7: 0 | M7: 0 | N7: 0 | O7: 0 | P7: =+H7+J7-K7-L7-M7-N7-O7 -> 58 | R7: 6 | S7: 10
A8: 5 | D8: ZZ.JAZZ T KOL | H8: 114 | I8: Adet | J8: 0 | K8: 0 | L8: 0 | M8: 0 | N8: 0 | O8: 2 | P8: =+H8+J8-K8-L8-M8-N8-O8 -> 112 | R8: 100 | S8: 400
A9: 6 | D9: ZZ.STELLA ÜÇGEN PLASTİK KROM KOL | H9: 60 | I9: Adet | J9: 0 | K9: 0 | L9: 0 | M9: 20 | N9: 0 | O9: 0 | P9: =+H9+J9-K9-L9-M9-N9-O9 -> 40 | R9: 60 | S9: 200
A10: 7 | D10: ZZ.PENTA KOL (ayarlı,onyar başlı) | H10: 1771 | I10: Adet | J10: 0 | K10: 0 | L10: 2 | M10: 0 | N10: 0 | O10: 54 | P10: =+H10+J10-K10-L10-M10-N10-O10 -> 1715 | R10: 200 | S10: 500
A11: 8 | D11: ZZ.WENGE KOL PLASTİK | H11: ='KASIM 3 HAFTA '!P11 -> 496 | I11: Adet | J11: 0 | K11: 0 | L11: 0 | M11: 0 | N11: 0 | O11: 0 | P11: =+H11+J11-K11-L11-M11-N11-O11 -> 496 | R11: 0 | S11: 0
A12: 9 | D12: ZZ.PRESTİJ (KİNG EKO PLASTİK ) KOL | H12: ='KASIM 3 HAFTA '!P12 -> 60 | I12: Adet | J12: 0 | K12: 0 | L12: 0 | M12: 0 | N12: 0 | O12: 0 | P12: =+H12+J12-K12-L12-M12-N12-O12 -> 60 | R12: 200 | S12: 400
A13: 10 | D13: ZZ.WARLOCK (ELEGANCE) KOL | H13: ='KASIM 3 HAFTA '!P13 -> 42 | I13: Adet | J13: 0 | K13: 0 | L13: 0 | M13: 0 | N13: 0 | O13: 0 | P13: =+H13+J13-K13-L13-M13-N13-O13 -> 42 | R13: 0
A14: 11 | D14: CYBORG KOL | H14: ='KASIM 3 HAFTA '!P14 -> 0 | I14: Adet | J14: 0 | K14: 0 | L14: 0 | M14: 0 | N14: 0 | O14: 0 | P14: =+H14+J14-K14-L14-M14-N14-O14 -> 0 | R14: 20 | S14: 50
A15: 12 | D15: ZZ. MARKOL(SAKURE) (AHŞAP AÇIK KOL) | H15: ='KASIM 3 HAFTA '!P15 -> 26 | I15: Adet | J15: 0 | K15: 0 | L15: 0 | M15: 0 | N15: 0 | O15: 0 | P15: =+H15+J15-K15-L15-M15-N15-O15 -> 26 | R15: 100 | S15: 200
A16: 13 | D16: ZZ.SEAT ALÜMİNYUM KOL | H16: ='KASIM 3 HAFTA '!P16 -> 90 | I16: Adet | J16: 0 | K16: 0 | L16: 0 | M16: 0 | N16: 0 | O16: 0 | P16: =+H16+J16-K16-L16-M16-N16-O16 -> 90 | R16: 0
A17: 14 | D17: PLASTİK YILDIZ AYAK ÇİN GÜMÜŞ GRİ | H17: ='KASIM 3 HAFTA '!P17 -> 800 | I17: Adet | J17: 0 | K17: 0 | L17: 0 | M17: 0 | N17: 0 | O17: 0 | P17: =+H17+J17-K17-L17-M17-N17-O17 -> 800 | R17: 0
A18: 15 | D18: ZZ.NEO BAR TABURESİ AYAK ÇEMBERİ | H18: 56 | I18: Adet | J18: 0 | K18: 0 | L18: 0 | M18: 0 | N18: 0 | O18: 2 | P18: =+H18+J18-K18-L18-M18-N18-O18 -> 54 | R18: 20 | S18: 50
A19: 16 | D19: ZZ.NEO BAR TEPSİ AYAK 4Q5 | H19: 56 | I19: Adet | J19: 0 | K19: 0 | L19: 0 | M19: 0 | N19: 0 | O19: 2 | P19: =+H19+J19-K19-L19-M19-N19-O19 -> 54 | R19: 20 | S19: 50
A20: 17 | D20: ZZ.NEO BAR AMORTİSÖRÜ 260 LIK | H20: 88 | I20: Adet | J20: 0 | K20: 0 | L20: 0 | M20: 0 | N20: 0 | O20: 2 | P20: =+H20+J20-K20-L20-M20-N20-O20 -> 86 | R20: 20 | S20: 50
A21: 18 | D21: ZZ.EFOR ŞEF SET KOL +SIRT İÇ-DIŞ | H21: ='KASIM 3 HAFTA '!P21 -> 33 | I21: Adet | J21: 0 | K21: 0 | L21: 0 | M21: 0 | N21: 0 | O21: 0 | P21: =+H21+J21-K21-L21-M21-N21-O21 -> 33 | R21: 0
A22: 19 | D22: ZZ.BONCUK ELYAF ( 1 TORBA = 10 KG ) | H22: 90 | I22: Kg | J22: 300 | K22: 0 | L22: 160 | M22: 25 | N22: 20 | O22: 5 | P22: =+H22+J22-K22-L22-M22-N22-O22 -> 180 | R22: 50 | S22: 200
A23: 20 | D23: İNCİ SEKRETER İÇ DIŞ PLASTİĞİ | H23: ='KASIM 3 HAFTA '!P23 -> 2000 | I23: Adet | J23: 0 | K23: 0 | L23: 0 | M23: 0 | N23: 0 | O23: 0 | P23: =+H23+J23-K23-L23-M23-N23-O23 -> 2000 | R23: 0
A24: 21 | D24: TETRA OTURAK İÇ DIŞ PLASTİK AB 3355 | H24: ='KASIM 3 HAFTA '!P24 -> 273 | I24: Adet | J24: 0 | K24: 0 | L24: 0 | M24: 0 | N24: 0 | O24: 0 | P24: =+H24+J24-K24-L24-M24-N24-O24 -> 273 | R24: 0
A25: 22 | D25: EVO SIRT PLASTİĞİ | H25: ='KASIM 3 HAFTA '!P25 -> 40 | I25: Adet | J25: 0 | K25: 0 | L25: 0 | M25: 0 | N25: 0 | O25: 0 | P25: =+H25+J25-K25-L25-M25-N25-O25 -> 40 | R25: 0
A26: 23 | D26: DARK OTURAK İÇ/DIŞ PLASTİK | H26: ='KASIM 3 HAFTA '!P26 -> 168 | I26: Adet | J26: 0 | K26: 0 | L26: 0 | M26: 0 | N26: 0 | O26: 4 | P26: =+H26+J26-K26-L26-M26-N26-O26 -> 164 | R26: 20 | S26: 50
A27: 24 | D27: EVO OTURAK İÇ/DIŞ PLASTİĞİ | H27: ='KASIM 3 HAFTA '!P27 -> 42 | I27: Adet | J27: 0 | K27: 0 | L27: 0 | M27: 0 | N27: 0 | O27: 0 | P27: =+H27+J27-K27-L27-M27-N27-O27 -> 42 | R27: 20 | S27: 50
A28: 25 | D28: ZZ.ZİRVE (BAG 25) SIRT DIŞ KAPAK | H28: 0 | I28: Adet | J28: 0 | K28: 0 | L28: 0 | M28: 0 | N28: 0 | O28: 0 | P28: =+H28+J28-K28-L28-M28-N28-O28 -> 0 | R28: 50 | S28: 100
A29: 26 | D29: ZZ.ZİRVE (BAG 25 ) SIRT İÇ KAPAK | H29: 25 | I29: Adet | J29: 0 | K29: 0 | L29: 0 | M29: 0 | N29: 0 | O29: 0 | P29: =+H29+J29-K29-L29-M29-N29-O29 -> 25 | R29: 50 | S29: 100
A30: 27 | D30: DARK BAŞLIK | H30: 230 | I30: Adet | J30: 0 | K30: 0 | L30: 0 | M30: 0 | N30: 0 | O30: 4 | P30: =+H30+J30-K30-L30-M30-N30-O30 -> 226 | R30: 20 | S30: 50
A31: 28 | D31: ZZ.VOX BAŞLIK | H31: 535 | I31: Adet | J31: 0 | K31: 0 | L31: 0 | M31: 0 | N31: 0 | O31: 3 | P31: =+H31+J31-K31-L31-M31-N31-O31 -> 532 | R31: 50 | S31: 100
A32: 29 | D32: DARK SIRT PLASTİĞİ | H32: 48 | I32: Adet | J32: 0 | K32: 0 | L32: 0 | M32: 0 | N32: 0 | O32: 4 | P32: =+H32+J32-K32-L32-M32-N32-O32 -> 44 | R32: 20 | S32: 50
A33: 30 | D33: SEKRETER İÇ / DIŞ PLASTİĞİ KONYA | H33: 1075 | I33: Adet | J33: 0 | K33: 0 | L33: 0 | M33: 0 | N33: 0 | O33: 0 | P33: =+H33+J33-K33-L33-M33-N33-O33 -> 1075 | R33: 0
A34: 31 | D34: ZZ.NOORD KOL (ALFA) | H34: 524 | I34: Adet | J34: 0 | K34: 0 | L34: 0 | M34: 0 | N34: 0 | O34: 0 | P34: =+H34+J34-K34-L34-M34-N34-O34 -> 524 | R34: 50 | S34: 100
A35: 32 | D35: DARK SIRT İÇ/DIŞ PLASTİĞİ | H35: 94 | I35: Adet | J35: 0 | K35: 0 | L35: 0 | M35: 0 | N35: 0 | O35: 4 | P35: =+H35+J35-K35-L35-M35-N35-O35 -> 90 | R35: 20 | S35: 50
A36: 33 | D36: DORİ PLASTİK BAŞLIK(ALTIN B) | H36: ='KASIM 3 HAFTA '!P36 -> 934 | I36: Adet | J36: 0 | K36: 0 | L36: 0 | M36: 0 | N36: 0 | O36: 0 | P36: =+H36+J36-K36-L36-M36-N36-O36 -> 934 | R36: 0
A37: 34 | D37: ALFA OTURAK İÇ DIŞ PLASTİĞİ | H37: ='KASIM 3 HAFTA '!P37 -> 283 | I37: Adet | J37: 0 | K37: 0 | L37: 0 | M37: 0 | N37: 0 | O37: 0 | P37: =+H37+J37-K37-L37-M37-N37-O37 -> 283 | R37: 50 | S37: 100
A38: 35 | D38: ALFA SIRT PLASTİĞİ | H38: ='KASIM 3 HAFTA '!P38 -> 287 | I38: Adet | J38: 0 | K38: 0 | L38: 0 | M38: 0 | N38: 0 | O38: 0 | P38: =+H38+J38-K38-L38-M38-N38-O38 -> 287 | R38: 50 | S38: 100
A39: 36 | D39: NOORD BAŞLIK PLASTİĞİ (ALFA) | H39: 16 | I39: Adet | J39: 0 | K39: 0 | L39: 0 | M39: 0 | N39: 0 | O39: 0 | P39: =+H39+J39-K39-L39-M39-N39-O39 -> 16 | R39: 50 | S39: 100
A40: 37 | D40: LİMA FONT İÇ PLASTİĞİ | H40: 50 | I40: Adet | J40: 0 | K40: 0 | L40: 0 | M40: 0 | N40: 0 | O40: 2 | P40: =+H40+J40-K40-L40-M40-N40-O40 -> 48 | R40: 0
A41: 38 | D41: ZZ.MİLLORD(JOBB) SIRT İÇ/DIŞ PLASTİĞİ | H41: ='KASIM 3 HAFTA '!P41 -> 20 | I41: Adet | J41: 0 | K41: 0 | L41: 0 | M41: 0 | N41: 0 | O41: 0 | P41: =+H41+J41-K41-L41-M41-N41-O41 -> 20 | R41: 5 | S41: 10
A42: 39 | D42: ZZ.BETTA KOL | H42: 30 | I42: Adet | J42: 0 | K42: 0 | L42: 0 | M42: 0 | N42: 0 | O42: 0 | P42: =+H42+J42-K42-L42-M42-N42-O42 -> 30 | R42: 40 | S42: 100
A43: 40 | D43: ZZ.BETTA SIRT PLASTİĞİ | H43: 80 | I43: Adet | J43: 0 | K43: 0 | L43: 0 | M43: 0 | N43: 0 | O43: 0 | P43: =+H43+J43-K43-L43-M43-N43-O43 -> 80 | R43: 20 | S43: 50
A44: 41 | D44: ZZ.BETTA FONT DIŞ PLASTİĞİ | H44: 80 | I44: Adet | J44: 0 | K44: 0 | L44: 0 | M44: 0 | N44: 0 | O44: 0 | P44: =+H44+J44-K44-L44-M44-N44-O44 -> 80 | R44: 20 | S44: 50
A45: 42 | D45: ZZ.BETTA FONT İÇ PLASTİĞİ | H45: 95 | I45: Adet | J45: 0 | K45: 0 | L45: 0 | M45: 0 | N45: 0 | O45: 0 | P45: =+H45+J45-K45-L45-M45-N45-O45 -> 95 | R45: 20 | S45: 50
A46: 43 | D46: ZZ.BOGA SIRT İÇ - DIŞ PLASTİĞİ BEYAZ | H46: 52 | I46: Adet | J46: 0 | K46: 0 | L46: 0 | M46: 0 | N46: 0 | O46: 0 | P46: =+H46+J46-K46-L46-M46-N46-O46 -> 52 | R46: 10 | S46: 20
A47: 44 | D47: ZZ.BOGA SIRT İÇ - DIŞ PLASTİĞİ | H47: 27 | I47: Adet | J47: 0 | K47: 0 | L47: 0 | M47: 0 | N47: 0 | O47: 0 | P47: =+H47+J47-K47-L47-M47-N47-O47 -> 27 | R47: 10 | S47: 20
A48: 45 | D48: ZZ.BOGA PLASTİK BAŞLIK | H48: ='KASIM 3 HAFTA '!P48 -> 0 | I48: Adet | J48: 0 | K48: 0 | L48: 0 | M48: 0 | N48: 0 | O48: 0 | P48: =+H48+J48-K48-L48-M48-N48-O48 -> 0 | R48: 10 | S48: 20
A49: 46 | D49: ZZ.60 GR VATKA ELYAF (1 TORBA = 5 KG ) | H49: 130 | I49: Kg | J49: 0 | K49: 0 | L49: 0 | M49: 0 | N49: 0 | O49: 12.5 | P49: =+H49+J49-K49-L49-M49-N49-O49 -> 117.5 | R49: 20 | S49: 100 | T49: KĞ
A50: 47 | D50: ZZ.KROM KONİK AYAK | H50: 149 | I50: Adet | J50: 0 | K50: 0 | L50: 0 | M50: 0 | N50: 0 | O50: 0 | P50: =+H50+J50-K50-L50-M50-N50-O50 -> 149 | R50: 30 | S50: 100
A51: 48 | D51: ZZ.JAZZ SIRT PLASTİĞİ | H51: 94 | I51: Adet | J51: 0 | K51: 0 | L51: 0 | M51: 0 | N51: 0 | O51: 1 | P51: =+H51+J51-K51-L51-M51-N51-O51 -> 93 | R51: 20 | S51: 50
A52: 49 | D52: ZZ.JAZZ OTURAK İÇ PLASTİĞİ | H52: 90 | I52: Adet | J52: 0 | K52: 0 | L52: 0 | M52: 0 | N52: 0 | O52: 1 | P52: =+H52+J52-K52-L52-M52-N52-O52 -> 89 | R52: 20 | S52: 50
A53: 50 | D53: ZZ.JAZZ OTURAK DIŞ PLASTİĞİ | H53: 40 | I53: Adet | J53: 0 | K53: 0 | L53: 0 | M53: 0 | N53: 0 | O53: 1 | P53: =+H53+J53-K53-L53-M53-N53-O53 -> 39 | R53: 20 | S53: 50
A54: 51 | D54: ZZ.YAPIŞTIRICI (UNITEK 63) | H54: 930 | I54: Kg | J54: 0 | K54: 75 | L54: 0 | M54: 30 | N54: 45 | O54: 90 | P54: =+H54+J54-K54-L54-M54-N54-O54 -> 690 | Q54: 16 KĞ | R54: 250 | S54: 750 | T54: KĞ
A55: 52 | D55: ZZ.32Q İÇ TAKOZ | H55: 4000 | I55: Adet | J55: 0 | K55: 0 | L55: 0 | M55: 0 | N55: 0 | O55: 0 | P55: =+H55+J55-K55-L55-M55-N55-O55 -> 4000 | R55: 0
A56: 53 | D56: ZZ.40x40 İÇ TAKOZ | H56: ='KASIM 3 HAFTA '!P56 -> 2000 | I56: Adet | J56: 0 | K56: 0 | L56: 0 | M56: 0 | N56: 0 | O56: 0 | P56: =+H56+J56-K56-L56-M56-N56-O56 -> 2000 | R56: 0
A57: 54 | D57: ZZ.32Q IZGARA TAKOZ | H57: ='KASIM 3 HAFTA '!P57 -> 2800 | I57: Adet | J57: 0 | K57: 0 | L57: 0 | M57: 0 | N57: 0 | O57: 0 | P57: =+H57+J57-K57-L57-M57-N57-O57 -> 2800 | R57: 0
A58: 55 | D58: ZZ.20x40 İÇ TAKOZ | H58: ='KASIM 3 HAFTA '!P58 -> 3000 | I58: Adet | J58: 0 | K58: 0 | L58: 0 | M58: 0 | N58: 0 | O58: 0 | P58: =+H58+J58-K58-L58-M58-N58-O58 -> 3000 | R58: 0
A59: 56 | D59: ZZ.25Q İÇ TAKOZ | H59: ='KASIM 3 HAFTA '!P59 -> 5000 | I59: Adet | J59: 0 | K59: 0 | L59: 0 | M59: 0 | N59: 0 | O59: 0 | P59: =+H59+J59-K59-L59-M59-N59-O59 -> 5000 | R59: 0
A60: 57 | D60: ZZ.25x50 ELİPS İÇ TAKOZ | H60: ='KASIM 3 HAFTA '!P60 -> 3000 | I60: Adet | J60: 0 | K60: 0 | L60: 0 | M60: 0 | N60: 0 | O60: 0 | P60: =+H60+J60-K60-L60-M60-N60-O60 -> 3000 | R60: 0
A61: 58 | D61: ZZ.25x25 İÇ TAKOZ | H61: 4700 | I61: Adet | J61: 0 | K61: 0 | L61: 0 | M61: 0 | N61: 0 | O61: 0 | P61: =+H61+J61-K61-L61-M61-N61-O61 -> 4700 | R61: 0
A62: 59 | D62: OYUNCU KOLTUĞU MEKANİZMA TKM | H62: ='KASIM 3 HAFTA '!P62 -> 494 | I62: Adet | J62: 0 | K62: 0 | L62: 0 | M62: 0 | N62: 0 | O62: 0 | P62: =+H62+J62-K62-L62-M62-N62-O62 -> 494 | R62: 0
A63: 60 | D63: OFİS (DIAMOND) PLSTK AYAK | H63: ='KASIM 3 HAFTA '!P63 -> 1184 | I63: Adet | J63: 0 | K63: 0 | L63: 0 | M63: 0 | N63: 0 | O63: 0 | P63: =+H63+J63-K63-L63-M63-N63-O63 -> 1184 | R63: 200 | S63: 1000
A64: 61 | D64: ZZ.Plastik L Ayak 180X180 | H64: ='KASIM 3 HAFTA '!P64 -> 447 | I64: Adet | J64: 0 | K64: 0 | L64: 0 | M64: 0 | N64: 0 | O64: 0 | P64: =+H64+J64-K64-L64-M64-N64-O64 -> 447 | R64: 100 | S64: 300
A65: 62 | D65: ZZ.PLASTİK ÜÇGEN AYAK 10 CM (TIESTO) | H65: ='KASIM 3 HAFTA '!P65 -> 315 | I65: Adet | J65: 0 | K65: 0 | L65: 0 | M65: 0 | N65: 0 | O65: 0 | P65: =+H65+J65-K65-L65-M65-N65-O65 -> 315 | R65: 100 | S65: 300
A66: 63 | D66: ZZ.STINGER PLASTİK AYAK -5.5 Ebru M8*35 | H66: ='KASIM 3 HAFTA '!P66 -> 350 | I66: Adet | J66: 0 | K66: 0 | L66: 0 | M66: 0 | N66: 0 | O66: 0 | P66: =+H66+J66-K66-L66-M66-N66-O66 -> 350 | R66: 100 | S66: 300
A67: 64 | D67: MODEL 5 AYAK 10CM (15 CM) | H67: ='KASIM 3 HAFTA '!P67 -> 1162 | I67: Adet | J67: 750 | K67: 0 | L67: 0 | M67: 0 | N67: 0 | O67: 0 | P67: =+H67+J67-K67-L67-M67-N67-O67 -> 1912 | R67: 100 | S67: 300
A68: 65 | D68: LEO TAKIM PLASTİK | H68: 511 | I68: Adet | J68: 0 | K68: 0 | L68: 0 | M68: 0 | N68: 0 | O68: 20 | P68: =+H68+J68-K68-L68-M68-N68-O68 -> 491 | R68: 0
A69: 66 | D69: ZZ.NOORD SIRT PLASTİĞİ (ALFA) | H69: 317 | I69: Adet | J69: 0 | K69: 0 | L69: 0 | M69: 0 | N69: 0 | O69: 0 | P69: =+H69+J69-K69-L69-M69-N69-O69 -> 317 | R69: 50 | S69: 100
A70: 67 | D70: BERBER KOLTUK TEPSİ | H70: ='KASIM 3 HAFTA '!P70 -> 60 | I70: Adet | J70: 0 | K70: 0 | L70: 0 | M70: 0 | N70: 0 | O70: 0 | P70: =+H70+J70-K70-L70-M70-N70-O70 -> 60 | R70: 0
A71: 68 | D71: PLASTİK YILDIZ AYAK 60 | H71: 494 | I71: Adet | J71: 0 | K71: 0 | L71: 0 | M71: 0 | N71: 0 | O71: 0 | P71: =+H71+J71-K71-L71-M71-N71-O71 -> 494 | R71: 300 | S71: 1000
A72: 69 | D72: ZZ.VEGA (FORM) KOL TABLASI | H72: ='KASIM 3 HAFTA '!P72 -> 0 | I72: Adet | J72: 0 | K72: 0 | L72: 0 | M72: 0 | N72: 0 | O72: 0 | P72: =+H72+J72-K72-L72-M72-N72-O72 -> 0 | R72: 50 | S72: 150
A73: 70 | D73: TELA BEZ 20 GR | H73: 191.5 | I73: KĞ | J73: 0 | K73: 0 | L73: 0 | M73: 0 | N73: 0 | O73: 0 | P73: =+H73+J73-K73-L73-M73-N73-O73 -> 191.5 | Q73: 32 kğ | R73: 65 | S73: 150
A74: 71 | D74: SİEANNA,KARİNA PLASTİK KOL | H74: 114 | I74: Adet | J74: 0 | K74: 0 | L74: 0 | M74: 0 | N74: 0 | O74: 0 | P74: =+H74+J74-K74-L74-M74-N74-O74 -> 114 | R74: 50 | S74: 100
A75: 72 | D75: VOX OTURAK,İÇ DIŞ PLS. | H75: 167 | I75: Adet | J75: 120 | K75: 0 | L75: 0 | M75: 0 | N75: 0 | O75: 0 | P75: =+H75+J75-K75-L75-M75-N75-O75 -> 287 | R75: 50 | S75: 100
A76: 73 | D76: POLO PLASTİK TAKIMI | H76: 33 | I76: Adet | J76: 0 | K76: 0 | L76: 0 | M76: 0 | N76: 0 | O76: 1 | P76: =+H76+J76-K76-L76-M76-N76-O76 -> 32 | R76: 0
A77: 74 | D77: VEGA FORM ÇAKMA KOL | H77: ='KASIM 3 HAFTA '!P77 -> 50 | I77: Adet | J77: 0 | K77: 0 | L77: 0 | M77: 0 | N77: 0 | O77: 0 | P77: =+H77+J77-K77-L77-M77-N77-O77 -> 50 | R77: 100 | S77: 200
A78: 75 | D78: EXPERİ KOL | H78: ='KASIM 3 HAFTA '!P78 -> 0 | I78: Adet | J78: 0 | K78: 0 | L78: 0 | M78: 0 | N78: 0 | O78: 0 | P78: =+H78+J78-K78-L78-M78-N78-O78 -> 0 | R78: 0
A79: 76 | D79: 100*160 BALONLU NAYLON | H79: 96 | I79: Adet | J79: 0 | K79: 0 | L79: 25 | M79: 0 | N79: 25 | O79: 0 | P79: =+H79+J79-K79-L79-M79-N79-O79 -> 46 | R79: 100 | S79: 500 | T79: KĞ
A80: 77 | D80: HARMANY S KOL PLSTİK | H80: ='KASIM 3 HAFTA '!P80 -> 40 | I80: Adet | J80: 0 | K80: 0 | L80: 0 | M80: 0 | N80: 0 | O80: 0 | P80: =+H80+J80-K80-L80-M80-N80-O80 -> 40 | R80: 0
A81: 78 | D81: STREÇ NAYLON 2,30 KĞ | H81: 120 | I81: Adet | J81: 0 | K81: 0 | L81: 12 | M81: 6 | N81: 18 | O81: 8 | P81: =+H81+J81-K81-L81-M81-N81-O81 -> 76 | Q81: 2,3 KG | R81: 30 | S81: 100
A82: 79 | D82: AB1508 COBRA CEZAR KOL | H82: 228 | I82: Adet | J82: 0 | K82: 0 | L82: 0 | M82: 0 | N82: 0 | O82: 0 | P82: =+H82+J82-K82-L82-M82-N82-O82 -> 228 | R82: 60 | S82: 100
A83: 80 | D83: ELASTİK KOLON | H83: 3000 | I83: MT | J83: 0 | K83: 0 | L83: 0 | M83: 0 | N83: 15 | O83: 0 | P83: =+H83+J83-K83-L83-M83-N83-O83 -> 2985 | R83: 1000 | S83: 10000
A84: 81 | D84: VOX SIRT İÇ DIŞ PLASTİĞİ | H84: 20 | I84: Adet | J84: 210 | K84: 0 | L84: 0 | M84: 0 | N84: 0 | O84: 0 | P84: =+H84+J84-K84-L84-M84-N84-O84 -> 230 | R84: 50 | S84: 100

Sheet ARALIK 2 HAFTA 
P1: =+H1+J1-K1-L1-M1-N1-O1 -> 0
D2: ARALIK 2 HAFTA | S2: 44837
A3: S.NO | D3: ÜRÜN ADI | H3: ADET | I3: BİRİM | J3: GİRİŞ | K3: 44907 | L3: 44908 | M3: 44909 | N3: 44910 | O3: 44911 | P3: KALAN | R3: MİNİMUN | S3: MAKSİMUN
A4: 1 | D4: ZZ.KORUMA FİLESİ | H4: 113 | I4: Kg | J4: 0 | K4: 0 | L4: 0 | M4: 51 | N4: 0 | O4: 0 | P4: =+H4+J4-K4-L4-M4-N4-O4 -> 62 | Q4: 17 KĞ | R4: 100 | S4: 500 | T4: KĞ
A5: 2 | D5: ZZ.RADO (NİTRO) AYAKLI KOL | H5: ='KASIM 3 HAFTA '!P5 -> 28 | I5: Adet | J5: 0 | K5: 0 | L5: 0 | M5: 0 | N5: 0 | O5: 0 | P5: =+H5+J5-K5-L5-M5-N5-O5 -> 28 | R5: 6 | S5: 10
A6: 3 | D6: ZZ.ORBİT (BİLGİN) KOL | H6: 34 | I6: Adet | J6: 0 | K6: 0 | L6: 0 | M6: 0 | N6: 0 | O6: 0 | P6: =+H6+J6-K6-L6-M6-N6-O6 -> 34 | R6: 6 | S6: 10
A7: 4 | D7: ZZ.MAKER YAY KOL | H7: ='KASIM 3 HAFTA '!P7 -> 58 | I7: Adet | J7: 0 | K7: 0 | L7: 0 | M7: 0 | N7: 0 | O7: 0 | P7: =+H7+J7-K7-L7-M7-N7-O7 -> 58 | R7: 6 | S7: 10
A8: 5 | D8: ZZ.JAZZ T KOL | H8: 112 | I8: Adet | J8: 0 | K8: 0 | L8: 0 | M8: 0 | N8: 0 | O8: 0 | P8: =+H8+J8-K8-L8-M8-N8-O8 -> 112 | R8: 100 | S8: 400
A9: 6 | D9: ZZ.STELLA ÜÇGEN PLASTİK KROM KOL | H9: 40 | I9: Adet | J9: 0 | K9: 20 | L9: 0 | M9: 0 | N9: 0 | O9: 0 | P9: =+H9+J9-K9-L9-M9-N9-O9 -> 20 | R9: 60 | S9: 200
A10: 7 | D10: ZZ.PENTA KOL (ayarlı,onyar başlı) | H10: 1715 | I10: Adet | J10: 0 | K10: 100 | L10: 0 | M10: 0 | N10: 0 | O10: 36 | P10: =+H10+J10-K10-L10-M10-N10-O10 -> 1579 | R10: 200 | S10: 500
A11: 8 | D11: ZZ.WENGE KOL PLASTİK | H11: ='KASIM 3 HAFTA '!P11 -> 496 | I11: Adet | J11: 0 | K11: 0 | L11: 0 | M11: 0 | N11: 0 | O11: 0 | P11: =+H11+J11-K11-L11-M11-N11-O11 -> 496 | R11: 0 | S11: 0
A12: 9 | D12: ZZ.PRESTİJ (KİNG EKO PLASTİK ) KOL | H12: ='KASIM 3 HAFTA '!P12 -> 60 | I12: Adet | J12: 0 | K12: 0 | L12: 0 | M12: 0 | N12: 0 | O12: 0 | P12: =+H12+J12-K12-L12-M12-N12-O12 -> 60 | R12: 200 | S12: 400
A13: 10 | D13: ZZ.WARLOCK (ELEGANCE) KOL | H13: ='KASIM 3 HAFTA '!P13 -> 42 | I13: Adet | J13: 0 | K13: 0 | L13: 0 | M13: 0 | N13: 0 | O13: 0 | P13: =+H13+J13-K13-L13-M13-N13-O13 -> 42 | R13: 0
A14: 11 | D14: CYBORG KOL | H14: ='KASIM 3 HAFTA '!P14 -> 0 | I14: Adet | J14: 40 | K14: 20 | L14: 2 | M14: 8 | N14: 0 | O14: 0 | P14: =+H14+J14-K14-L14-M14-N14-O14 -> 10 | R14: 20 | S14: 50
A15: 12 | D15: ZZ. MARKOL(SAKURE) (AHŞAP AÇIK KOL) | H15: ='KASIM 3 HAFTA '!P15 -> 26 | I15: Adet | J15: 0 | K15: 2 | L15: 0 | M15: 0 | N15: 0 | O15: 0 | P15: =+H15+J15-K15-L15-M15-N15-O15 -> 24 | R15: 100 | S15: 200
A16: 13 | D16: ZZ.SEAT ALÜMİNYUM KOL | H16: ='KASIM 3 HAFTA '!P16 -> 90 | I16: Adet | J16: 0 | K16: 0 | L16: 0 | M16: 0 | N16: 0 | O16: 0 | P16: =+H16+J16-K16-L16-M16-N16-O16 -> 90 | R16: 0
A17: 14 | D17: PLASTİK YILDIZ AYAK ÇİN GÜMÜŞ GRİ | H17: ='KASIM 3 HAFTA '!P17 -> 800 | I17: Adet | J17: 0 | K17: 0 | L17: 0 | M17: 0 | N17: 0 | O17: 0 | P17: =+H17+J17-K17-L17-M17-N17-O17 -> 800 | R17: 0
A18: 15 | D18: ZZ.NEO BAR TABURESİ AYAK ÇEMBERİ | H18: 54 | I18: Adet | J18: 0 | K18: 0 | L18: 6 | M18: 0 | N18: 0 | O18: 2 | P18: =+H18+J18-K18-L18-M18-N18-O18 -> 46 | R18: 20 | S18: 50
A19: 16 | D19: ZZ.NEO BAR TEPSİ AYAK 4Q5 | H19: 54 | I19: Adet | J19: 0 | K19: 0 | L19: 6 | M19: 0 | N19: 0 | O19: 2 | P19: =+H19+J19-K19-L19-M19-N19-O19 -> 46 | R19: 20 | S19: 50
A20: 17 | D20: ZZ.NEO BAR AMORTİSÖRÜ 260 LIK | H20: 86 | I20: Adet | J20: 0 | K20: 0 | L20: 6 | M20: 0 | N20: 0 | O20: 2 | P20: =+H20+J20-K20-L20-M20-N20-O20 -> 78 | R20: 20 | S20: 50
A21: 18 | D21: ZZ.EFOR ŞEF SET KOL +SIRT İÇ-DIŞ | H21: ='KASIM 3 HAFTA '!P21 -> 33 | I21: Adet | J21: 0 | K21: 0 | L21: 0 | M21: 0 | N21: 0 | O21: 0 | P21: =+H21+J21-K21-L21-M21-N21-O21 -> 33 | R21: 0
A22: 19 | D22: ZZ.BONCUK ELYAF ( 1 TORBA = 10 KG ) | H22: 180 | I22: Kg | J22: 100 | K22: 90 | L22: 0 | M22: 0 | N22: 10 | O22: 0 | P22: =+H22+J22-K22-L22-M22-N22-O22 -> 180 | R22: 50 | S22: 200
A23: 20 | D23: İNCİ SEKRETER İÇ DIŞ PLASTİĞİ | H23: ='KASIM 3 HAFTA '!P23 -> 2000 | I23: Adet | J23: 0 | K23: 0 | L23: 0 | M23: 0 | N23: 0 | O23: 0 | P23: =+H23+J23-K23-L23-M23-N23-O23 -> 2000 | R23: 0
A24: 21 | D24: TETRA OTURAK İÇ DIŞ PLASTİK AB 3355 | H24: ='KASIM 3 HAFTA '!P24 -> 273 | I24: Adet | J24: 0 | K24: 0 | L24: 0 | M24: 0 | N24: 0 | O24: 0 | P24: =+H24+J24-K24-L24-M24-N24-O24 -> 273 | R24: 0
A25: 22 | D25: EVO SIRT PLASTİĞİ | H25: ='KASIM 3 HAFTA '!P25 -> 40 | I25: Adet | J25: 0 | K25: 0 | L25: 0 | M25: 0 | N25: 0 | O25: 0 | P25: =+H25+J25-K25-L25-M25-N25-O25 -> 40 | R25: 0
A26: 23 | D26: DARK OTURAK İÇ/DIŞ PLASTİK | H26: 164 | I26: Adet | J26: 0 | K26: 0 | L26: 0 | M26: 0 | N26: 0 | O26: 0 | P26: =+H26+J26-K26-L26-M26-N26-O26 -> 164 | R26: 20 | S26: 50
A27: 24 | D27: EVO OTURAK İÇ/DIŞ PLASTİĞİ | H27: ='KASIM 3 HAFTA '!P27 -> 42 | I27: Adet | J27: 0 | K27: 0 | L27: 0 | M27: 0 | N27: 0 | O27: 0 | P27: =+H27+J27-K27-L27-M27-N27-O27 -> 42 | R27: 20 | S27: 50
A28: 25 | D28: ZZ.ZİRVE (BAG 25) SIRT DIŞ KAPAK | H28: 0 | I28: Adet | J28: 0 | K28: 0 | L28: 0 | M28: 0 | N28: 0 | O28: 0 | P28: =+H28+J28-K28-L28-M28-N28-O28 -> 0 | R28: 50 | S28: 100
A29: 26 | D29: ZZ.ZİRVE (BAG 25 ) SIRT İÇ KAPAK | H29: 25 | I29: Adet | J29: 0 | K29: 0 | L29: 0 | M29: 0 | N29: 0 | O29: 0 | P29: =+H29+J29-K29-L29-M29-N29-O29 -> 25 | R29: 50 | S29: 100
A30: 27 | D30: DARK BAŞLIK | H30: 226 | I30: Adet | J30: 0 | K30: 0 | L30: 0 | M30: 0 | N30: 0 | O30: 0 | P30: =+H30+J30-K30-L30-M30-N30-O30 -> 226 | R30: 20 | S30: 50
A31: 28 | D31: ZZ.VOX BAŞLIK | H31: 532 | I31: Adet | J31: 0 | K31: 0 | L31: 0 | M31: 0 | N31: 0 | O31: 12 | P31: =+H31+J31-K31-L31-M31-N31-O31 -> 520 | R31: 50 | S31: 100
A32: 29 | D32: DARK SIRT PLASTİĞİ | H32: 44 | I32: Adet | J32: 0 | K32: 0 | L32: 0 | M32: 0 | N32: 0 | O32: 0 | P32: =+H32+J32-K32-L32-M32-N32-O32 -> 44 | R32: 20 | S32: 50
A33: 30 | D33: SEKRETER İÇ / DIŞ PLASTİĞİ KONYA | H33: 1075 | I33: Adet | J33: 0 | K33: 0 | L33: 0 | M33: 0 | N33: 0 | O33: 0 | P33: =+H33+J33-K33-L33-M33-N33-O33 -> 1075 | R33: 0
A34: 31 | D34: ZZ.NOORD KOL (ALFA) | H34: 524 | I34: Adet | J34: 0 | K34: 0 | L34: 0 | M34: 0 | N34: 0 | O34: 0 | P34: =+H34+J34-K34-L34-M34-N34-O34 -> 524 | R34: 50 | S34: 100
A35: 32 | D35: DARK SIRT İÇ/DIŞ PLASTİĞİ | H35: 90 | I35: Adet | J35: 0 | K35: 0 | L35: 0 | M35: 0 | N35: 0 | O35: 0 | P35: =+H35+J35-K35-L35-M35-N35-O35 -> 90 | R35: 20 | S35: 50
A36: 33 | D36: DORİ PLASTİK BAŞLIK(ALTIN B) | H36: ='KASIM 3 HAFTA '!P36 -> 934 | I36: Adet | J36: 0 | K36: 0 | L36: 0 | M36: 0 | N36: 0 | O36: 0 | P36: =+H36+J36-K36-L36-M36-N36-O36 -> 934 | R36: 0
A37: 34 | D37: ALFA OTURAK İÇ DIŞ PLASTİĞİ | H37: ='KASIM 3 HAFTA '!P37 -> 283 | I37: Adet | J37: 0 | K37: 0 | L37: 0 | M37: 0 | N37: 0 | O37: 0 | P37: =+H37+J37-K37-L37-M37-N37-O37 -> 283 | R37: 50 | S37: 100
A38: 35 | D38: ALFA SIRT PLASTİĞİ | H38: ='KASIM 3 HAFTA '!P38 -> 287 | I38: Adet | J38: 0 | K38: 0 | L38: 0 | M38: 0 | N38: 0 | O38: 0 | P38: =+H38+J38-K38-L38-M38-N38-O38 -> 287 | R38: 50 | S38: 100
A39: 36 | D39: NOORD BAŞLIK PLASTİĞİ (ALFA) | H39: 16 | I39: Adet | J39: 0 | K39: 0 | L39: 0 | M39: 0 | N39: 0 | O39: 0 | P39: =+H39+J39-K39-L39-M39-N39-O39 -> 16 | R39: 50 | S39: 100
A40: 37 | D40: FİLELİ (LİMA) FONT İÇ PLASTİĞİ | H40: 48 | I40: Adet | J40: 0 | K40: 0 | L40: 0 | M40: 0 | N40: 0 | O40: 0 | P40: =+H40+J40-K40-L40-M40-N40-O40 -> 48 | R40: 0
A41: 38 | D41: ZZ.MİLLORD(JOBB) SIRT İÇ/DIŞ PLASTİĞİ | H41: ='KASIM 3 HAFTA '!P41 -> 20 | I41: Adet | J41: 0 | K41: 0 | L41: 0 | M41: 0 | N41: 0 | O41: 0 | P41: =+H41+J41-K41-L41-M41-N41-O41 -> 20 | R41: 5 | S41: 10
A42: 39 | D42: ZZ.BETTA KOL | H42: 30 | I42: Adet | J42: 0 | K42: 0 | L42: 0 | M42: 0 | N42: 0 | O42: 0 | P42: =+H42+J42-K42-L42-M42-N42-O42 -> 30 | R42: 40 | S42: 100
A43: 40 | D43: ZZ.BETTA SIRT PLASTİĞİ | H43: 80 | I43: Adet | J43: 0 | K43: 0 | L43: 0 | M43: 0 | N43: 0 | O43: 0 | P43: =+H43+J43-K43-L43-M43-N43-O43 -> 80 | R43: 20 | S43: 50
A44: 41 | D44: ZZ.BETTA FONT DIŞ PLASTİĞİ | H44: 80 | I44: Adet | J44: 0 | K44: 0 | L44: 0 | M44: 0 | N44: 0 | O44: 0 | P44: =+H44+J44-K44-L44-M44-N44-O44 -> 80 | R44: 20 | S44: 50
A45: 42 | D45: ZZ.BETTA FONT İÇ PLASTİĞİ | H45: 95 | I45: Adet | J45: 0 | K45: 0 | L45: 0 | M45: 0 | N45: 0 | O45: 0 | P45: =+H45+J45-K45-L45-M45-N45-O45 -> 95 | R45: 20 | S45: 50
A46: 43 | D46: ZZ.BOGA SIRT İÇ - DIŞ PLASTİĞİ BEYAZ | H46: 52 | I46: Adet | J46: 0 | K46: 4 | L46: 0 | M46: 0 | N46: 0 | O46: 0 | P46: =+H46+J46-K46-L46-M46-N46-O46 -> 48 | R46: 10 | S46: 20
A47: 44 | D47: ZZ.BOGA SIRT İÇ - DIŞ PLASTİĞİ | H47: 27 | I47: Adet | J47: 0 | K47: 4 | L47: 0 | M47: 0 | N47: 0 | O47: 0 | P47: =+H47+J47-K47-L47-M47-N47-O47 -> 23 | R47: 10 | S47: 20
A48: 45 | D48: ZZ.BOGA PLASTİK BAŞLIK | H48: ='KASIM 3 HAFTA '!P48 -> 0 | I48: Adet | J48: 0 | K48: 0 | L48: 0 | M48: 0 | N48: 0 | O48: 0 | P48: =+H48+J48-K48-L48-M48-N48-O48 -> 0 | R48: 10 | S48: 20
A49: 46 | D49: ZZ.60 GR VATKA ELYAF (1 TORBA = 5 KG ) | H49: 117.5 | I49: Kg | J49: 200 | K49: 0 | L49: 0 | M49: 0 | N49: 0 | O49: 0 | P49: =+H49+J49-K49-L49-M49-N49-O49 -> 317.5 | R49: 20 | S49: 100 | T49: KĞ
A50: 47 | D50: ZZ.KROM KONİK AYAK | H50: 149 | I50: Adet | J50: 100 | K50: 16 | L50: 0 | M50: 50 | N50: 0 | O50: 0 | P50: =+H50+J50-K50-L50-M50-N50-O50 -> 183 | R50: 30 | S50: 100
A51: 48 | D51: ZZ.JAZZ SIRT PLASTİĞİ | H51: 93 | I51: Adet | J51: 0 | K51: 0 | L51: 0 | M51: 0 | N51: 0 | O51: 0 | P51: =+H51+J51-K51-L51-M51-N51-O51 -> 93 | R51: 20 | S51: 50
A52: 49 | D52: ZZ.JAZZ OTURAK İÇ PLASTİĞİ | H52: 89 | I52: Adet | J52: 0 | K52: 0 | L52: 0 | M52: 0 | N52: 0 | O52: 0 | P52: =+H52+J52-K52-L52-M52-N52-O52 -> 89 | R52: 20 | S52: 50
A53: 50 | D53: ZZ.JAZZ OTURAK DIŞ PLASTİĞİ | H53: 39 | I53: Adet | J53: 0 | K53: 0 | L53: 0 | M53: 0 | N53: 0 | O53: 0 | P53: =+H53+J53-K53-L53-M53-N53-O53 -> 39 | R53: 20 | S53: 50
A54: 51 | D54: ZZ.YAPIŞTIRICI (UNITEK 63) | H54: 600 | I54: Kg | J54: 0 | K54: 30 | L54: 45 | M54: 45 | N54: 45 | O54: 30 | P54: =+H54+J54-K54-L54-M54-N54-O54 -> 405 | Q54: 15 KĞ | R54: 250 | S54: 750 | T54: KĞ
A55: 52 | D55: ZZ.32Q İÇ TAKOZ | H55: 4000 | I55: Adet | J55: 0 | K55: 0 | L55: 0 | M55: 0 | N55: 0 | O55: 0 | P55: =+H55+J55-K55-L55-M55-N55-O55 -> 4000 | R55: 0
A56: 53 | D56: ZZ.40x40 İÇ TAKOZ | H56: ='KASIM 3 HAFTA '!P56 -> 2000 | I56: Adet | J56: 0 | K56: 0 | L56: 0 | M56: 0 | N56: 0 | O56: 0 | P56: =+H56+J56-K56-L56-M56-N56-O56 -> 2000 | R56: 0
A57: 54 | D57: ZZ.32Q IZGARA TAKOZ | H57: ='KASIM 3 HAFTA '!P57 -> 2800 | I57: Adet | J57: 0 | K57: 0 | L57: 0 | M57: 0 | N57: 0 | O57: 0 | P57: =+H57+J57-K57-L57-M57-N57-O57 -> 2800 | R57: 0
A58: 55 | D58: ZZ.20x40 İÇ TAKOZ | H58: ='KASIM 3 HAFTA '!P58 -> 3000 | I58: Adet | J58: 0 | K58: 0 | L58: 0 | M58: 0 | N58: 0 | O58: 0 | P58: =+H58+J58-K58-L58-M58-N58-O58 -> 3000 | R58: 0
A59: 56 | D59: ZZ.25Q İÇ TAKOZ | H59: ='KASIM 3 HAFTA '!P59 -> 5000 | I59: Adet | J59: 0 | K59: 0 | L59: 0 | M59: 0 | N59: 0 | O59: 0 | P59: =+H59+J59-K59-L59-M59-N59-O59 -> 5000 | R59: 0
A60: 57 | D60: ZZ.25x50 ELİPS İÇ TAKOZ | H60: ='KASIM 3 HAFTA '!P60 -> 3000 | I60: Adet | J60: 0 | K60: 0 | L60: 0 | M60: 0 | N60: 0 | O60: 0 | P60: =+H60+J60-K60-L60-M60-N60-O60 -> 3000 | R60: 0
A61: 58 | D61: ZZ.25x25 İÇ TAKOZ | H61: 4700 | I61: Adet | J61: 0 | K61: 0 | L61: 0 | M61: 0 | N61: 0 | O61: 0 | P61: =+H61+J61-K61-L61-M61-N61-O61 -> 4700 | R61: 0
A62: 59 | D62: OYUNCU KOLTUĞU MEKANİZMA TKM | H62: ='KASIM 3 HAFTA '!P62 -> 494 | I62: Adet | J62: 0 | K62: 0 | L62: 0 | M62: 0 | N62: 0 | O62: 0 | P62: =+H62+J62-K62-L62-M62-N62-O62 -> 494 | R62: 0
A63: 60 | D63: OFİS (DIAMOND) PLSTK AYAK | H63: ='KASIM 3 HAFTA '!P63 -> 1184 | I63: Adet | J63: 0 | K63: 0 | L63: 0 | M63: 0 | N63: 0 | O63: 100 | P63: =+H63+J63-K63-L63-M63-N63-O63 -> 1084 | R63: 200 | S63: 1000
A64: 61 | D64: ZZ.Plastik L Ayak 180X180 | H64: ='KASIM 3 HAFTA '!P64 -> 447 | I64: Adet | J64: 0 | K64: 0 | L64: 0 | M64: 0 | N64: 0 | O64: 0 | P64: =+H64+J64-K64-L64-M64-N64-O64 -> 447 | R64: 100 | S64: 300
A65: 62 | D65: ZZ.PLASTİK ÜÇGEN AYAK 10 CM (TIESTO) | H65: ='KASIM 3 HAFTA '!P65 -> 315 | I65: Adet | J65: 0 | K65: 0 | L65: 0 | M65: 0 | N65: 0 | O65: 0 | P65: =+H65+J65-K65-L65-M65-N65-O65 -> 315 | R65: 100 | S65: 300
A66: 63 | D66: ZZ.STINGER PLASTİK AYAK -5.5 Ebru M8*35 | H66: ='KASIM 3 HAFTA '!P66 -> 350 | I66: Adet | J66: 0 | K66: 0 | L66: 0 | M66: 0 | N66: 0 | O66: 0 | P66: =+H66+J66-K66-L66-M66-N66-O66 -> 350 | R66: 100 | S66: 300
A67: 64 | D67: MODEL 5 AYAK 10CM (15 CM) | H67: 1912 | I67: Adet | J67: 0 | K67: 0 | L67: 0 | M67: 0 | N67: 0 | O67: 0 | P67: =+H67+J67-K67-L67-M67-N67-O67 -> 1912 | R67: 100 | S67: 300
A68: 65 | D68: LEO TAKIM PLASTİK | H68: 491 | I68: Adet | J68: 0 | K68: 0 | L68: 0 | M68: 0 | N68: 0 | O68: 0 | P68: =+H68+J68-K68-L68-M68-N68-O68 -> 491 | R68: 0
A69: 66 | D69: ZZ.NOORD SIRT PLASTİĞİ (ALFA) | H69: 317 | I69: Adet | J69: 0 | K69: 0 | L69: 0 | M69: 0 | N69: 0 | O69: 0 | P69: =+H69+J69-K69-L69-M69-N69-O69 -> 317 | R69: 50 | S69: 100
A70: 67 | D70: BERBER KOLTUK TEPSİ | H70: ='KASIM 3 HAFTA '!P70 -> 60 | I70: Adet | J70: 0 | K70: 0 | L70: 0 | M70: 0 | N70: 0 | O70: 0 | P70: =+H70+J70-K70-L70-M70-N70-O70 -> 60 | R70: 0
A71: 68 | D71: PLASTİK YILDIZ AYAK 60 | H71: 494 | I71: Adet | J71: 0 | K71: 0 | L71: 0 | M71: 0 | N71: 0 | O71: 0 | P71: =+H71+J71-K71-L71-M71-N71-O71 -> 494 | R71: 300 | S71: 1000
A72: 69 | D72: ZZ.VEGA (FORM) KOL TABLASI | H72: ='KASIM 3 HAFTA '!P72 -> 0 | I72: Adet | J72: 0 | K72: 0 | L72: 0 | M72: 0 | N72: 0 | O72: 0 | P72: =+H72+J72-K72-L72-M72-N72-O72 -> 0 | R72: 50 | S72: 150
A73: 70 | D73: TELA BEZ 20 GR | H73: 191.5 | I73: KĞ | J73: 0 | K73: 0 | L73: 0 | M73: 0 | N73: 0 | O73: 0 | P73: =+H73+J73-K73-L73-M73-N73-O73 -> 191.5 | Q73: 32 kğ | R73: 65 | S73: 150
A74: 71 | D74: SİEANNA,KARİNA PLASTİK KOL | H74: 114 | I74: Adet | J74: 0 | K74: 0 | L74: 0 | M74: 0 | N74: 0 | O74: 0 | P74: =+H74+J74-K74-L74-M74-N74-O74 -> 114 | R74: 50 | S74: 100
A75: 72 | D75: VOX OTURAK,İÇ DIŞ PLS. | H75: 287 | I75: Adet | J75: 30 | K75: 0 | L75: 0 | M75: 0 | N75: 0 | O75: 18 | P75: =+H75+J75-K75-L75-M75-N75-O75 -> 299 | R75: 50 | S75: 100
A76: 73 | D76: POLO PLASTİK TAKIMI | H76: 32 | I76: Adet | J76: 0 | K76: 0 | L76: 0 | M76: 0 | N76: 19 | O76: 0 | P76: =+H76+J76-K76-L76-M76-N76-O76 -> 13 | R76: 0
A77: 74 | D77: VEGA FORM ÇAKMA KOL | H77: ='KASIM 3 HAFTA '!P77 -> 50 | I77: Adet | J77: 0 | K77: 0 | L77: 0 | M77: 0 | N77: 0 | O77: 0 | P77: =+H77+J77-K77-L77-M77-N77-O77 -> 50 | R77: 100 | S77: 200
A78: 75 | D78: EXPERİ KOL | H78: ='KASIM 3 HAFTA '!P78 -> 0 | I78: Adet | J78: 0 | K78: 0 | L78: 0 | M78: 0 | N78: 0 | O78: 0 | P78: =+H78+J78-K78-L78-M78-N78-O78 -> 0 | R78: 0
A79: 76 | D79: 100*160 BALONLU NAYLON | H79: 46 | I79: Adet | J79: 520 | K79: 0 | L79: 0 | M79: 0 | N79: 0 | O79: 25 | P79: =+H79+J79-K79-L79-M79-N79-O79 -> 541 | R79: 100 | S79: 500 | T79: KĞ
A80: 77 | D80: HARMANY S KOL PLSTİK | H80: ='KASIM 3 HAFTA '!P80 -> 40 | I80: Adet | J80: 0 | K80: 0 | L80: 0 | M80: 0 | N80: 0 | O80: 0 | P80: =+H80+J80-K80-L80-M80-N80-O80 -> 40 | R80: 0
A81: 78 | D81: STREÇ NAYLON 2,30 KĞ | H81: 76 | I81: kğ | J81: 27.8 | K81: 16 | L81: 19 | M81: 26 | N81: 9 | O81: 16.1 | P81: =+H81+J81-K81-L81-M81-N81-O81 -> 17.7 | Q81: 2,3kğ | R81: 30 | S81: 100
A82: 79 | D82: AB1508 COBRA CEZAR KOL | H82: 40 | I82: Adet | J82: 200 | K82: 0 | L82: 0 | M82: 0 | N82: 0 | O82: 0 | P82: =+H82+J82-K82-L82-M82-N82-O82 -> 240 | R82: 60 | S82: 100
A83: 80 | D83: ELASTİK KOLON | H83: 2985 | I83: MT | J83: 2500 | K83: 1000 | L83: 0 | M83: 500 | N83: 0 | O83: 500 | P83: =+H83+J83-K83-L83-M83-N83-O83 -> 3485 | R83: 1000 | S83: 10000
A84: 81 | D84: VOX SIRT İÇ DIŞ PLASTİĞİ | H84: 230 | I84: Adet | J84: 0 | K84: 0 | L84: 0 | M84: 0 | N84: 0 | O84: 18 | P84: =+H84+J84-K84-L84-M84-N84-O84 -> 212 | R84: 50 | S84: 100
A85: 82 | D85: FİLELİ(LİMA) FONT DIŞ PLASTİĞİ | J85: 50 | P85: =+H85+J85-K85-L85-M85-N85-O85 -> 50

Sheet ARALIK 3 HAFTA 
P1: =+H1+J1-K1-L1-M1-N1-O1 -> 0
D2: ARALIK 3 HAFTA | S2: 44837
A3: S.NO | D3: ÜRÜN ADI | H3: ADET | I3: BİRİM | J3: GİRİŞ | K3: 44914 | L3: 44854 | M3: 44916 | N3: 44917 | O3: 44918 | P3: KALAN | R3: MİNİMUN | S3: MAKSİMUN
A4: 1 | D4: ZZ.KORUMA FİLESİ | H4: 62 | I4: Kg | J4: 0 | K4: 46 | L4: 0 | M4: 0 | N4: 0 | O4: 0 | P4: =+H4+J4-K4-L4-M4-N4-O4 -> 16 | Q4: 17 KĞ | R4: 100 | S4: 500 | T4: KĞ
A5: 2 | D5: ZZ.RADO (NİTRO) AYAKLI KOL | H5: 28 | I5: Adet | J5: 0 | K5: 0 | L5: 0 | M5: 0 | N5: 0 | O5: 0 | P5: =+H5+J5-K5-L5-M5-N5-O5 -> 28 | R5: 6 | S5: 10
A6: 3 | D6: ZZ.ORBİT (BİLGİN) KOL | H6: 34 | I6: Adet | J6: 0 | K6: 0 | L6: 0 | M6: 0 | N6: 0 | O6: 0 | P6: =+H6+J6-K6-L6-M6-N6-O6 -> 34 | R6: 6 | S6: 10
A7: 4 | D7: ZZ.MAKER YAY KOL | H7: ='KASIM 3 HAFTA '!P7 -> 58 | I7: Adet | J7: 0 | K7: 0 | L7: 0 | M7: 0 | N7: 0 | O7: 0 | P7: =+H7+J7-K7-L7-M7-N7-O7 -> 58 | R7: 6 | S7: 10
A8: 5 | D8: ZZ.JAZZ T KOL | H8: 80 | I8: Adet | J8: 0 | K8: 0 | L8: 0 | M8: 0 | N8: 30 | O8: 0 | P8: =+H8+J8-K8-L8-M8-N8-O8 -> 50 | R8: 100 | S8: 400
A9: 6 | D9: ZZ.STELLA ÜÇGEN PLASTİK KROM KOL | H9: 20 | I9: Adet | J9: 0 | K9: 20 | L9: 0 | M9: 0 | N9: 0 | O9: 0 | P9: =+H9+J9-K9-L9-M9-N9-O9 -> 0 | R9: 60 | S9: 200
A10: 7 | D10: ZZ.PENTA KOL (ayarlı,onyar başlı) | H10: 1579 | I10: Adet | J10: 0 | K10: 0 | L10: 200 | M10: 0 | N10: 84 | O10: 0 | P10: =+H10+J10-K10-L10-M10-N10-O10 -> 1295 | R10: 200 | S10: 500
A11: 8 | D11: ZZ.WENGE KOL PLASTİK | H11: ='KASIM 3 HAFTA '!P11 -> 496 | I11: Adet | J11: 0 | K11: 0 | L11: 0 | M11: 0 | N11: 0 | O11: 0 | P11: =+H11+J11-K11-L11-M11-N11-O11 -> 496 | R11: 0 | S11: 0
A12: 9 | D12: ZZ.PRESTİJ (KİNG EKO PLASTİK ) KOL | H12: ='KASIM 3 HAFTA '!P12 -> 60 | I12: Adet | J12: 0 | K12: 0 | L12: 0 | M12: 0 | N12: 0 | O12: 0 | P12: =+H12+J12-K12-L12-M12-N12-O12 -> 60 | R12: 200 | S12: 400
A13: 10 | D13: ZZ.WARLOCK (ELEGANCE) KOL | H13: ='KASIM 3 HAFTA '!P13 -> 42 | I13: Adet | J13: 0 | K13: 0 | L13: 0 | M13: 0 | N13: 0 | O13: 0 | P13: =+H13+J13-K13-L13-M13-N13-O13 -> 42 | R13: 0
A14: 11 | D14: CYBORG KOL | H14: 10 | I14: Adet | J14: 0 | K14: 0 | L14: 4 | M14: 0 | N14: 0 | O14: 0 | P14: =+H14+J14-K14-L14-M14-N14-O14 -> 6 | R14: 20 | S14: 50
A15: 12 | D15: ZZ. MARKOL(SAKURE) (AHŞAP AÇIK KOL) | H15: 24 | I15: Adet | J15: 0 | K15: 0 | L15: 0 | M15: 16 | N15: 0 | O15: 0 | P15: =+H15+J15-K15-L15-M15-N15-O15 -> 8 | R15: 100 | S15: 200
A16: 13 | D16: ZZ.SEAT ALÜMİNYUM KOL | H16: ='KASIM 3 HAFTA '!P16 -> 90 | I16: Adet | J16: 0 | K16: 2 | L16: 0 | M16: 0 | N16: 0 | O16: 0 | P16: =+H16+J16-K16-L16-M16-N16-O16 -> 88 | R16: 0
A17: 14 | D17: PLASTİK YILDIZ AYAK ÇİN GÜMÜŞ GRİ | H17: ='KASIM 3 HAFTA '!P17 -> 800 | I17: Adet | J17: 0 | K17: 0 | L17: 0 | M17: 0 | N17: 0 | O17: 0 | P17: =+H17+J17-K17-L17-M17-N17-O17 -> 800 | R17: 0
A18: 15 | D18: ZZ.NEO BAR TABURESİ AYAK ÇEMBERİ | H18: 46 | I18: Adet | J18: 0 | K18: 0 | L18: 40 | M18: 0 | N18: 0 | O18: 0 | P18: =+H18+J18-K18-L18-M18-N18-O18 -> 6 | R18: 20 | S18: 50
A19: 16 | D19: ZZ.NEO BAR TEPSİ AYAK 4Q5 | H19: 46 | I19: Adet | J19: 0 | K19: 0 | L19: 40 | M19: 0 | N19: 0 | O19: 0 | P19: =+H19+J19-K19-L19-M19-N19-O19 -> 6 | R19: 20 | S19: 50
A20: 17 | D20: ZZ.NEO BAR AMORTİSÖRÜ 260 LIK | H20: 78 | I20: Adet | J20: 0 | K20: 0 | L20: 40 | M20: 0 | N20: 0 | O20: 0 | P20: =+H20+J20-K20-L20-M20-N20-O20 -> 38 | R20: 20 | S20: 50
A21: 18 | D21: ZZ.EFOR ŞEF SET KOL +SIRT İÇ-DIŞ | H21: ='KASIM 3 HAFTA '!P21 -> 33 | I21: Adet | J21: 0 | K21: 0 | L21: 0 | M21: 0 | N21: 0 | O21: 10 | P21: =+H21+J21-K21-L21-M21-N21-O21 -> 23 | R21: 0
A22: 19 | D22: ZZ.BONCUK ELYAF ( 1 TORBA = 10 KG ) | H22: 180 | I22: Kg | J22: 0 | K22: 20 | L22: 0 | M22: 0 | N22: 0 | O22: 0 | P22: =+H22+J22-K22-L22-M22-N22-O22 -> 160 | R22: 50 | S22: 200
A23: 20 | D23: İNCİ SEKRETER İÇ DIŞ PLASTİĞİ | H23: ='KASIM 3 HAFTA '!P23 -> 2000 | I23: Adet | J23: 0 | K23: 0 | L23: 0 | M23: 0 | N23: 0 | O23: 0 | P23: =+H23+J23-K23-L23-M23-N23-O23 -> 2000 | R23: 0
A24: 21 | D24: TETRA OTURAK İÇ DIŞ PLASTİK AB 3355 | H24: ='KASIM 3 HAFTA '!P24 -> 273 | I24: Adet | J24: 0 | K24: 0 | L24: 0 | M24: 0 | N24: 0 | O24: 0 | P24: =+H24+J24-K24-L24-M24-N24-O24 -> 273 | R24: 0
A25: 22 | D25: EVO SIRT PLASTİĞİ | H25: ='KASIM 3 HAFTA '!P25 -> 40 | I25: Adet | J25: 0 | K25: 0 | L25: 0 | M25: 0 | N25: 0 | O25: 0 | P25: =+H25+J25-K25-L25-M25-N25-O25 -> 40 | R25: 0
A26: 23 | D26: DARK OTURAK İÇ/DIŞ PLASTİK | H26: 164 | I26: Adet | J26: 0 | K26: 0 | L26: 0 | M26: 0 | N26: 15 | O26: 0 | P26: =+H26+J26-K26-L26-M26-N26-O26 -> 149 | R26: 20 | S26: 50
A27: 24 | D27: EVO OTURAK İÇ/DIŞ PLASTİĞİ | H27: ='KASIM 3 HAFTA '!P27 -> 42 | I27: Adet | J27: 0 | K27: 0 | L27: 0 | M27: 0 | N27: 0 | O27: 0 | P27: =+H27+J27-K27-L27-M27-N27-O27 -> 42 | R27: 20 | S27: 50
A28: 25 | D28: ZZ.ZİRVE (BAG 25) SIRT DIŞ KAPAK | H28: 0 | I28: Adet | J28: 0 | K28: 0 | L28: 0 | M28: 0 | N28: 0 | O28: 0 | P28: =+H28+J28-K28-L28-M28-N28-O28 -> 0 | R28: 50 | S28: 100
A29: 26 | D29: ZZ.ZİRVE (BAG 25 ) SIRT İÇ KAPAK | H29: 25 | I29: Adet | J29: 0 | K29: 0 | L29: 0 | M29: 0 | N29: 0 | O29: 0 | P29: =+H29+J29-K29-L29-M29-N29-O29 -> 25 | R29: 50 | S29: 100
A30: 27 | D30: DARK BAŞLIK | H30: 226 | I30: Adet | J30: 0 | K30: 0 | L30: 0 | M30: 0 | N30: 15 | O30: 0 | P30: =+H30+J30-K30-L30-M30-N30-O30 -> 211 | R30: 20 | S30: 50
A31: 28 | D31: ZZ.VOX BAŞLIK | H31: 520 | I31: Adet | J31: 0 | K31: 0 | L31: 0 | M31: 0 | N31: 15 | O31: 0 | P31: =+H31+J31-K31-L31-M31-N31-O31 -> 505 | R31: 50 | S31: 100
A32: 29 | D32: DARK SIRT PLASTİĞİ | H32: 44 | I32: Adet | J32: 0 | K32: 0 | L32: 0 | M32: 0 | N32: 15 | O32: 0 | P32: =+H32+J32-K32-L32-M32-N32-O32 -> 29 | R32: 20 | S32: 50
A33: 30 | D33: SEKRETER İÇ / DIŞ PLASTİĞİ KONYA | H33: 1075 | I33: Adet | J33: 0 | K33: 0 | L33: 0 | M33: 0 | N33: 0 | O33: 0 | P33: =+H33+J33-K33-L33-M33-N33-O33 -> 1075 | R33: 0
A34: 31 | D34: ZZ.NOORD KOL (ALFA) | H34: 524 | I34: Adet | J34: 0 | K34: 0 | L34: 0 | M34: 0 | N34: 0 | O34: 0 | P34: =+H34+J34-K34-L34-M34-N34-O34 -> 524 | R34: 50 | S34: 100
A35: 32 | D35: DARK SIRT İÇ/DIŞ PLASTİĞİ | H35: 90 | I35: Adet | J35: 0 | K35: 0 | L35: 0 | M35: 0 | N35: 15 | O35: 0 | P35: =+H35+J35-K35-L35-M35-N35-O35 -> 75 | R35: 20 | S35: 50
A36: 33 | D36: DORİ PLASTİK BAŞLIK(ALTIN B) | H36: ='KASIM 3 HAFTA '!P36 -> 934 | I36: Adet | J36: 0 | K36: 0 | L36: 0 | M36: 0 | N36: 0 | O36: 0 | P36: =+H36+J36-K36-L36-M36-N36-O36 -> 934 | R36: 0
A37: 34 | D37: ALFA OTURAK İÇ DIŞ PLASTİĞİ | H37: ='KASIM 3 HAFTA '!P37 -> 283 | I37: Adet | J37: 0 | K37: 0 | L37: 0 | M37: 0 | N37: 4 | O37: 0 | P37: =+H37+J37-K37-L37-M37-N37-O37 -> 279 | R37: 50 | S37: 100
A38: 35 | D38: ALFA SIRT PLASTİĞİ | H38: ='KASIM 3 HAFTA '!P38 -> 287 | I38: Adet | J38: 0 | K38: 0 | L38: 0 | M38: 0 | N38: 4 | O38: 0 | P38: =+H38+J38-K38-L38-M38-N38-O38 -> 283 | R38: 50 | S38: 100
A39: 36 | D39: NOORD BAŞLIK PLASTİĞİ (ALFA) | H39: 16 | I39: Adet | J39: 0 | K39: 0 | L39: 0 | M39: 0 | N39: 2 | O39: 0 | P39: =+H39+J39-K39-L39-M39-N39-O39 -> 14 | R39: 50 | S39: 100
A40: 37 | D40: FİLELİ (LİMA) FONT İÇ PLASTİĞİ | H40: 48 | I40: Adet | J40: 0 | K40: 0 | L40: 0 | M40: 0 | N40: 2 | O40: 0 | P40: =+H40+J40-K40-L40-M40-N40-O40 -> 46 | R40: 0
A41: 38 | D41: ZZ.MİLLORD(JOBB) SIRT İÇ/DIŞ PLASTİĞİ | H41: ='KASIM 3 HAFTA '!P41 -> 20 | I41: Adet | J41: 0 | K41: 0 | L41: 0 | M41: 0 | N41: 0 | O41: 0 | P41: =+H41+J41-K41-L41-M41-N41-O41 -> 20 | R41: 5 | S41: 10
A42: 39 | D42: ZZ.BETTA KOL | H42: 30 | I42: Adet | J42: 0 | K42: 0 | L42: 0 | M42: 0 | N42: 2 | O42: 0 | P42: =+H42+J42-K42-L42-M42-N42-O42 -> 28 | R42: 40 | S42: 100
A43: 40 | D43: ZZ.BETTA SIRT PLASTİĞİ | H43: 80 | I43: Adet | J43: 0 | K43: 0 | L43: 0 | M43: 0 | N43: 2 | O43: 0 | P43: =+H43+J43-K43-L43-M43-N43-O43 -> 78 | R43: 20 | S43: 50
A44: 41 | D44: ZZ.BETTA FONT DIŞ PLASTİĞİ | H44: 80 | I44: Adet | J44: 0 | K44: 0 | L44: 0 | M44: 0 | N44: 2 | O44: 0 | P44: =+H44+J44-K44-L44-M44-N44-O44 -> 78 | R44: 20 | S44: 50
A45: 42 | D45: ZZ.BETTA FONT İÇ PLASTİĞİ | H45: 95 | I45: Adet | J45: 0 | K45: 0 | L45: 0 | M45: 0 | N45: 2 | O45: 0 | P45: =+H45+J45-K45-L45-M45-N45-O45 -> 93 | R45: 20 | S45: 50
A46: 43 | D46: ZZ.BOGA SIRT İÇ - DIŞ PLASTİĞİ BEYAZ | H46: 48 | I46: Adet | J46: 0 | K46: 0 | L46: 0 | M46: 0 | N46: 5 | O46: 0 | P46: =+H46+J46-K46-L46-M46-N46-O46 -> 43 | R46: 10 | S46: 20
A47: 44 | D47: ZZ.BOGA SIRT İÇ - DIŞ PLASTİĞİ | H47: 23 | I47: Adet | J47: 0 | K47: 0 | L47: 0 | M47: 0 | N47: 5 | O47: 0 | P47: =+H47+J47-K47-L47-M47-N47-O47 -> 18 | R47: 10 | S47: 20
A48: 45 | D48: ZZ.BOGA PLASTİK BAŞLIK | H48: ='KASIM 3 HAFTA '!P48 -> 0 | I48: Adet | J48: 0 | K48: 0 | L48: 0 | M48: 0 | N48: 0 | O48: 0 | P48: =+H48+J48-K48-L48-M48-N48-O48 -> 0 | R48: 10 | S48: 20
A49: 46 | D49: ZZ.60 GR VATKA ELYAF (1 TORBA = 5 KG ) | H49: 317.5 | I49: Kg | J49: 0 | K49: 0 | L49: 40 | M49: 0 | N49: 0 | O49: 0 | P49: =+H49+J49-K49-L49-M49-N49-O49 -> 277.5 | R49: 20 | S49: 100 | T49: KĞ
A50: 47 | D50: ZZ.KROM KONİK AYAK | H50: 183 | I50: Adet | J50: 0 | K50: 0 | L50: 0 | M50: 0 | N50: 0 | O50: 14 | P50: =+H50+J50-K50-L50-M50-N50-O50 -> 169 | R50: 30 | S50: 100
A51: 48 | D51: ZZ.JAZZ SIRT PLASTİĞİ | H51: 93 | I51: Adet | J51: 0 | K51: 0 | L51: 0 | M51: 0 | N51: 2 | O51: 0 | P51: =+H51+J51-K51-L51-M51-N51-O51 -> 91 | R51: 20 | S51: 50
A52: 49 | D52: ZZ.JAZZ OTURAK İÇ PLASTİĞİ | H52: 89 | I52: Adet | J52: 0 | K52: 0 | L52: 0 | M52: 0 | N52: 2 | O52: 0 | P52: =+H52+J52-K52-L52-M52-N52-O52 -> 87 | R52: 20 | S52: 50
A53: 50 | D53: ZZ.JAZZ OTURAK DIŞ PLASTİĞİ | H53: 39 | I53: Adet | J53: 0 | K53: 0 | L53: 0 | M53: 0 | N53: 2 | O53: 0 | P53: =+H53+J53-K53-L53-M53-N53-O53 -> 37 | R53: 20 | S53: 50
A54: 51 | D54: ZZ.YAPIŞTIRICI (UNITEK 63) | H54: 405 | I54: Kg | J54: 0 | K54: 30 | L54: 30 | M54: 0 | N54: 30 | O54: 15 | P54: =+H54+J54-K54-L54-M54-N54-O54 -> 300 | Q54: 15 KĞ | R54: 250 | S54: 750 | T54: KĞ
A55: 52 | D55: ZZ.32Q İÇ TAKOZ | H55: 4000 | I55: Adet | J55: 0 | K55: 0 | L55: 0 | M55: 0 | N55: 500 | O55: 0 | P55: =+H55+J55-K55-L55-M55-N55-O55 -> 3500 | R55: 0
A56: 53 | D56: ZZ.40x40 İÇ TAKOZ | H56: ='KASIM 3 HAFTA '!P56 -> 2000 | I56: Adet | J56: 0 | K56: 0 | L56: 0 | M56: 0 | N56: 500 | O56: 0 | P56: =+H56+J56-K56-L56-M56-N56-O56 -> 1500 | R56: 0
A57: 54 | D57: ZZ.32Q IZGARA TAKOZ | H57: ='KASIM 3 HAFTA '!P57 -> 2800 | I57: Adet | J57: 0 | K57: 0 | L57: 0 | M57: 0 | N57: 0 | O57: 0 | P57: =+H57+J57-K57-L57-M57-N57-O57 -> 2800 | R57: 0
A58: 55 | D58: ZZ.20x40 İÇ TAKOZ | H58: ='KASIM 3 HAFTA '!P58 -> 3000 | I58: Adet | J58: 0 | K58: 0 | L58: 0 | M58: 0 | N58: 0 | O58: 0 | P58: =+H58+J58-K58-L58-M58-N58-O58 -> 3000 | R58: 0
A59: 56 | D59: ZZ.25Q İÇ TAKOZ | H59: ='KASIM 3 HAFTA '!P59 -> 5000 | I59: Adet | J59: 0 | K59: 0 | L59: 0 | M59: 0 | N59: 1000 | O59: 0 | P59: =+H59+J59-K59-L59-M59-N59-O59 -> 4000 | R59: 0
A60: 57 | D60: ZZ.25x50 ELİPS İÇ TAKOZ | H60: ='KASIM 3 HAFTA '!P60 -> 3000 | I60: Adet | J60: 0 | K60: 0 | L60: 0 | M60: 0 | N60: 0 | O60: 0 | P60: =+H60+J60-K60-L60-M60-N60-O60 -> 3000 | R60: 0
A61: 58 | D61: ZZ.25x25 İÇ TAKOZ | H61: 4700 | I61: Adet | J61: 0 | K61: 0 | L61: 0 | M61: 0 | N61: 0 | O61: 0 | P61: =+H61+J61-K61-L61-M61-N61-O61 -> 4700 | R61: 0
A62: 59 | D62: OYUNCU KOLTUĞU MEKANİZMA TKM | H62: ='KASIM 3 HAFTA '!P62 -> 494 | I62: Adet | J62: 0 | K62: 0 | L62: 0 | M62: 0 | N62: 160 | O62: 0 | P62: =+H62+J62-K62-L62-M62-N62-O62 -> 334 | R62: 0
A63: 60 | D63: OFİS (DIAMOND) PLSTK AYAK | H63: 1084 | I63: Adet | J63: 0 | K63: 0 | L63: 0 | M63: 0 | N63: 0 | O63: 0 | P63: =+H63+J63-K63-L63-M63-N63-O63 -> 1084 | R63: 200 | S63: 1000
A64: 61 | D64: ZZ.Plastik L Ayak 180X180 | H64: ='KASIM 3 HAFTA '!P64 -> 447 | I64: Adet | J64: 0 | K64: 0 | L64: 0 | M64: 0 | N64: 0 | O64: 0 | P64: =+H64+J64-K64-L64-M64-N64-O64 -> 447 | R64: 100 | S64: 300
A65: 62 | D65: ZZ.PLASTİK ÜÇGEN AYAK 10 CM (TIESTO) | H65: ='KASIM 3 HAFTA '!P65 -> 315 | I65: Adet | J65: 0 | K65: 0 | L65: 0 | M65: 0 | N65: 0 | O65: 0 | P65: =+H65+J65-K65-L65-M65-N65-O65 -> 315 | R65: 100 | S65: 300
A66: 63 | D66: ZZ.STINGER PLASTİK AYAK -5.5 Ebru M8*35 | H66: ='KASIM 3 HAFTA '!P66 -> 350 | I66: Adet | J66: 0 | K66: 0 | L66: 0 | M66: 0 | N66: 0 | O66: 0 | P66: =+H66+J66-K66-L66-M66-N66-O66 -> 350 | R66: 100 | S66: 300
A67: 64 | D67: MODEL 5 AYAK 10CM (15 CM) | H67: 1912 | I67: Adet | J67: 0 | K67: 0 | L67: 0 | M67: 0 | N67: 0 | O67: 0 | P67: =+H67+J67-K67-L67-M67-N67-O67 -> 1912 | R67: 100 | S67: 300
A68: 65 | D68: LEO TAKIM PLASTİK | H68: 491 | I68: Adet | J68: 0 | K68: 0 | L68: 0 | M68: 0 | N68: 4 | O68: 0 | P68: =+H68+J68-K68-L68-M68-N68-O68 -> 487 | R68: 0
A69: 66 | D69: ZZ.NOORD SIRT PLASTİĞİ (ALFA) | H69: 317 | I69: Adet | J69: 0 | K69: 0 | L69: 0 | M69: 0 | N69: 0 | O69: 0 | P69: =+H69+J69-K69-L69-M69-N69-O69 -> 317 | R69: 50 | S69: 100
A70: 67 | D70: BERBER KOLTUK TEPSİ | H70: ='KASIM 3 HAFTA '!P70 -> 60 | I70: Adet | J70: 0 | K70: 0 | L70: 0 | M70: 0 | N70: 0 | O70: 0 | P70: =+H70+J70-K70-L70-M70-N70-O70 -> 60 | R70: 0
A71: 68 | D71: PLASTİK YILDIZ AYAK 60 | H71: 494 | I71: Adet | J71: 0 | K71: 0 | L71: 0 | M71: 0 | N71: 0 | O71: 0 | P71: =+H71+J71-K71-L71-M71-N71-O71 -> 494 | R71: 300 | S71: 1000
A72: 69 | D72: ZZ.VEGA (FORM) KOL TABLASI | H72: ='KASIM 3 HAFTA '!P72 -> 0 | I72: Adet | J72: 0 | K72: 0 | L72: 0 | M72: 0 | N72: 0 | O72: 0 | P72: =+H72+J72-K72-L72-M72-N72-O72 -> 0 | R72: 50 | S72: 150
A73: 70 | D73: TELA BEZ 20 GR | H73: 191.5 | I73: KĞ | J73: 0 | K73: 0 | L73: 0 | M73: 0 | N73: 0 | O73: 0 | P73: =+H73+J73-K73-L73-M73-N73-O73 -> 191.5 | Q73: 32 kğ | R73: 65 | S73: 150
A74: 71 | D74: SİEANNA,KARİNA PLASTİK KOL | H74: 114 | I74: Adet | J74: 0 | K74: 0 | L74: 0 | M74: 0 | N74: 0 | O74: 0 | P74: =+H74+J74-K74-L74-M74-N74-O74 -> 114 | R74: 50 | S74: 100
A75: 72 | D75: VOX OTURAK,İÇ DIŞ PLS. | H75: 299 | I75: Adet | J75: 0 | K75: 0 | L75: 0 | M75: 0 | N75: 13 | O75: 0 | P75: =+H75+J75-K75-L75-M75-N75-O75 -> 286 | R75: 50 | S75: 100
A76: 73 | D76: POLO PLASTİK TAKIMI | H76: 13 | I76: Adet | J76: 20 | K76: 20 | L76: 0 | M76: 0 | N76: 4 | O76: 0 | P76: =+H76+J76-K76-L76-M76-N76-O76 -> 9 | R76: 0
A77: 74 | D77: VEGA FORM ÇAKMA KOL | H77: ='KASIM 3 HAFTA '!P77 -> 50 | I77: Adet | J77: 0 | K77: 0 | L77: 0 | M77: 0 | N77: 0 | O77: 0 | P77: =+H77+J77-K77-L77-M77-N77-O77 -> 50 | R77: 100 | S77: 200
A78: 75 | D78: EXPERİ KOL | H78: ='KASIM 3 HAFTA '!P78 -> 0 | I78: Adet | J78: 0 | K78: 0 | L78: 0 | M78: 0 | N78: 0 | O78: 0 | P78: =+H78+J78-K78-L78-M78-N78-O78 -> 0 | R78: 0
A79: 76 | D79: 100*160 BALONLU NAYLON | H79: 541 | I79: Adet | J79: 0 | K79: 0 | L79: 25 | M79: 0 | N79: 0 | O79: 0 | P79: =+H79+J79-K79-L79-M79-N79-O79 -> 516 | R79: 100 | S79: 500 | T79: KĞ
A80: 77 | D80: HARMANY S KOL PLSTİK | H80: ='KASIM 3 HAFTA '!P80 -> 40 | I80: Adet | J80: 0 | K80: 0 | L80: 0 | M80: 0 | N80: 0 | O80: 0 | P80: =+H80+J80-K80-L80-M80-N80-O80 -> 40 | R80: 0
A81: 78 | D81: STREÇ NAYLON 2,30 KĞ | H81: 17.7 | I81: kğ | J81: 216 | K81: 13 | L81: 9 | M81: 0 | N81: 23 | O81: 23 | P81: =+H81+J81-K81-L81-M81-N81-O81 -> 165.7 | Q81: 2,3kğ | R81: 30 | S81: 100
A82: 79 | D82: AB1508 COBRA CEZAR KOL | H82: 440 | I82: Adet | J82: 0 | K82: 0 | L82: 0 | M82: 0 | N82: 0 | O82: 40 | P82: =+H82+J82-K82-L82-M82-N82-O82 -> 400 | R82: 60 | S82: 100
A83: 80 | D83: ELASTİK KOLON | H83: 3485 | I83: MT | J83: 0 | K83: 500 | L83: 0 | M83: 500 | N83: 1000 | O83: 1000 | P83: =+H83+J83-K83-L83-M83-N83-O83 -> 485 | R83: 1000 | S83: 10000
A84: 81 | D84: VOX SIRT İÇ DIŞ PLASTİĞİ | H84: 212 | I84: Adet | J84: 0 | K84: 0 | L84: 0 | M84: 0 | N84: 13 | O84: 0 | P84: =+H84+J84-K84-L84-M84-N84-O84 -> 199 | R84: 50 | S84: 100
A85: 82 | D85: FİLELİ(LİMA) FONT DIŞ PLASTİĞİ | H85: 50 | J85: 0 | K85: 0 | L85: 0 | M85: 0 | N85: 2 | O85: 0 | P85: =+H85+J85-K85-L85-M85-N85-O85 -> 48
A86: 83 | D86: 25 LİK YARIM AY PLASTİK | I86: Adet | J86: 5000 | K86: 600 | N86: 100 | P86: =+H86+J86-K86-L86-M86-N86-O86 -> 4300

Sheet ARALIK 4 HAFTA 
P1: =+H1+J1-K1-L1-M1-N1-O1 -> 0
D2: ARALIK 4 HAFTA | S2: 44837
A3: S.NO | D3: ÜRÜN ADI | H3: ADET | I3: BİRİM | J3: GİRİŞ | K3: 44921 | L3: 44922 | M3: 44923 | N3: 44924 | O3: 44925 | P3: KALAN | R3: MİNİMUN | S3: MAKSİMUN
A4: 1 | D4: ZZ.KORUMA FİLESİ | H4: 0 | I4: Kg | J4: 252.6 | K4: 17 | L4: 34 | M4: 17 | N4: 0 | O4: 0 | P4: =+H4+J4-K4-L4-M4-N4-O4 -> 184.6 | Q4: 17 KĞ | R4: 100 | S4: 500 | T4: KĞ
A5: 2 | D5: ZZ.RADO (NİTRO) AYAKLI KOL | H5: ='ARALIK 3 HAFTA '!P5 -> 28 | I5: Adet | J5: 0 | K5: 0 | L5: 0 | M5: 0 | N5: 0 | O5: 0 | P5: =+H5+J5-K5-L5-M5-N5-O5 -> 28 | R5: 6 | S5: 10
A6: 3 | D6: ZZ.ORBİT (BİLGİN) KOL | H6: ='ARALIK 3 HAFTA '!P6 -> 34 | I6: Adet | J6: 0 | K6: 0 | L6: 0 | M6: 0 | N6: 0 | O6: 0 | P6: =+H6+J6-K6-L6-M6-N6-O6 -> 34 | R6: 6 | S6: 10
A7: 4 | D7: ZZ.MAKER YAY KOL | H7: ='ARALIK 3 HAFTA '!P7 -> 58 | I7: Adet | J7: 0 | K7: 0 | L7: 0 | M7: 0 | N7: 0 | O7: 0 | P7: =+H7+J7-K7-L7-M7-N7-O7 -> 58 | R7: 6 | S7: 10
A8: 5 | D8: ZZ.JAZZ T KOL | H8: ='ARALIK 3 HAFTA '!P8 -> 50 | I8: Adet | J8: 0 | K8: 0 | L8: 0 | M8: 0 | N8: 0 | O8: 4 | P8: =+H8+J8-K8-L8-M8-N8-O8 -> 46 | R8: 100 | S8: 400
A9: 6 | D9: ZZ.STELLA ÜÇGEN PLASTİK KROM KOL | H9: ='ARALIK 3 HAFTA '!P9 -> 0 | I9: Adet | J9: 400 | K9: 60 | L9: 0 | M9: 0 | N9: 240 | O9: 0 | P9: =+H9+J9-K9-L9-M9-N9-O9 -> 100 | R9: 60 | S9: 200
A10: 7 | D10: ZZ.PENTA KOL (ayarlı,onyar başlı) | H10: ='ARALIK 3 HAFTA '!P10 -> 1295 | I10: Adet | J10: 0 | K10: 0 | L10: 10 | M10: 6 | N10: 0 | O10: 4 | P10: =+H10+J10-K10-L10-M10-N10-O10 -> 1275 | R10: 200 | S10: 500
A11: 8 | D11: ZZ.WENGE KOL PLASTİK | H11: ='ARALIK 3 HAFTA '!P11 -> 496 | I11: Adet | J11: 0 | K11: 0 | L11: 0 | M11: 0 | N11: 0 | O11: 0 | P11: =+H11+J11-K11-L11-M11-N11-O11 -> 496 | R11: 0 | S11: 0
A12: 9 | D12: ZZ.PRESTİJ (KİNG EKO PLASTİK ) KOL | H12: ='ARALIK 3 HAFTA '!P12 -> 60 | I12: Adet | J12: 0 | K12: 0 | L12: 0 | M12: 0 | N12: 0 | O12: 0 | P12: =+H12+J12-K12-L12-M12-N12-O12 -> 60 | R12: 200 | S12: 400
A13: 10 | D13: ZZ.WARLOCK (ELEGANCE) KOL | H13: ='ARALIK 3 HAFTA '!P13 -> 42 | I13: Adet | J13: 0 | K13: 0 | L13: 0 | M13: 0 | N13: 0 | O13: 0 | P13: =+H13+J13-K13-L13-M13-N13-O13 -> 42 | R13: 0
A14: 11 | D14: CYBORG KOL | H14: ='ARALIK 3 HAFTA '!P14 -> 6 | I14: Adet | J14: 0 | K14: 0 | L14: 0 | M14: 0 | N14: 0 | O14: 0 | P14: =+H14+J14-K14-L14-M14-N14-O14 -> 6 | R14: 20 | S14: 50
A15: 12 | D15: ZZ. MARKOL(SAKURE) (AHŞAP AÇIK KOL) | H15: ='ARALIK 3 HAFTA '!P15 -> 8 | I15: Adet | J15: 0 | K15: 0 | L15: 0 | M15: 0 | N15: 0 | O15: 0 | P15: =+H15+J15-K15-L15-M15-N15-O15 -> 8 | R15: 100 | S15: 200
A16: 13 | D16: ZZ.SEAT ALÜMİNYUM KOL | H16: ='ARALIK 3 HAFTA '!P16 -> 88 | I16: Adet | J16: 0 | K16: 0 | L16: 0 | M16: 0 | N16: 0 | O16: 0 | P16: =+H16+J16-K16-L16-M16-N16-O16 -> 88 | R16: 0
A17: 14 | D17: PLASTİK YILDIZ AYAK ÇİN GÜMÜŞ GRİ | H17: ='ARALIK 3 HAFTA '!P17 -> 800 | I17: Adet | J17: 0 | K17: 0 | L17: 0 | M17: 0 | N17: 0 | O17: 0 | P17: =+H17+J17-K17-L17-M17-N17-O17 -> 800 | R17: 0
A18: 15 | D18: ZZ.NEO BAR TABURESİ AYAK ÇEMBERİ | H18: ='ARALIK 3 HAFTA '!P18 -> 6 | I18: Adet | J18: 0 | K18: 0 | L18: 0 | M18: 0 | N18: 0 | O18: 0 | P18: =+H18+J18-K18-L18-M18-N18-O18 -> 6 | R18: 20 | S18: 50
A19: 16 | D19: ZZ.NEO BAR TEPSİ AYAK 4Q5 | H19: ='ARALIK 3 HAFTA '!P19 -> 6 | I19: Adet | J19: 0 | K19: 0 | L19: 0 | M19: 0 | N19: 0 | O19: 0 | P19: =+H19+J19-K19-L19-M19-N19-O19 -> 6 | R19: 20 | S19: 50
A20: 17 | D20: ZZ.NEO BAR AMORTİSÖRÜ 260 LIK | H20: ='ARALIK 3 HAFTA '!P20 -> 38 | I20: Adet | J20: 0 | K20: 0 | L20: 0 | M20: 0 | N20: 0 | O20: 0 | P20: =+H20+J20-K20-L20-M20-N20-O20 -> 38 | R20: 20 | S20: 50
A21: 18 | D21: ZZ.EFOR ŞEF SET KOL +SIRT İÇ-DIŞ | H21: ='ARALIK 3 HAFTA '!P21 -> 23 | I21: Adet | J21: 0 | K21: 0 | L21: 0 | M21: 0 | N21: 0 | O21: 0 | P21: =+H21+J21-K21-L21-M21-N21-O21 -> 23 | R21: 0
A22: 19 | D22: ZZ.BONCUK ELYAF ( 1 TORBA = 10 KG ) | H22: ='ARALIK 3 HAFTA '!P22 -> 160 | I22: Kg | J22: 0 | K22: 0 | L22: 20 | M22: 0 | N22: 10 | O22: 85 | P22: =+H22+J22-K22-L22-M22-N22-O22 -> 45 | R22: 50 | S22: 200
A23: 20 | D23: İNCİ SEKRETER İÇ DIŞ PLASTİĞİ | H23: ='ARALIK 3 HAFTA '!P23 -> 2000 | I23: Adet | J23: 0 | K23: 0 | L23: 0 | M23: 0 | N23: 0 | O23: 0 | P23: =+H23+J23-K23-L23-M23-N23-O23 -> 2000 | R23: 0
A24: 21 | D24: TETRA OTURAK İÇ DIŞ PLASTİK AB 3355 | H24: ='ARALIK 3 HAFTA '!P24 -> 273 | I24: Adet | J24: 0 | K24: 0 | L24: 0 | M24: 0 | N24: 0 | O24: 0 | P24: =+H24+J24-K24-L24-M24-N24-O24 -> 273 | R24: 0
A25: 22 | D25: EVO SIRT PLASTİĞİ | H25: ='ARALIK 3 HAFTA '!P25 -> 40 | I25: Adet | J25: 0 | K25: 0 | L25: 0 | M25: 0 | N25: 0 | O25: 0 | P25: =+H25+J25-K25-L25-M25-N25-O25 -> 40 | R25: 0
A26: 23 | D26: DARK OTURAK İÇ/DIŞ PLASTİK | H26: ='ARALIK 3 HAFTA '!P26 -> 149 | I26: Adet | J26: 0 | K26: 0 | L26: 0 | M26: 0 | N26: 0 | O26: 1 | P26: =+H26+J26-K26-L26-M26-N26-O26 -> 148 | R26: 20 | S26: 50
A27: 24 | D27: EVO OTURAK İÇ/DIŞ PLASTİĞİ | H27: ='ARALIK 3 HAFTA '!P27 -> 42 | I27: Adet | J27: 0 | K27: 0 | L27: 0 | M27: 0 | N27: 0 | O27: 0 | P27: =+H27+J27-K27-L27-M27-N27-O27 -> 42 | R27: 20 | S27: 50
A28: 25 | D28: ZZ.ZİRVE (BAG 25) SIRT DIŞ KAPAK | H28: ='ARALIK 3 HAFTA '!P28 -> 0 | I28: Adet | J28: 0 | K28: 0 | L28: 0 | M28: 0 | N28: 0 | O28: 0 | P28: =+H28+J28-K28-L28-M28-N28-O28 -> 0 | R28: 50 | S28: 100
A29: 26 | D29: ZZ.ZİRVE (BAG 25 ) SIRT İÇ KAPAK | H29: ='ARALIK 3 HAFTA '!P29 -> 25 | I29: Adet | J29: 0 | K29: 0 | L29: 0 | M29: 0 | N29: 0 | O29: 0 | P29: =+H29+J29-K29-L29-M29-N29-O29 -> 25 | R29: 50 | S29: 100
A30: 27 | D30: DARK BAŞLIK | H30: ='ARALIK 3 HAFTA '!P30 -> 211 | I30: Adet | J30: 0 | K30: 0 | L30: 0 | M30: 0 | N30: 0 | O30: 1 | P30: =+H30+J30-K30-L30-M30-N30-O30 -> 210 | R30: 20 | S30: 50
A31: 28 | D31: ZZ.VOX BAŞLIK | H31: ='ARALIK 3 HAFTA '!P31 -> 505 | I31: Adet | J31: 0 | K31: 0 | L31: 5 | M31: 0 | N31: 0 | O31: 1 | P31: =+H31+J31-K31-L31-M31-N31-O31 -> 499 | R31: 50 | S31: 100
A32: 29 | D32: DARK SIRT PLASTİĞİ | H32: ='ARALIK 3 HAFTA '!P32 -> 29 | I32: Adet | J32: 0 | K32: 0 | L32: 0 | M32: 0 | N32: 0 | O32: 1 | P32: =+H32+J32-K32-L32-M32-N32-O32 -> 28 | R32: 20 | S32: 50
A33: 30 | D33: SEKRETER İÇ / DIŞ PLASTİĞİ KONYA | H33: ='ARALIK 3 HAFTA '!P33 -> 1075 | I33: Adet | J33: 0 | K33: 0 | L33: 0 | M33: 0 | N33: 0 | O33: 0 | P33: =+H33+J33-K33-L33-M33-N33-O33 -> 1075 | R33: 0
A34: 31 | D34: ZZ.NOORD KOL (ALFA) | H34: ='ARALIK 3 HAFTA '!P34 -> 524 | I34: Adet | J34: 0 | K34: 0 | L34: 10 | M34: 0 | N34: 0 | O34: 0 | P34: =+H34+J34-K34-L34-M34-N34-O34 -> 514 | R34: 50 | S34: 100
A35: 32 | D35: DARK SIRT İÇ/DIŞ PLASTİĞİ | H35: ='ARALIK 3 HAFTA '!P35 -> 75 | I35: Adet | J35: 0 | K35: 0 | L35: 0 | M35: 0 | N35: 0 | O35: 1 | P35: =+H35+J35-K35-L35-M35-N35-O35 -> 74 | R35: 20 | S35: 50
A36: 33 | D36: DORİ PLASTİK BAŞLIK(ALTIN B) | H36: ='ARALIK 3 HAFTA '!P36 -> 934 | I36: Adet | J36: 0 | K36: 0 | L36: 0 | M36: 0 | N36: 0 | O36: 0 | P36: =+H36+J36-K36-L36-M36-N36-O36 -> 934 | R36: 0
A37: 34 | D37: ALFA OTURAK İÇ DIŞ PLASTİĞİ | H37: ='ARALIK 3 HAFTA '!P37 -> 279 | I37: Adet | J37: 0 | K37: 0 | L37: 0 | M37: 0 | N37: 0 | O37: 0 | P37: =+H37+J37-K37-L37-M37-N37-O37 -> 279 | R37: 50 | S37: 100
A38: 35 | D38: ALFA SIRT PLASTİĞİ | H38: ='ARALIK 3 HAFTA '!P38 -> 283 | I38: Adet | J38: 0 | K38: 0 | L38: 0 | M38: 0 | N38: 0 | O38: 0 | P38: =+H38+J38-K38-L38-M38-N38-O38 -> 283 | R38: 50 | S38: 100
A39: 36 | D39: NOORD BAŞLIK PLASTİĞİ (ALFA) | H39: ='ARALIK 3 HAFTA '!P39 -> 14 | I39: Adet | J39: 0 | K39: 0 | L39: 5 | M39: 0 | N39: 0 | O39: 0 | P39: =+H39+J39-K39-L39-M39-N39-O39 -> 9 | R39: 50 | S39: 100
A40: 37 | D40: FİLELİ (LİMA) FONT İÇ PLASTİĞİ | H40: ='ARALIK 3 HAFTA '!P40 -> 46 | I40: Adet | J40: 0 | K40: 0 | L40: 0 | M40: 0 | N40: 0 | O40: 0 | P40: =+H40+J40-K40-L40-M40-N40-O40 -> 46 | R40: 0
A41: 38 | D41: ZZ.MİLLORD(JOBB) SIRT İÇ/DIŞ PLASTİĞİ | H41: ='ARALIK 3 HAFTA '!P41 -> 20 | I41: Adet | J41: 0 | K41: 0 | L41: 0 | M41: 0 | N41: 0 | O41: 0 | P41: =+H41+J41-K41-L41-M41-N41-O41 -> 20 | R41: 5 | S41: 10
A42: 39 | D42: ZZ.BETTA KOL | H42: ='ARALIK 3 HAFTA '!P42 -> 28 | I42: Adet | J42: 0 | K42: 0 | L42: 28 | M42: 0 | N42: 0 | O42: 0 | P42: =+H42+J42-K42-L42-M42-N42-O42 -> 0 | R42: 40 | S42: 100
A43: 40 | D43: ZZ.BETTA SIRT PLASTİĞİ | H43: ='ARALIK 3 HAFTA '!P43 -> 78 | I43: Adet | J43: 0 | K43: 0 | L43: 41 | M43: 0 | N43: 0 | O43: 0 | P43: =+H43+J43-K43-L43-M43-N43-O43 -> 37 | R43: 20 | S43: 50
A44: 41 | D44: ZZ.BETTA FONT DIŞ PLASTİĞİ | H44: ='ARALIK 3 HAFTA '!P44 -> 78 | I44: Adet | J44: 0 | K44: 0 | L44: 41 | M44: 0 | N44: 0 | O44: 0 | P44: =+H44+J44-K44-L44-M44-N44-O44 -> 37 | R44: 20 | S44: 50
A45: 42 | D45: ZZ.BETTA FONT İÇ PLASTİĞİ | H45: ='ARALIK 3 HAFTA '!P45 -> 93 | I45: Adet | J45: 0 | K45: 0 | L45: 41 | M45: 0 | N45: 0 | O45: 0 | P45: =+H45+J45-K45-L45-M45-N45-O45 -> 52 | R45: 20 | S45: 50
A46: 43 | D46: ZZ.BOGA SIRT İÇ - DIŞ PLASTİĞİ BEYAZ | H46: ='ARALIK 3 HAFTA '!P46 -> 43 | I46: Adet | J46: 0 | K46: 0 | L46: 0 | M46: 0 | N46: 0 | O46: 0 | P46: =+H46+J46-K46-L46-M46-N46-O46 -> 43 | R46: 10 | S46: 20
A47: 44 | D47: ZZ.BOGA SIRT İÇ - DIŞ PLASTİĞİ | H47: ='ARALIK 3 HAFTA '!P47 -> 18 | I47: Adet | J47: 0 | K47: 0 | L47: 0 | M47: 0 | N47: 0 | O47: 0 | P47: =+H47+J47-K47-L47-M47-N47-O47 -> 18 | R47: 10 | S47: 20
A48: 45 | D48: ZZ.BOGA PLASTİK BAŞLIK | H48: ='ARALIK 3 HAFTA '!P48 -> 0 | I48: Adet | J48: 0 | K48: 0 | L48: 0 | M48: 0 | N48: 0 | O48: 0 | P48: =+H48+J48-K48-L48-M48-N48-O48 -> 0 | R48: 10 | S48: 20
A49: 46 | D49: ZZ.60 GR VATKA ELYAF (1 TORBA = 5 KG ) | H49: ='ARALIK 3 HAFTA '!P49 -> 277.5 | I49: Kg | J49: 0 | K49: 0 | L49: 0 | M49: 20 | N49: 0 | O49: 0 | P49: =+H49+J49-K49-L49-M49-N49-O49 -> 257.5 | R49: 20 | S49: 100 | T49: KĞ
A50: 47 | D50: ZZ.KROM KONİK AYAK | H50: ='ARALIK 3 HAFTA '!P50 -> 169 | I50: Adet | J50: 0 | K50: 0 | L50: 4 | M50: 23 | N50: 0 | O50: 0 | P50: =+H50+J50-K50-L50-M50-N50-O50 -> 142 | R50: 30 | S50: 100
A51: 48 | D51: ZZ.JAZZ SIRT PLASTİĞİ | H51: ='ARALIK 3 HAFTA '!P51 -> 91 | I51: Adet | J51: 0 | K51: 0 | L51: 0 | M51: 0 | N51: 0 | O51: 1 | P51: =+H51+J51-K51-L51-M51-N51-O51 -> 90 | R51: 20 | S51: 50
A52: 49 | D52: ZZ.JAZZ OTURAK İÇ PLASTİĞİ | H52: ='ARALIK 3 HAFTA '!P52 -> 87 | I52: Adet | J52: 0 | K52: 0 | L52: 0 | M52: 0 | N52: 0 | O52: 1 | P52: =+H52+J52-K52-L52-M52-N52-O52 -> 86 | R52: 20 | S52: 50
A53: 50 | D53: ZZ.JAZZ OTURAK DIŞ PLASTİĞİ | H53: ='ARALIK 3 HAFTA '!P53 -> 37 | I53: Adet | J53: 0 | K53: 0 | L53: 0 | M53: 0 | N53: 0 | O53: 1 | P53: =+H53+J53-K53-L53-M53-N53-O53 -> 36 | R53: 20 | S53: 50
A54: 51 | D54: ZZ.YAPIŞTIRICI (UNITEK 63) | H54: ='ARALIK 3 HAFTA '!P54 -> 300 | I54: Kg | J54: 0 | K54: 60 | L54: 45 | M54: 30 | N54: 30 | O54: 15 | P54: =+H54+J54-K54-L54-M54-N54-O54 -> 120 | Q54: 15 KĞ | R54: 250 | S54: 750 | T54: KĞ
A55: 52 | D55: ZZ.32Q İÇ TAKOZ | H55: ='ARALIK 3 HAFTA '!P55 -> 3500 | I55: Adet | J55: 0 | K55: 0 | L55: 0 | M55: 0 | N55: 0 | O55: 0 | P55: =+H55+J55-K55-L55-M55-N55-O55 -> 3500 | R55: 0
A56: 53 | D56: ZZ.40x40 İÇ TAKOZ | H56: ='ARALIK 3 HAFTA '!P56 -> 1500 | I56: Adet | J56: 0 | K56: 0 | L56: 0 | M56: 0 | N56: 0 | O56: 0 | P56: =+H56+J56-K56-L56-M56-N56-O56 -> 1500 | R56: 0
A57: 54 | D57: ZZ.32Q IZGARA TAKOZ | H57: ='ARALIK 3 HAFTA '!P57 -> 2800 | I57: Adet | J57: 0 | K57: 0 | L57: 0 | M57: 0 | N57: 0 | O57: 0 | P57: =+H57+J57-K57-L57-M57-N57-O57 -> 2800 | R57: 0
A58: 55 | D58: ZZ.20x40 İÇ TAKOZ | H58: ='ARALIK 3 HAFTA '!P58 -> 3000 | I58: Adet | J58: 0 | K58: 0 | L58: 0 | M58: 0 | N58: 0 | O58: 0 | P58: =+H58+J58-K58-L58-M58-N58-O58 -> 3000 | R58: 0
A59: 56 | D59: ZZ.25Q İÇ TAKOZ | H59: ='ARALIK 3 HAFTA '!P59 -> 4000 | I59: Adet | J59: 0 | K59: 0 | L59: 0 | M59: 0 | N59: 0 | O59: 0 | P59: =+H59+J59-K59-L59-M59-N59-O59 -> 4000 | R59: 0
A60: 57 | D60: ZZ.25x50 ELİPS İÇ TAKOZ | H60: ='ARALIK 3 HAFTA '!P60 -> 3000 | I60: Adet | J60: 0 | K60: 0 | L60: 0 | M60: 0 | N60: 0 | O60: 0 | P60: =+H60+J60-K60-L60-M60-N60-O60 -> 3000 | R60: 0
A61: 58 | D61: ZZ.25x25 İÇ TAKOZ | H61: ='ARALIK 3 HAFTA '!P61 -> 4700 | I61: Adet | J61: 0 | K61: 0 | L61: 0 | M61: 0 | N61: 0 | O61: 0 | P61: =+H61+J61-K61-L61-M61-N61-O61 -> 4700 | R61: 0
A62: 59 | D62: OYUNCU KOLTUĞU MEKANİZMA TKM | H62: ='ARALIK 3 HAFTA '!P62 -> 334 | I62: Adet | J62: 0 | K62: 0 | L62: 0 | M62: 0 | N62: 0 | O62: 0 | P62: =+H62+J62-K62-L62-M62-N62-O62 -> 334 | R62: 0
A63: 60 | D63: OFİS (DIAMOND) PLSTK AYAK | H63: ='ARALIK 3 HAFTA '!P63 -> 1084 | I63: Adet | J63: 0 | K63: 100 | L63: 0 | M63: 0 | N63: 0 | O63: 0 | P63: =+H63+J63-K63-L63-M63-N63-O63 -> 984 | R63: 200 | S63: 1000
A64: 61 | D64: ZZ.Plastik L Ayak 180X180 | H64: ='ARALIK 3 HAFTA '!P64 -> 447 | I64: Adet | J64: 0 | K64: 0 | L64: 0 | M64: 0 | N64: 0 | O64: 0 | P64: =+H64+J64-K64-L64-M64-N64-O64 -> 447 | R64: 100 | S64: 300
A65: 62 | D65: ZZ.PLASTİK ÜÇGEN AYAK 10 CM (TIESTO) | H65: ='ARALIK 3 HAFTA '!P65 -> 315 | I65: Adet | J65: 0 | K65: 0 | L65: 0 | M65: 0 | N65: 0 | O65: 0 | P65: =+H65+J65-K65-L65-M65-N65-O65 -> 315 | R65: 100 | S65: 300
A66: 63 | D66: ZZ.STINGER PLASTİK AYAK -5.5 Ebru M8*35 | H66: ='ARALIK 3 HAFTA '!P66 -> 350 | I66: Adet | J66: 0 | K66: 0 | L66: 0 | M66: 0 | N66: 0 | O66: 0 | P66: =+H66+J66-K66-L66-M66-N66-O66 -> 350 | R66: 100 | S66: 300
A67: 64 | D67: MODEL 5 AYAK 10CM (15 CM) | H67: ='ARALIK 3 HAFTA '!P67 -> 1912 | I67: Adet | J67: 0 | K67: 0 | L67: 0 | M67: 0 | N67: 0 | O67: 0 | P67: =+H67+J67-K67-L67-M67-N67-O67 -> 1912 | R67: 100 | S67: 300
A68: 65 | D68: LEO TAKIM PLASTİK | H68: ='ARALIK 3 HAFTA '!P68 -> 487 | I68: Adet | J68: 0 | K68: 0 | L68: 0 | M68: 0 | N68: 0 | O68: 2 | P68: =+H68+J68-K68-L68-M68-N68-O68 -> 485 | R68: 0
A69: 66 | D69: ZZ.NOORD SIRT PLASTİĞİ (ALFA) | H69: ='ARALIK 3 HAFTA '!P69 -> 317 | I69: Adet | J69: 0 | K69: 0 | L69: 5 | M69: 0 | N69: 0 | O69: 0 | P69: =+H69+J69-K69-L69-M69-N69-O69 -> 312 | R69: 50 | S69: 100
A70: 67 | D70: BERBER KOLTUK TEPSİ | H70: ='ARALIK 3 HAFTA '!P70 -> 60 | I70: Adet | J70: 0 | K70: 0 | L70: 0 | M70: 0 | N70: 0 | O70: 0 | P70: =+H70+J70-K70-L70-M70-N70-O70 -> 60 | R70: 0
A71: 68 | D71: PLASTİK YILDIZ AYAK 60 | H71: ='ARALIK 3 HAFTA '!P71 -> 494 | I71: Adet | J71: 0 | K71: 0 | L71: 0 | M71: 0 | N71: 0 | O71: 0 | P71: =+H71+J71-K71-L71-M71-N71-O71 -> 494 | R71: 300 | S71: 1000
A72: 69 | D72: ZZ.VEGA (FORM) KOL TABLASI | H72: ='ARALIK 3 HAFTA '!P72 -> 0 | I72: Adet | J72: 0 | K72: 0 | L72: 0 | M72: 0 | N72: 0 | O72: 0 | P72: =+H72+J72-K72-L72-M72-N72-O72 -> 0 | R72: 50 | S72: 150
A73: 70 | D73: TELA BEZ 20 GR | H73: ='ARALIK 3 HAFTA '!P73 -> 191.5 | I73: KĞ | J73: 0 | K73: 0 | L73: 0 | M73: 0 | N73: 0 | O73: 0 | P73: =+H73+J73-K73-L73-M73-N73-O73 -> 191.5 | Q73: 32 kğ | R73: 65 | S73: 150
A74: 71 | D74: SİEANNA,KARİNA PLASTİK KOL | H74: ='ARALIK 3 HAFTA '!P74 -> 114 | I74: Adet | J74: 0 | K74: 0 | L74: 0 | M74: 0 | N74: 0 | O74: 0 | P74: =+H74+J74-K74-L74-M74-N74-O74 -> 114 | R74: 50 | S74: 100
A75: 72 | D75: VOX OTURAK,İÇ DIŞ PLS. | H75: ='ARALIK 3 HAFTA '!P75 -> 286 | I75: Adet | J75: 0 | K75: 0 | L75: 5 | M75: 0 | N75: 0 | O75: 0 | P75: =+H75+J75-K75-L75-M75-N75-O75 -> 281 | R75: 50 | S75: 100
A76: 73 | D76: POLO PLASTİK TAKIMI | H76: ='ARALIK 3 HAFTA '!P76 -> 9 | I76: Adet | J76: 0 | K76: 0 | L76: 0 | M76: 6 | N76: 0 | O76: 0 | P76: =+H76+J76-K76-L76-M76-N76-O76 -> 3 | R76: 0
A77: 74 | D77: VEGA FORM ÇAKMA KOL | H77: ='ARALIK 3 HAFTA '!P77 -> 50 | I77: Adet | J77: 0 | K77: 0 | L77: 0 | M77: 0 | N77: 0 | O77: 0 | P77: =+H77+J77-K77-L77-M77-N77-O77 -> 50 | R77: 100 | S77: 200
A78: 75 | D78: EXPERİ KOL | H78: ='ARALIK 3 HAFTA '!P78 -> 0 | I78: Adet | J78: 0 | K78: 0 | L78: 0 | M78: 0 | N78: 0 | O78: 0 | P78: =+H78+J78-K78-L78-M78-N78-O78 -> 0 | R78: 0
A79: 76 | D79: 100*160 BALONLU NAYLON | H79: ='ARALIK 3 HAFTA '!P79 -> 516 | I79: Adet | J79: 0 | K79: 0 | L79: 25 | M79: 0 | N79: 0 | O79: 25 | P79: =+H79+J79-K79-L79-M79-N79-O79 -> 466 | R79: 100 | S79: 500 | T79: KĞ
A80: 77 | D80: HARMANY S KOL PLSTİK | H80: ='ARALIK 3 HAFTA '!P80 -> 40 | I80: Adet | J80: 0 | K80: 0 | L80: 0 | M80: 0 | N80: 0 | O80: 0 | P80: =+H80+J80-K80-L80-M80-N80-O80 -> 40 | R80: 0
A81: 78 | D81: STREÇ NAYLON 2,30 KĞ | H81: ='ARALIK 3 HAFTA '!P81 -> 165.7 | I81: kğ | J81: 373.4 | K81: 23 | L81: 0 | M81: 13 | N81: 25.5 | O81: 0 | P81: =+H81+J81-K81-L81-M81-N81-O81 -> 477.6 | Q81: 2,3kğ | R81: 30 | S81: 100
A82: 79 | D82: AB1508 COBRA CEZAR KOL | H82: ='ARALIK 3 HAFTA '!P82 -> 400 | I82: Adet | J82: 0 | K82: 0 | L82: 0 | M82: 0 | N82: 0 | O82: 0 | P82: =+H82+J82-K82-L82-M82-N82-O82 -> 400 | R82: 60 | S82: 100
A83: 80 | D83: ELASTİK KOLON | H83: ='ARALIK 3 HAFTA '!P83 -> 485 | I83: MT | J83: 4500 | K83: 485 | L83: 500 | M83: 0 | N83: 0 | O83: 0 | P83: =+H83+J83-K83-L83-M83-N83-O83 -> 4000 | R83: 1000 | S83: 10000
A84: 81 | D84: VOX SIRT İÇ DIŞ PLASTİĞİ | H84: ='ARALIK 3 HAFTA '!P84 -> 199 | I84: Adet | J84: 0 | K84: 0 | L84: 5 | M84: 0 | N84: 0 | O84: 0 | P84: =+H84+J84-K84-L84-M84-N84-O84 -> 194 | R84: 50 | S84: 100
A85: 82 | D85: FİLELİ(LİMA) FONT DIŞ PLASTİĞİ | H85: ='ARALIK 3 HAFTA '!P85 -> 48 | J85: 0 | K85: 0 | L85: 0 | M85: 0 | N85: 0 | O85: 0 | P85: =+H85+J85-K85-L85-M85-N85-O85 -> 48
A86: 83 | D86: 25 LİK YARIM AY PLASTİK | H86: ='ARALIK 3 HAFTA '!P86 -> 4300 | I86: Adet | J86: 0 | K86: 0 | L86: 0 | M86: 0 | N86: 0 | O86: 0 | P86: =+H86+J86-K86-L86-M86-N86-O86 -> 4300

Sheet OCAK 1 HAFTA
P1: =+H1+J1-K1-L1-M1-N1-O1 -> 0
D2: OCAK.1 HAFTA | S2: 44837
A3: S.NO | D3: ÜRÜN ADI | H3: ADET | I3: BİRİM | J3: GİRİŞ | K3: 44928 | L3: 44929 | M3: 44930 | N3: 44931 | O3: 44932 | P3: KALAN | R3: MİNİMUN | S3: MAKSİMUN
A4: 1 | D4: ZZ.KORUMA FİLESİ | H4: 184.6 | I4: Kg | J4: 0 | K4: 34 | L4: 0 | M4: 17 | N4: 17 | O4: 17 | P4: =+H4+J4-K4-L4-M4-N4-O4 -> 99.6 | Q4: 17 KĞ | R4: 100 | S4: 500 | T4: KĞ
A5: 2 | D5: ZZ.RADO (NİTRO) AYAKLI KOL | H5: ='ARALIK 3 HAFTA '!P5 -> 28 | I5: Adet | J5: 0 | K5: 0 | L5: 0 | M5: 0 | N5: 0 | O5: 0 | P5: =+H5+J5-K5-L5-M5-N5-O5 -> 28 | R5: 6 | S5: 10
A6: 3 | D6: ZZ.ORBİT (BİLGİN) KOL | H6: ='ARALIK 3 HAFTA '!P6 -> 34 | I6: Adet | J6: 20 | K6: 0 | L6: 0 | M6: 0 | N6: 0 | O6: 0 | P6: =+H6+J6-K6-L6-M6-N6-O6 -> 54 | R6: 6 | S6: 10
A7: 4 | D7: ZZ.MAKER YAY KOL | H7: ='ARALIK 3 HAFTA '!P7 -> 58 | I7: Adet | J7: 0 | K7: 0 | L7: 0 | M7: 0 | N7: 0 | O7: 0 | P7: =+H7+J7-K7-L7-M7-N7-O7 -> 58 | R7: 6 | S7: 10
A8: 5 | D8: ZZ.JAZZ T KOL | H8: 120 | I8: Adet | J8: 0 | K8: 0 | L8: 0 | M8: 0 | N8: 0 | O8: 0 | P8: =+H8+J8-K8-L8-M8-N8-O8 -> 120 | R8: 100 | S8: 400
A9: 6 | D9: ZZ.STELLA ÜÇGEN PLASTİK KROM KOL | H9: 100 | I9: Adet | J9: 0 | K9: 0 | L9: 0 | M9: 0 | N9: 0 | O9: 0 | P9: =+H9+J9-K9-L9-M9-N9-O9 -> 100 | R9: 60 | S9: 200
A10: 7 | D10: ZZ.PENTA KOL (ayarlı,onyar başlı) | H10: 1620 | I10: Adet | J10: 20 | K10: 0 | L10: 0 | M10: 0 | N10: 12 | O10: 20 | P10: =+H10+J10-K10-L10-M10-N10-O10 -> 1608 | R10: 200 | S10: 500
A11: 8 | D11: ZZ.WENGE KOL PLASTİK | H11: 430 | I11: Adet | J11: 0 | K11: 0 | L11: 0 | M11: 0 | N11: 0 | O11: 0 | P11: =+H11+J11-K11-L11-M11-N11-O11 -> 430 | R11: 0 | S11: 0
A12: 9 | D12: ZZ.PRESTİJ (KİNG EKO PLASTİK ) KOL | H12: ='ARALIK 3 HAFTA '!P12 -> 60 | I12: Adet | J12: 0 | K12: 0 | L12: 0 | M12: 0 | N12: 0 | O12: 0 | P12: =+H12+J12-K12-L12-M12-N12-O12 -> 60 | R12: 200 | S12: 400
A13: 10 | D13: ZZ.WARLOCK (ELEGANCE) KOL | H13: ='ARALIK 3 HAFTA '!P13 -> 42 | I13: Adet | J13: 0 | K13: 0 | L13: 0 | M13: 0 | N13: 0 | O13: 0 | P13: =+H13+J13-K13-L13-M13-N13-O13 -> 42 | R13: 0
A14: 11 | D14: CYBORG KOL | H14: ='ARALIK 3 HAFTA '!P14 -> 6 | I14: Adet | J14: 0 | K14: 0 | L14: 0 | M14: 0 | N14: 0 | O14: 0 | P14: =+H14+J14-K14-L14-M14-N14-O14 -> 6 | R14: 20 | S14: 50
A15: 12 | D15: ZZ. MARKOL(SAKURE) (AHŞAP AÇIK KOL) | H15: 0 | I15: Adet | J15: 20 | K15: 0 | L15: 0 | M15: 0 | N15: 4 | O15: 2 | P15: =+H15+J15-K15-L15-M15-N15-O15 -> 14 | R15: 100 | S15: 200
A16: 13 | D16: ZZ.SEAT ALÜMİNYUM KOL | H16: ='ARALIK 3 HAFTA '!P16 -> 88 | I16: Adet | J16: 0 | K16: 0 | L16: 0 | M16: 0 | N16: 0 | O16: 0 | P16: =+H16+J16-K16-L16-M16-N16-O16 -> 88 | R16: 0
A17: 14 | D17: PLASTİK YILDIZ AYAK ÇİN GÜMÜŞ GRİ | H17: ='ARALIK 3 HAFTA '!P17 -> 800 | I17: Adet | J17: 0 | K17: 0 | L17: 0 | M17: 0 | N17: 0 | O17: 6 | P17: =+H17+J17-K17-L17-M17-N17-O17 -> 794 | R17: 0
A18: 15 | D18: ZZ.NEO BAR TABURESİ AYAK ÇEMBERİ | H18: ='ARALIK 3 HAFTA '!P18 -> 6 | I18: Adet | J18: 100 | K18: 0 | L18: 20 | M18: 0 | N18: 0 | O18: 3 | P18: =+H18+J18-K18-L18-M18-N18-O18 -> 83 | R18: 20 | S18: 50
A19: 16 | D19: ZZ.NEO BAR TEPSİ AYAK 4Q5 | H19: ='ARALIK 3 HAFTA '!P19 -> 6 | I19: Adet | J19: 100 | K19: 0 | L19: 20 | M19: 0 | N19: 0 | O19: 3 | P19: =+H19+J19-K19-L19-M19-N19-O19 -> 83 | R19: 20 | S19: 50
A20: 17 | D20: ZZ.NEO BAR AMORTİSÖRÜ 260 LIK | H20: ='ARALIK 3 HAFTA '!P20 -> 38 | I20: Adet | J20: 100 | K20: 0 | L20: 20 | M20: 0 | N20: 0 | O20: 3 | P20: =+H20+J20-K20-L20-M20-N20-O20 -> 115 | R20: 20 | S20: 50
A21: 18 | D21: ZZ.EFOR ŞEF SET KOL +SIRT İÇ-DIŞ | H21: ='ARALIK 3 HAFTA '!P21 -> 23 | I21: Adet | J21: 0 | K21: 0 | L21: 0 | M21: 0 | N21: 0 | O21: 0 | P21: =+H21+J21-K21-L21-M21-N21-O21 -> 23 | R21: 0
A22: 19 | D22: ZZ.BONCUK ELYAF ( 1 TORBA = 10 KG ) | H22: 55 | I22: Kg | J22: 300 | K22: 15 | L22: 5 | M22: 0 | N22: 30 | O22: 0 | P22: =+H22+J22-K22-L22-M22-N22-O22 -> 305 | R22: 50 | S22: 200
A23: 20 | D23: İNCİ SEKRETER İÇ DIŞ PLASTİĞİ | H23: ='ARALIK 3 HAFTA '!P23 -> 2000 | I23: Adet | J23: 0 | K23: 0 | L23: 0 | M23: 0 | N23: 0 | O23: 0 | P23: =+H23+J23-K23-L23-M23-N23-O23 -> 2000 | R23: 0
A24: 21 | D24: TETRA OTURAK İÇ DIŞ PLASTİK AB 3355 | H24: 190 | I24: Adet | J24: 0 | K24: 0 | L24: 0 | M24: 0 | N24: 0 | O24: 0 | P24: =+H24+J24-K24-L24-M24-N24-O24 -> 190 | R24: 0
A25: 22 | D25: EVO SIRT PLASTİĞİ | H25: 50 | I25: Adet | J25: 0 | K25: 0 | L25: 0 | M25: 0 | N25: 0 | O25: 0 | P25: =+H25+J25-K25-L25-M25-N25-O25 -> 50 | R25: 0
A26: 23 | D26: DARK OTURAK İÇ/DIŞ PLASTİK | H26: 70 | I26: Adet | J26: 0 | K26: 0 | L26: 0 | M26: 0 | N26: 0 | O26: 0 | P26: =+H26+J26-K26-L26-M26-N26-O26 -> 70 | R26: 20 | S26: 50
A27: 24 | D27: EVO OTURAK İÇ/DIŞ PLASTİĞİ | H27: 102 | I27: Adet | J27: 0 | K27: 0 | L27: 0 | M27: 0 | N27: 0 | O27: 0 | P27: =+H27+J27-K27-L27-M27-N27-O27 -> 102 | R27: 20 | S27: 50
A28: 25 | D28: ZZ.ZİRVE (BAG 25) SIRT DIŞ KAPAK | H28: ='ARALIK 3 HAFTA '!P28 -> 0 | I28: Adet | J28: 0 | K28: 0 | L28: 0 | M28: 0 | N28: 0 | O28: 0 | P28: =+H28+J28-K28-L28-M28-N28-O28 -> 0 | R28: 50 | S28: 100
A29: 26 | D29: ZZ.ZİRVE (BAG 25 ) SIRT İÇ KAPAK | H29: ='ARALIK 3 HAFTA '!P29 -> 25 | I29: Adet | J29: 0 | K29: 0 | L29: 0 | M29: 0 | N29: 0 | O29: 0 | P29: =+H29+J29-K29-L29-M29-N29-O29 -> 25 | R29: 50 | S29: 100
A30: 27 | D30: DARK BAŞLIK | H30: 150 | I30: Adet | J30: 0 | K30: 0 | L30: 0 | M30: 0 | N30: 0 | O30: 0 | P30: =+H30+J30-K30-L30-M30-N30-O30 -> 150 | R30: 20 | S30: 50
A31: 28 | D31: ZZ.VOX BAŞLIK | H31: 499 | I31: Adet | J31: 0 | K31: 0 | L31: 0 | M31: 0 | N31: 0 | O31: 0 | P31: =+H31+J31-K31-L31-M31-N31-O31 -> 499 | R31: 50 | S31: 100
A32: 29 | D32: DARK SIRT PLASTİĞİ | H32: 28 | I32: Adet | J32: 0 | K32: 0 | L32: 0 | M32: 0 | N32: 0 | O32: 0 | P32: =+H32+J32-K32-L32-M32-N32-O32 -> 28 | R32: 20 | S32: 50
A33: 30 | D33: SEKRETER İÇ / DIŞ PLASTİĞİ KONYA | H33: ='ARALIK 3 HAFTA '!P33 -> 1075 | I33: Adet | J33: 0 | K33: 0 | L33: 0 | M33: 0 | N33: 0 | O33: 0 | P33: =+H33+J33-K33-L33-M33-N33-O33 -> 1075 | R33: 0
A34: 31 | D34: ZZ.NOORD KOL (ALFA) | H34: 514 | I34: Adet | J34: 0 | K34: 0 | L34: 0 | M34: 0 | N34: 0 | O34: 0 | P34: =+H34+J34-K34-L34-M34-N34-O34 -> 514 | R34: 50 | S34: 100
A35: 32 | D35: DARK SIRT İÇ/DIŞ PLASTİĞİ | H35: 60 | I35: Adet | J35: 0 | K35: 0 | L35: 0 | M35: 0 | N35: 0 | O35: 0 | P35: =+H35+J35-K35-L35-M35-N35-O35 -> 60 | R35: 20 | S35: 50
A36: 33 | D36: DORİ PLASTİK BAŞLIK(ALTIN B) | H36: ='ARALIK 3 HAFTA '!P36 -> 934 | I36: Adet | J36: 0 | K36: 0 | L36: 0 | M36: 0 | N36: 0 | O36: 0 | P36: =+H36+J36-K36-L36-M36-N36-O36 -> 934 | R36: 0
A37: 34 | D37: ALFA OTURAK İÇ DIŞ PLASTİĞİ | H37: ='ARALIK 3 HAFTA '!P37 -> 279 | I37: Adet | J37: 0 | K37: 0 | L37: 0 | M37: 0 | N37: 0 | O37: 0 | P37: =+H37+J37-K37-L37-M37-N37-O37 -> 279 | R37: 50 | S37: 100
A38: 35 | D38: ALFA SIRT PLASTİĞİ | H38: 280 | I38: Adet | J38: 0 | K38: 0 | L38: 0 | M38: 0 | N38: 0 | O38: 0 | P38: =+H38+J38-K38-L38-M38-N38-O38 -> 280 | R38: 50 | S38: 100
A39: 36 | D39: NOORD BAŞLIK PLASTİĞİ (ALFA) | H39: 9 | I39: Adet | J39: 0 | K39: 0 | L39: 0 | M39: 0 | N39: 0 | O39: 0 | P39: =+H39+J39-K39-L39-M39-N39-O39 -> 9 | R39: 50 | S39: 100
A40: 37 | D40: FİLELİ (LİMA) FONT İÇ PLASTİĞİ | H40: ='ARALIK 3 HAFTA '!P40 -> 46 | I40: Adet | J40: 0 | K40: 0 | L40: 0 | M40: 0 | N40: 0 | O40: 0 | P40: =+H40+J40-K40-L40-M40-N40-O40 -> 46 | R40: 0
A41: 38 | D41: ZZ.MİLLORD(JOBB) SIRT İÇ/DIŞ PLASTİĞİ | H41: ='ARALIK 3 HAFTA '!P41 -> 20 | I41: Adet | J41: 0 | K41: 0 | L41: 0 | M41: 0 | N41: 0 | O41: 0 | P41: =+H41+J41-K41-L41-M41-N41-O41 -> 20 | R41: 5 | S41: 10
A42: 39 | D42: ZZ.BETTA KOL | H42: 12 | I42: Adet | J42: 3000 | K42: 0 | L42: 0 | M42: 32 | N42: 0 | O42: 0 | P42: =+H42+J42-K42-L42-M42-N42-O42 -> 2980 | R42: 40 | S42: 100
A43: 40 | D43: ZZ.BETTA SIRT PLASTİĞİ | H43: 37 | I43: Adet | J43: 1500 | K43: 0 | L43: 0 | M43: 22 | N43: 0 | O43: 0 | P43: =+H43+J43-K43-L43-M43-N43-O43 -> 1515 | R43: 20 | S43: 50
A44: 41 | D44: ZZ.BETTA FONT DIŞ PLASTİĞİ | H44: 37 | I44: Adet | J44: 1500 | K44: 0 | L44: 0 | M44: 22 | N44: 0 | O44: 0 | P44: =+H44+J44-K44-L44-M44-N44-O44 -> 1515 | R44: 20 | S44: 50
A45: 42 | D45: ZZ.BETTA FONT İÇ PLASTİĞİ | H45: 52 | I45: Adet | J45: 1500 | K45: 0 | L45: 0 | M45: 22 | N45: 0 | O45: 0 | P45: =+H45+J45-K45-L45-M45-N45-O45 -> 1530 | R45: 20 | S45: 50
A46: 43 | D46: ZZ.BOGA SIRT İÇ - DIŞ PLASTİĞİ BEYAZ | H46: 21 | I46: Adet | J46: 0 | K46: 0 | L46: 0 | M46: 6 | N46: 0 | O46: 0 | P46: =+H46+J46-K46-L46-M46-N46-O46 -> 15 | R46: 10 | S46: 20
A47: 44 | D47: ZZ.BOGA SIRT İÇ - DIŞ PLASTİĞİ | H47: 12 | I47: Adet | J47: 0 | K47: 0 | L47: 0 | M47: 6 | N47: 0 | O47: 0 | P47: =+H47+J47-K47-L47-M47-N47-O47 -> 6 | R47: 10 | S47: 20
A48: 45 | D48: ZZ.BOGA PLASTİK BAŞLIK | H48: ='ARALIK 3 HAFTA '!P48 -> 0 | I48: Adet | J48: 25 | K48: 0 | L48: 0 | M48: 6 | N48: 0 | O48: 0 | P48: =+H48+J48-K48-L48-M48-N48-O48 -> 19 | R48: 10 | S48: 20
A49: 46 | D49: ZZ.60 GR VATKA ELYAF (1 TORBA = 5 KG ) | H49: 257.5 | I49: Kg | J49: 0 | K49: 0 | L49: 0 | M49: 0 | N49: 0 | O49: 0 | P49: =+H49+J49-K49-L49-M49-N49-O49 -> 257.5 | R49: 20 | S49: 100 | T49: KĞ
A50: 47 | D50: ZZ.KROM KONİK AYAK | H50: 142 | I50: Adet | J50: 0 | K50: 0 | L50: 0 | M50: 0 | N50: 16 | O50: 0 | P50: =+H50+J50-K50-L50-M50-N50-O50 -> 126 | R50: 30 | S50: 100
A51: 48 | D51: ZZ.JAZZ SIRT PLASTİĞİ | H51: 98 | I51: Adet | J51: 0 | K51: 0 | L51: 0 | M51: 0 | N51: 0 | O51: 0 | P51: =+H51+J51-K51-L51-M51-N51-O51 -> 98 | R51: 20 | S51: 50
A52: 49 | D52: ZZ.JAZZ OTURAK İÇ PLASTİĞİ | H52: 140 | I52: Adet | J52: 0 | K52: 0 | L52: 0 | M52: 0 | N52: 0 | O52: 0 | P52: =+H52+J52-K52-L52-M52-N52-O52 -> 140 | R52: 20 | S52: 50
A53: 50 | D53: ZZ.JAZZ OTURAK DIŞ PLASTİĞİ | H53: 90 | I53: Adet | J53: 0 | K53: 0 | L53: 0 | M53: 0 | N53: 0 | O53: 0 | P53: =+H53+J53-K53-L53-M53-N53-O53 -> 90 | R53: 20 | S53: 50
A54: 51 | D54: ZZ.YAPIŞTIRICI (UNITEK 63) | H54: 120 | I54: Kg | J54: 1095 | K54: 45 | L54: 75 | M54: 0 | N54: 30 | O54: 30 | P54: =+H54+J54-K54-L54-M54-N54-O54 -> 1035 | Q54: 15 KĞ | R54: 250 | S54: 750 | T54: KĞ
A55: 52 | D55: ZZ.32Q İÇ TAKOZ | H55: ='ARALIK 3 HAFTA '!P55 -> 3500 | I55: Adet | J55: 0 | K55: 0 | L55: 0 | M55: 0 | N55: 0 | O55: 0 | P55: =+H55+J55-K55-L55-M55-N55-O55 -> 3500 | R55: 0
A56: 53 | D56: ZZ.40x40 İÇ TAKOZ | H56: ='ARALIK 3 HAFTA '!P56 -> 1500 | I56: Adet | J56: 0 | K56: 0 | L56: 0 | M56: 0 | N56: 0 | O56: 0 | P56: =+H56+J56-K56-L56-M56-N56-O56 -> 1500 | R56: 0
A57: 54 | D57: ZZ.32Q IZGARA TAKOZ | H57: ='ARALIK 3 HAFTA '!P57 -> 2800 | I57: Adet | J57: 0 | K57: 0 | L57: 0 | M57: 0 | N57: 0 | O57: 0 | P57: =+H57+J57-K57-L57-M57-N57-O57 -> 2800 | R57: 0
A58: 55 | D58: ZZ.20x40 İÇ TAKOZ | H58: ='ARALIK 3 HAFTA '!P58 -> 3000 | I58: Adet | J58: 0 | K58: 0 | L58: 0 | M58: 0 | N58: 0 | O58: 0 | P58: =+H58+J58-K58-L58-M58-N58-O58 -> 3000 | R58: 0
A59: 56 | D59: ZZ.25Q İÇ TAKOZ | H59: ='ARALIK 3 HAFTA '!P59 -> 4000 | I59: Adet | J59: 0 | K59: 0 | L59: 0 | M59: 0 | N59: 0 | O59: 0 | P59: =+H59+J59-K59-L59-M59-N59-O59 -> 4000 | R59: 0
A60: 57 | D60: ZZ.25x50 ELİPS İÇ TAKOZ | H60: ='ARALIK 3 HAFTA '!P60 -> 3000 | I60: Adet | J60: 0 | K60: 0 | L60: 0 | M60: 0 | N60: 0 | O60: 0 | P60: =+H60+J60-K60-L60-M60-N60-O60 -> 3000 | R60: 0
A61: 58 | D61: ZZ.25x25 İÇ TAKOZ | H61: ='ARALIK 3 HAFTA '!P61 -> 4700 | I61: Adet | J61: 0 | K61: 0 | L61: 0 | M61: 0 | N61: 0 | O61: 0 | P61: =+H61+J61-K61-L61-M61-N61-O61 -> 4700 | R61: 0
A62: 59 | D62: OYUNCU KOLTUĞU MEKANİZMA TKM | H62: ='ARALIK 3 HAFTA '!P62 -> 334 | I62: Adet | J62: 0 | K62: 0 | L62: 0 | M62: 0 | N62: 0 | O62: 0 | P62: =+H62+J62-K62-L62-M62-N62-O62 -> 334 | R62: 0
A63: 60 | D63: OFİS (DIAMOND) PLSTK AYAK | H63: 984 | I63: Adet | J63: 0 | K63: 0 | L63: 0 | M63: 0 | N63: 0 | O63: 100 | P63: =+H63+J63-K63-L63-M63-N63-O63 -> 884 | R63: 200 | S63: 1000
A64: 61 | D64: ZZ.Plastik L Ayak 180X180 | H64: ='ARALIK 3 HAFTA '!P64 -> 447 | I64: Adet | J64: 0 | K64: 0 | L64: 0 | M64: 0 | N64: 0 | O64: 0 | P64: =+H64+J64-K64-L64-M64-N64-O64 -> 447 | R64: 100 | S64: 300
A65: 62 | D65: ZZ.PLASTİK ÜÇGEN AYAK 10 CM (TIESTO) | H65: ='ARALIK 3 HAFTA '!P65 -> 315 | I65: Adet | J65: 0 | K65: 0 | L65: 0 | M65: 0 | N65: 0 | O65: 0 | P65: =+H65+J65-K65-L65-M65-N65-O65 -> 315 | R65: 100 | S65: 300
A66: 63 | D66: ZZ.STINGER PLASTİK AYAK -5.5 Ebru M8*35 | H66: ='ARALIK 3 HAFTA '!P66 -> 350 | I66: Adet | J66: 0 | K66: 0 | L66: 0 | M66: 0 | N66: 0 | O66: 0 | P66: =+H66+J66-K66-L66-M66-N66-O66 -> 350 | R66: 100 | S66: 300
A67: 64 | D67: MODEL 5 AYAK 10CM (15 CM) | H67: ='ARALIK 3 HAFTA '!P67 -> 1912 | I67: Adet | J67: 0 | K67: 0 | L67: 0 | M67: 0 | N67: 0 | O67: 0 | P67: =+H67+J67-K67-L67-M67-N67-O67 -> 1912 | R67: 100 | S67: 300
A68: 65 | D68: LEO TAKIM PLASTİK | H68: 420 | I68: Adet | J68: 0 | K68: 0 | L68: 0 | M68: 0 | N68: 0 | O68: 0 | P68: =+H68+J68-K68-L68-M68-N68-O68 -> 420 | R68: 0
A69: 66 | D69: ZZ.NOORD SIRT PLASTİĞİ (ALFA) | H69: 280 | I69: Adet | J69: 0 | K69: 0 | L69: 0 | M69: 0 | N69: 0 | O69: 0 | P69: =+H69+J69-K69-L69-M69-N69-O69 -> 280 | R69: 50 | S69: 100
A70: 67 | D70: BERBER KOLTUK TEPSİ | H70: ='ARALIK 3 HAFTA '!P70 -> 60 | I70: Adet | J70: 0 | K70: 0 | L70: 0 | M70: 0 | N70: 0 | O70: 0 | P70: =+H70+J70-K70-L70-M70-N70-O70 -> 60 | R70: 0
A71: 68 | D71: PLASTİK YILDIZ AYAK 60 | H71: ='ARALIK 3 HAFTA '!P71 -> 494 | I71: Adet | J71: 0 | K71: 0 | L71: 0 | M71: 0 | N71: 0 | O71: 0 | P71: =+H71+J71-K71-L71-M71-N71-O71 -> 494 | R71: 300 | S71: 1000
A72: 69 | D72: ZZ.VEGA (FORM) KOL TABLASI | H72: ='ARALIK 3 HAFTA '!P72 -> 0 | I72: Adet | J72: 0 | K72: 0 | L72: 0 | M72: 0 | N72: 0 | O72: 0 | P72: =+H72+J72-K72-L72-M72-N72-O72 -> 0 | R72: 50 | S72: 150
A73: 70 | D73: TELA BEZ 20 GR | H73: ='ARALIK 3 HAFTA '!P73 -> 191.5 | I73: KĞ | J73: 0 | K73: 0 | L73: 0 | M73: 0 | N73: 0 | O73: 0 | P73: =+H73+J73-K73-L73-M73-N73-O73 -> 191.5 | Q73: 32 kğ | R73: 65 | S73: 150
A74: 71 | D74: SİEANNA,KARİNA PLASTİK KOL | H74: ='ARALIK 3 HAFTA '!P74 -> 114 | I74: Adet | J74: 0 | K74: 0 | L74: 0 | M74: 0 | N74: 0 | O74: 0 | P74: =+H74+J74-K74-L74-M74-N74-O74 -> 114 | R74: 50 | S74: 100
A75: 72 | D75: VOX OTURAK,İÇ DIŞ PLS. | H75: 181 | I75: Adet | J75: 0 | K75: 0 | L75: 0 | M75: 0 | N75: 0 | O75: 10 | P75: =+H75+J75-K75-L75-M75-N75-O75 -> 171 | R75: 50 | S75: 100
A76: 73 | D76: POLO PLASTİK TAKIMI | H76: 3 | I76: Adet | J76: 0 | K76: 0 | L76: 0 | M76: 0 | N76: 0 | O76: 0 | P76: =+H76+J76-K76-L76-M76-N76-O76 -> 3 | R76: 0
A77: 74 | D77: VEGA FORM ÇAKMA KOL | H77: ='ARALIK 3 HAFTA '!P77 -> 50 | I77: Adet | J77: 0 | K77: 0 | L77: 0 | M77: 0 | N77: 0 | O77: 0 | P77: =+H77+J77-K77-L77-M77-N77-O77 -> 50 | R77: 100 | S77: 200
A78: 75 | D78: EXPERİ KOL | H78: ='ARALIK 3 HAFTA '!P78 -> 0 | I78: Adet | J78: 0 | K78: 0 | L78: 0 | M78: 0 | N78: 0 | O78: 0 | P78: =+H78+J78-K78-L78-M78-N78-O78 -> 0 | R78: 0
A79: 76 | D79: 100*160 BALONLU NAYLON | H79: 466 | I79: Adet | J79: 327.2 | K79: 0 | L79: 0 | M79: 25 | N79: 0 | O79: 0 | P79: =+H79+J79-K79-L79-M79-N79-O79 -> 768.2 | R79: 100 | S79: 500 | T79: KĞ
A80: 77 | D80: HARMANY S KOL PLSTİK | H80: ='ARALIK 3 HAFTA '!P80 -> 40 | I80: Adet | J80: 0 | K80: 0 | L80: 0 | M80: 0 | N80: 0 | O80: 0 | P80: =+H80+J80-K80-L80-M80-N80-O80 -> 40 | R80: 0
A81: 78 | D81: STREÇ NAYLON 2,30 KĞ | H81: 477.6 | I81: kğ | J81: 0 | K81: 29.9 | L81: 0 | M81: 32.2 | N81: 0 | O81: 27.2 | P81: =+H81+J81-K81-L81-M81-N81-O81 -> 388.3 | Q81: 2,3kğ | R81: 30 | S81: 100
A82: 79 | D82: AB1508 COBRA CEZAR KOL | H82: 220 | I82: Adet | J82: 0 | K82: 0 | L82: 0 | M82: 0 | N82: 0 | O82: 0 | P82: =+H82+J82-K82-L82-M82-N82-O82 -> 220 | R82: 60 | S82: 100
A83: 80 | D83: ELASTİK KOLON | H83: 4000 | I83: MT | J83: 5500 | K83: 4000 | L83: 0 | M83: 0 | N83: 500 | O83: 0 | P83: =+H83+J83-K83-L83-M83-N83-O83 -> 5000 | R83: 1000 | S83: 10000
A84: 81 | D84: VOX SIRT İÇ DIŞ PLASTİĞİ | H84: 190 | I84: Adet | J84: 0 | K84: 0 | L84: 0 | M84: 0 | N84: 0 | O84: 10 | P84: =+H84+J84-K84-L84-M84-N84-O84 -> 180 | R84: 50 | S84: 100
A85: 82 | D85: FİLELİ(LİMA) FONT DIŞ PLASTİĞİ | H85: ='ARALIK 3 HAFTA '!P85 -> 48 | J85: 0 | K85: 0 | L85: 0 | M85: 0 | N85: 0 | O85: 0 | P85: =+H85+J85-K85-L85-M85-N85-O85 -> 48
A86: 83 | D86: 25 LİK YARIM AY PLASTİK | H86: ='ARALIK 3 HAFTA '!P86 -> 4300 | I86: Adet | J86: 0 | K86: 0 | L86: 0 | M86: 0 | N86: 0 | O86: 0 | P86: =+H86+J86-K86-L86-M86-N86-O86 -> 4300
A87: 84 | D87: APEX OTURAK SÜNGERİ | H87: 0 | J87: 5 | P87: =+H87+J87-K87-L87-M87-N87-O87 -> 5
A88: 85 | D88: APEX SIRT SÜNGERİ | J88: 5 | P88: =+H88+J88-K88-L88-M88-N88-O88 -> 5

Sheet OCAK 2 HAFTA 
P1: =+H1+J1-K1-L1-M1-N1-O1 -> 0
D2: OCAK.2 HAFTA | S2: 44837
A3: S.NO | D3: ÜRÜN ADI | H3: ADET | I3: BİRİM | J3: GİRİŞ | K3: 44935 | L3: 44936 | M3: 44937 | N3: 44938 | O3: 44939 | P3: KALAN | R3: MİNİMUN | S3: MAKSİMUN
A4: 1 | D4: ZZ.KORUMA FİLESİ | H4: 99.6 | I4: Kg | J4: 0 | K4: 0 | L4: 0 | M4: 0 | N4: 0 | O4: 0 | P4: =+H4+J4-K4-L4-M4-N4-O4 -> 99.6 | Q4: 17 KĞ | R4: 100 | S4: 500 | T4: KĞ
A5: 2 | D5: ZZ.RADO (NİTRO) AYAKLI KOL | H5: ='ARALIK 3 HAFTA '!P5 -> 28 | I5: Adet | J5: 0 | K5: 0 | L5: 0 | M5: 0 | N5: 0 | O5: 0 | P5: =+H5+J5-K5-L5-M5-N5-O5 -> 28 | R5: 6 | S5: 10
A6: 3 | D6: ZZ.ORBİT (BİLGİN) KOL | H6: 54 | I6: Adet | J6: 0 | K6: 0 | L6: 0 | M6: 0 | N6: 0 | O6: 0 | P6: =+H6+J6-K6-L6-M6-N6-O6 -> 54 | R6: 6 | S6: 10
A7: 4 | D7: ZZ.MAKER YAY KOL | H7: ='ARALIK 3 HAFTA '!P7 -> 58 | I7: Adet | J7: 0 | K7: 0 | L7: 0 | M7: 0 | N7: 0 | O7: 0 | P7: =+H7+J7-K7-L7-M7-N7-O7 -> 58 | R7: 6 | S7: 10
A8: 5 | D8: ZZ.JAZZ T KOL | H8: 120 | I8: Adet | J8: 0 | K8: 0 | L8: 0 | M8: 0 | N8: 0 | O8: 0 | P8: =+H8+J8-K8-L8-M8-N8-O8 -> 120 | R8: 100 | S8: 400
A9: 6 | D9: ZZ.STELLA ÜÇGEN PLASTİK KROM KOL | H9: 100 | I9: Adet | J9: 0 | K9: 0 | L9: 0 | M9: 0 | N9: 26 | O9: 0 | P9: =+H9+J9-K9-L9-M9-N9-O9 -> 74 | R9: 60 | S9: 200
A10: 7 | D10: ZZ.PENTA KOL (ayarlı,onyar başlı) | H10: 1608 | I10: Adet | J10: 0 | K10: 0 | L10: 20 | M10: 0 | N10: 100 | O10: 0 | P10: =+H10+J10-K10-L10-M10-N10-O10 -> 1488 | R10: 200 | S10: 500
A11: 8 | D11: ZZ.WENGE KOL PLASTİK | H11: 430 | I11: Adet | J11: 0 | K11: 0 | L11: 0 | M11: 0 | N11: 0 | O11: 0 | P11: =+H11+J11-K11-L11-M11-N11-O11 -> 430 | R11: 0 | S11: 0
A12: 9 | D12: ZZ.PRESTİJ (KİNG EKO PLASTİK ) KOL | H12: ='ARALIK 3 HAFTA '!P12 -> 60 | I12: Adet | J12: 0 | K12: 0 | L12: 0 | M12: 0 | N12: 0 | O12: 0 | P12: =+H12+J12-K12-L12-M12-N12-O12 -> 60 | R12: 200 | S12: 400
A13: 10 | D13: ZZ.WARLOCK (ELEGANCE) KOL | H13: ='ARALIK 3 HAFTA '!P13 -> 42 | I13: Adet | J13: 0 | K13: 0 | L13: 0 | M13: 0 | N13: 0 | O13: 0 | P13: =+H13+J13-K13-L13-M13-N13-O13 -> 42 | R13: 0
A14: 11 | D14: CYBORG KOL | H14: ='ARALIK 3 HAFTA '!P14 -> 6 | I14: Adet | J14: 0 | K14: 0 | L14: 6 | M14: 0 | N14: 0 | O14: 0 | P14: =+H14+J14-K14-L14-M14-N14-O14 -> 0 | R14: 20 | S14: 50
A15: 12 | D15: ZZ. MARKOL(SAKURE) (AHŞAP AÇIK KOL) | H15: 14 | I15: Adet | J15: 0 | K15: 0 | L15: 0 | M15: 0 | N15: 0 | O15: 0 | P15: =+H15+J15-K15-L15-M15-N15-O15 -> 14 | R15: 100 | S15: 200
A16: 13 | D16: ZZ.SEAT ALÜMİNYUM KOL | H16: ='ARALIK 3 HAFTA '!P16 -> 88 | I16: Adet | J16: 0 | K16: 0 | L16: 0 | M16: 0 | N16: 0 | O16: 0 | P16: =+H16+J16-K16-L16-M16-N16-O16 -> 88 | R16: 0
A17: 14 | D17: PLASTİK YILDIZ AYAK ÇİN GÜMÜŞ GRİ | H17: 794 | I17: Adet | J17: 0 | K17: 0 | L17: 0 | M17: 0 | N17: 0 | O17: 0 | P17: =+H17+J17-K17-L17-M17-N17-O17 -> 794 | R17: 0
A18: 15 | D18: ZZ.NEO BAR TABURESİ AYAK ÇEMBERİ | H18: 83 | I18: Adet | J18: 0 | K18: 0 | L18: 0 | M18: 0 | N18: 0 | O18: 0 | P18: =+H18+J18-K18-L18-M18-N18-O18 -> 83 | R18: 20 | S18: 50
A19: 16 | D19: ZZ.NEO BAR TEPSİ AYAK 4Q5 | H19: 83 | I19: Adet | J19: 0 | K19: 0 | L19: 0 | M19: 0 | N19: 0 | O19: 0 | P19: =+H19+J19-K19-L19-M19-N19-O19 -> 83 | R19: 20 | S19: 50
A20: 17 | D20: ZZ.NEO BAR AMORTİSÖRÜ 260 LIK | H20: 115 | I20: Adet | J20: 0 | K20: 0 | L20: 0 | M20: 0 | N20: 0 | O20: 0 | P20: =+H20+J20-K20-L20-M20-N20-O20 -> 115 | R20: 20 | S20: 50
A21: 18 | D21: LİMA SIRT İÇ/DIŞ PLASTİĞİ | H21: 0 | I21: Adet | J21: 20 | K21: 0 | L21: 0 | M21: 0 | N21: 6 | O21: 0 | P21: =+H21+J21-K21-L21-M21-N21-O21 -> 14 | R21: 0
A22: 19 | D22: ZZ.BONCUK ELYAF ( 1 TORBA = 10 KG ) | H22: 305 | I22: Kg | J22: 0 | K22: 0 | L22: 35 | M22: 30 | N22: 10 | O22: 10 | P22: =+H22+J22-K22-L22-M22-N22-O22 -> 220 | R22: 50 | S22: 200
A23: 20 | D23: İNCİ SEKRETER İÇ DIŞ PLASTİĞİ | H23: ='ARALIK 3 HAFTA '!P23 -> 2000 | I23: Adet | J23: 0 | K23: 0 | L23: 0 | M23: 0 | N23: 0 | O23: 0 | P23: =+H23+J23-K23-L23-M23-N23-O23 -> 2000 | R23: 0
A24: 21 | D24: TETRA OTURAK İÇ DIŞ PLASTİK AB 3355 | H24: 190 | I24: Adet | J24: 0 | K24: 0 | L24: 0 | M24: 0 | N24: 0 | O24: 0 | P24: =+H24+J24-K24-L24-M24-N24-O24 -> 190 | R24: 0
A25: 22 | D25: EVO SIRT PLASTİĞİ | H25: 50 | I25: Adet | J25: 0 | K25: 0 | L25: 0 | M25: 0 | N25: 0 | O25: 0 | P25: =+H25+J25-K25-L25-M25-N25-O25 -> 50 | R25: 0
A26: 23 | D26: DARK OTURAK İÇ/DIŞ PLASTİK | H26: 70 | I26: Adet | J26: 0 | K26: 0 | L26: 0 | M26: 0 | N26: 0 | O26: 0 | P26: =+H26+J26-K26-L26-M26-N26-O26 -> 70 | R26: 20 | S26: 50
A27: 24 | D27: EVO OTURAK İÇ/DIŞ PLASTİĞİ | H27: 102 | I27: Adet | J27: 0 | K27: 0 | L27: 0 | M27: 0 | N27: 0 | O27: 0 | P27: =+H27+J27-K27-L27-M27-N27-O27 -> 102 | R27: 20 | S27: 50
A28: 25 | D28: ZZ.ZİRVE (BAG 25) SIRT DIŞ KAPAK | H28: ='ARALIK 3 HAFTA '!P28 -> 0 | I28: Adet | J28: 0 | K28: 0 | L28: 0 | M28: 0 | N28: 0 | O28: 0 | P28: =+H28+J28-K28-L28-M28-N28-O28 -> 0 | R28: 50 | S28: 100
A29: 26 | D29: ZZ.ZİRVE (BAG 25 ) SIRT İÇ KAPAK | H29: ='ARALIK 3 HAFTA '!P29 -> 25 | I29: Adet | J29: 0 | K29: 0 | L29: 0 | M29: 0 | N29: 0 | O29: 0 | P29: =+H29+J29-K29-L29-M29-N29-O29 -> 25 | R29: 50 | S29: 100
A30: 27 | D30: DARK BAŞLIK | H30: 150 | I30: Adet | J30: 0 | K30: 0 | L30: 0 | M30: 0 | N30: 0 | O30: 0 | P30: =+H30+J30-K30-L30-M30-N30-O30 -> 150 | R30: 20 | S30: 50
A31: 28 | D31: ZZ.VOX BAŞLIK | H31: 499 | I31: Adet | J31: 0 | K31: 0 | L31: 0 | M31: 0 | N31: 11 | O31: 0 | P31: =+H31+J31-K31-L31-M31-N31-O31 -> 488 | R31: 50 | S31: 100
A32: 29 | D32: DARK SIRT PLASTİĞİ | H32: 28 | I32: Adet | J32: 0 | K32: 0 | L32: 0 | M32: 0 | N32: 0 | O32: 0 | P32: =+H32+J32-K32-L32-M32-N32-O32 -> 28 | R32: 20 | S32: 50
A33: 30 | D33: SEKRETER İÇ / DIŞ PLASTİĞİ KONYA | H33: ='ARALIK 3 HAFTA '!P33 -> 1075 | I33: Adet | J33: 0 | K33: 0 | L33: 0 | M33: 0 | N33: 0 | O33: 0 | P33: =+H33+J33-K33-L33-M33-N33-O33 -> 1075 | R33: 0
A34: 31 | D34: ZZ.NOORD KOL (ALFA) | H34: 514 | I34: Adet | J34: 0 | K34: 0 | L34: 0 | M34: 0 | N34: 0 | O34: 0 | P34: =+H34+J34-K34-L34-M34-N34-O34 -> 514 | R34: 50 | S34: 100
A35: 32 | D35: DARK SIRT İÇ/DIŞ PLASTİĞİ | H35: 60 | I35: Adet | J35: 0 | K35: 0 | L35: 0 | M35: 0 | N35: 0 | O35: 0 | P35: =+H35+J35-K35-L35-M35-N35-O35 -> 60 | R35: 20 | S35: 50
A36: 33 | D36: DORİ PLASTİK BAŞLIK(ALTIN B) | H36: ='ARALIK 3 HAFTA '!P36 -> 934 | I36: Adet | J36: 0 | K36: 0 | L36: 0 | M36: 0 | N36: 0 | O36: 0 | P36: =+H36+J36-K36-L36-M36-N36-O36 -> 934 | R36: 0
A37: 34 | D37: ALFA OTURAK İÇ DIŞ PLASTİĞİ | H37: ='ARALIK 3 HAFTA '!P37 -> 279 | I37: Adet | J37: 0 | K37: 0 | L37: 0 | M37: 0 | N37: 0 | O37: 0 | P37: =+H37+J37-K37-L37-M37-N37-O37 -> 279 | R37: 50 | S37: 100
A38: 35 | D38: ALFA SIRT PLASTİĞİ | H38: 280 | I38: Adet | J38: 0 | K38: 0 | L38: 0 | M38: 0 | N38: 0 | O38: 0 | P38: =+H38+J38-K38-L38-M38-N38-O38 -> 280 | R38: 50 | S38: 100
A39: 36 | D39: NOORD BAŞLIK PLASTİĞİ (ALFA) | H39: 9 | I39: Adet | J39: 0 | K39: 0 | L39: 0 | M39: 0 | N39: 0 | O39: 0 | P39: =+H39+J39-K39-L39-M39-N39-O39 -> 9 | R39: 50 | S39: 100
A40: 37 | D40: FİLELİ (LİMA,BOGA) FONT İÇ PLASTİĞİ | H40: ='ARALIK 3 HAFTA '!P40 -> 46 | I40: Adet | J40: 80 | K40: 0 | L40: 0 | M40: 0 | N40: 36 | O40: 0 | P40: =+H40+J40-K40-L40-M40-N40-O40 -> 90 | R40: 0
A41: 38 | D41: ZZ.MİLLORD(JOBB) SIRT İÇ/DIŞ PLASTİĞİ | H41: ='ARALIK 3 HAFTA '!P41 -> 20 | I41: Adet | J41: 0 | K41: 0 | L41: 0 | M41: 0 | N41: 0 | O41: 0 | P41: =+H41+J41-K41-L41-M41-N41-O41 -> 20 | R41: 5 | S41: 10
A42: 39 | D42: ZZ.BETTA KOL | H42: 2980 | I42: Adet | J42: 0 | K42: 0 | L42: 0 | M42: 0 | N42: 0 | O42: 0 | P42: =+H42+J42-K42-L42-M42-N42-O42 -> 2980 | R42: 40 | S42: 100
A43: 40 | D43: ZZ.BETTA SIRT PLASTİĞİ | H43: 1515 | I43: Adet | J43: 0 | K43: 0 | L43: 0 | M43: 0 | N43: 0 | O43: 0 | P43: =+H43+J43-K43-L43-M43-N43-O43 -> 1515 | R43: 20 | S43: 50
A44: 41 | D44: ZZ.BETTA FONT DIŞ PLASTİĞİ | H44: 1515 | I44: Adet | J44: 0 | K44: 0 | L44: 0 | M44: 0 | N44: 0 | O44: 0 | P44: =+H44+J44-K44-L44-M44-N44-O44 -> 1515 | R44: 20 | S44: 50
A45: 42 | D45: ZZ.BETTA FONT İÇ PLASTİĞİ | H45: 1530 | I45: Adet | J45: 0 | K45: 0 | L45: 0 | M45: 0 | N45: 0 | O45: 0 | P45: =+H45+J45-K45-L45-M45-N45-O45 -> 1530 | R45: 20 | S45: 50
A46: 43 | D46: ZZ.BOGA SIRT İÇ - DIŞ PLASTİĞİ BEYAZ | H46: 15 | I46: Adet | J46: 0 | K46: 0 | L46: 0 | M46: 0 | N46: 0 | O46: 0 | P46: =+H46+J46-K46-L46-M46-N46-O46 -> 15 | R46: 10 | S46: 20
A47: 44 | D47: ZZ.BOGA SIRT İÇ - DIŞ PLASTİĞİ | H47: 6 | I47: Adet | J47: 50 | K47: 0 | L47: 0 | M47: 0 | N47: 30 | O47: 0 | P47: =+H47+J47-K47-L47-M47-N47-O47 -> 26 | R47: 10 | S47: 20
A48: 45 | D48: ZZ.BOGA PLASTİK BAŞLIK | H48: 19 | I48: Adet | J48: 0 | K48: 0 | L48: 0 | M48: 0 | N48: 19 | O48: 0 | P48: =+H48+J48-K48-L48-M48-N48-O48 -> 0 | R48: 10 | S48: 20
A49: 46 | D49: ZZ.60 GR VATKA ELYAF (1 TORBA = 5 KG ) | H49: 257.5 | I49: Kg | J49: 0 | K49: 0 | L49: 0 | M49: 0 | N49: 0 | O49: 0 | P49: =+H49+J49-K49-L49-M49-N49-O49 -> 257.5 | R49: 20 | S49: 100 | T49: KĞ
A50: 47 | D50: ZZ.KROM KONİK AYAK | H50: 126 | I50: Adet | J50: 0 | K50: 0 | L50: 0 | M50: 0 | N50: 0 | O50: 4 | P50: =+H50+J50-K50-L50-M50-N50-O50 -> 122 | R50: 30 | S50: 100
A51: 48 | D51: ZZ.JAZZ SIRT PLASTİĞİ | H51: 98 | I51: Adet | J51: 0 | K51: 0 | L51: 0 | M51: 0 | N51: 0 | O51: 0 | P51: =+H51+J51-K51-L51-M51-N51-O51 -> 98 | R51: 20 | S51: 50
A52: 49 | D52: ZZ.JAZZ OTURAK İÇ PLASTİĞİ | H52: 140 | I52: Adet | J52: 0 | K52: 0 | L52: 0 | M52: 0 | N52: 0 | O52: 0 | P52: =+H52+J52-K52-L52-M52-N52-O52 -> 140 | R52: 20 | S52: 50
A53: 50 | D53: ZZ.JAZZ OTURAK DIŞ PLASTİĞİ | H53: 90 | I53: Adet | J53: 0 | K53: 0 | L53: 0 | M53: 0 | N53: 0 | O53: 0 | P53: =+H53+J53-K53-L53-M53-N53-O53 -> 90 | R53: 20 | S53: 50
A54: 51 | D54: ZZ.YAPIŞTIRICI (UNITEK 63) | H54: 1035 | I54: Kg | J54: 75 | K54: 15 | L54: 45 | M54: 45 | N54: 30 | O54: 15 | P54: =+H54+J54-K54-L54-M54-N54-O54 -> 960 | Q54: 15 KĞ | R54: 250 | S54: 750 | T54: KĞ
A55: 52 | D55: ZZ.32Q İÇ TAKOZ | H55: ='ARALIK 3 HAFTA '!P55 -> 3500 | I55: Adet | J55: 0 | K55: 0 | L55: 0 | M55: 0 | N55: 0 | O55: 0 | P55: =+H55+J55-K55-L55-M55-N55-O55 -> 3500 | R55: 0
A56: 53 | D56: ZZ.40x40 İÇ TAKOZ | H56: ='ARALIK 3 HAFTA '!P56 -> 1500 | I56: Adet | J56: 0 | K56: 0 | L56: 0 | M56: 0 | N56: 0 | O56: 0 | P56: =+H56+J56-K56-L56-M56-N56-O56 -> 1500 | R56: 0
A57: 54 | D57: ZZ.32Q IZGARA TAKOZ | H57: ='ARALIK 3 HAFTA '!P57 -> 2800 | I57: Adet | J57: 0 | K57: 0 | L57: 0 | M57: 0 | N57: 0 | O57: 0 | P57: =+H57+J57-K57-L57-M57-N57-O57 -> 2800 | R57: 0
A58: 55 | D58: ZZ.20x40 İÇ TAKOZ | H58: ='ARALIK 3 HAFTA '!P58 -> 3000 | I58: Adet | J58: 0 | K58: 0 | L58: 0 | M58: 0 | N58: 0 | O58: 0 | P58: =+H58+J58-K58-L58-M58-N58-O58 -> 3000 | R58: 0
A59: 56 | D59: ZZ.25Q İÇ TAKOZ | H59: ='ARALIK 3 HAFTA '!P59 -> 4000 | I59: Adet | J59: 0 | K59: 0 | L59: 0 | M59: 0 | N59: 0 | O59: 0 | P59: =+H59+J59-K59-L59-M59-N59-O59 -> 4000 | R59: 0
A60: 57 | D60: ZZ.25x50 ELİPS İÇ TAKOZ | H60: ='ARALIK 3 HAFTA '!P60 -> 3000 | I60: Adet | J60: 0 | K60: 0 | L60: 0 | M60: 0 | N60: 0 | O60: 0 | P60: =+H60+J60-K60-L60-M60-N60-O60 -> 3000 | R60: 0
A61: 58 | D61: ZZ.25x25 İÇ TAKOZ | H61: ='ARALIK 3 HAFTA '!P61 -> 4700 | I61: Adet | J61: 0 | K61: 0 | L61: 0 | M61: 0 | N61: 0 | O61: 0 | P61: =+H61+J61-K61-L61-M61-N61-O61 -> 4700 | R61: 0
A62: 59 | D62: OYUNCU KOLTUĞU MEKANİZMA TKM | H62: 321 | I62: Adet | J62: 0 | K62: 0 | L62: 0 | M62: 0 | N62: 0 | O62: 0 | P62: =+H62+J62-K62-L62-M62-N62-O62 -> 321 | R62: 0
A63: 60 | D63: OFİS (DIAMOND) PLSTK AYAK | H63: 400 | I63: Adet | J63: 0 | K63: 0 | L63: 0 | M63: 200 | N63: 0 | O63: 0 | P63: =+H63+J63-K63-L63-M63-N63-O63 -> 200 | R63: 200 | S63: 1000
A64: 61 | D64: ZZ.Plastik L Ayak 180X180 | H64: ='ARALIK 3 HAFTA '!P64 -> 447 | I64: Adet | J64: 0 | K64: 0 | L64: 0 | M64: 0 | N64: 0 | O64: 150 | P64: =+H64+J64-K64-L64-M64-N64-O64 -> 297 | R64: 100 | S64: 300
A65: 62 | D65: ZZ.PLASTİK ÜÇGEN AYAK 10 CM (TIESTO) | H65: ='ARALIK 3 HAFTA '!P65 -> 315 | I65: Adet | J65: 0 | K65: 0 | L65: 0 | M65: 0 | N65: 0 | O65: 0 | P65: =+H65+J65-K65-L65-M65-N65-O65 -> 315 | R65: 100 | S65: 300
A66: 63 | D66: ZZ.STINGER PLASTİK AYAK -5.5 Ebru M8*35 | H66: ='ARALIK 3 HAFTA '!P66 -> 350 | I66: Adet | J66: 0 | K66: 0 | L66: 0 | M66: 0 | N66: 0 | O66: 0 | P66: =+H66+J66-K66-L66-M66-N66-O66 -> 350 | R66: 100 | S66: 300
A67: 64 | D67: MODEL 5 AYAK 10CM (15 CM) | H67: ='ARALIK 3 HAFTA '!P67 -> 1912 | I67: Adet | J67: 0 | K67: 0 | L67: 0 | M67: 80 | N67: 0 | O67: 0 | P67: =+H67+J67-K67-L67-M67-N67-O67 -> 1832 | R67: 100 | S67: 300
A68: 65 | D68: LEO TAKIM PLASTİK / NEMO | H68: 420 | I68: Adet | J68: 12 | K68: 0 | L68: 0 | M68: 0 | N68: 0 | O68: 0 | P68: =+H68+J68-K68-L68-M68-N68-O68 -> 432 | R68: 0
A69: 66 | D69: ZZ.NOORD SIRT PLASTİĞİ (ALFA) | H69: 280 | I69: Adet | J69: 0 | K69: 0 | L69: 0 | M69: 0 | N69: 0 | O69: 0 | P69: =+H69+J69-K69-L69-M69-N69-O69 -> 280 | R69: 50 | S69: 100
A70: 67 | D70: BERBER KOLTUK TEPSİ | H70: ='ARALIK 3 HAFTA '!P70 -> 60 | I70: Adet | J70: 0 | K70: 0 | L70: 0 | M70: 0 | N70: 0 | O70: 0 | P70: =+H70+J70-K70-L70-M70-N70-O70 -> 60 | R70: 0
A71: 68 | D71: PLASTİK YILDIZ AYAK 60 | H71: ='ARALIK 3 HAFTA '!P71 -> 494 | I71: Adet | J71: 0 | K71: 0 | L71: 0 | M71: 0 | N71: 0 | O71: 0 | P71: =+H71+J71-K71-L71-M71-N71-O71 -> 494 | R71: 300 | S71: 1000
A72: 69 | D72: ZZ.VEGA (FORM) KOL TABLASI | H72: ='ARALIK 3 HAFTA '!P72 -> 0 | I72: Adet | J72: 0 | K72: 0 | L72: 0 | M72: 0 | N72: 0 | O72: 0 | P72: =+H72+J72-K72-L72-M72-N72-O72 -> 0 | R72: 50 | S72: 150
A73: 70 | D73: TELA BEZ 20 GR | H73: ='ARALIK 3 HAFTA '!P73 -> 191.5 | I73: KĞ | J73: 0 | K73: 0 | L73: 0 | M73: 0 | N73: 0 | O73: 0 | P73: =+H73+J73-K73-L73-M73-N73-O73 -> 191.5 | Q73: 32 kğ | R73: 65 | S73: 150
A74: 71 | D74: SİEANNA,KARİNA PLASTİK KOL | H74: ='ARALIK 3 HAFTA '!P74 -> 114 | I74: Adet | J74: 0 | K74: 0 | L74: 0 | M74: 0 | N74: 0 | O74: 0 | P74: =+H74+J74-K74-L74-M74-N74-O74 -> 114 | R74: 50 | S74: 100
