Workbook

Sheet KASIM 5 HAFTA   (2)
B1: SÜNGER | C1: EKİM 5. HAFTA
A2: S.NO | B2: ÜRÜN ADI | G2: DEVİR STOK | I2: 44893 | K2: 44894 | M2: 44895 | O2: 44896 | Q2: 44897 | S2: KALAN STOK | U2: STOK GİRİŞİ | W2: TOPLAM STOK MİKTARI
I3: STOK ÇIKIŞI | K3: STOK ÇIKIŞI | M3: STOK ÇIKIŞI | O3: STOK ÇIKIŞI | Q3: STOK ÇIKIŞI
B4: CİNSİ | C4: EN | D4: BOY | E4: YÜKS | F4: br m³ | G4: PLAKA ADET | I4: PLAKA ADET | K4: PLAKA ADET | M4: PLAKA ADET | O4: PLAKA ADET | Q4: PLAKA ADET | S4: PLAKA ADET | U4: PLAKA ADET | W4: PLAKA ADET | Y4: MAKSİMUN | Z4: MİNİMUN
A5: 1 | B5: 22 DN GRİ 1,0 | C5: 140 | D5: 240 | E5: 1 | F5: =(C5*D5*E5)/1000000 -> 0.0336 | G5: ='KASIM 4 HAFTA '!W5 -> 329 | H5: =F5*G5 -> 11.0544 | I5: 103 | J5: =F5*I5 -> 3.4608 | K5: 46 | L5: =F5*K5 -> 1.5456 | M5: 5 | N5: =F5*M5 -> 0.168 | O5: 28 | P5: =F5*O5 -> 0.9408 | Q5: 27 | R5: =F5*Q5 -> 0.9072 | S5: =G5-I5-K5-M5-O5-Q5 -> 120 | T5: =F5*S5 -> 4.032 | U5: 90 | V5: =F5*U5 -> 3.024 | W5: =S5+U5 -> 210 | X5: =F5*W5 -> 7.056 | Y5: 250 | Z5: 750
A6: 2 | B6: 14 DN BEYAZ 0,8 | C6: 140 | D6: 240 | E6: 0.8 | F6: =(C6*D6*E6)/1000000 -> 0.02688 | G6: ='KASIM 4 HAFTA '!W6 -> 138 | H6: =F6*G6 -> 3.70944 | I6: 14 | J6: =F6*I6 -> 0.37632 | K6: 0 | L6: =F6*K6 -> 0 | M6: 35 | N6: =F6*M6 -> 0.9408 | O6: 10 | P6: =F6*O6 -> 0.2688 | Q6: 0 | R6: =F6*Q6 -> 0 | S6: =G6-I6-K6-M6-O6-Q6 -> 79 | T6: =F6*S6 -> 2.12352 | U6: 0 | V6: =F6*U6 -> 0 | W6: =S6+U6 -> 79 | X6: =F6*W6 -> 2.12352 | Y6: 100 | Z6: 300
A7: 3 | B7: 14 DN BEYAZ 1,4 | C7: 140 | D7: 240 | E7: 1.4 | F7: =(C7*D7*E7)/1000000 -> 0.04704 | G7: ='KASIM 4 HAFTA '!W7 -> 78 | H7: =F7*G7 -> 3.66912 | I7: 38 | J7: =F7*I7 -> 1.78752 | K7: 24 | L7: =F7*K7 -> 1.12896 | M7: 2 | N7: =F7*M7 -> 0.09408 | O7: 39 | P7: =F7*O7 -> 1.83456 | Q7: 1 | R7: =F7*Q7 -> 0.04704 | S7: =G7-I7-K7-M7-O7-Q7 -> -26 | T7: =F7*S7 -> -1.22304 | U7: 150 | V7: =F7*U7 -> 7.056 | W7: =S7+U7 -> 124 | X7: =F7*W7 -> 5.83296 | Y7: 250 | Z7: 750
A8: 4 | B8: 22 DN GRİ 4,0 | C8: 140 | D8: 240 | E8: 4 | F8: =(C8*D8*E8)/1000000 -> 0.1344 | G8: ='KASIM 4 HAFTA '!W8 -> 2 | H8: =F8*G8 -> 0.2688 | I8: 2 | J8: =F8*I8 -> 0.2688 | K8: 0 | L8: =F8*K8 -> 0 | M8: 0 | N8: =F8*M8 -> 0 | O8: 0 | P8: =F8*O8 -> 0 | Q8: 0 | R8: =F8*Q8 -> 0 | S8: =G8-I8-K8-M8-O8-Q8 -> 0 | T8: =F8*S8 -> 0 | V8: =F8*U8 -> 0 | W8: =S8+U8 -> 0 | X8: =F8*W8 -> 0 | Y8: 20 | Z8: 50
A9: 5 | B9: 22 DN GRİ 2,0 | C9: 140 | D9: 240 | E9: 2 | F9: =(C9*D9*E9)/1000000 -> 0.0672 | G9: ='KASIM 4 HAFTA '!W9 -> 80 | H9: =F9*G9 -> 5.376 | I9: 0 | J9: =F9*I9 -> 0 | K9: 4 | L9: =F9*K9 -> 0.2688 | M9: 0 | N9: =F9*M9 -> 0 | O9: 2 | P9: =F9*O9 -> 0.1344 | Q9: 1 | R9: =F9*Q9 -> 0.0672 | S9: =G9-I9-K9-M9-O9-Q9 -> 73 | T9: =F9*S9 -> 4.9056 | V9: =F9*U9 -> 0 | W9: =S9+U9 -> 73 | X9: =F9*W9 -> 4.9056 | Y9: 50 | Z9: 150
A10: 6 | B10: 24 DN KUŞTÜYÜ 2 ,0 | C10: 140 | D10: 240 | E10: 2 | F10: =(C10*D10*E10)/1000000 -> 0.0672 | G10: ='KASIM 4 HAFTA '!W10 -> 88 | H10: =F10*G10 -> 5.9136 | I10: 32 | J10: =F10*I10 -> 2.1504 | K10: 0 | L10: =F10*K10 -> 0 | M10: 0 | N10: =F10*M10 -> 0 | O10: 43 | P10: =F10*O10 -> 2.8896 | Q10: 0 | R10: =F10*Q10 -> 0 | S10: =G10-I10-K10-M10-O10-Q10 -> 13 | T10: =F10*S10 -> 0.8736 | V10: =F10*U10 -> 0 | W10: =S10+U10 -> 13 | X10: =F10*W10 -> 0.8736 | Y10: 75 | Z10: 300
A11: 7 | B11: 30 DN LÜKS BEYAZ 7,0 | C11: 140 | D11: 240 | E11: 7 | F11: =(C11*D11*E11)/1000000 -> 0.2352 | G11: ='KASIM 4 HAFTA '!W11 -> 68 | H11: =F11*G11 -> 15.9936 | I11: 0 | J11: =F11*I11 -> 0 | K11: 0 | L11: =F11*K11 -> 0 | M11: 6 | N11: =F11*M11 -> 1.4112 | O11: 4 | P11: =F11*O11 -> 0.9408 | Q11: 0 | R11: =F11*Q11 -> 0 | S11: =G11-I11-K11-M11-O11-Q11 -> 58 | T11: =F11*S11 -> 13.6416 | U11: 0 | V11: =F11*U11 -> 0 | W11: =S11+U11 -> 58 | X11: =F11*W11 -> 13.6416 | Y11: 20 | Z11: 50
A12: 8 | B12: 24 DN KUŞTÜYÜ 5 ,0 | C12: 140 | D12: 240 | E12: 5 | F12: =(C12*D12*E12)/1000000 -> 0.168 | G12: ='KASIM 4 HAFTA '!W12 -> 291 | H12: =F12*G12 -> 48.888 | I12: 0 | J12: =F12*I12 -> 0 | K12: 0 | L12: =F12*K12 -> 0 | M12: 0 | N12: =F12*M12 -> 0 | O12: 0 | P12: =F12*O12 -> 0 | Q12: 0 | R12: =F12*Q12 -> 0 | S12: =G12-I12-K12-M12-O12-Q12 -> 291 | T12: =F12*S12 -> 48.888 | V12: =F12*U12 -> 0 | W12: =S12+U12 -> 291 | X12: =F12*W12 -> 48.888 | Y12: 30 | Z12: 100
A13: 9 | B13: 28 DN GRİ SOFT 5,0 | C13: 140 | D13: 240 | E13: 5 | F13: =(C13*D13*E13)/1000000 -> 0.168 | G13: ='KASIM 4 HAFTA '!W13 -> 0 | H13: =F13*G13 -> 0 | I13: 6 | J13: =F13*I13 -> 1.008 | K13: 0 | L13: =F13*K13 -> 0 | M13: 0 | N13: =F13*M13 -> 0 | O13: 1 | P13: =F13*O13 -> 0.168 | Q13: 0 | R13: =F13*Q13 -> 0 | S13: =G13-I13-K13-M13-O13-Q13 -> -7 | T13: =F13*S13 -> -1.176 | U13: 26 | V13: =F13*U13 -> 4.368 | W13: =S13+U13 -> 19 | X13: =F13*W13 -> 3.192 | Y13: 20 | Z13: 50
A14: 10 | B14: 28 DN GRİ 5,0 | C14: 140 | D14: 240 | E14: 5 | F14: =(C14*D14*E14)/1000000 -> 0.168 | G14: ='KASIM 4 HAFTA '!W14 -> 51 | H14: =F14*G14 -> 8.568 | I14: 0 | J14: =F14*I14 -> 0 | K14: 3 | L14: =F14*K14 -> 0.504 | M14: 0 | N14: =F14*M14 -> 0 | O14: 0 | P14: =F14*O14 -> 0 | Q14: 1 | R14: =F14*Q14 -> 0.168 | S14: =G14-I14-K14-M14-O14-Q14 -> 47 | T14: =F14*S14 -> 7.896 | U14: 102 | V14: =F14*U14 -> 17.136 | W14: =S14+U14 -> 149 | X14: =F14*W14 -> 25.032 | Y14: 30 | Z14: 100
A15: 11 | B15: 28 DN SOFT 10 | C15: 140 | D15: 240 | E15: 10 | F15: =(C15*D15*E15)/1000000 -> 0.336 | G15: 3 | H15: =F15*G15 -> 1.008 | I15: 0 | J15: =F15*I15 -> 0 | K15: 0 | L15: =F15*K15 -> 0 | M15: 0 | N15: =F15*M15 -> 0 | O15: 13 | P15: =F15*O15 -> 4.368 | Q15: 1 | R15: =F15*Q15 -> 0.336 | S15: =G15-I15-K15-M15-O15-Q15 -> -11 | T15: =F15*S15 -> -3.696 | U15: 10 | V15: =F15*U15 -> 3.36 | W15: =S15+U15 -> -1 | X15: =F15*W15 -> -0.336 | Y15: 20 | Z15: 70
A16: 12 | B16: 22 DN GRİ 3,0 | C16: 140 | D16: 240 | E16: 3 | F16: =(C16*D16*E16)/1000000 -> 0.1008 | G16: 1 | H16: =F16*G16 -> 0.1008 | I16: 17 | J16: =F16*I16 -> 1.7136 | K16: 5 | L16: =F16*K16 -> 0.504 | M16: 7 | N16: =F16*M16 -> 0.7056 | O16: 10 | P16: =F16*O16 -> 1.008 | Q16: 3 | R16: =F16*Q16 -> 0.3024 | S16: =G16-I16-K16-M16-O16-Q16 -> -41 | T16: =F16*S16 -> -4.1328 | U16: 85 | V16: =F16*U16 -> 8.568 | W16: =S16+U16 -> 44 | X16: =F16*W16 -> 4.4352 | Y16: 50 | Z16: 150
A17: 13 | B17: 22 DN GRİ 5,0 | C17: 140 | D17: 240 | E17: 5 | F17: =(C17*D17*E17)/1000000 -> 0.168 | G17: ='KASIM 4 HAFTA '!W17 -> 87 | H17: =F17*G17 -> 14.616 | I17: 2 | J17: =F17*I17 -> 0.336 | K17: 0 | L17: =F17*K17 -> 0 | M17: 3 | N17: =F17*M17 -> 0.504 | O17: 0 | P17: =F17*O17 -> 0 | Q17: 0 | R17: =F17*Q17 -> 0 | S17: =G17-I17-K17-M17-O17-Q17 -> 82 | T17: =F17*S17 -> 13.776 | V17: =F17*U17 -> 0 | W17: =S17+U17 -> 82 | X17: =F17*W17 -> 13.776 | Y17: 50 | Z17: 150
A18: 14 | B18: 28 DN GRİ 3,0 | C18: 140 | D18: 240 | E18: 3 | F18: =(C18*D18*E18)/1000000 -> 0.1008 | G18: ='KASIM 4 HAFTA '!W18 -> 2 | H18: =F18*G18 -> 0.2016 | I18: 2 | J18: =F18*I18 -> 0.2016 | K18: 0 | L18: =F18*K18 -> 0 | M18: 0 | N18: =F18*M18 -> 0 | O18: 0 | P18: =F18*O18 -> 0 | Q18: 0 | R18: =F18*Q18 -> 0 | S18: =G18-I18-K18-M18-O18-Q18 -> 0 | T18: =F18*S18 -> 0 | V18: =F18*U18 -> 0 | W18: =S18+U18 -> 0 | X18: =F18*W18 -> 0 | Y18: 30 | Z18: 100
A19: 15 | B19: 24 DN PEMBE 8,0 | C19: 140 | D19: 240 | E19: 8 | F19: =(C19*D19*E19)/1000000 -> 0.2688 | G19: ='KASIM 4 HAFTA '!W19 -> 1 | H19: =F19*G19 -> 0.2688 | I19: 0 | J19: =F19*I19 -> 0 | K19: 0 | L19: =F19*K19 -> 0 | M19: 0 | N19: =F19*M19 -> 0 | O19: 0 | P19: =F19*O19 -> 0 | Q19: 0 | R19: =F19*Q19 -> 0 | S19: =G19-I19-K19-M19-O19-Q19 -> 1 | T19: =F19*S19 -> 0.2688 | V19: =F19*U19 -> 0 | W19: =S19+U19 -> 1 | X19: =F19*W19 -> 0.2688 | Y19: 10 | Z19: 30
A20: 16 | B20: 28 DN SOFT 8,0 | C20: 140 | D20: 240 | E20: 8 | F20: =(C20*D20*E20)/1000000 -> 0.2688 | G20: ='KASIM 4 HAFTA '!W20 -> 0 | H20: =F20*G20 -> 0 | I20: 0 | J20: =F20*I20 -> 0 | K20: 0 | L20: =F20*K20 -> 0 | M20: 0 | N20: =F20*M20 -> 0 | O20: 0 | P20: =F20*O20 -> 0 | Q20: 0 | R20: =F20*Q20 -> 0 | S20: =G20-I20-K20-M20-O20-Q20 -> 0 | T20: =F20*S20 -> 0 | V20: =F20*U20 -> 0 | W20: =S20+U20 -> 0 | X20: =F20*W20 -> 0 | Y20: 0 | Z20: 0
A21: 17 | B21: 22 DN 77*55*8,0 | C21: 77 | D21: 55 | E21: 8 | F21: =(C21*D21*E21)/1000000 -> 0.03388 | G21: ='KASIM 4 HAFTA '!W21 -> 4 | H21: =F21*G21 -> 0.13552 | I21: 0 | J21: =F21*I21 -> 0 | K21: 0 | L21: =F21*K21 -> 0 | M21: 0 | N21: =F21*M21 -> 0 | O21: 0 | P21: =F21*O21 -> 0 | Q21: 0 | R21: =F21*Q21 -> 0 | S21: =G21-I21-K21-M21-O21-Q21 -> 4 | T21: =F21*S21 -> 0.13552 | V21: =F21*U21 -> 0 | W21: =S21+U21 -> 4 | X21: =F21*W21 -> 0.13552 | Y21: 0 | Z21: 0
A22: 18 | B22: 32 DN 65*50*12 | C22: 65 | D22: 50 | E22: 12 | F22: =(C22*D22*E22)/1000000 -> 0.039 | G22: ='KASIM 4 HAFTA '!W22 -> 26 | H22: =F22*G22 -> 1.014 | I22: 0 | J22: =F22*I22 -> 0 | K22: 0 | L22: =F22*K22 -> 0 | M22: 0 | N22: =F22*M22 -> 0 | O22: 0 | P22: =F22*O22 -> 0 | Q22: 0 | R22: =F22*Q22 -> 0 | S22: =G22-I22-K22-M22-O22-Q22 -> 26 | T22: =F22*S22 -> 1.014 | V22: =F22*U22 -> 0 | W22: =S22+U22 -> 26 | X22: =F22*W22 -> 1.014 | Y22: 0 | Z22: 0
A23: 19 | B23: 28 DN 58*58*5,0 | C23: 58 | D23: 58 | E23: 5 | F23: =(C23*D23*E23)/1000000 -> 0.01682 | G23: 150 | H23: =F23*G23 -> 2.523 | I23: 0 | J23: =F23*I23 -> 0 | K23: 0 | L23: =F23*K23 -> 0 | M23: 26 | N23: =F23*M23 -> 0.43732 | O23: 0 | P23: =F23*O23 -> 0 | Q23: 0 | R23: =F23*Q23 -> 0 | S23: =G23-I23-K23-M23-O23-Q23 -> 124 | T23: =F23*S23 -> 2.08568 | V23: =F23*U23 -> 0 | W23: =S23+U23 -> 124 | X23: =F23*W23 -> 2.08568 | Y23: 0 | Z23: 0
A24: 20 | B24: 32 DN 66*56*12 | C24: 66 | D24: 56 | E24: 12 | F24: =(C24*D24*E24)/1000000 -> 0.044352 | G24: ='KASIM 4 HAFTA '!W24 -> 28 | H24: =F24*G24 -> 1.241856 | I24: 0 | J24: =F24*I24 -> 0 | K24: 0 | L24: =F24*K24 -> 0 | M24: 0 | N24: =F24*M24 -> 0 | O24: 0 | P24: =F24*O24 -> 0 | Q24: 0 | R24: =F24*Q24 -> 0 | S24: =G24-I24-K24-M24-O24-Q24 -> 28 | T24: =F24*S24 -> 1.241856 | V24: =F24*U24 -> 0 | W24: =S24+U24 -> 28 | X24: =F24*W24 -> 1.241856 | Y24: 0 | Z24: 0
A25: 21 | B25: 32 DN 61,5*61,5*10 | C25: 61.5 | D25: 61.5 | E25: 10 | F25: =(C25*D25*E25)/1000000 -> 0.0378225 | G25: ='KASIM 4 HAFTA '!W25 -> 0 | H25: =F25*G25 -> 0 | I25: 0 | J25: =F25*I25 -> 0 | K25: 0 | L25: =F25*K25 -> 0 | M25: 0 | N25: =F25*M25 -> 0 | O25: 0 | P25: =F25*O25 -> 0 | Q25: 0 | R25: =F25*Q25 -> 0 | S25: =G25-I25-K25-M25-O25-Q25 -> 0 | T25: =F25*S25 -> 0 | V25: =F25*U25 -> 0 | W25: =S25+U25 -> 0 | X25: =F25*W25 -> 0 | Y25: 30 | Z25: 100
A26: 22 | B26: 18 DN 82*67*5,0 | C26: 82 | D26: 67 | E26: 5 | F26: =(C26*D26*E26)/1000000 -> 0.02747 | G26: ='KASIM 4 HAFTA '!W26 -> 30 | H26: =F26*G26 -> 0.8241 | I26: 0 | J26: =F26*I26 -> 0 | K26: 0 | L26: =F26*K26 -> 0 | M26: 0 | N26: =F26*M26 -> 0 | O26: 0 | P26: =F26*O26 -> 0 | Q26: 0 | R26: =F26*Q26 -> 0 | S26: =G26-I26-K26-M26-O26-Q26 -> 30 | T26: =F26*S26 -> 0.8241 | V26: =F26*U26 -> 0 | W26: =S26+U26 -> 30 | X26: =F26*W26 -> 0.8241 | Y26: 0 | Z26: 0
A27: 23 | B27: 18 DN 80*62*2,0 | C27: 80 | D27: 62 | E27: 2 | F27: =(C27*D27*E27)/1000000 -> 0.00992 | G27: ='KASIM 4 HAFTA '!W27 -> 36 | H27: =F27*G27 -> 0.35712 | I27: 0 | J27: =F27*I27 -> 0 | K27: 0 | L27: =F27*K27 -> 0 | M27: 0 | N27: =F27*M27 -> 0 | O27: 0 | P27: =F27*O27 -> 0 | Q27: 0 | R27: =F27*Q27 -> 0 | S27: =G27-I27-K27-M27-O27-Q27 -> 36 | T27: =F27*S27 -> 0.35712 | V27: =F27*U27 -> 0 | W27: =S27+U27 -> 36 | X27: =F27*W27 -> 0.35712 | Y27: 0 | Z27: 0
A28: 24 | B28: 32 DN 63*55*5,0 | C28: 63 | D28: 55 | E28: 5 | F28: =(C28*D28*E28)/1000000 -> 0.017325 | G28: ='KASIM 4 HAFTA '!W28 -> 19 | H28: =F28*G28 -> 0.329175 | I28: 12 | J28: =F28*I28 -> 0.2079 | K28: 0 | L28: =F28*K28 -> 0 | M28: 0 | N28: =F28*M28 -> 0 | O28: 0 | P28: =F28*O28 -> 0 | Q28: 0 | R28: =F28*Q28 -> 0 | S28: =G28-I28-K28-M28-O28-Q28 -> 7 | T28: =F28*S28 -> 0.121275 | V28: =F28*U28 -> 0 | W28: =S28+U28 -> 7 | X28: =F28*W28 -> 0.121275 | Y28: 0 | Z28: 0
A29: 25 | B29: 18 DN BEYAZ 5,0 | C29: 140 | D29: 240 | E29: 5 | F29: =(C29*D29*E29)/1000000 -> 0.168 | G29: ='KASIM 4 HAFTA '!W29 -> 6 | H29: =F29*G29 -> 1.008 | I29: 0 | J29: =F29*I29 -> 0 | K29: 0 | L29: =F29*K29 -> 0 | M29: 0 | N29: =F29*M29 -> 0 | O29: 0 | P29: =F29*O29 -> 0 | Q29: 0 | R29: =F29*Q29 -> 0 | S29: =G29-I29-K29-M29-O29-Q29 -> 6 | T29: =F29*S29 -> 1.008 | V29: =F29*U29 -> 0 | W29: =S29+U29 -> 6 | X29: =F29*W29 -> 1.008 | Y29: 0 | Z29: 0
A30: 26 | B30: 28 DN GRİ FORZA 10 | C30: 140 | D30: 240 | E30: 10 | F30: =(C30*D30*E30)/1000000 -> 0.336 | G30: 0 | H30: =F30*G30 -> 0 | I30: 0 | J30: =F30*I30 -> 0 | K30: 0 | L30: =F30*K30 -> 0 | M30: 0 | N30: =F30*M30 -> 0 | O30: 0 | P30: =F30*O30 -> 0 | Q30: 0 | R30: =F30*Q30 -> 0 | S30: =G30-I30-K30-M30-O30-Q30 -> 0 | T30: =F30*S30 -> 0 | U30: 56 | V30: =F30*U30 -> 18.816 | W30: =S30+U30 -> 56 | X30: =F30*W30 -> 18.816 | Y30: 0 | Z30: 0
A31: 27 | B31: 22 DN BEYAZ 3,0 | C31: 140 | D31: 240 | E31: 3 | F31: =(C31*D31*E31)/1000000 -> 0.1008 | G31: ='KASIM 4 HAFTA '!W31 -> 26 | H31: =F31*G31 -> 2.6208 | I31: 0 | J31: =F31*I31 -> 0 | K31: 0 | L31: =F31*K31 -> 0 | M31: 0 | N31: =F31*M31 -> 0 | O31: 0 | P31: =F31*O31 -> 0 | Q31: 0 | R31: =F31*Q31 -> 0 | S31: =G31-I31-K31-M31-O31-Q31 -> 26 | T31: =F31*S31 -> 2.6208 | V31: =F31*U31 -> 0 | W31: =S31+U31 -> 26 | X31: =F31*W31 -> 2.6208 | Y31: 0 | Z31: 0
A32: 28 | B32: 28 DN 90*80*8,0 | C32: 90 | D32: 80 | E32: 8 | F32: =(C32*D32*E32)/1000000 -> 0.0576 | G32: ='KASIM 4 HAFTA '!W32 -> 0 | H32: =F32*G32 -> 0 | I32: 0 | J32: =F32*I32 -> 0 | K32: 0 | L32: =F32*K32 -> 0 | M32: 0 | N32: =F32*M32 -> 0 | O32: 0 | P32: =F32*O32 -> 0 | Q32: 0 | R32: =F32*Q32 -> 0 | S32: =G32-I32-K32-M32-O32-Q32 -> 0 | T32: =F32*S32 -> 0 | V32: =F32*U32 -> 0 | W32: =S32+U32 -> 0 | X32: =F32*W32 -> 0 | Y32: 0 | Z32: 0
A33: 29 | B33: 28 DN SOFT 90*80*8,0 | C33: 90 | D33: 80 | E33: 8 | F33: =(C33*D33*E33)/1000000 -> 0.0576 | G33: ='KASIM 4 HAFTA '!W33 -> 0 | H33: =F33*G33 -> 0 | I33: 0 | J33: =F33*I33 -> 0 | K33: 0 | L33: =F33*K33 -> 0 | M33: 0 | N33: =F33*M33 -> 0 | O33: 0 | P33: =F33*O33 -> 0 | Q33: 0 | R33: =F33*Q33 -> 0 | S33: =G33-I33-K33-M33-O33-Q33 -> 0 | T33: =F33*S33 -> 0 | V33: =F33*U33 -> 0 | W33: =S33+U33 -> 0 | X33: =F33*W33 -> 0 | Y33: 0 | Z33: 0
A34: 30 | B34: 22 DN HİLTON OTURK. | F34: =(C34*D34*E34)/1000000 -> 0 | G34: ='KASIM 4 HAFTA '!W34 -> 300 | H34: =F34*G34 -> 0 | I34: 0 | J34: =F34*I34 -> 0 | K34: 0 | L34: =F34*K34 -> 0 | M34: 0 | N34: =F34*M34 -> 0 | O34: 0 | P34: =F34*O34 -> 0 | Q34: 0 | R34: =F34*Q34 -> 0 | S34: =G34-I34-K34-M34-O34-Q34 -> 300 | T34: =F34*S34 -> 0 | V34: =F34*U34 -> 0 | W34: =S34+U34 -> 300 | X34: =F34*W34 -> 0 | Y34: 0 | Z34: 0
A35: 31 | B35: 22 DN 80*66*5,0 | C35: 80 | D35: 66 | E35: 5 | F35: =(C35*D35*E35)/1000000 -> 0.0264 | G35: ='KASIM 4 HAFTA '!W35 -> 56 | H35: =F35*G35 -> 1.4784 | I35: 0 | J35: =F35*I35 -> 0 | K35: 0 | L35: =F35*K35 -> 0 | M35: 0 | N35: =F35*M35 -> 0 | O35: 0 | P35: =F35*O35 -> 0 | Q35: 0 | R35: =F35*Q35 -> 0 | S35: =G35-I35-K35-M35-O35-Q35 -> 56 | T35: =F35*S35 -> 1.4784 | V35: =F35*U35 -> 0 | W35: =S35+U35 -> 56 | X35: =F35*W35 -> 1.4784 | Y35: 0 | Z35: 0
A36: 32 | B36: 22 DN 60*63*5,0 | C36: 60 | D36: 62 | E36: 5 | F36: =(C36*D36*E36)/1000000 -> 0.0186 | G36: ='KASIM 4 HAFTA '!W36 -> 0 | H36: =F36*G36 -> 0 | I36: 0 | J36: =F36*I36 -> 0 | K36: 0 | L36: =F36*K36 -> 0 | M36: 0 | N36: =F36*M36 -> 0 | O36: 0 | P36: =F36*O36 -> 0 | Q36: 0 | R36: =F36*Q36 -> 0 | S36: =G36-I36-K36-M36-O36-Q36 -> 0 | T36: =F36*S36 -> 0 | U36: 15 | V36: =F36*U36 -> 0.279 | W36: =S36+U36 -> 15 | X36: =F36*W36 -> 0.279 | Y36: 0 | Z36: 0
A37: 33 | B37: 28 DN 60*67*3 | C37: 60 | D37: 67 | E37: 3 | F37: =(C37*D37*E37)/1000000 -> 0.01206 | G37: ='KASIM 4 HAFTA '!W37 -> 12 | H37: =F37*G37 -> 0.14472 | I37: 0 | J37: =F37*I37 -> 0 | K37: 0 | L37: =F37*K37 -> 0 | M37: 0 | N37: =F37*M37 -> 0 | O37: 0 | P37: =F37*O37 -> 0 | Q37: 0 | R37: =F37*Q37 -> 0 | S37: =G37-I37-K37-M37-O37-Q37 -> 12 | T37: =F37*S37 -> 0.14472 | V37: =F37*U37 -> 0 | W37: =S37+U37 -> 12 | X37: =F37*W37 -> 0.14472 | Y37: 0 | Z37: 0
A38: 34 | B38: 28 DN GRİ 7,0 | C38: 140 | D38: 240 | E38: 7 | F38: =(C38*D38*E38)/1000000 -> 0.2352 | G38: ='KASIM 4 HAFTA '!W38 -> 0 | H38: =F38*G38 -> 0 | I38: 0 | J38: =F38*I38 -> 0 | K38: 0 | L38: =F38*K38 -> 0 | M38: 0 | N38: =F38*M38 -> 0 | O38: 0 | P38: =F38*O38 -> 0 | Q38: 0 | R38: =F38*Q38 -> 0 | S38: =G38-I38-K38-M38-O38-Q38 -> 0 | T38: =F38*S38 -> 0 | V38: =F38*U38 -> 0 | W38: =S38+U38 -> 0 | X38: =F38*W38 -> 0 | Y38: 0 | Z38: 0
A39: 35 | B39: 18 DN GRİ 60*56*10 | C39: 60 | D39: 56 | E39: 10 | F39: =(C39*D39*E39)/1000000 -> 0.0336 | G39: ='KASIM 4 HAFTA '!W39 -> 0 | H39: =F39*G39 -> 0 | I39: 0 | J39: =F39*I39 -> 0 | K39: 0 | L39: =F39*K39 -> 0 | M39: 0 | N39: =F39*M39 -> 0 | O39: 0 | P39: =F39*O39 -> 0 | Q39: 0 | R39: =F39*Q39 -> 0 | S39: =G39-I39-K39-M39-O39-Q39 -> 0 | T39: =F39*S39 -> 0 | V39: =F39*U39 -> 0 | W39: =S39+U39 -> 0 | X39: =F39*W39 -> 0 | Y39: 0 | Z39: 0
A40: 36 | B40: 18 DN GRİ 58*55*10 | C40: 58 | D40: 55 | E40: 10 | F40: =(C40*D40*E40)/1000000 -> 0.0319 | G40: ='KASIM 4 HAFTA '!W40 -> 0 | H40: =F40*G40 -> 0 | I40: 0 | J40: =F40*I40 -> 0 | K40: 0 | L40: =F40*K40 -> 0 | M40: 0 | N40: =F40*M40 -> 0 | O40: 0 | P40: =F40*O40 -> 0 | Q40: 0 | R40: =F40*Q40 -> 0 | S40: =G40-I40-K40-M40-O40-Q40 -> 0 | T40: =F40*S40 -> 0 | V40: =F40*U40 -> 0 | W40: =S40+U40 -> 0 | X40: =F40*W40 -> 0 | Y40: 0 | Z40: 0
A41: 37 | B41: 32 DN SOFT GRİ63*55*5,0 | C41: 63 | D41: 55 | E41: 5 | F41: =(C41*D41*E41)/1000000 -> 0.017325 | G41: ='KASIM 4 HAFTA '!W41 -> 10 | H41: =F41*G41 -> 0.17325 | I41: 0 | J41: =F41*I41 -> 0 | K41: 0 | L41: =F41*K41 -> 0 | M41: 0 | N41: =F41*M41 -> 0 | O41: 0 | P41: =F41*O41 -> 0 | Q41: 0 | R41: =F41*Q41 -> 0 | S41: =G41-I41-K41-M41-O41-Q41 -> 10 | T41: =F41*S41 -> 0.17325 | V41: =F41*U41 -> 0 | W41: =S41+U41 -> 10 | X41: =F41*W41 -> 0.17325 | Y41: 0 | Z41: 0
A42: 38 | B42: 28 DN GRİ 60*55*5,0 | C42: 52 | D42: 52 | E42: 5 | F42: =(C42*D42*E42)/1000000 -> 0.01352 | G42: ='KASIM 4 HAFTA '!W42 -> 0 | H42: =F42*G42 -> 0 | I42: 0 | J42: =F42*I42 -> 0 | K42: 0 | L42: =F42*K42 -> 0 | M42: 0 | N42: =F42*M42 -> 0 | O42: 0 | P42: =F42*O42 -> 0 | Q42: 0 | R42: =F42*Q42 -> 0 | S42: =G42-I42-K42-M42-O42-Q42 -> 0 | T42: =F42*S42 -> 0 | U42: 12 | V42: =F42*U42 -> 0.16224 | W42: =S42+U42 -> 12 | X42: =F42*W42 -> 0.16224 | Y42: 0 | Z42: 0
A43: 39 | B43: 28 DN SOFT GRİ 80*70*8,0 | C43: 80 | D43: 70 | E43: 8 | F43: =(C43*D43*E43)/1000000 -> 0.0448 | G43: ='KASIM 4 HAFTA '!W43 -> 277 | H43: =F43*G43 -> 12.4096 | I43: 24 | J43: =F43*I43 -> 1.0752 | K43: 0 | L43: =F43*K43 -> 0 | M43: 0 | N43: =F43*M43 -> 0 | O43: 0 | P43: =F43*O43 -> 0 | Q43: 0 | R43: =F43*Q43 -> 0 | S43: =G43-I43-K43-M43-O43-Q43 -> 253 | T43: =F43*S43 -> 11.3344 | V43: =F43*U43 -> 0 | W43: =S43+U43 -> 253 | X43: =F43*W43 -> 11.3344 | Y43: 50 | Z43: 200
A44: 40 | B44: 28 SOFT GRİ 70*64*8,0 | C44: 70 | D44: 64 | E44: 8 | F44: =(C44*D44*E44)/1000000 -> 0.03584 | G44: ='KASIM 4 HAFTA '!W44 -> 354 | H44: =F44*G44 -> 12.68736 | I44: 24 | J44: =F44*I44 -> 0.86016 | K44: 0 | L44: =F44*K44 -> 0 | M44: 0 | N44: =F44*M44 -> 0 | O44: 0 | P44: =F44*O44 -> 0 | Q44: 60 | R44: =F44*Q44 -> 2.1504 | S44: =G44-I44-K44-M44-O44-Q44 -> 270 | T44: =F44*S44 -> 9.6768 | U44: 12 | V44: =F44*U44 -> 0.43008 | W44: =S44+U44 -> 282 | X44: =F44*W44 -> 10.10688 | Y44: 50 | Z44: 200
A45: 41 | B45: 28 SOFT GRİ 75*70*8,0 | C45: 75 | D45: 70 | E45: 8 | F45: =(C45*D45*E45)/1000000 -> 0.042 | G45: ='KASIM 4 HAFTA '!W45 -> 436 | H45: =F45*G45 -> 18.312 | I45: 48 | J45: =F45*I45 -> 2.016 | K45: 0 | L45: =F45*K45 -> 0 | M45: 0 | N45: =F45*M45 -> 0 | O45: 0 | P45: =F45*O45 -> 0 | Q45: 0 | R45: =F45*Q45 -> 0 | S45: =G45-I45-K45-M45-O45-Q45 -> 388 | T45: =F45*S45 -> 16.296 | U45: 36 | V45: =F45*U45 -> 1.512 | W45: =S45+U45 -> 424 | X45: =F45*W45 -> 17.808 | Y45: 50 | Z45: 200
A46: 42 | B46: 24 DN GRİ 142*67*5,0 | C46: 140 | D46: 67 | E46: 5 | F46: =(C46*D46*E46)/1000000 -> 0.0469 | G46: ='KASIM 4 HAFTA '!W46 -> 257 | H46: =F46*G46 -> 12.0533 | I46: 0 | J46: =F46*I46 -> 0 | K46: 12 | L46: =F46*K46 -> 0.5628 | M46: 0 | N46: =F46*M46 -> 0 | O46: 24 | P46: =F46*O46 -> 1.1256 | Q46: 0 | R46: =F46*Q46 -> 0 | S46: =G46-I46-K46-M46-O46-Q46 -> 221 | T46: =F46*S46 -> 10.3649 | V46: =F46*U46 -> 0 | W46: =S46+U46 -> 221 | X46: =F46*W46 -> 10.3649 | Y46: 50 | Z46: 100
A47: 43 | B47: 18 DN GRİ 80*63*5,0 | C47: 80 | D47: 63 | E47: 5 | F47: =(C47*D47*E47)/1000000 -> 0.0252 | G47: ='KASIM 4 HAFTA '!W47 -> 315 | H47: =F47*G47 -> 7.938 | I47: 0 | J47: =F47*I47 -> 0 | K47: 0 | L47: =F47*K47 -> 0 | M47: 0 | N47: =F47*M47 -> 0 | O47: 0 | P47: =F47*O47 -> 0 | Q47: 0 | R47: =F47*Q47 -> 0 | S47: =G47-I47-K47-M47-O47-Q47 -> 315 | T47: =F47*S47 -> 7.938 | V47: =F47*U47 -> 0 | W47: =S47+U47 -> 315 | X47: =F47*W47 -> 7.938 | Y47: 0 | Z47: 0
A48: 44 | B48: 24 KUŞTÜYÜ 77*68*8,0 | C48: 77 | D48: 68 | E48: 8 | F48: =(C48*D48*E48)/1000000 -> 0.041888 | G48: ='KASIM 4 HAFTA '!W48 -> 169 | H48: =F48*G48 -> 7.079072 | I48: 80 | J48: =F48*I48 -> 3.35104 | K48: 0 | L48: =F48*K48 -> 0 | M48: 0 | N48: =F48*M48 -> 0 | O48: 0 | P48: =F48*O48 -> 0 | Q48: 0 | R48: =F48*Q48 -> 0 | S48: =G48-I48-K48-M48-O48-Q48 -> 89 | T48: =F48*S48 -> 3.728032 | V48: =F48*U48 -> 0 | W48: =S48+U48 -> 89 | X48: =F48*W48 -> 3.728032 | Y48: 50 | Z48: 200
A49: 45 | B49: 24 KUŞTÜYÜ 79*79*2,0 | C49: 79 | D49: 79 | E49: 2 | F49: =(C49*D49*E49)/1000000 -> 0.012482 | G49: ='KASIM 4 HAFTA '!W49 -> 244 | H49: =F49*G49 -> 3.045608 | I49: 0 | J49: =F49*I49 -> 0 | K49: 0 | L49: =F49*K49 -> 0 | M49: 0 | N49: =F49*M49 -> 0 | O49: 0 | P49: =F49*O49 -> 0 | Q49: 0 | R49: =F49*Q49 -> 0 | S49: =G49-I49-K49-M49-O49-Q49 -> 244 | T49: =F49*S49 -> 3.045608 | V49: =F49*U49 -> 0 | W49: =S49+U49 -> 244 | X49: =F49*W49 -> 3.045608 | Y49: 100 | Z49: 300
A50: 46 | B50: 32 GRİ 61*56*10 | C50: 61 | D50: 56 | E50: 10 | F50: =(C50*D50*E50)/1000000 -> 0.03416 | G50: 100 | H50: =F50*G50 -> 3.416 | I50: 0 | J50: =F50*I50 -> 0 | K50: 0 | L50: =F50*K50 -> 0 | M50: 0 | N50: =F50*M50 -> 0 | O50: 0 | P50: =F50*O50 -> 0 | Q50: 100 | R50: =F50*Q50 -> 3.416 | S50: =G50-I50-K50-M50-O50-Q50 -> 0 | T50: =F50*S50 -> 0 | V50: =F50*U50 -> 0 | W50: =S50+U50 -> 0 | X50: =F50*W50 -> 0 | Y50: 30 | Z50: 100
A51: 47 | B51: 32 DN GRİ 66*61*10 | C51: 66 | D51: 61 | E51: 10 | F51: =(C51*D51*E51)/1000000 -> 0.04026 | G51: ='KASIM 4 HAFTA '!W51 -> 204 | H51: =F51*G51 -> 8.21304 | I51: 0 | J51: =F51*I51 -> 0 | K51: 0 | L51: =F51*K51 -> 0 | M51: 0 | N51: =F51*M51 -> 0 | O51: 0 | P51: =F51*O51 -> 0 | Q51: 51 | R51: =F51*Q51 -> 2.05326 | S51: =G51-I51-K51-M51-O51-Q51 -> 153 | T51: =F51*S51 -> 6.15978 | V51: =F51*U51 -> 0 | W51: =S51+U51 -> 153 | X51: =F51*W51 -> 6.15978 | Y51: 30 | Z51: 100
A52: 48 | B52: 32 GRİ 63*61*10 | C52: 63 | D52: 61 | E52: 10 | F52: =(C52*D52*E52)/1000000 -> 0.03843 | G52: 293 | H52: =F52*G52 -> 11.25999 | I52: 0 | J52: =F52*I52 -> 0 | K52: 0 | L52: =F52*K52 -> 0 | M52: 0 | N52: =F52*M52 -> 0 | O52: 0 | P52: =F52*O52 -> 0 | Q52: 112 | R52: =F52*Q52 -> 4.30416 | S52: =G52-I52-K52-M52-O52-Q52 -> 181 | T52: =F52*S52 -> 6.95583 | V52: =F52*U52 -> 0 | W52: =S52+U52 -> 181 | X52: =F52*W52 -> 6.95583 | Y52: 30 | Z52: 100
A53: 49 | B53: 14 DN ELASTİK 58*58*2,3 | C53: 58 | D53: 58 | E53: 2.3 | F53: =(C53*D53*E53)/1000000 -> 0.0077372 | G53: ='KASIM 4 HAFTA '!W53 -> 3650 | H53: =F53*G53 -> 28.24078 | I53: 0 | J53: =F53*I53 -> 0 | K53: 0 | L53: =F53*K53 -> 0 | M53: 0 | N53: =F53*M53 -> 0 | O53: 0 | P53: =F53*O53 -> 0 | Q53: 7 | R53: =F53*Q53 -> 0.0541604 | S53: =G53-I53-K53-M53-O53-Q53 -> 3643 | T53: =F53*S53 -> 28.18662 | V53: =F53*U53 -> 0 | W53: =S53+U53 -> 3643 | X53: =F53*W53 -> 28.18662 | Y53: 200 | Z53: 500
A54: 50 | B54: 14 DN ELASTİK 79*62*2,3 | C54: 79 | D54: 62 | E54: 2.3 | F54: =(C54*D54*E54)/1000000 -> 0.0112654 | G54: ='KASIM 4 HAFTA '!W54 -> 3532 | H54: =F54*G54 -> 39.789393 | I54: 96 | J54: =F54*I54 -> 1.0814784 | K54: 0 | L54: =F54*K54 -> 0 | M54: 27 | N54: =F54*M54 -> 0.3041658 | O54: 0 | P54: =F54*O54 -> 0 | Q54: 0 | R54: =F54*Q54 -> 0 | S54: =G54-I54-K54-M54-O54-Q54 -> 3409 | T54: =F54*S54 -> 38.403749 | V54: =F54*U54 -> 0 | W54: =S54+U54 -> 3409 | X54: =F54*W54 -> 38.403749 | Y54: 100 | Z54: 300
A55: 51 | B55: 18 DN 200*176*2,3 | C55: 200 | D55: 176 | E55: 2.3 | F55: =(C55*D55*E55)/1000000 -> 0.08096 | G55: ='KASIM 4 HAFTA '!W55 -> 1 | H55: =F55*G55 -> 0.08096 | I55: 0 | J55: =F55*I55 -> 0 | K55: 0 | L55: =F55*K55 -> 0 | M55: 0 | N55: =F55*M55 -> 0 | O55: 0 | P55: =F55*O55 -> 0 | Q55: 0 | R55: =F55*Q55 -> 0 | S55: =G55-I55-K55-M55-O55-Q55 -> 1 | T55: =F55*S55 -> 0.08096 | V55: =F55*U55 -> 0 | W55: =S55+U55 -> 1 | X55: =F55*W55 -> 0.08096 | Y55: 0 | Z55: 0
A56: 52 | B56: 24 KUŞTUYÜ 79*79*2,3 | C56: 79 | D56: 79 | E56: 2.3 | F56: =(C56*D56*E56)/1000000 -> 0.0143543 | G56: ='KASIM 4 HAFTA '!W56 -> 3597 | H56: =F56*G56 -> 51.632417 | I56: 0 | J56: =F56*I56 -> 0 | K56: 0 | L56: =F56*K56 -> 0 | M56: 0 | N56: =F56*M56 -> 0 | O56: 0 | P56: =F56*O56 -> 0 | Q56: 0 | R56: =F56*Q56 -> 0 | S56: =G56-I56-K56-M56-O56-Q56 -> 3597 | T56: =F56*S56 -> 51.632417 | V56: =F56*U56 -> 0 | W56: =S56+U56 -> 3597 | X56: =F56*W56 -> 51.632417 | Y56: 300 | Z56: 1000
A57: 53 | B57: 22 SEK.OTURAK SÜN.4,0 | C57: 50 | D57: 45 | E57: 4 | F57: =(C57*D57*E57)/1000000 -> 0.009 | G57: ='KASIM 4 HAFTA '!W57 -> 397 | H57: =F57*G57 -> 3.573 | I57: 0 | J57: =F57*I57 -> 0 | K57: 0 | L57: =F57*K57 -> 0 | M57: 0 | N57: =F57*M57 -> 0 | O57: 0 | P57: =F57*O57 -> 0 | Q57: 26 | R57: =F57*Q57 -> 0.234 | S57: =G57-I57-K57-M57-O57-Q57 -> 371 | T57: =F57*S57 -> 3.339 | V57: =F57*U57 -> 0 | W57: =S57+U57 -> 371 | X57: =F57*W57 -> 3.339 | Y57: 300 | Z57: 1000
A58: 54 | B58: 22 SEK.SIRT SÜN.4,0 | C58: 50 | D58: 35 | E58: 4 | F58: =(C58*D58*E58)/1000000 -> 0.007 | G58: ='KASIM 4 HAFTA '!W58 -> 490 | H58: =F58*G58 -> 3.43 | I58: 0 | J58: =F58*I58 -> 0 | K58: 0 | L58: =F58*K58 -> 0 | M58: 0 | N58: =F58*M58 -> 0 | O58: 0 | P58: =F58*O58 -> 0 | Q58: 0 | R58: =F58*Q58 -> 0 | S58: =G58-I58-K58-M58-O58-Q58 -> 490 | T58: =F58*S58 -> 3.43 | V58: =F58*U58 -> 0 | W58: =S58+U58 -> 490 | X58: =F58*W58 -> 3.43 | Y58: 500 | Z58: 1500
A59: 55 | B59: 22 VEGA OTURAK 3.0 | C59: 45 | D59: 50 | E59: 3 | F59: =(C59*D59*E59)/1000000 -> 0.00675 | G59: ='KASIM 4 HAFTA '!W59 -> 786 | H59: =F59*G59 -> 5.3055 | I59: 0 | J59: =F59*I59 -> 0 | K59: 15 | L59: =F59*K59 -> 0.10125 | M59: 6 | N59: =F59*M59 -> 0.0405 | O59: 0 | P59: =F59*O59 -> 0 | Q59: 0 | R59: =F59*Q59 -> 0 | S59: =G59-I59-K59-M59-O59-Q59 -> 765 | T59: =F59*S59 -> 5.16375 | V59: =F59*U59 -> 0 | W59: =S59+U59 -> 765 | X59: =F59*W59 -> 5.16375 | Y59: 500 | Z59: 1500
A60: 56 | B60: 22 VEGA SIRT 3,0 | C60: 50 | D60: 35 | E60: 3 | F60: =(C60*D60*E60)/1000000 -> 0.00525 | G60: ='KASIM 4 HAFTA '!W60 -> 978 | H60: =F60*G60 -> 5.1345 | I60: 0 | J60: =F60*I60 -> 0 | K60: 0 | L60: =F60*K60 -> 0 | M60: 5 | N60: =F60*M60 -> 0.02625 | O60: 0 | P60: =F60*O60 -> 0 | Q60: 0 | R60: =F60*Q60 -> 0 | S60: =G60-I60-K60-M60-O60-Q60 -> 973 | T60: =F60*S60 -> 5.10825 | V60: =F60*U60 -> 0 | W60: =S60+U60 -> 973 | X60: =F60*W60 -> 5.10825 | Y60: 0 | Z60: 0
A61: 57 | B61: 22 KOL ÜSTÜ 4,0 | C61: 42 | D61: 36 | E61: 4 | F61: =(C61*D61*E61)/1000000 -> 0.006048 | G61: ='KASIM 4 HAFTA '!W61 -> 0 | H61: =F61*G61 -> 0 | I61: 0 | J61: =F61*I61 -> 0 | K61: 0 | L61: =F61*K61 -> 0 | M61: 0 | N61: =F61*M61 -> 0 | O61: 0 | P61: =F61*O61 -> 0 | Q61: 0 | R61: =F61*Q61 -> 0 | S61: =G61-I61-K61-M61-O61-Q61 -> 0 | T61: =F61*S61 -> 0 | V61: =F61*U61 -> 0 | W61: =S61+U61 -> 0 | X61: =F61*W61 -> 0 | Y61: 300 | Z61: 1000
A62: 58 | B62: 32 VEGA SIRT 3,0 | C62: 50 | D62: 35 | E62: 3 | F62: =(C62*D62*E62)/1000000 -> 0.00525 | G62: ='KASIM 4 HAFTA '!W62 -> 881 | H62: =F62*G62 -> 4.62525 | I62: 10 | J62: =F62*I62 -> 0.0525 | K62: 0 | L62: =F62*K62 -> 0 | M62: 0 | N62: =F62*M62 -> 0 | O62: 0 | P62: =F62*O62 -> 0 | Q62: 0 | R62: =F62*Q62 -> 0 | S62: =G62-I62-K62-M62-O62-Q62 -> 871 | T62: =F62*S62 -> 4.57275 | V62: =F62*U62 -> 0 | W62: =S62+U62 -> 871 | X62: =F62*W62 -> 4.57275 | Y62: 300 | Z62: 1000
A63: 59 | B63: 32 VEGA OTURAK 3,0 | C63: 45 | D63: 50 | E63: 3 | F63: =(C63*D63*E63)/1000000 -> 0.00675 | G63: ='KASIM 4 HAFTA '!W63 -> 970 | H63: =F63*G63 -> 6.5475 | I63: 35 | J63: =F63*I63 -> 0.23625 | K63: 0 | L63: =F63*K63 -> 0 | M63: 0 | N63: =F63*M63 -> 0 | O63: 0 | P63: =F63*O63 -> 0 | Q63: 0 | R63: =F63*Q63 -> 0 | S63: =G63-I63-K63-M63-O63-Q63 -> 935 | T63: =F63*S63 -> 6.31125 | V63: =F63*U63 -> 0 | W63: =S63+U63 -> 935 | X63: =F63*W63 -> 6.31125 | Y63: 500 | Z63: 1500
A64: 60 | B64: 22 DN 140*9,5*6,5 CEZAR | C64: 140 | D64: 9.5 | E64: 6.5 | F64: =(C64*D64*E64)/1000000 -> 0.008645 | G64: ='KASIM 4 HAFTA '!W64 -> 463 | H64: =F64*G64 -> 4.002635 | I64: 125 | J64: =F64*I64 -> 1.080625 | K64: 0 | L64: =F64*K64 -> 0 | M64: 0 | N64: =F64*M64 -> 0 | O64: 0 | P64: =F64*O64 -> 0 | Q64: 138 | R64: =F64*Q64 -> 1.19301 | S64: =G64-I64-K64-M64-O64-Q64 -> 200 | T64: =F64*S64 -> 1.729 | V64: =F64*U64 -> 0 | W64: =S64+U64 -> 200 | X64: =F64*W64 -> 1.729 | Y64: 100 | Z64: 300
A65: 61 | B65: 24 DN 90*83*2 K.TÜY | C65: 90 | D65: 83 | E65: 2 | F65: =(C65*D65*E65)/1000000 -> 0.01494 | G65: ='KASIM 4 HAFTA '!W65 -> 187 | H65: =F65*G65 -> 2.79378 | I65: 0 | J65: =F65*I65 -> 0 | K65: 0 | L65: =F65*K65 -> 0 | M65: 0 | N65: =F65*M65 -> 0 | O65: 0 | P65: =F65*O65 -> 0 | Q65: 0 | R65: =F65*Q65 -> 0 | S65: =G65-I65-K65-M65-O65-Q65 -> 187 | T65: =F65*S65 -> 2.79378 | U65: 0 | V65: =F65*U65 -> 0 | W65: =S65+U65 -> 187 | X65: =F65*W65 -> 2.79378 | Y65: 100 | Z65: 300
A66: 62 | B66: 24 DN 92*82*2 K.TÜY | C66: 92 | D66: 82 | E66: 2 | F66: =(C66*D66*E66)/1000000 -> 0.015088 | G66: ='KASIM 4 HAFTA '!W66 -> 204 | H66: =F66*G66 -> 3.077952 | I66: 0 | J66: =F66*I66 -> 0 | K66: 0 | L66: =F66*K66 -> 0 | M66: 0 | N66: =F66*M66 -> 0 | O66: 26 | P66: =F66*O66 -> 0.392288 | Q66: 0 | R66: =F66*Q66 -> 0 | S66: =G66-I66-K66-M66-O66-Q66 -> 178 | T66: =F66*S66 -> 2.685664 | U66: 0 | V66: =F66*U66 -> 0 | W66: =S66+U66 -> 178 | X66: =F66*W66 -> 2.685664 | Y66: 100 | Z66: 300
A67: 63 | B67: 24 DN K.T 82*80*2 | C67: 82 | D67: 80 | E67: 2 | F67: =(C67*D67*E67)/1000000 -> 0.01312 | G67: ='KASIM 4 HAFTA '!W67 -> 459 | H67: =F67*G67 -> 6.02208 | I67: 0 | J67: =F67*I67 -> 0 | K67: 0 | L67: =F67*K67 -> 0 | M67: 0 | N67: =F67*M67 -> 0 | O67: 0 | P67: =F67*O67 -> 0 | Q67: 0 | R67: =F67*Q67 -> 0 | S67: =G67-I67-K67-M67-O67-Q67 -> 459 | T67: =F67*S67 -> 6.02208 | V67: =F67*U67 -> 0 | W67: =S67+U67 -> 459 | X67: =F67*W67 -> 6.02208 | Y67: 50 | Z67: 200
A68: 64 | B68: 24 DN K.T 86*77*8 | C68: 86 | D68: 77 | E68: 8 | F68: =(C68*D68*E68)/1000000 -> 0.052976 | G68: ='KASIM 4 HAFTA '!W68 -> 46 | H68: =F68*G68 -> 2.436896 | I68: 24 | J68: =F68*I68 -> 1.271424 | K68: 0 | L68: =F68*K68 -> 0 | M68: 0 | N68: =F68*M68 -> 0 | O68: 0 | P68: =F68*O68 -> 0 | Q68: 0 | R68: =F68*Q68 -> 0 | S68: =G68-I68-K68-M68-O68-Q68 -> 22 | T68: =F68*S68 -> 1.165472 | U68: 43 | V68: =F68*U68 -> 2.277968 | W68: =S68+U68 -> 65 | X68: =F68*W68 -> 3.44344 | Y68: 50 | Z68: 200
A69: 65 | B69: 24 DN K.T 76*75*8 | C69: 76 | D69: 75 | E69: 8 | F69: =(C69*D69*E69)/1000000 -> 0.0456 | G69: ='KASIM 4 HAFTA '!W69 -> 12 | H69: =F69*G69 -> 0.5472 | I69: 0 | J69: =F69*I69 -> 0 | K69: 0 | L69: =F69*K69 -> 0 | M69: 0 | N69: =F69*M69 -> 0 | O69: 0 | P69: =F69*O69 -> 0 | Q69: 0 | R69: =F69*Q69 -> 0 | S69: =G69-I69-K69-M69-O69-Q69 -> 12 | T69: =F69*S69 -> 0.5472 | V69: =R69*U69 -> 0 | W69: =S69+U69 -> 12 | X69: =F69*W69 -> 0.5472 | Y69: 5 | Z69: 10
A70: 66 | B70: 28 DN SOFT 12,0 | C70: 140 | D70: 240 | E70: 12 | F70: =(C70*D70*E70)/1000000 -> 0.4032 | G70: ='KASIM 4 HAFTA '!W70 -> 4 | H70: =F70*G70 -> 1.6128 | I70: 0 | J70: =F70*I70 -> 0 | K70: 0 | L70: =F70*K70 -> 0 | M70: 0 | N70: =F70*M70 -> 0 | O70: 0 | P70: =F70*O70 -> 0 | Q70: 0 | R70: =F70*Q70 -> 0 | S70: =G70-I70-K70-M70-O70-Q70 -> 4 | T70: =F70*S70 -> 1.6128 | V70: =R70*U70 -> 0 | W70: =S70+U70 -> 4 | X70: =F70*W70 -> 1.6128 | Y70: 20 | Z70: 50
A71: 67 | B71: 32 DN GRİ 2,0 | C71: 140 | D71: 240 | E71: 2 | F71: =(C71*D71*E71)/1000000 -> 0.0672 | G71: ='KASIM 4 HAFTA '!W71 -> 221 | H71: =F71*G71 -> 14.8512 | I71: 0 | J71: =F71*I71 -> 0 | K71: 0 | L71: =F71*K71 -> 0 | M71: 0 | N71: =F71*M71 -> 0 | O71: 1 | P71: =F71*O71 -> 0.0672 | Q71: 0 | R71: =F71*Q71 -> 0 | S71: =G71-I71-K71-M71-O71-Q71 -> 220 | T71: =F71*S71 -> 14.784 | U71: 2 | V71: =F71*U71 -> 0.1344 | W71: =S71+U71 -> 222 | X71: =F71*W71 -> 14.9184 | Y71: 30 | Z71: 100
A72: 68 | B72: 32 DN GRİ 61*61*3,0 | C72: 61 | D72: 61 | E72: 3 | F72: =(C72*D72*E72)/1000000 -> 0.011163 | G72: 59 | H72: =F72*G72 -> 0.658617 | I72: 59 | J72: =F72*I72 -> 0.658617 | K72: 0 | L72: =F72*K72 -> 0 | M72: 0 | N72: =F72*M72 -> 0 | O72: 0 | P72: =F72*O72 -> 0 | Q72: 0 | R72: =F72*Q72 -> 0 | S72: =G72-I72-K72-M72-O72-Q72 -> 0 | T72: =F72*S72 -> 0 | U72: 0 | V72: =F72*U72 -> 0 | W72: =S72+U72 -> 0 | X72: =F72*W72 -> 0 | Y72: 0 | Z72: 0
A73: 69 | B73: AMOR OTURAK SÜNGERİ | G73: ='KASIM 4 HAFTA '!W73 -> 20 | I73: 0 | J73: =F73*I73 -> 0 | K73: 0 | L73: =F73*K73 -> 0 | M73: 0 | N73: =F73*M73 -> 0 | O73: 0 | Q73: 0 | R73: =F73*Q73 -> 0 | S73: =G73-I73-K73-M73-O73-Q73 -> 20 | W73: =S73+U73 -> 20 | Y73: 0 | Z73: 0
A74: 70 | B74: AMOR SIRT SÜNGERİ | G74: ='KASIM 4 HAFTA '!W74 -> 20 | I74: 0 | J74: =F74*I74 -> 0 | K74: 0 | L74: =F74*K74 -> 0 | M74: 0 | N74: =F74*M74 -> 0 | O74: 0 | Q74: 0 | R74: =F74*Q74 -> 0 | S74: =G74-I74-K74-M74-O74-Q74 -> 20 | W74: =S74+U74 -> 20
A75: 71 | B75: 32 DN GRİ 6,0 | G75: ='KASIM 4 HAFTA '!W75 -> 13 | I75: 2 | J75: =F75*I75 -> 0 | K75: 0 | L75: =F75*K75 -> 0 | M75: 0 | N75: =F75*M75 -> 0 | O75: 0 | Q75: 0 | R75: =F75*Q75 -> 0 | S75: =G75-I75-K75-M75-O75-Q75 -> 11 | U75: 34 | W75: =S75+U75 -> 45

Sheet KASIM 3 HAFTA  (2)
A1: SÜNGER | B1: EKİM 4. HAFTA
A2: ÜRÜN ADI | F2: DEVİR STOK | H2: 44879 | J2: 44880 | L2: 44881 | N2: 44882 | P2: 44883 | R2: KALAN STOK | T2: STOK GİRİŞİ | V2: TOPLAM STOK MİKTARI
H3: STOK ÇIKIŞI | J3: STOK ÇIKIŞI | L3: STOK ÇIKIŞI | N3: STOK ÇIKIŞI | P3: STOK ÇIKIŞI
B4: EN | C4: BOY | D4: YÜKS | E4: br m³ | F4: PLAKA ADET | H4: PLAKA ADET | J4: PLAKA ADET | L4: PLAKA ADET | N4: PLAKA ADET | P4: PLAKA ADET | R4: PLAKA ADET | T4: PLAKA ADET | V4: PLAKA ADET
A5: 22 DN GRİ 1,0 | B5: 140 | C5: 240 | D5: 1 | E5: =(B5*C5*D5)/1000000 -> 0.0336 | F5: ='EKİM 4 HAFTA '!V5 -> 118 | G5: =E5*F5 -> 3.9648 | H5: 0 | I5: =E5*H5 -> 0 | J5: 0 | K5: =E5*J5 -> 0 | L5: 0 | M5: =E5*L5 -> 0 | N5: 0 | O5: =E5*N5 -> 0 | P5: 0 | Q5: =E5*P5 -> 0 | R5: =F5-H5-J5-L5-N5-P5 -> 118 | S5: =E5*R5 -> 3.9648 | T5: 0 | U5: =E5*T5 -> 0 | V5: =R5+T5 -> 118 | W5: =E5*V5 -> 3.9648
A6: 14 DN BEYAZ 0,8 | B6: 140 | C6: 240 | D6: 0.8 | E6: =(B6*C6*D6)/1000000 -> 0.02688 | F6: ='EKİM 4 HAFTA '!V6 -> 197 | G6: =E6*F6 -> 5.29536 | H6: 0 | I6: =E6*H6 -> 0 | J6: 0 | K6: =E6*J6 -> 0 | L6: 0 | M6: =E6*L6 -> 0 | N6: 0 | O6: =E6*N6 -> 0 | P6: 0 | Q6: =E6*P6 -> 0 | R6: =F6-H6-J6-L6-N6-P6 -> 197 | S6: =E6*R6 -> 5.29536 | U6: =E6*T6 -> 0 | V6: =R6+T6 -> 197 | W6: =E6*V6 -> 5.29536
A7: 14 DN BEYAZ 1,4 | B7: 140 | C7: 240 | D7: 1.4 | E7: =(B7*C7*D7)/1000000 -> 0.04704 | F7: ='EKİM 4 HAFTA '!V7 -> 49 | G7: =E7*F7 -> 2.30496 | H7: 0 | I7: =E7*H7 -> 0 | J7: 0 | K7: =E7*J7 -> 0 | L7: 0 | M7: =E7*L7 -> 0 | N7: 0 | O7: =E7*N7 -> 0 | P7: 0 | Q7: =E7*P7 -> 0 | R7: =F7-H7-J7-L7-N7-P7 -> 49 | S7: =E7*R7 -> 2.30496 | U7: =E7*T7 -> 0 | V7: =R7+T7 -> 49 | W7: =E7*V7 -> 2.30496
A8: 22 DN GRİ 4,0 | B8: 140 | C8: 240 | D8: 4 | E8: =(B8*C8*D8)/1000000 -> 0.1344 | F8: ='EKİM 4 HAFTA '!V8 -> 27 | G8: =E8*F8 -> 3.6288 | H8: 0 | I8: =E8*H8 -> 0 | J8: 0 | K8: =E8*J8 -> 0 | L8: 0 | M8: =E8*L8 -> 0 | N8: 0 | O8: =E8*N8 -> 0 | P8: 0 | Q8: =E8*P8 -> 0 | R8: =F8-H8-J8-L8-N8-P8 -> 27 | S8: =E8*R8 -> 3.6288 | U8: =E8*T8 -> 0 | V8: =R8+T8 -> 27 | W8: =E8*V8 -> 3.6288
A9: 22 DN GRİ 2,0 | B9: 140 | C9: 240 | D9: 2 | E9: =(B9*C9*D9)/1000000 -> 0.0672 | F9: ='EKİM 4 HAFTA '!V9 -> 0 | G9: =E9*F9 -> 0 | H9: 0 | I9: =E9*H9 -> 0 | J9: 0 | K9: =E9*J9 -> 0 | L9: 0 | M9: =E9*L9 -> 0 | N9: 0 | O9: =E9*N9 -> 0 | P9: 0 | Q9: =E9*P9 -> 0 | R9: =F9-H9-J9-L9-N9-P9 -> 0 | S9: =E9*R9 -> 0 | U9: =E9*T9 -> 0 | V9: =R9+T9 -> 0 | W9: =E9*V9 -> 0
A10: 24 DN KUŞTÜYÜ 2 ,0 | B10: 140 | C10: 240 | D10: 2 | E10: =(B10*C10*D10)/1000000 -> 0.0672 | F10: ='EKİM 4 HAFTA '!V10 -> 182 | G10: =E10*F10 -> 12.2304 | H10: 0 | I10: =E10*H10 -> 0 | J10: 0 | K10: =E10*J10 -> 0 | L10: 0 | M10: =E10*L10 -> 0 | N10: 0 | O10: =E10*N10 -> 0 | P10: 0 | Q10: =E10*P10 -> 0 | R10: =F10-H10-J10-L10-N10-P10 -> 182 | S10: =E10*R10 -> 12.2304 | U10: =E10*T10 -> 0 | V10: =R10+T10 -> 182 | W10: =E10*V10 -> 12.2304
A11: 30 DN LÜKS BEYAZ 7,0 | B11: 140 | C11: 240 | D11: 7 | E11: =(B11*C11*D11)/1000000 -> 0.2352 | F11: ='EKİM 4 HAFTA '!V11 -> 48 | G11: =E11*F11 -> 11.2896 | H11: 0 | I11: =E11*H11 -> 0 | J11: 0 | K11: =E11*J11 -> 0 | L11: 0 | M11: =E11*L11 -> 0 | N11: 0 | O11: =E11*N11 -> 0 | P11: 0 | Q11: =E11*P11 -> 0 | R11: =F11-H11-J11-L11-N11-P11 -> 48 | S11: =E11*R11 -> 11.2896 | T11: 0 | U11: =E11*T11 -> 0 | V11: =R11+T11 -> 48 | W11: =E11*V11 -> 11.2896
A12: 24 DN KUŞTÜYÜ 5 ,0 | B12: 140 | C12: 240 | D12: 5 | E12: =(B12*C12*D12)/1000000 -> 0.168 | F12: ='EKİM 4 HAFTA '!V12 -> 322 | G12: =E12*F12 -> 54.096 | H12: 0 | I12: =E12*H12 -> 0 | J12: 0 | K12: =E12*J12 -> 0 | L12: 0 | M12: =E12*L12 -> 0 | N12: 0 | O12: =E12*N12 -> 0 | P12: 0 | Q12: =E12*P12 -> 0 | R12: =F12-H12-J12-L12-N12-P12 -> 322 | S12: =E12*R12 -> 54.096 | U12: =E12*T12 -> 0 | V12: =R12+T12 -> 322 | W12: =E12*V12 -> 54.096
A13: 28 DN GRİ SOFT 5,0 | B13: 140 | C13: 240 | D13: 5 | E13: =(B13*C13*D13)/1000000 -> 0.168 | F13: ='EKİM 4 HAFTA '!V13 -> 14 | G13: =E13*F13 -> 2.352 | H13: 0 | I13: =E13*H13 -> 0 | J13: 0 | K13: =E13*J13 -> 0 | L13: 0 | M13: =E13*L13 -> 0 | N13: 0 | O13: =E13*N13 -> 0 | P13: 0 | Q13: =E13*P13 -> 0 | R13: =F13-H13-J13-L13-N13-P13 -> 14 | S13: =E13*R13 -> 2.352 | T13: 0 | U13: =E13*T13 -> 0 | V13: =R13+T13 -> 14 | W13: =E13*V13 -> 2.352
A14: 28 DN GRİ 5,0 | B14: 140 | C14: 240 | D14: 5 | E14: =(B14*C14*D14)/1000000 -> 0.168 | F14: ='EKİM 4 HAFTA '!V14 -> 1 | G14: =E14*F14 -> 0.168 | H14: 0 | I14: =E14*H14 -> 0 | J14: 0 | K14: =E14*J14 -> 0 | L14: 0 | M14: =E14*L14 -> 0 | N14: 0 | O14: =E14*N14 -> 0 | P14: 0 | Q14: =E14*P14 -> 0 | R14: =F14-H14-J14-L14-N14-P14 -> 1 | S14: =E14*R14 -> 0.168 | U14: =E14*T14 -> 0 | V14: =R14+T14 -> 1 | W14: =E14*V14 -> 0.168
A15: 28 DN SOFT 10 | B15: 140 | C15: 240 | D15: 10 | E15: =(B15*C15*D15)/1000000 -> 0.336 | F15: ='EKİM 4 HAFTA '!V15 -> 20 | G15: =E15*F15 -> 6.72 | H15: 0 | I15: =E15*H15 -> 0 | J15: 0 | K15: =E15*J15 -> 0 | L15: 0 | M15: =E15*L15 -> 0 | N15: 0 | O15: =E15*N15 -> 0 | P15: 0 | Q15: =E15*P15 -> 0 | R15: =F15-H15-J15-L15-N15-P15 -> 20 | S15: =E15*R15 -> 6.72 | U15: =E15*T15 -> 0 | V15: =R15+T15 -> 20 | W15: =E15*V15 -> 6.72
A16: 22 DN GRİ 3,0 | B16: 140 | C16: 240 | D16: 3 | E16: =(B16*C16*D16)/1000000 -> 0.1008 | F16: ='EKİM 4 HAFTA '!V16 -> 22 | G16: =E16*F16 -> 2.2176 | H16: 0 | I16: =E16*H16 -> 0 | J16: 0 | K16: =E16*J16 -> 0 | L16: 0 | M16: =E16*L16 -> 0 | N16: 0 | O16: =E16*N16 -> 0 | P16: 0 | Q16: =E16*P16 -> 0 | R16: =F16-H16-J16-L16-N16-P16 -> 22 | S16: =E16*R16 -> 2.2176 | U16: =E16*T16 -> 0 | V16: =R16+T16 -> 22 | W16: =E16*V16 -> 2.2176
A17: 22 DN GRİ 5,0 | B17: 140 | C17: 240 | D17: 5 | E17: =(B17*C17*D17)/1000000 -> 0.168 | F17: ='EKİM 4 HAFTA '!V17 -> 0 | G17: =E17*F17 -> 0 | H17: 0 | I17: =E17*H17 -> 0 | J17: 0 | K17: =E17*J17 -> 0 | L17: 0 | M17: =E17*L17 -> 0 | N17: 0 | O17: =E17*N17 -> 0 | P17: 0 | Q17: =E17*P17 -> 0 | R17: =F17-H17-J17-L17-N17-P17 -> 0 | S17: =E17*R17 -> 0 | U17: =E17*T17 -> 0 | V17: =R17+T17 -> 0 | W17: =E17*V17 -> 0
A18: 28 DN GRİ 3,0 | B18: 140 | C18: 240 | D18: 3 | E18: =(B18*C18*D18)/1000000 -> 0.1008 | F18: ='EKİM 4 HAFTA '!V18 -> 129 | G18: =E18*F18 -> 13.0032 | H18: 0 | I18: =E18*H18 -> 0 | J18: 0 | K18: =E18*J18 -> 0 | L18: 0 | M18: =E18*L18 -> 0 | N18: 0 | O18: =E18*N18 -> 0 | P18: 0 | Q18: =E18*P18 -> 0 | R18: =F18-H18-J18-L18-N18-P18 -> 129 | S18: =E18*R18 -> 13.0032 | U18: =E18*T18 -> 0 | V18: =R18+T18 -> 129 | W18: =E18*V18 -> 13.0032
A19: 24 DN PEMBE 8,0 | B19: 140 | C19: 240 | D19: 8 | E19: =(B19*C19*D19)/1000000 -> 0.2688 | F19: ='EKİM 4 HAFTA '!V19 -> 12 | G19: =E19*F19 -> 3.2256 | H19: 0 | I19: =E19*H19 -> 0 | J19: 0 | K19: =E19*J19 -> 0 | L19: 0 | M19: =E19*L19 -> 0 | N19: 0 | O19: =E19*N19 -> 0 | P19: 0 | Q19: =E19*P19 -> 0 | R19: =F19-H19-J19-L19-N19-P19 -> 12 | S19: =E19*R19 -> 3.2256 | U19: =E19*T19 -> 0 | V19: =R19+T19 -> 12 | W19: =E19*V19 -> 3.2256
A20: 28 DN SOFT 8,0 | B20: 140 | C20: 240 | D20: 8 | E20: =(B20*C20*D20)/1000000 -> 0.2688 | F20: ='EKİM 4 HAFTA '!V20 -> 0 | G20: =E20*F20 -> 0 | H20: 0 | I20: =E20*H20 -> 0 | J20: 0 | K20: =E20*J20 -> 0 | L20: 0 | M20: =E20*L20 -> 0 | N20: 0 | O20: =E20*N20 -> 0 | P20: 0 | Q20: =E20*P20 -> 0 | R20: =F20-H20-J20-L20-N20-P20 -> 0 | S20: =E20*R20 -> 0 | U20: =E20*T20 -> 0 | V20: =R20+T20 -> 0 | W20: =E20*V20 -> 0
A21: 22 DN 77*55*8,0 | B21: 77 | C21: 55 | D21: 8 | E21: =(B21*C21*D21)/1000000 -> 0.03388 | F21: ='EKİM 4 HAFTA '!V21 -> 4 | G21: =E21*F21 -> 0.13552 | H21: 0 | I21: =E21*H21 -> 0 | J21: 0 | K21: =E21*J21 -> 0 | L21: 0 | M21: =E21*L21 -> 0 | N21: 0 | O21: =E21*N21 -> 0 | P21: 0 | Q21: =E21*P21 -> 0 | R21: =F21-H21-J21-L21-N21-P21 -> 4 | S21: =E21*R21 -> 0.13552 | U21: =E21*T21 -> 0 | V21: =R21+T21 -> 4 | W21: =E21*V21 -> 0.13552
A22: 32 DN 65*50*12 | B22: 65 | C22: 50 | D22: 12 | E22: =(B22*C22*D22)/1000000 -> 0.039 | F22: ='EKİM 4 HAFTA '!V22 -> 26 | G22: =E22*F22 -> 1.014 | H22: 0 | I22: =E22*H22 -> 0 | J22: 0 | K22: =E22*J22 -> 0 | L22: 0 | M22: =E22*L22 -> 0 | N22: 0 | O22: =E22*N22 -> 0 | P22: 0 | Q22: =E22*P22 -> 0 | R22: =F22-H22-J22-L22-N22-P22 -> 26 | S22: =E22*R22 -> 1.014 | U22: =E22*T22 -> 0 | V22: =R22+T22 -> 26 | W22: =E22*V22 -> 1.014
A23: SİLİNDİR | E23: =(B23*C23*D23)/1000000 -> 0 | F23: ='EKİM 4 HAFTA '!V23 -> 74 | G23: =E23*F23 -> 0 | H23: 0 | I23: =E23*H23 -> 0 | J23: 0 | K23: =E23*J23 -> 0 | L23: 0 | M23: =E23*L23 -> 0 | N23: 0 | O23: =E23*N23 -> 0 | P23: 0 | Q23: =E23*P23 -> 0 | R23: =F23-H23-J23-L23-N23-P23 -> 74 | S23: =E23*R23 -> 0 | U23: =E23*T23 -> 0 | V23: =R23+T23 -> 74 | W23: =E23*V23 -> 0
A24: 32 DN 66*56*12 | B24: 66 | C24: 56 | D24: 12 | E24: =(B24*C24*D24)/1000000 -> 0.044352 | F24: ='EKİM 4 HAFTA '!V24 -> 28 | G24: =E24*F24 -> 1.241856 | H24: 0 | I24: =E24*H24 -> 0 | J24: 0 | K24: =E24*J24 -> 0 | L24: 0 | M24: =E24*L24 -> 0 | N24: 0 | O24: =E24*N24 -> 0 | P24: 0 | Q24: =E24*P24 -> 0 | R24: =F24-H24-J24-L24-N24-P24 -> 28 | S24: =E24*R24 -> 1.241856 | U24: =E24*T24 -> 0 | V24: =R24+T24 -> 28 | W24: =E24*V24 -> 1.241856
A25: 32 DN 61,5*61,5*10 | B25: 61.5 | C25: 61.5 | D25: 10 | E25: =(B25*C25*D25)/1000000 -> 0.0378225 | F25: ='EKİM 4 HAFTA '!V25 -> 48 | G25: =E25*F25 -> 1.81548 | H25: 0 | I25: =E25*H25 -> 0 | J25: 0 | K25: =E25*J25 -> 0 | L25: 0 | M25: =E25*L25 -> 0 | N25: 0 | O25: =E25*N25 -> 0 | P25: 0 | Q25: =E25*P25 -> 0 | R25: =F25-H25-J25-L25-N25-P25 -> 48 | S25: =E25*R25 -> 1.81548 | U25: =E25*T25 -> 0 | V25: =R25+T25 -> 48 | W25: =E25*V25 -> 1.81548
A26: 18 DN 82*67*5,0 | B26: 82 | C26: 67 | D26: 5 | E26: =(B26*C26*D26)/1000000 -> 0.02747 | F26: ='EKİM 4 HAFTA '!V26 -> 30 | G26: =E26*F26 -> 0.8241 | H26: 0 | I26: =E26*H26 -> 0 | J26: 0 | K26: =E26*J26 -> 0 | L26: 0 | M26: =E26*L26 -> 0 | N26: 0 | O26: =E26*N26 -> 0 | P26: 0 | Q26: =E26*P26 -> 0 | R26: =F26-H26-J26-L26-N26-P26 -> 30 | S26: =E26*R26 -> 0.8241 | U26: =E26*T26 -> 0 | V26: =R26+T26 -> 30 | W26: =E26*V26 -> 0.8241
A27: 18 DN 80*62*2,0 | B27: 80 | C27: 62 | D27: 2 | E27: =(B27*C27*D27)/1000000 -> 0.00992 | F27: ='EKİM 4 HAFTA '!V27 -> 36 | G27: =E27*F27 -> 0.35712 | H27: 0 | I27: =E27*H27 -> 0 | J27: 0 | K27: =E27*J27 -> 0 | L27: 0 | M27: =E27*L27 -> 0 | N27: 0 | O27: =E27*N27 -> 0 | P27: 0 | Q27: =E27*P27 -> 0 | R27: =F27-H27-J27-L27-N27-P27 -> 36 | S27: =E27*R27 -> 0.35712 | U27: =E27*T27 -> 0 | V27: =R27+T27 -> 36 | W27: =E27*V27 -> 0.35712
A28: 32 DN 63*55*5,0 | B28: 63 | C28: 55 | D28: 5 | E28: =(B28*C28*D28)/1000000 -> 0.017325 | F28: ='EKİM 4 HAFTA '!V28 -> 19 | G28: =E28*F28 -> 0.329175 | H28: 0 | I28: =E28*H28 -> 0 | J28: 0 | K28: =E28*J28 -> 0 | L28: 0 | M28: =E28*L28 -> 0 | N28: 0 | O28: =E28*N28 -> 0 | P28: 0 | Q28: =E28*P28 -> 0 | R28: =F28-H28-J28-L28-N28-P28 -> 19 | S28: =E28*R28 -> 0.329175 | U28: =E28*T28 -> 0 | V28: =R28+T28 -> 19 | W28: =E28*V28 -> 0.329175
A29: 18 DN BEYAZ 5,0 | B29: 140 | C29: 240 | D29: 5 | E29: =(B29*C29*D29)/1000000 -> 0.168 | F29: ='EKİM 4 HAFTA '!V29 -> 6 | G29: =E29*F29 -> 1.008 | H29: 0 | I29: =E29*H29 -> 0 | J29: 0 | K29: =E29*J29 -> 0 | L29: 0 | M29: =E29*L29 -> 0 | N29: 0 | O29: =E29*N29 -> 0 | P29: 0 | Q29: =E29*P29 -> 0 | R29: =F29-H29-J29-L29-N29-P29 -> 6 | S29: =E29*R29 -> 1.008 | U29: =E29*T29 -> 0 | V29: =R29+T29 -> 6 | W29: =E29*V29 -> 1.008
A30: 15 DN BEYAZ 10 | B30: 140 | C30: 240 | D30: 10 | E30: =(B30*C30*D30)/1000000 -> 0.336 | F30: ='EKİM 4 HAFTA '!V30 -> 11 | G30: =E30*F30 -> 3.696 | H30: 0 | I30: =E30*H30 -> 0 | J30: 0 | K30: =E30*J30 -> 0 | L30: 0 | M30: =E30*L30 -> 0 | N30: 0 | O30: =E30*N30 -> 0 | P30: 0 | Q30: =E30*P30 -> 0 | R30: =F30-H30-J30-L30-N30-P30 -> 11 | S30: =E30*R30 -> 3.696 | U30: =E30*T30 -> 0 | V30: =R30+T30 -> 11 | W30: =E30*V30 -> 3.696
A31: 22 DN BEYAZ 3,0 | B31: 140 | C31: 240 | D31: 3 | E31: =(B31*C31*D31)/1000000 -> 0.1008 | F31: ='EKİM 4 HAFTA '!V31 -> 26 | G31: =E31*F31 -> 2.6208 | H31: 0 | I31: =E31*H31 -> 0 | J31: 0 | K31: =E31*J31 -> 0 | L31: 0 | M31: =E31*L31 -> 0 | N31: 0 | O31: =E31*N31 -> 0 | P31: 0 | Q31: =E31*P31 -> 0 | R31: =F31-H31-J31-L31-N31-P31 -> 26 | S31: =E31*R31 -> 2.6208 | U31: =E31*T31 -> 0 | V31: =R31+T31 -> 26 | W31: =E31*V31 -> 2.6208
A32: 28 DN 90*80*8,0 | B32: 90 | C32: 80 | D32: 8 | E32: =(B32*C32*D32)/1000000 -> 0.0576 | F32: ='EKİM 4 HAFTA '!V32 -> 0 | G32: =E32*F32 -> 0 | H32: 0 | I32: =E32*H32 -> 0 | J32: 0 | K32: =E32*J32 -> 0 | L32: 0 | M32: =E32*L32 -> 0 | N32: 0 | O32: =E32*N32 -> 0 | P32: 0 | Q32: =E32*P32 -> 0 | R32: =F32-H32-J32-L32-N32-P32 -> 0 | S32: =E32*R32 -> 0 | U32: =E32*T32 -> 0 | V32: =R32+T32 -> 0 | W32: =E32*V32 -> 0
A33: 28 DN SOFT 90*80*8,0 | B33: 90 | C33: 80 | D33: 8 | E33: =(B33*C33*D33)/1000000 -> 0.0576 | F33: ='EKİM 4 HAFTA '!V33 -> 0 | G33: =E33*F33 -> 0 | H33: 0 | I33: =E33*H33 -> 0 | J33: 0 | K33: =E33*J33 -> 0 | L33: 0 | M33: =E33*L33 -> 0 | N33: 0 | O33: =E33*N33 -> 0 | P33: 0 | Q33: =E33*P33 -> 0 | R33: =F33-H33-J33-L33-N33-P33 -> 0 | S33: =E33*R33 -> 0 | U33: =E33*T33 -> 0 | V33: =R33+T33 -> 0 | W33: =E33*V33 -> 0
A34: 22 DN HİLTON OTURK. | E34: =(B34*C34*D34)/1000000 -> 0 | F34: ='EKİM 4 HAFTA '!V34 -> 300 | G34: =E34*F34 -> 0 | H34: 0 | I34: =E34*H34 -> 0 | J34: 0 | K34: =E34*J34 -> 0 | L34: 0 | M34: =E34*L34 -> 0 | N34: 0 | O34: =E34*N34 -> 0 | P34: 0 | Q34: =E34*P34 -> 0 | R34: =F34-H34-J34-L34-N34-P34 -> 300 | S34: =E34*R34 -> 0 | U34: =E34*T34 -> 0 | V34: =R34+T34 -> 300 | W34: =E34*V34 -> 0
A35: 22 DN 80*66*5,0 | B35: 80 | C35: 66 | D35: 5 | E35: =(B35*C35*D35)/1000000 -> 0.0264 | F35: ='EKİM 4 HAFTA '!V35 -> 56 | G35: =E35*F35 -> 1.4784 | H35: 0 | I35: =E35*H35 -> 0 | J35: 0 | K35: =E35*J35 -> 0 | L35: 0 | M35: =E35*L35 -> 0 | N35: 0 | O35: =E35*N35 -> 0 | P35: 0 | Q35: =E35*P35 -> 0 | R35: =F35-H35-J35-L35-N35-P35 -> 56 | S35: =E35*R35 -> 1.4784 | U35: =E35*T35 -> 0 | V35: =R35+T35 -> 56 | W35: =E35*V35 -> 1.4784
A36: 22 DN 60*62*5,0 | B36: 60 | C36: 62 | D36: 5 | E36: =(B36*C36*D36)/1000000 -> 0.0186 | F36: ='EKİM 4 HAFTA '!V36 -> 4 | G36: =E36*F36 -> 0.0744 | H36: 0 | I36: =E36*H36 -> 0 | J36: 0 | K36: =E36*J36 -> 0 | L36: 0 | M36: =E36*L36 -> 0 | N36: 0 | O36: =E36*N36 -> 0 | P36: 0 | Q36: =E36*P36 -> 0 | R36: =F36-H36-J36-L36-N36-P36 -> 4 | S36: =E36*R36 -> 0.0744 | U36: =E36*T36 -> 0 | V36: =R36+T36 -> 4 | W36: =E36*V36 -> 0.0744
A37: 28 DN 60*67*3 | B37: 60 | C37: 67 | D37: 3 | E37: =(B37*C37*D37)/1000000 -> 0.01206 | F37: ='EKİM 4 HAFTA '!V37 -> 12 | G37: =E37*F37 -> 0.14472 | H37: 0 | I37: =E37*H37 -> 0 | J37: 0 | K37: =E37*J37 -> 0 | L37: 0 | M37: =E37*L37 -> 0 | N37: 0 | O37: =E37*N37 -> 0 | P37: 0 | Q37: =E37*P37 -> 0 | R37: =F37-H37-J37-L37-N37-P37 -> 12 | S37: =E37*R37 -> 0.14472 | U37: =E37*T37 -> 0 | V37: =R37+T37 -> 12 | W37: =E37*V37 -> 0.14472
A38: 28 DN GRİ 7,0 | B38: 140 | C38: 240 | D38: 7 | E38: =(B38*C38*D38)/1000000 -> 0.2352 | F38: ='EKİM 4 HAFTA '!V38 -> 4 | G38: =E38*F38 -> 0.9408 | H38: 0 | I38: =E38*H38 -> 0 | J38: 0 | K38: =E38*J38 -> 0 | L38: 0 | M38: =E38*L38 -> 0 | N38: 0 | O38: =E38*N38 -> 0 | P38: 0 | Q38: =E38*P38 -> 0 | R38: =F38-H38-J38-L38-N38-P38 -> 4 | S38: =E38*R38 -> 0.9408 | U38: =E38*T38 -> 0 | V38: =R38+T38 -> 4 | W38: =E38*V38 -> 0.9408
A39: 18 DN GRİ 60*56*10 | B39: 60 | C39: 56 | D39: 10 | E39: =(B39*C39*D39)/1000000 -> 0.0336 | F39: ='EKİM 4 HAFTA '!V39 -> 0 | G39: =E39*F39 -> 0 | H39: 0 | I39: =E39*H39 -> 0 | J39: 0 | K39: =E39*J39 -> 0 | L39: 0 | M39: =E39*L39 -> 0 | N39: 0 | O39: =E39*N39 -> 0 | P39: 0 | Q39: =E39*P39 -> 0 | R39: =F39-H39-J39-L39-N39-P39 -> 0 | S39: =E39*R39 -> 0 | U39: =E39*T39 -> 0 | V39: =R39+T39 -> 0 | W39: =E39*V39 -> 0
A40: 18 DN GRİ 58*55*10 | B40: 58 | C40: 55 | D40: 10 | E40: =(B40*C40*D40)/1000000 -> 0.0319 | F40: ='EKİM 4 HAFTA '!V40 -> 0 | G40: =E40*F40 -> 0 | H40: 0 | I40: =E40*H40 -> 0 | J40: 0 | K40: =E40*J40 -> 0 | L40: 0 | M40: =E40*L40 -> 0 | N40: 0 | O40: =E40*N40 -> 0 | P40: 0 | Q40: =E40*P40 -> 0 | R40: =F40-H40-J40-L40-N40-P40 -> 0 | S40: =E40*R40 -> 0 | U40: =E40*T40 -> 0 | V40: =R40+T40 -> 0 | W40: =E40*V40 -> 0
A41: 32 DN SOFT GRİ63*55*5,0 | B41: 63 | C41: 55 | D41: 5 | E41: =(B41*C41*D41)/1000000 -> 0.017325 | F41: ='EKİM 4 HAFTA '!V41 -> 10 | G41: =E41*F41 -> 0.17325 | H41: 0 | I41: =E41*H41 -> 0 | J41: 0 | K41: =E41*J41 -> 0 | L41: 0 | M41: =E41*L41 -> 0 | N41: 0 | O41: =E41*N41 -> 0 | P41: 0 | Q41: =E41*P41 -> 0 | R41: =F41-H41-J41-L41-N41-P41 -> 10 | S41: =E41*R41 -> 0.17325 | U41: =E41*T41 -> 0 | V41: =R41+T41 -> 10 | W41: =E41*V41 -> 0.17325
A42: 28 DN GRİ 52*52*5,0 | B42: 52 | C42: 52 | D42: 5 | E42: =(B42*C42*D42)/1000000 -> 0.01352 | F42: ='EKİM 4 HAFTA '!V42 -> 0 | G42: =E42*F42 -> 0 | H42: 0 | I42: =E42*H42 -> 0 | J42: 0 | K42: =E42*J42 -> 0 | L42: 0 | M42: =E42*L42 -> 0 | N42: 0 | O42: =E42*N42 -> 0 | P42: 0 | Q42: =E42*P42 -> 0 | R42: =F42-H42-J42-L42-N42-P42 -> 0 | S42: =E42*R42 -> 0 | U42: =E42*T42 -> 0 | V42: =R42+T42 -> 0 | W42: =E42*V42 -> 0
A43: 28 DN SOFT GRİ 80*70*8,0 | B43: 80 | C43: 70 | D43: 8 | E43: =(B43*C43*D43)/1000000 -> 0.0448 | F43: ='EKİM 4 HAFTA '!V43 -> 359 | G43: =E43*F43 -> 16.0832 | H43: 0 | I43: =E43*H43 -> 0 | J43: 0 | K43: =E43*J43 -> 0 | L43: 0 | M43: =E43*L43 -> 0 | N43: 0 | O43: =E43*N43 -> 0 | P43: 0 | Q43: =E43*P43 -> 0 | R43: =F43-H43-J43-L43-N43-P43 -> 359 | S43: =E43*R43 -> 16.0832 | U43: =E43*T43 -> 0 | V43: =R43+T43 -> 359 | W43: =E43*V43 -> 16.0832
A44: 28 SOFT GRİ 70*64*8,0 | B44: 70 | C44: 64 | D44: 8 | E44: =(B44*C44*D44)/1000000 -> 0.03584 | F44: ='EKİM 4 HAFTA '!V44 -> 390 | G44: =E44*F44 -> 13.9776 | H44: 0 | I44: =E44*H44 -> 0 | J44: 0 | K44: =E44*J44 -> 0 | L44: 0 | M44: =E44*L44 -> 0 | N44: 0 | O44: =E44*N44 -> 0 | P44: 0 | Q44: =E44*P44 -> 0 | R44: =F44-H44-J44-L44-N44-P44 -> 390 | S44: =E44*R44 -> 13.9776 | U44: =E44*T44 -> 0 | V44: =R44+T44 -> 390 | W44: =E44*V44 -> 13.9776
A45: 28 SOFT GRİ 75*70*8,0 | B45: 75 | C45: 70 | D45: 8 | E45: =(B45*C45*D45)/1000000 -> 0.042 | F45: ='EKİM 4 HAFTA '!V45 -> 258 | G45: =E45*F45 -> 10.836 | H45: 0 | I45: =E45*H45 -> 0 | J45: 0 | K45: =E45*J45 -> 0 | L45: 0 | M45: =E45*L45 -> 0 | N45: 0 | O45: =E45*N45 -> 0 | P45: 0 | Q45: =E45*P45 -> 0 | R45: =F45-H45-J45-L45-N45-P45 -> 258 | S45: =E45*R45 -> 10.836 | U45: =E45*T45 -> 0 | V45: =R45+T45 -> 258 | W45: =E45*V45 -> 10.836
A46: 24 DN GRİ 142*67*5,0 | B46: 140 | C46: 67 | D46: 5 | E46: =(B46*C46*D46)/1000000 -> 0.0469 | F46: ='EKİM 4 HAFTA '!V46 -> 500 | G46: =E46*F46 -> 23.45 | H46: 0 | I46: =E46*H46 -> 0 | J46: 0 | K46: =E46*J46 -> 0 | L46: 0 | M46: =E46*L46 -> 0 | N46: 0 | O46: =E46*N46 -> 0 | P46: 0 | Q46: =E46*P46 -> 0 | R46: =F46-H46-J46-L46-N46-P46 -> 500 | S46: =E46*R46 -> 23.45 | U46: =E46*T46 -> 0 | V46: =R46+T46 -> 500 | W46: =E46*V46 -> 23.45
... A64: 22 DN 140*9,5*6,5 CEZAR | B64: 140 | C64: 9.5 | D64: 6.5 | E64: =(B64*C64*D64)/1000000 -> 0.008645 | F64: ='EKİM 4 HAFTA '!V64 -> 0 | G64: =E64*F64 -> 0 | H64: 0 | I64: =E64*H64 -> 0 | J64: 0 | K64: =E64*J64 -> 0 | L64: 0 | M64: =E64*L64 -> 0 | N64: 0 | O64: =E64*N64 -> 0 | P64: 0 | Q64: =E64*P64 -> 0 | R64: =F64-H64-J64-L64-N64-P64 -> 0 | S64: =E64*R64 -> 0 | U64: =E64*T64 -> 0 | V64: =R64+T64 -> 0 | W64: =E64*V64 -> 0
A65: 24 DN 90*83*2 K.TÜY | B65: 90 | C65: 83 | D65: 2 | E65: =(B65*C65*D65)/1000000 -> 0.01494 | F65: ='EKİM 4 HAFTA '!V65 -> 274 | G65: =E65*F65 -> 4.09356 | H65: 0 | I65: =E65*H65 -> 0 | J65: 0 | K65: =E65*J65 -> 0 | L65: 0 | M65: =E65*L65 -> 0 | N65: 0 | O65: =E65*N65 -> 0 | P65: 0 | Q65: =E65*P65 -> 0 | R65: =F65-H65-J65-L65-N65-P65 -> 274 | S65: =E65*R65 -> 4.09356 | T65: 0 | U65: =E65*T65 -> 0 | V65: =R65+T65 -> 274 | W65: =E65*V65 -> 4.09356
A66: 24 DN 92*82*2 K.TÜY | B66: 92 | C66: 82 | D66: 2 | E66: =(B66*C66*D66)/1000000 -> 0.015088 | F66: ='EKİM 4 HAFTA '!V66 -> 262 | G66: =E66*F66 -> 3.953056 | H66: 0 | I66: =E66*H66 -> 0 | J66: 0 | K66: =E66*J66 -> 0 | L66: 0 | M66: =E66*L66 -> 0 | N66: 0 | O66: =E66*N66 -> 0 | P66: 0 | Q66: =E66*P66 -> 0 | R66: =F66-H66-J66-L66-N66-P66 -> 262 | S66: =E66*R66 -> 3.953056 | T66: 0 | U66: =E66*T66 -> 0 | V66: =R66+T66 -> 262 | W66: =E66*V66 -> 3.953056
A67: 24 DN K.T 82*80*2 | B67: 82 | C67: 80 | D67: 2 | E67: =(B67*C67*D67)/1000000 -> 0.01312 | F67: ='EKİM 4 HAFTA '!V67 -> 175 | G67: =E67*F67 -> 2.296 | H67: 0 | I67: =E67*H67 -> 0 | J67: 0 | K67: =E67*J67 -> 0 | L67: 0 | M67: =E67*L67 -> 0 | N67: 0 | O67: =E67*N67 -> 0 | P67: 0 | Q67: =E67*P67 -> 0 | R67: =F67-H67-J67-L67-N67-P67 -> 175 | S67: =E67*R67 -> 2.296 | U67: =Q67*T67 -> 0 | V67: =R67+T67 -> 175 | W67: =E67*V67 -> 2.296
A68: 24 DN K.T 86*77*8 | B68: 86 | C68: 77 | D68: 8 | E68: =(B68*C68*D68)/1000000 -> 0.052976 | F68: ='EKİM 4 HAFTA '!V68 -> 32 | G68: =E68*F68 -> 1.695232 | H68: 0 | I68: =E68*H68 -> 0 | J68: 0 | K68: =E68*J68 -> 0 | L68: 0 | M68: 0 | N68: 0 | O68: =E68*N68 -> 0 | P68: 0 | Q68: =E68*P68 -> 0 | R68: =F68-H68-J68-L68-N68-P68 -> 32 | S68: =E68*R68 -> 1.695232 | U68: =Q68*T68 -> 0 | V68: =R68+T68 -> 32 | W68: =E68*V68 -> 1.695232
A69: 24 DN K.T 76*75*8 | B69: 76 | C69: 75 | D69: 8 | E69: =(B69*C69*D69)/1000000 -> 0.0456 | F69: ='EKİM 4 HAFTA '!V69 -> 50 | G69: =E69*F69 -> 2.28 | H69: 0 | I69: =E69*H69 -> 0 | J69: 0 | K69: =E69*J69 -> 0 | L69: 0 | M69: =E69*L69 -> 0 | N69: 0 | O69: =E69*N69 -> 0 | P69: 0 | Q69: =E69*P69 -> 0 | R69: =F69-H69-J69-L69-N69-P69 -> 50 | S69: =E69*R69 -> 2.28 | U69: =Q69*T69 -> 0 | V69: =R69+T69 -> 50 | W69: =E69*V69 -> 2.28
A70: 28 DN SOFT 12,0 | B70: 140 | C70: 240 | D70: 12 | E70: =(B70*C70*D70)/1000000 -> 0.4032 | F70: ='EKİM 4 HAFTA '!V70 -> 4 | G70: =E70*F70 -> 1.6128 | H70: 0 | I70: =E70*H70 -> 0 | J70: 0 | K70: =E70*J70 -> 0 | L70: 0 | M70: =I70*L70 -> 0 | N70: 0 | O70: =E70*N70 -> 0 | P70: 0 | Q70: =E70*P70 -> 0 | R70: =F70-H70-J70-L70-N70-P70 -> 4 | S70: =E70*R70 -> 1.6128 | U70: =Q70*T70 -> 0 | V70: =R70+T70 -> 4 | W70: =E70*V70 -> 1.6128
A71: 32 DN GRİ 2,0 | B71: 140 | C71: 240 | D71: 2 | E71: =(B71*C71*D71)/1000000 -> 0.0672 | F71: ='EKİM 4 HAFTA '!V71 -> 82 | G71: =E71*F71 -> 5.5104 | H71: 0 | I71: =E71*H71 -> 0 | J71: 0 | K71: =E71*J71 -> 0 | L71: 0 | M71: =E71*L71 -> 0 | N71: 0 | O71: =E71*N71 -> 0 | P71: 0 | Q71: =E71*P71 -> 0 | R71: =F71-H71-J71-L71-N71-P71 -> 82 | S71: =E71*R71 -> 5.5104 | T71: 0 | U71: =E71*T71 -> 0 | V71: =R71+T71 -> 82 | W71: =E71*V71 -> 5.5104
A72: 32 DN GRİ 61*61*3,0 | B72: 61 | C72: 61 | D72: 3 | E72: =(B72*C72*D72)/1000000 -> 0.011163 | F72: ='EKİM 4 HAFTA '!V72 -> 292 | G72: =E72*F72 -> 3.259596 | H72: 0 | I72: =E72*H72 -> 0 | J72: 0 | K72: =E72*J72 -> 0 | L72: 0 | M72: =E72*L72 -> 0 | N72: 0 | O72: =E72*N72 -> 0 | P72: 0 | Q72: =E72*P72 -> 0 | R72: =F72-H72-J72-L72-N72-P72 -> 292 | S72: =E72*R72 -> 3.259596 | T72: 0 | U72: =E72*T72 -> 0 | V72: =R72+T72 -> 292 | W72: =E72*V72 -> 3.259596

Sheet AĞUSTOS 5. HAFTA
A1: SÜNGER | B1: AĞUSTOS 5. HAFTA
A2: ÜRÜN ADI | F2: DEVİR STOK | H2: 44798 | J2: 44799 | L2: 44802 | N2: 44803 | P2: 44804 | R2: 44805 | T2: 44806 | V2: KALAN STOK | X2: STOK GİRİŞİ | Z2: TOPLAM STOK MİKTARI
H3: STOK ÇIKIŞI | J3: STOK ÇIKIŞI | L3: STOK ÇIKIŞI | N3: STOK ÇIKIŞI | P3: STOK ÇIKIŞI | R3: STOK ÇIKIŞI | T3: STOK ÇIKIŞI
B4: EN | C4: BOY | D4: YÜKS | E4: br m³ | F4: PLAKA ADET | H4: PLAKA ADET | J4: PLAKA ADET | L4: PLAKA ADET | N4: PLAKA ADET | P4: PLAKA ADET | R4: PLAKA ADET | T4: PLAKA ADET | V4: PLAKA ADET | X4: PLAKA ADET | Z4: PLAKA ADET
A5: 22 DN GRİ 1,0 | B5: 140 | C5: 240 | D5: 1 | E5: =(B5*C5*D5)/1000000 -> 0.0336 | F5: 14 | G5: =E5*F5 -> 0.4704 | H5: 14 | I5: =E5*H5 -> 0.4704 | J5: 1 | K5: =E5*J5 -> 0.0336 | L5: 29 | M5: =E5*L5 -> 0.9744 | N5: 27 | O5: =E5*N5 -> 0.9072 | P5: 48 | Q5: =E5*P5 -> 1.6128 | R5: 33 | S5: =E5*R5 -> 1.1088 | U5: =E5*T5 -> 0 | V5: =F5-H5-J5-L5-N5-P5-R5-T5 -> -138 | W5: =E5*V5 -> -4.6368 | X5: 618 | Y5: =E5*X5 -> 20.7648 | Z5: =V5+X5 -> 480 | AA5: =I5*Z5 -> 225.792 | AB5: =+R5+T5 -> 33
A6: 14 DN BEYAZ 0,8 | B6: 140 | C6: 240 | D6: 0.8 | E6: =(B6*C6*D6)/1000000 -> 0.02688 | F6: 569 | G6: =E6*F6 -> 15.29472 | I6: =E6*H6 -> 0 | K6: =E6*J6 -> 0 | M6: =E6*L6 -> 0 | O6: =E6*N6 -> 0 | P6: 6 | Q6: =E6*P6 -> 0.16128 | R6: 3 | S6: =E6*R6 -> 0.08064 | U6: =E6*T6 -> 0 | V6: =F6-H6-J6-L6-N6-P6-R6-T6 -> 560 | W6: =E6*V6 -> 15.0528 | Y6: =E6*X6 -> 0 | Z6: =V6+X6 -> 560 | AA6: =E6*Z6 -> 15.0528 | AB6: =+R6+T6 -> 3
A7: 14 DN BEYAZ 1,4 | B7: 140 | C7: 240 | D7: 1.4 | E7: =(B7*C7*D7)/1000000 -> 0.04704 | F7: 402 | G7: =E7*F7 -> 18.91008 | H7: 1 | I7: =E7*H7 -> 0.04704 | J7: 20 | K7: =E7*J7 -> 0.9408 | L7: 36 | M7: =E7*L7 -> 1.69344 | N7: 6 | O7: =E7*N7 -> 0.28224 | P7: 5 | Q7: =E7*P7 -> 0.2352 | R7: 27 | S7: =E7*R7 -> 1.27008 | U7: =E7*T7 -> 0 | V7: =F7-H7-J7-L7-N7-P7-R7-T7 -> 307 | W7: =E7*V7 -> 14.44128 | Y7: =E7*X7 -> 0 | Z7: =V7+X7 -> 307 | AA7: =E7*Z7 -> 14.44128 | AB7: =+R7+T7 -> 27
A8: 22 DN GRİ 4,0 | B8: 140 | C8: 240 | D8: 4 | E8: =(B8*C8*D8)/1000000 -> 0.1344 | F8: 59 | G8: =E8*F8 -> 7.9296 | H8: 1 | I8: =E8*H8 -> 0.1344 | K8: =E8*J8 -> 0 | M8: =E8*L8 -> 0 | O8: =E8*N8 -> 0 | P8: 2 | Q8: =E8*P8 -> 0.2688 | S8: =E8*R8 -> 0 | U8: =E8*T8 -> 0 | V8: =F8-H8-J8-L8-N8-P8-R8-T8 -> 56 | W8: =E8*V8 -> 7.5264 | Y8: =E8*X8 -> 0 | Z8: =V8+X8 -> 56 | AA8: =E8*Z8 -> 7.5264 | AB8: =+R8+T8 -> 0
A9: 22 DN GRİ 2,0 | B9: 140 | C9: 240 | D9: 2 | E9: =(B9*C9*D9)/1000000 -> 0.0672 | F9: 134 | G9: =E9*F9 -> 9.0048 | H9: 3 | I9: =E9*H9 -> 0.2016 | K9: =E9*J9 -> 0 | L9: 1 | M9: =E9*L9 -> 0.0672 | O9: =E9*N9 -> 0 | P9: 12 | Q9: =E9*P9 -> 0.8064 | S9: =E9*R9 -> 0 | U9: =E9*T9 -> 0 | V9: =F9-H9-J9-L9-N9-P9-R9-T9 -> 118 | W9: =E9*V9 -> 7.9296 | X9: 33 | Y9: =E9*X9 -> 2.2176 | Z9: =V9+X9 -> 151 | AA9: =E9*Z9 -> 10.1472 | AB9: =+R9+T9 -> 0
A10: 24 DN KUŞTÜYÜ 2 ,0 | B10: 140 | C10: 240 | D10: 2 | E10: =(B10*C10*D10)/1000000 -> 0.0672 | F10: 0 | G10: =E10*F10 -> 0 | H10: 0 | I10: =E10*H10 -> 0 | K10: =E10*J10 -> 0 | L10: 26 | M10: =E10*L10 -> 1.7472 | O10: =E10*N10 -> 0 | Q10: =E10*P10 -> 0 | R10: 14 | S10: =E10*R10 -> 0.9408 | U10: =E10*T10 -> 0 | V10: =F10-H10-J10-L10-N10-P10-R10-T10 -> -40 | W10: =E10*V10 -> -2.688 | X10: 100 | Y10: =E10*X10 -> 6.72 | Z10: =V10+X10 -> 60 | AA10: =E10*Z10 -> 4.032 | AB10: =+R10+T10 -> 14
A11: 30 DN LÜKS BEYAZ 7,0 | B11: 140 | C11: 240 | D11: 7 | E11: =(B11*C11*D11)/1000000 -> 0.2352 | F11: 9 | G11: =E11*F11 -> 2.1168 | I11: =E11*H11 -> 0 | K11: =E11*J11 -> 0 | M11: =E11*L11 -> 0 | O11: =E11*N11 -> 0 | Q11: =E11*P11 -> 0 | S11: =E11*R11 -> 0 | U11: =E11*T11 -> 0 | V11: =F11-H11-J11-L11-N11-P11-R11-T11 -> 9 | W11: =E11*V11 -> 2.1168 | Y11: =E11*X11 -> 0 | Z11: =V11+X11 -> 9 | AA11: =E11*Z11 -> 2.1168 | AB11: =+R11+T11 -> 0
A12: 24 DN KUŞTÜYÜ 5 ,0 | B12: 140 | C12: 240 | D12: 5 | E12: =(B12*C12*D12)/1000000 -> 0.168 | F12: 23 | G12: =E12*F12 -> 3.864 | H12: 16 | I12: =E12*H12 -> 2.688 | J12: 3 | K12: =E12*J12 -> 0.504 | M12: =E12*L12 -> 0 | O12: =E12*N12 -> 0 | P12: 4 | Q12: =E12*P12 -> 0.672 | S12: =E12*R12 -> 0 | U12: =E12*T12 -> 0 | V12: =F12-H12-J12-L12-N12-P12-R12-T12 -> 0 | W12: =E12*V12 -> 0 | Y12: =E12*X12 -> 0 | Z12: =V12+X12 -> 0 | AA12: =E12*Z12 -> 0 | AB12: =+R12+T12 -> 0
A13: 28 DN GRİ SOFT 5,0 | B13: 140 | C13: 240 | D13: 5 | E13: =(B13*C13*D13)/1000000 -> 0.168 | F13: 52 | G13: =E13*F13 -> 8.736 | H13: 1 | I13: =E13*H13 -> 0.168 | K13: =E13*J13 -> 0 | M13: =E13*L13 -> 0 | O13: =E13*N13 -> 0 | Q13: =E13*P13 -> 0 | S13: =E13*R13 -> 0 | U13: =E13*T13 -> 0 | V13: =F13-H13-J13-L13-N13-P13-R13-T13 -> 51 | W13: =E13*V13 -> 8.568 | Y13: =E13*X13 -> 0 | Z13: =V13+X13 -> 51 | AA13: =E13*Z13 -> 8.568 | AB13: =+R13+T13 -> 0
A14: 28 DN GRİ 5,0 | B14: 140 | C14: 240 | D14: 5 | E14: =(B14*C14*D14)/1000000 -> 0.168 | F14: 10 | G14: =E14*F14 -> 1.68 | I14: =E14*H14 -> 0 | K14: =E14*J14 -> 0 | M14: =E14*L14 -> 0 | O14: =E14*N14 -> 0 | Q14: =E14*P14 -> 0 | R14: 11 | S14: =E14*R14 -> 1.848 | U14: =E14*T14 -> 0 | V14: =F14-H14-J14-L14-N14-P14-R14-T14 -> -1 | W14: =E14*V14 -> -0.168 | X14: 100 | Y14: =E14*X14 -> 16.8 | Z14: =V14+X14 -> 99 | AA14: =E14*Z14 -> 16.632 | AB14: =+R14+T14 -> 11
A15: 28 DN SOFT 10 | B15: 140 | C15: 240 | D15: 10 | E15: =(B15*C15*D15)/1000000 -> 0.336 | F15: 11 | G15: =E15*F15 -> 3.696 | I15: =E15*H15 -> 0 | K15: =E15*J15 -> 0 | M15: =E15*L15 -> 0 | O15: =E15*N15 -> 0 | P15: 2 | Q15: =E15*P15 -> 0.672 | S15: =E15*R15 -> 0 | T15: 1 | U15: =E15*T15 -> 0.336 | V15: =F15-H15-J15-L15-N15-P15-R15-T15 -> 8 | W15: =E15*V15 -> 2.688 | Y15: =E15*X15 -> 0 | Z15: =V15+X15 -> 8 | AA15: =E15*Z15 -> 2.688 | AB15: =+R15+T15 -> 1
A16: 22 DN GRİ 3,0 | B16: 140 | C16: 240 | D16: 3 | E16: =(B16*C16*D16)/1000000 -> 0.1008 | F16: 82 | G16: =E16*F16 -> 8.2656 | H16: 1 | I16: =E16*H16 -> 0.1008 | K16: =E16*J16 -> 0 | M16: =E16*L16 -> 0 | O16: =E16*N16 -> 0 | P16: 3 | Q16: =E16*P16 -> 0.3024 | S16: =E16*R16 -> 0 | T16: 5 | U16: =E16*T16 -> 0.504 | V16: =F16-H16-J16-L16-N16-P16-R16-T16 -> 73 | W16: =E16*V16 -> 7.3584 | Y16: =E16*X16 -> 0 | Z16: =V16+X16 -> 73 | AA16: =E16*Z16 -> 7.3584 | AB16: =+R16+T16 -> 5
A17: 22 DN GRİ 5,0 | B17: 140 | C17: 240 | D17: 5 | E17: =(B17*C17*D17)/1000000 -> 0.168 | F17: 60 | G17: =E17*F17 -> 10.08 | I17: =E17*H17 -> 0 | K17: =E17*J17 -> 0 | M17: =E17*L17 -> 0 | O17: =E17*N17 -> 0 | P17: 17 | Q17: =E17*P17 -> 2.856 | S17: =E17*R17 -> 0 | U17: =E17*T17 -> 0 | V17: =F17-H17-J17-L17-N17-P17-R17-T17 -> 43 | W17: =E17*V17 -> 7.224 | Y17: =E17*X17 -> 0 | Z17: =V17+X17 -> 43 | AA17: =E17*Z17 -> 7.224 | AB17: =+R17+T17 -> 0
A18: 28 DN GRİ 3,0 | B18: 140 | C18: 240 | D18: 3 | E18: =(B18*C18*D18)/1000000 -> 0.1008 | F18: 0 | G18: =E18*F18 -> 0 | I18: =E18*H18 -> 0 | J18: 0 | K18: =E18*J18 -> 0 | L18: 0 | M18: =E18*L18 -> 0 | N18: 113 | O18: =E18*N18 -> 11.3904 | Q18: =E18*P18 -> 0 | R18: 16 | S18: =E18*R18 -> 1.6128 | U18: =E18*T18 -> 0 | V18: =F18-H18-J18-L18-N18-P18-R18-T18 -> -129 | W18: =E18*V18 -> -13.0032 | X18: 347 | Y18: =E18*X18 -> 34.9776 | Z18: =V18+X18 -> 218 | AA18: =E18*Z18 -> 21.9744 | AB18: =+R18+T18 -> 16
A19: 24 DN KUŞTÜYÜ 8,0 | B19: 140 | C19: 240 | D19: 8 | E19: =(B19*C19*D19)/1000000 -> 0.2688 | F19: 0 | G19: =E19*F19 -> 0 | I19: =E19*H19 -> 0 | K19: =E19*J19 -> 0 | M19: =E19*L19 -> 0 | O19: =E19*N19 -> 0 | P19: 3 | Q19: =E19*P19 -> 0.8064 | S19: =E19*R19 -> 0 | U19: =E19*T19 -> 0 | V19: =F19-H19-J19-L19-N19-P19-R19-T19 -> -3 | W19: =E19*V19 -> -0.8064 | X19: 20 | Y19: =E19*X19 -> 5.376 | Z19: =V19+X19 -> 17 | AA19: =E19*Z19 -> 4.5696 | AB19: =+R19+T19 -> 0
A20: 28 DN SOFT 8,0 | B20: 140 | C20: 240 | D20: 8 | E20: =(B20*C20*D20)/1000000 -> 0.2688 | F20: 0 | G20: =E20*F20 -> 0 | I20: =E20*H20 -> 0 | K20: =E20*J20 -> 0 | M20: =E20*L20 -> 0 | O20: =E20*N20 -> 0 | Q20: =E20*P20 -> 0 | S20: =E20*R20 -> 0 | U20: =E20*T20 -> 0 | V20: =F20-H20-J20-L20-N20-P20-R20-T20 -> 0 | W20: =E20*V20 -> 0 | Y20: =E20*X20 -> 0 | Z20: =V20+X20 -> 0 | AA20: =E20*Z20 -> 0 | AB20: =+R20+T20 -> 0
A21: 22 DN 77*55*8,0 | B21: 77 | C21: 55 | D21: 8 | E21: =(B21*C21*D21)/1000000 -> 0.03388 | F21: 4 | G21: =E21*F21 -> 0.13552 | I21: =E21*H21 -> 0 | K21: =E21*J21 -> 0 | M21: =E21*L21 -> 0 | O21: =E21*N21 -> 0 | Q21: =E21*P21 -> 0 | S21: =E21*R21 -> 0 | U21: =E21*T21 -> 0 | V21: =F21-H21-J21-L21-N21-P21-R21-T21 -> 4 | W21: =E21*V21 -> 0.13552 | Y21: =E21*X21 -> 0 | Z21: =V21+X21 -> 4 | AA21: =E21*Z21 -> 0.13552 | AB21: =+R21+T21 -> 0
A22: 32 DN 65*50*12 | B22: 65 | C22: 50 | D22: 12 | E22: =(B22*C22*D22)/1000000 -> 0.039 | F22: 26 | G22: =E22*F22 -> 1.014 | I22: =E22*H22 -> 0 | K22: =E22*J22 -> 0 | M22: =E22*L22 -> 0 | O22: =E22*N22 -> 0 | Q22: =E22*P22 -> 0 | S22: =E22*R22 -> 0 | U22: =E22*T22 -> 0 | V22: =F22-H22-J22-L22-N22-P22-R22-T22 -> 26 | W22: =E22*V22 -> 1.014 | Y22: =E22*X22 -> 0 | Z22: =V22+X22 -> 26 | AA22: =E22*Z22 -> 1.014 | AB22: =+R22+T22 -> 0
A23: SİLİNDİR | E23: =(B23*C23*D23)/1000000 -> 0 | F23: 74 | G23: =E23*F23 -> 0 | I23: =E23*H23 -> 0 | K23: =E23*J23 -> 0 | M23: =E23*L23 -> 0 | O23: =E23*N23 -> 0 | Q23: =E23*P23 -> 0 | S23: =E23*R23 -> 0 | U23: =E23*T23 -> 0 | V23: =F23-H23-J23-L23-N23-P23-R23-T23 -> 74 | W23: =E23*V23 -> 0 | Y23: =E23*X23 -> 0 | Z23: =V23+X23 -> 74 | AA23: =E23*Z23 -> 0 | AB23: =+R23+T23 -> 0
A24: 32 DN 66*56*12 | B24: 66 | C24: 56 | D24: 12 | E24: =(B24*C24*D24)/1000000 -> 0.044352 | F24: 28 | G24: =E24*F24 -> 1.241856 | I24: =E24*H24 -> 0 | K24: =E24*J24 -> 0 | M24: =E24*L24 -> 0 | O24: =E24*N24 -> 0 | Q24: =E24*P24 -> 0 | S24: =E24*R24 -> 0 | U24: =E24*T24 -> 0 | V24: =F24-H24-J24-L24-N24-P24-R24-T24 -> 28 | W24: =E24*V24 -> 1.241856 | Y24: =E24*X24 -> 0 | Z24: =V24+X24 -> 28 | AA24: =E24*Z24 -> 1.241856 | AB24: =+R24+T24 -> 0
A25: 32 DN 61,5*61,5*10 | B25: 61.5 | C25: 61.5 | D25: 10 | E25: =(B25*C25*D25)/1000000 -> 0.0378225 | F25: 30 | G25: =E25*F25 -> 1.134675 | I25: =E25*H25 -> 0 | K25: =E25*J25 -> 0 | M25: =E25*L25 -> 0 | O25: =E25*N25 -> 0 | P25: 30 | Q25: =E25*P25 -> 1.134675 | S25: =E25*R25 -> 0 | U25: =E25*T25 -> 0 | V25: =F25-H25-J25-L25-N25-P25-R25-T25 -> 0 | W25: =E25*V25 -> 0 | Y25: =E25*X25 -> 0 | Z25: =V25+X25 -> 0 | AA25: =E25*Z25 -> 0 | AB25: =+R25+T25 -> 0
A26: 18 DN 82*67*5,0 | B26: 82 | C26: 67 | D26: 5 | E26: =(B26*C26*D26)/1000000 -> 0.02747 | F26: 30 | G26: =E26*F26 -> 0.8241 | I26: =E26*H26 -> 0 | K26: =E26*J26 -> 0 | M26: =E26*L26 -> 0 | O26: =E26*N26 -> 0 | Q26: =E26*P26 -> 0 | S26: =E26*R26 -> 0 | U26: =E26*T26 -> 0 | V26: =F26-H26-J26-L26-N26-P26-R26-T26 -> 30 | W26: =E26*V26 -> 0.8241 | Y26: =E26*X26 -> 0 | Z26: =V26+X26 -> 30 | AA26: =E26*Z26 -> 0.8241 | AB26: =+R26+T26 -> 0
A27: 18 DN 80*62*2,0 | B27: 80 | C27: 62 | D27: 2 | E27: =(B27*C27*D27)/1000000 -> 0.00992 | F27: 36 | G27: =E27*F27 -> 0.35712 | I27: =E27*H27 -> 0 | K27: =E27*J27 -> 0 | M27: =E27*L27 -> 0 | O27: =E27*N27 -> 0 | Q27: =E27*P27 -> 0 | S27: =E27*R27 -> 0 | U27: =E27*T27 -> 0 | V27: =F27-H27-J27-L27-N27-P27-R27-T27 -> 36 | W27: =E27*V27 -> 0.35712 | Y27: =E27*X27 -> 0 | Z27: =V27+X27 -> 36 | AA27: =E27*Z27 -> 0.35712 | AB27: =+R27+T27 -> 0
A28: 32 DN 63*55*5,0 | B28: 63 | C28: 55 | D28: 5 | E28: =(B28*C28*D28)/1000000 -> 0.017325 | F28: 19 | G28: =E28*F28 -> 0.329175 | I28: =E28*H28 -> 0 | K28: =E28*J28 -> 0 | M28: =E28*L28 -> 0 | O28: =E28*N28 -> 0 | Q28: =E28*P28 -> 0 | S28: =E28*R28 -> 0 | U28: =E28*T28 -> 0 | V28: =F28-H28-J28-L28-N28-P28-R28-T28 -> 19 | W28: =E28*V28 -> 0.329175 | Y28: =E28*X28 -> 0 | Z28: =V28+X28 -> 19 | AA28: =E28*Z28 -> 0.329175 | AB28: =+R28+T28 -> 0
A29: 18 DN BEYAZ 5,0 | B29: 140 | C29: 240 | D29: 5 | E29: =(B29*C29*D29)/1000000 -> 0.168 | F29: 7 | G29: =E29*F29 -> 1.176 | I29: =E29*H29 -> 0 | K29: =E29*J29 -> 0 | M29: =E29*L29 -> 0 | O29: =E29*N29 -> 0 | P29: 1 | Q29: =E29*P29 -> 0.168 | S29: =E29*R29 -> 0 | U29: =E29*T29 -> 0 | V29: =F29-H29-J29-L29-N29-P29-R29-T29 -> 6 | W29: =E29*V29 -> 1.008 | Y29: =E29*X29 -> 0 | Z29: =V29+X29 -> 6 | AA29: =E29*Z29 -> 1.008 | AB29: =+R29+T29 -> 0
A30: 15 DN BEYAZ 10 | B30: 140 | C30: 240 | D30: 10 | E30: =(B30*C30*D30)/1000000 -> 0.336 | F30: 11 | G30: =E30*F30 -> 3.696 | I30: =E30*H30 -> 0 | K30: =E30*J30 -> 0 | M30: =E30*L30 -> 0 | O30: =E30*N30 -> 0 | Q30: =E30*P30 -> 0 | S30: =E30*R30 -> 0 | U30: =E30*T30 -> 0 | V30: =F30-H30-J30-L30-N30-P30-R30-T30 -> 11 | W30: =E30*V30 -> 3.696 | Y30: =E30*X30 -> 0 | Z30: =V30+X30 -> 11 | AA30: =E30*Z30 -> 3.696 | AB30: =+R30+T30 -> 0
A31: 22 DN BEYAZ 3,0 | B31: 140 | C31: 240 | D31: 3 | E31: =(B31*C31*D31)/1000000 -> 0.1008 | F31: 40 | G31: =E31*F31 -> 4.032 | I31: =E31*H31 -> 0 | K31: =E31*J31 -> 0 | M31: =E31*L31 -> 0 | N31: 2 | O31: =E31*N31 -> 0.2016 | Q31: =E31*P31 -> 0 | S31: =E31*R31 -> 0 | U31: =E31*T31 -> 0 | V31: =F31-H31-J31-L31-N31-P31-R31-T31 -> 38 | W31: =E31*V31 -> 3.8304 | Y31: =E31*X31 -> 0 | Z31: =V31+X31 -> 38 | AA31: =E31*Z31 -> 3.8304 | AB31: =+R31+T31 -> 0
A32: 28 DN 90*80*8,0 | B32: 90 | C32: 80 | D32: 8 | E32: =(B32*C32*D32)/1000000 -> 0.0576 | F32: 24 | G32: =E32*F32 -> 1.3824 | I32: =E32*H32 -> 0 | K32: =E32*J32 -> 0 | M32: =E32*L32 -> 0 | O32: =E32*N32 -> 0 | Q32: =E32*P32 -> 0 | S32: =E32*R32 -> 0 | U32: =E32*T32 -> 0 | V32: =F32-H32-J32-L32-N32-P32-R32-T32 -> 24 | W32: =E32*V32 -> 1.3824 | Y32: =E32*X32 -> 0 | Z32: =V32+X32 -> 24 | AA32: =E32*Z32 -> 1.3824 | AB32: =+R32+T32 -> 0
A33: 28 DN SOFT 90*80*8,0 | B33: 90 | C33: 80 | D33: 8 | E33: =(B33*C33*D33)/1000000 -> 0.0576 | F33: 7 | G33: =E33*F33 -> 0.4032 | I33: =E33*H33 -> 0 | K33: =E33*J33 -> 0 | M33: =E33*L33 -> 0 | O33: =E33*N33 -> 0 | Q33: =E33*P33 -> 0 | S33: =E33*R33 -> 0 | U33: =E33*T33 -> 0 | V33: =F33-H33-J33-L33-N33-P33-R33-T33 -> 7 | W33: =E33*V33 -> 0.4032 | Y33: =E33*X33 -> 0 | Z33: =V33+X33 -> 7 | AA33: =E33*Z33 -> 0.4032 | AB33: =+R33+T33 -> 0
A34: 22 DN HİLTON OTURK. | E34: =(B34*C34*D34)/1000000 -> 0 | F34: 300 | G34: =E34*F34 -> 0 | I34: =E34*H34 -> 0 | K34: =E34*J34 -> 0 | M34: =E34*L34 -> 0 | O34: =E34*N34 -> 0 | Q34: =E34*P34 -> 0 | S34: =E34*R34 -> 0 | U34: =E34*T34 -> 0 | V34: =F34-H34-J34-L34-N34-P34-R34-T34 -> 300 | W34: =E34*V34 -> 0 | Y34: =E34*X34 -> 0 | Z34: =V34+X34 -> 300 | AA34: =E34*Z34 -> 0 | AB34: =+R34+T34 -> 0
A35: 22 DN 80*66*5,0 | B35: 80 | C35: 66 | D35: 5 | E35: =(B35*C35*D35)/1000000 -> 0.0264 | F35: 56 | G35: =E35*F35 -> 1.4784 | I35: =E35*H35 -> 0 | K35: =E35*J35 -> 0 | M35: =E35*L35 -> 0 | O35: =E35*N35 -> 0 | Q35: =E35*P35 -> 0 | S35: =E35*R35 -> 0 | U35: =E35*T35 -> 0 | V35: =F35-H35-J35-L35-N35-P35-R35-T35 -> 56 | W35: =E35*V35 -> 1.4784 | Y35: =E35*X35 -> 0 | Z35: =V35+X35 -> 56 | AA35: =E35*Z35 -> 1.4784 | AB35: =+R35+T35 -> 0
A36: 22 DN 60*62*5,0 | B36: 60 | C36: 62 | D36: 5 | E36: =(B36*C36*D36)/1000000 -> 0.0186 | F36: 17 | G36: =E36*F36 -> 0.3162 | I36: =E36*H36 -> 0 | K36: =E36*J36 -> 0 | M36: =E36*L36 -> 0 | O36: =E36*N36 -> 0 | Q36: =E36*P36 -> 0 | S36: =E36*R36 -> 0 | U36: =E36*T36 -> 0 | V36: =F36-H36-J36-L36-N36-P36-R36-T36 -> 17 | W36: =E36*V36 -> 0.3162 | Y36: =E36*X36 -> 0 | Z36: =V36+X36 -> 17 | AA36: =E36*Z36 -> 0.3162 | AB36: =+R36+T36 -> 0
A37: 28 DN 60*67*3 | B37: 60 | C37: 67 | D37: 3 | E37: =(B37*C37*D37)/1000000 -> 0.01206 | F37: 62 | G37: =E37*F37 -> 0.74772 | I37: =E37*H37 -> 0 | K37: =E37*J37 -> 0 | M37: =E37*L37 -> 0 | O37: =E37*N37 -> 0 | P37: 50 | Q37: =E37*P37 -> 0.603 | S37: =E37*R37 -> 0 | U37: =E37*T37 -> 0 | V37: =F37-H37-J37-L37-N37-P37-R37-T37 -> 12 | W37: =E37*V37 -> 0.14472 | Y37: =E37*X37 -> 0 | Z37: =V37+X37 -> 12 | AA37: =E37*Z37 -> 0.14472 | AB37: =+R37+T37 -> 0
A38: 28 DN GRİ 7,0 | B38: 140 | C38: 240 | D38: 7 | E38: =(B38*C38*D38)/1000000 -> 0.2352 | F38: 6 | G38: =E38*F38 -> 1.4112 | I38: =E38*H38 -> 0 | K38: =E38*J38 -> 0 | M38: =E38*L38 -> 0 | O38: =E38*N38 -> 0 | P38: 1 | Q38: =E38*P38 -> 0.2352 | S38: =E38*R38 -> 0 | U38: =E38*T38 -> 0 | V38: =F38-H38-J38-L38-N38-P38-R38-T38 -> 5 | W38: =E38*V38 -> 1.176 | Y38: =E38*X38 -> 0 | Z38: =V38+X38 -> 5 | AA38: =E38*Z38 -> 1.176 | AB38: =+R38+T38 -> 0
A39: 18 DN GRİ 60*56*10 | B39: 60 | C39: 56 | D39: 10 | E39: =(B39*C39*D39)/1000000 -> 0.0336 | F39: 30 | G39: =E39*F39 -> 1.008 | I39: =E39*H39 -> 0 | K39: =E39*J39 -> 0 | M39: =E39*L39 -> 0 | O39: =E39*N39 -> 0 | Q39: =E39*P39 -> 0 | S39: =E39*R39 -> 0 | U39: =E39*T39 -> 0 | V39: =F39-H39-J39-L39-N39-P39-R39-T39 -> 30 | W39: =E39*V39 -> 1.008 | Y39: =E39*X39 -> 0 | Z39: =V39+X39 -> 30 | AA39: =E39*Z39 -> 1.008 | AB39: =+R39+T39 -> 0
A40: 18 DN GRİ 58*55*10 | B40: 58 | C40: 55 | D40: 10 | E40: =(B40*C40*D40)/1000000 -> 0.0319 | F40: 66 | G40: =E40*F40 -> 2.1054 | I40: =E40*H40 -> 0 | K40: =E40*J40 -> 0 | M40: =E40*L40 -> 0 | O40: =E40*N40 -> 0 | Q40: =E40*P40 -> 0 | S40: =E40*R40 -> 0 | U40: =E40*T40 -> 0 | V40: =F40-H40-J40-L40-N40-P40-R40-T40 -> 66 | W40: =E40*V40 -> 2.1054 | Y40: =E40*X40 -> 0 | Z40: =V40+X40 -> 66 | AA40: =E40*Z40 -> 2.1054 | AB40: =+R40+T40 -> 0
A41: 32 DN SOFT GRİ63*55*5,0 | B41: 63 | C41: 55 | D41: 5 | E41: =(B41*C41*D41)/1000000 -> 0.017325 | F41: 10 | G41: =E41*F41 -> 0.17325 | I41: =E41*H41 -> 0 | K41: =E41*J41 -> 0 | M41: =E41*L41 -> 0 | O41: =E41*N41 -> 0 | Q41: =E41*P41 -> 0 | S41: =E41*R41 -> 0 | U41: =E41*T41 -> 0 | V41: =F41-H41-J41-L41-N41-P41-R41-T41 -> 10 | W41: =E41*V41 -> 0.17325 | Y41: =E41*X41 -> 0 | Z41: =V41+X41 -> 10 | AA41: =E41*Z41 -> 0.17325 | AB41: =+R41+T41 -> 0
A42: 28 DN GRİ 52*52*5,0 | B42: 52 | C42: 52 | D42: 5 | E42: =(B42*C42*D42)/1000000 -> 0.01352 | F42: 143 | G42: =E42*F42 -> 1.93336 | I42: =E42*H42 -> 0 | K42: =E42*J42 -> 0 | L42: 16 | M42: =E42*L42 -> 0.21632 | O42: =E42*N42 -> 0 | Q42: =E42*P42 -> 0 | S42: =E42*R42 -> 0 | U42: =E42*T42 -> 0 | V42: =F42-H42-J42-L42-N42-P42-R42-T42 -> 127 | W42: =E42*V42 -> 1.71704 | Y42: =E42*X42 -> 0 | Z42: =V42+X42 -> 127 | AA42: =E42*Z42 -> 1.71704 | AB42: =+R42+T42 -> 0
A43: 28 DN SOFT GRİ 80*70*8,0 | B43: 80 | C43: 70 | D43: 8 | E43: =(B43*C43*D43)/1000000 -> 0.0448 | F43: 138 | G43: =E43*F43 -> 6.1824 | I43: =E43*H43 -> 0 | K43: =E43*J43 -> 0 | M43: =E43*L43 -> 0 | O43: =E43*N43 -> 0 | P43: 6 | Q43: =E43*P43 -> 0.2688 | S43: =E43*R43 -> 0 | U43: =E43*T43 -> 0 | V43: =F43-H43-J43-L43-N43-P43-R43-T43 -> 132 | W43: =E43*V43 -> 5.9136 | Y43: =E43*X43 -> 0 | Z43: =V43+X43 -> 132 | AA43: =E43*Z43 -> 5.9136 | AB43: =+R43+T43 -> 0
A44: 28 SOFT GRİ 70*64*8,0 | B44: 70 | C44: 64 | D44: 8 | E44: =(B44*C44*D44)/1000000 -> 0.03584 | F44: 216 | G44: =E44*F44 -> 7.74144 | I44: =E44*H44 -> 0 | K44: =E44*J44 -> 0 | M44: =E44*L44 -> 0 | O44: =E44*N44 -> 0 | Q44: =E44*P44 -> 0 | S44: =E44*R44 -> 0 | U44: =E44*T44 -> 0 | V44: =F44-H44-J44-L44-N44-P44-R44-T44 -> 216 | W44: =E44*V44 -> 7.74144 | Y44: =E44*X44 -> 0 | Z44: =V44+X44 -> 216 | AA44: =E44*Z44 -> 7.74144 | AB44: =+R44+T44 -> 0
A45: 28 SOFT GRİ 75*70*8,0 | B45: 75 | C45: 70 | D45: 8 | E45: =(B45*C45*D45)/1000000 -> 0.042 | F45: 76 | G45: =E45*F45 -> 3.192 | I45: =E45*H45 -> 0 | K45: =E45*J45 -> 0 | M45: =E45*L45 -> 0 | O45: =E45*N45 -> 0 | P45: 8 | Q45: =E45*P45 -> 0.336 | S45: =E45*R45 -> 0 | U45: =E45*T45 -> 0 | V45: =F45-H45-J45-L45-N45-P45-R45-T45 -> 68 | W45: =E45*V45 -> 2.856 | Y45: =E45*X45 -> 0 | Z45: =V45+X45 -> 68 | AA45: =E45*Z45 -> 2.856 | AB45: =+R45+T45 -> 0
A46: 24 DN GRİ 142*67*5,0 | B46: 142 | C46: 67 | D46: 5 | E46: =(B46*C46*D46)/1000000 -> 0.04757 | F46: 756 | G46: =E46*F46 -> 35.96292 | H46: 0 | I46: =E46*H46 -> 0 | J46: 2 | K46: =E46*J46 -> 0.09514 | M46: =E46*L46 -> 0 | O46: =E46*N46 -> 0 | Q46: =E46*P46 -> 0 | S46: =E46*R46 -> 0 | U46: =E46*T46 -> 0 | V46: =F46-H46-J46-L46-N46-P46-R46-T46 -> 754 | W46: =E46*V46 -> 35.86778 | Y46: =E46*X46 -> 0 | Z46: =V46+X46 -> 754 | AA46: =E46*Z46 -> 35.86778 | AB46: =+R46+T46 -> 0
A47: 18 DN GRİ 80*63*5,0 | B47: 80 | C47: 63 | D47: 5 | E47: =(B47*C47*D47)/1000000 -> 0.0252 | F47: 315 | G47: =E47*F47 -> 7.938 | I47: =E47*H47 -> 0 | K47: =E47*J47 -> 0 | M47: =E47*L47 -> 0 | O47: =E47*N47 -> 0 | Q47: =E47*P47 -> 0 | S47: =E47*R47 -> 0 | U47: =E47*T47 -> 0 | V47: =F47-H47-J47-L47-N47-P47-R47-T47 -> 315 | W47: =E47*V47 -> 7.938 | Y47: =E47*X47 -> 0 | Z47: =V47+X47 -> 315 | AA47: =E47*Z47 -> 7.938 | AB47: =+R47+T47 -> 0
A48: 24 KUŞTÜYÜ 77*68*8,0 | B48: 77 | C48: 68 | D48: 8 | E48: =(B48*C48*D48)/1000000 -> 0.041888 | F48: 103 | G48: =E48*F48 -> 4.314464 | I48: =E48*H48 -> 0 | K48: =E48*J48 -> 0 | M48: =E48*L48 -> 0 | O48: =E48*N48 -> 0 | Q48: =E48*P48 -> 0 | S48: =E48*R48 -> 0 | U48: =E48*T48 -> 0 | V48: =F48-H48-J48-L48-N48-P48-R48-T48 -> 103 | W48: =E48*V48 -> 4.314464 | Y48: =E48*X48 -> 0 | Z48: =V48+X48 -> 103 | AA48: =E48*Z48 -> 4.314464 | AB48: =+R48+T48 -> 0
A49: 24 KUŞTÜYÜ 79*79*2,0 | B49: 79 | C49: 79 | D49: 2 | E49: =(B49*C49*D49)/1000000 -> 0.012482 | F49: 48 | G49: =E49*F49 -> 0.599136 | H49: 6 | I49: =E49*H49 -> 0.074892 | K49: =E49*J49 -> 0 | L49: 3 | M49: =E49*L49 -> 0.037446 | O49: =E49*N49 -> 0 | Q49: =E49*P49 -> 0 | S49: =E49*R49 -> 0 | U49: =E49*T49 -> 0 | V49: =F49-H49-J49-L49-N49-P49-R49-T49 -> 39 | W49: =E49*V49 -> 0.486798 | Y49: =E49*X49 -> 0 | Z49: =V49+X49 -> 39 | AA49: =E49*Z49 -> 0.486798 | AB49: =+R49+T49 -> 0
A50: 32 GRİ 61*56*10 | B50: 61 | C50: 56 | D50: 10 | E50: =(B50*C50*D50)/1000000 -> 0.03416 | F50: 30 | G50: =E50*F50 -> 1.0248 | I50: =E50*H50 -> 0 | K50: =E50*J50 -> 0 | L50: 1 | M50: =E50*L50 -> 0.03416 | O50: =E50*N50 -> 0 | P50: 29 | Q50: =E50*P50 -> 0.99064 | S50: =E50*R50 -> 0 | U50: =E50*T50 -> 0 | V50: =F50-H50-J50-L50-N50-P50-R50-T50 -> 0 | W50: =E50*V50 -> 0 | Y50: =E50*X50 -> 0 | Z50: =V50+X50 -> 0 | AA50: =E50*Z50 -> 0 | AB50: =+R50+T50 -> 0
A51: 32 DN GRİ 66*61*10 | B51: 66 | C51: 61 | D51: 10 | E51: =(B51*C51*D51)/1000000 -> 0.04026 | F51: 27 | G51: =E51*F51 -> 1.08702 | I51: =E51*H51 -> 0 | K51: =E51*J51 -> 0 | L51: 1 | M51: =E51*L51 -> 0.04026 | O51: =E51*N51 -> 0 | P51: 26 | Q51: =E51*P51 -> 1.04676 | S51: =E51*R51 -> 0 | U51: =E51*T51 -> 0 | V51: =F51-H51-J51-L51-N51-P51-R51-T51 -> 0 | W51: =E51*V51 -> 0 | Y51: =E51*X51 -> 0 | Z51: =V51+X51 -> 0 | AA51: =E51*Z51 -> 0 | AB51: =+R51+T51 -> 0
A52: 32 GRİ 63*61*10 | B52: 63 | C52: 61 | D52: 10 | E52: =(B52*C52*D52)/1000000 -> 0.03843 | F52: 36 | G52: =E52*F52 -> 1.38348 | I52: =E52*H52 -> 0 | K52: =E52*J52 -> 0 | L52: 1 | M52: =E52*L52 -> 0.03843 | O52: =E52*N52 -> 0 | P52: 35 | Q52: =E52*P52 -> 1.34505 | S52: =E52*R52 -> 0 | U52: =E52*T52 -> 0 | V52: =F52-H52-J52-L52-N52-P52-R52-T52 -> 0 | W52: =E52*V52 -> 0 | Y52: =E52*X52 -> 0 | Z52: =V52+X52 -> 0 | AA52: =E52*Z52 -> 0 | AB52: =+R52+T52 -> 0
A53: 14 DN ELASTİK 58*58*2,3 | B53: 58 | C53: 58 | D53: 2.3 | E53: =(B53*C53*D53)/1000000 -> 0.0077372 | F53: 4016 | G53: =E53*F53 -> 31.072595 | I53: =E53*H53 -> 0 | K53: =E53*J53 -> 0 | M53: =E53*L53 -> 0 | O53: =E53*N53 -> 0 | Q53: =E53*P53 -> 0 | S53: =E53*R53 -> 0 | U53: =E53*T53 -> 0 | V53: =F53-H53-J53-L53-N53-P53-R53-T53 -> 4016 | W53: =E53*V53 -> 31.072595 | Y53: =E53*X53 -> 0 | Z53: =V53+X53 -> 4016 | AA53: =E53*Z53 -> 31.072595 | AB53: =+R53+T53 -> 0
A54: 14 DN ELASTİK 79*62*2,3 | B54: 79 | C54: 62 | D54: 2.3 | E54: =(B54*C54*D54)/1000000 -> 0.0112654 | F54: 3595 | G54: =E54*F54 -> 40.499113 | I54: =E54*H54 -> 0 | K54: =E54*J54 -> 0 | M54: =E54*L54 -> 0 | O54: =E54*N54 -> 0 | Q54: =E54*P54 -> 0 | S54: =E54*R54 -> 0 | U54: =E54*T54 -> 0 | V54: =F54-H54-J54-L54-N54-P54-R54-T54 -> 3595 | W54: =E54*V54 -> 40.499113 | Y54: =E54*X54 -> 0 | Z54: =V54+X54 -> 3595 | AA54: =E54*Z54 -> 40.499113 | AB54: =+R54+T54 -> 0
A55: 18 DN 200*176*2,3 | B55: 200 | C55: 176 | D55: 2.3 | E55: =(B55*C55*D55)/1000000 -> 0.08096 | F55: 0 | G55: =E55*F55 -> 0 | I55: =E55*H55 -> 0 | K55: =E55*J55 -> 0 | M55: =E55*L55 -> 0 | O55: =E55*N55 -> 0 | Q55: =E55*P55 -> 0 | S55: =E55*R55 -> 0 | U55: =E55*T55 -> 0 | V55: =F55-H55-J55-L55-N55-P55-R55-T55 -> 0 | W55: =E55*V55 -> 0 | X55: 1 | Y55: =E55*X55 -> 0.08096 | Z55: =V55+X55 -> 1 | AA55: =E55*Z55 -> 0.08096 | AB55: =+R55+T55 -> 0
A56: 24 KUŞTUYÜ 79*79*2,3 | B56: 79 | C56: 79 | D56: 2.3 | E56: =(B56*C56*D56)/1000000 -> 0.0143543 | F56: 241 | G56: =E56*F56 -> 3.4593863 | I56: =E56*H56 -> 0 | K56: =E56*J56 -> 0 | M56: =E56*L56 -> 0 | O56: =E56*N56 -> 0 | Q56: =E56*P56 -> 0 | S56: =E56*R56 -> 0 | U56: =E56*T56 -> 0 | V56: =F56-H56-J56-L56-N56-P56-R56-T56 -> 241 | W56: =E56*V56 -> 3.4593863 | Y56: =E56*X56 -> 0 | Z56: =V56+X56 -> 241 | AA56: =E56*Z56 -> 3.4593863 | AB56: =+R56+T56 -> 0
A57: 22 SEK.OTURAK SÜN.4,0 | B57: 50 | C57: 45 | D57: 4 | E57: =(B57*C57*D57)/1000000 -> 0.009 | F57: 1000 | G57: =E57*F57 -> 9 | I57: =E57*H57 -> 0 | J57: 50 | K57: =E57*J57 -> 0.45 | L57: 12 | M57: =E57*L57 -> 0.108 | O57: =E57*N57 -> 0 | Q57: =E57*P57 -> 0 | S57: =E57*R57 -> 0 | U57: =E57*T57 -> 0 | V57: =F57-H57-J57-L57-N57-P57-R57-T57 -> 938 | W57: =E57*V57 -> 8.442 | Y57: =E57*X57 -> 0 | Z57: =V57+X57 -> 938 | AA57: =E57*Z57 -> 8.442 | AB57: =+R57+T57 -> 0
A58: 22 SEK.SIRT SÜN.4,0 | B58: 50 | C58: 35 | D58: 4 | E58: =(B58*C58*D58)/1000000 -> 0.007 | F58: 1000 | G58: =E58*F58 -> 7 | I58: =E58*H58 -> 0 | J58: 50 | K58: =E58*J58 -> 0.35 | L58: 12 | M58: =E58*L58 -> 0.084 | O58: =E58*N58 -> 0 | Q58: =E58*P58 -> 0 | S58: =E58*R58 -> 0 | U58: =E58*T58 -> 0 | V58: =F58-H58-J58-L58-N58-P58-R58-T58 -> 938 | W58: =E58*V58 -> 6.566 | Y58: =E58*X58 -> 0 | Z58: =V58+X58 -> 938 | AA58: =E58*Z58 -> 6.566 | AB58: =+R58+T58 -> 0
A59: 22 VEGA OTURAK 3.0 | B59: 45 | C59: 50 | D59: 3 | E59: =(B59*C59*D59)/1000000 -> 0.00675 | F59: 1200 | G59: =E59*F59 -> 8.1 | I59: =E59*H59 -> 0 | K59: =E59*J59 -> 0 | M59: =E59*L59 -> 0 | O59: =E59*N59 -> 0 | Q59: =E59*P59 -> 0 | S59: =E59*R59 -> 0 | U59: =E59*T59 -> 0 | V59: =F59-H59-J59-L59-N59-P59-R59-T59 -> 1200 | W59: =E59*V59 -> 8.1 | Y59: =E59*X59 -> 0 | Z59: =V59+X59 -> 1200 | AA59: =E59*Z59 -> 8.1 | AB59: =+R59+T59 -> 0
A60: 22 VEGA SIRT 3,0 | B60: 50 | C60: 35 | D60: 3 | E60: =(B60*C60*D60)/1000000 -> 0.00525 | F60: 1344 | G60: =E60*F60 -> 7.056 | I60: =E60*H60 -> 0 | K60: =E60*J60 -> 0 | M60: =E60*L60 -> 0 | O60: =E60*N60 -> 0 | Q60: =E60*P60 -> 0 | S60: =E60*R60 -> 0 | U60: =E60*T60 -> 0 | V60: =F60-H60-J60-L60-N60-P60-R60-T60 -> 1344 | W60: =E60*V60 -> 7.056 | Y60: =E60*X60 -> 0 | Z60: =V60+X60 -> 1344 | AA60: =E60*Z60 -> 7.056 | AB60: =+R60+T60 -> 0
A61: 22 KOL ÜSTÜ 4,0 | B61: 42 | C61: 36 | D61: 4 | E61: =(B61*C61*D61)/1000000 -> 0.006048 | F61: 105 | G61: =E61*F61 -> 0.63504 | I61: =E61*H61 -> 0 | K61: =E61*J61 -> 0 | M61: =E61*L61 -> 0 | O61: =E61*N61 -> 0 | P61: 8 | Q61: =E61*P61 -> 0.048384 | S61: =E61*R61 -> 0 | U61: =E61*T61 -> 0 | V61: =F61-H61-J61-L61-N61-P61-R61-T61 -> 97 | W61: =E61*V61 -> 0.586656 | Y61: =E61*X61 -> 0 | Z61: =V61+X61 -> 97 | AA61: =E61*Z61 -> 0.586656 | AB61: =+R61+T61 -> 0
A62: 32 VEGA SIRT 3,0 | B62: 50 | C62: 35 | D62: 3 | E62: =(B62*C62*D62)/1000000 -> 0.00525 | F62: 1950 | G62: =E62*F62 -> 10.2375 | I62: =E62*H62 -> 0 | K62: =E62*J62 -> 0 | M62: =E62*L62 -> 0 | O62: =E62*N62 -> 0 | Q62: =E62*P62 -> 0 | S62: =E62*R62 -> 0 | U62: =E62*T62 -> 0 | V62: =F62-H62-J62-L62-N62-P62-R62-T62 -> 1950 | W62: =E62*V62 -> 10.2375 | Y62: =E62*X62 -> 0 | Z62: =V62+X62 -> 1950 | AA62: =E62*Z62 -> 10.2375 | AB62: =+R62+T62 -> 0
A63: 32 VEGA OTURAK 3,0 | B63: 45 | C63: 50 | D63: 3 | E63: =(B63*C63*D63)/1000000 -> 0.00675 | F63: 1500 | G63: =E63*F63 -> 10.125 | I63: =E63*H63 -> 0 | K63: =E63*J63 -> 0 | M63: =E63*L63 -> 0 | O63: =E63*N63 -> 0 | Q63: =E63*P63 -> 0 | S63: =E63*R63 -> 0 | U63: =E63*T63 -> 0 | V63: =F63-H63-J63-L63-N63-P63-R63-T63 -> 1500 | W63: =E63*V63 -> 10.125 | Y63: =E63*X63 -> 0 | Z63: =V63+X63 -> 1500 | AA63: =E63*Z63 -> 10.125 | AB63: =+R63+T63 -> 0
A64: 22 DN 140*9,5*6,5 | B64: 140 | C64: 9.5 | D64: 6.5 | E64: =(B64*C64*D64)/1000000 -> 0.008645 | F64: 766 | G64: =E64*F64 -> 6.62207 | I64: =E64*H64 -> 0 | K64: =E64*J64 -> 0 | M64: =E64*L64 -> 0 | N64: 52 | O64: =E64*N64 -> 0.44954 | Q64: =E64*P64 -> 0 | S64: =E64*R64 -> 0 | U64: =E64*T64 -> 0 | V64: =F64-H64-J64-L64-N64-P64-R64-T64 -> 714 | W64: =E64*V64 -> 6.17253 | Y64: =E64*X64 -> 0 | Z64: =V64+X64 -> 714 | AA64: =E64*Z64 -> 6.17253 | AB64: =+R64+T64 -> 0
A65: 24 DN 90*83*2 K.TÜY | B65: 90 | C65: 83 | D65: 2 | E65: =(B65*C65*D65)/1000000 -> 0.01494 | F65: 0 | G65: =E65*F65 -> 0 | H65: 0 | I65: =E65*H65 -> 0 | J65: 0 | K65: 0 | L65: 0 | M65: =E65*L65 -> 0 | N65: 0 | O65: =E65*N65 -> 0 | P65: 0 | Q65: =E65*P65 -> 0 | R65: 0 | S65: =E65*R65 -> 0 | T65: 0 | U65: =E65*T65 -> 0 | V65: =F65-H65-J65-L65-N65-P65-R65-T65 -> 0 | W65: =E65*V65 -> 0 | X65: 48 | Y65: =E65*X65 -> 0.71712 | Z65: =V65+X65 -> 48 | AA65: =E65*Z65 -> 0.71712 | AB65: =+R65+T65 -> 0
A66: 24 DN 92*82*2 K.TÜY | B66: 92 | C66: 82 | D66: 2 | E66: =(B66*C66*D66)/1000000 -> 0.015088 | F66: 0 | G66: =E66*F66 -> 0 | I66: =E66*H66 -> 0 | M66: =E66*L66 -> 0 | O66: =E66*N66 -> 0 | Q66: =E66*P66 -> 0 | S66: =E66*R66 -> 0 | T66: 0 | U66: =E66*T66 -> 0 | V66: =F66-H66-J66-L66-N66-P66-R66-T66 -> 0 | X66: 333 | Y66: =E66*X66 -> 5.024304 | Z66: =V66+X66 -> 333 | AA66: =E66*Z66 -> 5.024304 | AB66: =+R66+T66 -> 0
R67: =SUM(R5:R66) -> 104 | T67: =SUM(T5:T66) -> 6 | AB67: =SUM(AB5:AB66) -> 110

Sheet EYLÜL 1. HAFTA
A1: SÜNGER | B1: EYLÜL 1. HAFTA
A2: ÜRÜN ADI | F2: DEVİR STOK | H2: 44809 | J2: 44810 | L2: 44811 | N2: 44812 | P2: 44813 | R2: KALAN STOK | T2: STOK GİRİŞİ | V2: TOPLAM STOK MİKTARI
H3: STOK ÇIKIŞI | J3: STOK ÇIKIŞI | L3: STOK ÇIKIŞI | N3: STOK ÇIKIŞI | P3: STOK ÇIKIŞI
B4: EN | C4: BOY | D4: YÜKS | E4: br m³ | F4: PLAKA ADET | H4: PLAKA ADET | J4: PLAKA ADET | L4: PLAKA ADET | N4: PLAKA ADET | P4: PLAKA ADET | R4: PLAKA ADET | T4: PLAKA ADET | V4: PLAKA ADET
A5: 22 DN GRİ 1,0 | B5: 140 | C5: 240 | D5: 1 | E5: =(B5*C5*D5)/1000000 -> 0.0336 | F5: ='AĞUSTOS 5. HAFTA'!Z5 -> 480 | G5: =E5*F5 -> 16.128 | H5: 0 | I5: =E5*H5 -> 0 | K5: =E5*J5 -> 0 | L5: 5 | M5: 0.168 | N5: 37 | O5: =E5*N5 -> 1.2432 | P5: 19 | Q5: =E5*P5 -> 0.6384 | R5: =F5-H5-J5-L5-N5-P5 -> 419 | S5: =E5*R5 -> 14.0784 | U5: =E5*T5 -> 0 | V5: =R5+T5 -> 419 | W5: =E5*V5 -> 14.0784 | X5: =+H5+J5+L5+N5+P5 -> 61
A6: 14 DN BEYAZ 0,8 | B6: 140 | C6: 240 | D6: 0.8 | E6: =(B6*C6*D6)/1000000 -> 0.02688 | F6: ='AĞUSTOS 5. HAFTA'!Z6 -> 560 | G6: =E6*F6 -> 15.0528 | H6: 36 | I6: =E6*H6 -> 0.96768 | J6: 2 | K6: =E6*J6 -> 0.05376 | L6: 2 | M6: =E6*L6 -> 0.05376 | N6: 18 | O6: =E6*N6 -> 0.48384 | P6: 20 | Q6: =E6*P6 -> 0.5376 | R6: =F6-H6-J6-L6-N6-P6 -> 482 | S6: =E6*R6 -> 12.95616 | U6: =E6*T6 -> 0 | V6: =R6+T6 -> 482 | W6: =E6*V6 -> 12.95616 | X6: =+H6+J6+L6+N6+P6 -> 78
A7: 14 DN BEYAZ 1,4 | B7: 140 | C7: 240 | D7: 1.4 | E7: =(B7*C7*D7)/1000000 -> 0.04704 | F7: ='AĞUSTOS 5. HAFTA'!Z7 -> 307 | G7: =E7*F7 -> 14.44128 | H7: 21 | I7: =E7*H7 -> 0.98784 | J7: 111 | K7: =E7*J7 -> 5.22144 | L7: 58 | M7: =E7*L7 -> 2.72832 | N7: 18 | O7: =E7*N7 -> 0.84672 | P7: 7 | Q7: =E7*P7 -> 0.32928 | R7: =F7-H7-J7-L7-N7-P7 -> 92 | S7: =E7*R7 -> 4.32768 | U7: =E7*T7 -> 0 | V7: =R7+T7 -> 92 | W7: =E7*V7 -> 4.32768 | X7: =+H7+J7+L7+N7+P7 -> 215
A8: 22 DN GRİ 4,0 | B8: 140 | C8: 240 | D8: 4 | E8: =(B8*C8*D8)/1000000 -> 0.1344 | F8: ='AĞUSTOS 5. HAFTA'!Z8 -> 56 | G8: =E8*F8 -> 7.5264 | I8: =E8*H8 -> 0 | K8: =E8*J8 -> 0 | L8: 2 | M8: =E8*L8 -> 0.2688 | N8: 10 | O8: =E8*N8 -> 1.344 | Q8: =E8*P8 -> 0 | R8: =F8-H8-J8-L8-N8-P8 -> 44 | S8: =E8*R8 -> 5.9136 | U8: =E8*T8 -> 0 | V8: =R8+T8 -> 44 | W8: =E8*V8 -> 5.9136 | X8: =+H8+J8+L8+N8+P8 -> 12
A9: 22 DN GRİ 2,0 | B9: 140 | C9: 240 | D9: 2 | E9: =(B9*C9*D9)/1000000 -> 0.0672 | F9: ='AĞUSTOS 5. HAFTA'!Z9 -> 151 | G9: =E9*F9 -> 10.1472 | H9: 151 | I9: =E9*H9 -> 10.1472 | K9: =E9*J9 -> 0 | L9: 3 | M9: =E9*L9 -> 0.2016 | N9: 5 | O9: =E9*N9 -> 0.336 | P9: 13 | Q9: =E9*P9 -> 0.8736 | R9: =F9-H9-J9-L9-N9-P9 -> -21 | S9: =E9*R9 -> -1.4112 | T9: 131 | U9: =E9*T9 -> 8.8032 | V9: =R9+T9 -> 110 | W9: =E9*V9 -> 7.392 | X9: =+H9+J9+L9+N9+P9 -> 172
A10: 24 DN KUŞTÜYÜ 2 ,0 | B10: 140 | C10: 240 | D10: 2 | E10: =(B10*C10*D10)/1000000 -> 0.0672 | F10: ='AĞUSTOS 5. HAFTA'!Z10 -> 60 | G10: =E10*F10 -> 4.032 | I10: =E10*H10 -> 0 | K10: =E10*J10 -> 0 | M10: =E10*L10 -> 0 | O10: =E10*N10 -> 0 | P10: 1 | Q10: =E10*P10 -> 0.0672 | R10: 45 | S10: =E10*R10 -> 3.024 | U10: =E10*T10 -> 0 | V10: =R10+T10 -> 45 | W10: =E10*V10 -> 3.024 | X10: =+H10+J10+L10+N10+P10 -> 1
A11: 30 DN LÜKS BEYAZ 7,0 | B11: 140 | C11: 240 | D11: 7 | E11: =(B11*C11*D11)/1000000 -> 0.2352 | F11: ='AĞUSTOS 5. HAFTA'!Z11 -> 9 | G11: =E11*F11 -> 2.1168 | I11: =E11*H11 -> 0 | K11: =E11*J11 -> 0 | M11: =E11*L11 -> 0 | O11: =E11*N11 -> 0 | Q11: =E11*P11 -> 0 | R11: =F11-H11-J11-L11-N11-P11 -> 9 | S11: =E11*R11 -> 2.1168 | U11: =E11*T11 -> 0 | V11: =R11+T11 -> 9 | W11: =E11*V11 -> 2.1168 | X11: =+H11+J11+L11+N11+P11 -> 0
A12: 24 DN KUŞTÜYÜ 5 ,0 | B12: 140 | C12: 240 | D12: 5 | E12: =(B12*C12*D12)/1000000 -> 0.168 | F12: ='AĞUSTOS 5. HAFTA'!Z12 -> 0 | G12: =E12*F12 -> 0 | I12: =E12*H12 -> 0 | K12: =E12*J12 -> 0 | L12: 2 | M12: =E12*L12 -> 0.336 | N12: 8 | O12: =E12*N12 -> 1.344 | P12: 1 | Q12: =E12*P12 -> 0.168 | R12: =F12-H12-J12-L12-N12-P12 -> -11 | S12: =E12*R12 -> -1.848 | T12: 394 | U12: =E12*T12 -> 66.192 | V12: =R12+T12 -> 383 | W12: =E12*V12 -> 64.344 | X12: =+H12+J12+L12+N12+P12 -> 11
A13: 28 DN GRİ SOFT 5,0 | B13: 140 | C13: 240 | D13: 5 | E13: =(B13*C13*D13)/1000000 -> 0.168 | F13: ='AĞUSTOS 5. HAFTA'!Z13 -> 51 | G13: =E13*F13 -> 8.568 | I13: =E13*H13 -> 0 | K13: =E13*J13 -> 0 | M13: =E13*L13 -> 0 | O13: =E13*N13 -> 0 | Q13: =E13*P13 -> 0 | R13: =F13-H13-J13-L13-N13-P13 -> 51 | S13: =E13*R13 -> 8.568 | U13: =E13*T13 -> 0 | V13: =R13+T13 -> 51 | W13: =E13*V13 -> 8.568 | X13: =+H13+J13+L13+N13+P13 -> 0
A14: 28 DN GRİ 5,0 | B14: 140 | C14: 240 | D14: 5 | E14: =(B14*C14*D14)/1000000 -> 0.168 | F14: ='AĞUSTOS 5. HAFTA'!Z14 -> 99 | G14: =E14*F14 -> 16.632 | H14: 1 | I14: =E14*H14 -> 0.168 | J14: 1 | K14: =E14*J14 -> 0.168 | M14: =E14*L14 -> 0 | N14: 1 | O14: =E14*N14 -> 0.168 | P14: 1 | Q14: =E14*P14 -> 0.168 | R14: =F14-H14-J14-L14-N14-P14 -> 95 | S14: =E14*R14 -> 15.96 | U14: =E14*T14 -> 0 | V14: =R14+T14 -> 95 | W14: =E14*V14 -> 15.96 | X14: =+H14+J14+L14+N14+P14 -> 4
A15: 28 DN SOFT 10 | B15: 140 | C15: 240 | D15: 10 | E15: =(B15*C15*D15)/1000000 -> 0.336 | F15: ='AĞUSTOS 5. HAFTA'!Z15 -> 8 | G15: =E15*F15 -> 2.688 | H15: 1 | I15: =E15*H15 -> 0.336 | K15: =E15*J15 -> 0 | M15: =E15*L15 -> 0 | N15: 2 | O15: =E15*N15 -> 0.672 | P15: 3 | Q15: =E15*P15 -> 1.008 | R15: =F15-H15-J15-L15-N15-P15 -> 2 | S15: =E15*R15 -> 0.672 | T15: 50 | U15: =E15*T15 -> 16.8 | V15: =R15+T15 -> 52 | W15: =E15*V15 -> 17.472 | X15: =+H15+J15+L15+N15+P15 -> 6
A16: 22 DN GRİ 3,0 | B16: 140 | C16: 240 | D16: 3 | E16: =(B16*C16*D16)/1000000 -> 0.1008 | F16: ='AĞUSTOS 5. HAFTA'!Z16 -> 73 | G16: =E16*F16 -> 7.3584 | I16: =E16*H16 -> 0 | J16: 6 | K16: =E16*J16 -> 0.6048 | M16: =E16*L16 -> 0 | N16: 4 | O16: =E16*N16 -> 0.4032 | P16: 6 | Q16: =E16*P16 -> 0.6048 | R16: =F16-H16-J16-L16-N16-P16 -> 57 | S16: =E16*R16 -> 5.7456 | T16: 150 | U16: =E16*T16 -> 15.12 | V16: =R16+T16 -> 207 | W16: =E16*V16 -> 20.8656 | X16: =+H16+J16+L16+N16+P16 -> 16
A17: 22 DN GRİ 5,0 | B17: 140 | C17: 240 | D17: 5 | E17: =(B17*C17*D17)/1000000 -> 0.168 | F17: ='AĞUSTOS 5. HAFTA'!Z17 -> 43 | G17: =E17*F17 -> 7.224 | I17: =E17*H17 -> 0 | K17: =E17*J17 -> 0 | M17: =E17*L17 -> 0 | N17: 3 | O17: =E17*N17 -> 0.504 | P17: 9 | Q17: =E17*P17 -> 1.512 | R17: =F17-H17-J17-L17-N17-P17 -> 31 | S17: =E17*R17 -> 5.208 | U17: =E17*T17 -> 0 | V17: =R17+T17 -> 31 | W17: =E17*V17 -> 5.208 | X17: =+H17+J17+L17+N17+P17 -> 12
A18: 28 DN GRİ 3,0 | B18: 140 | C18: 240 | D18: 3 | E18: =(B18*C18*D18)/1000000 -> 0.1008 | F18: ='AĞUSTOS 5. HAFTA'!Z18 -> 218 | G18: =E18*F18 -> 21.9744 | I18: =E18*H18 -> 0 | K18: =E18*J18 -> 0 | M18: =E18*L18 -> 0 | O18: =E18*N18 -> 0 | P18: 1 | Q18: =E18*P18 -> 0.1008 | R18: =F18-H18-J18-L18-N18-P18 -> 217 | S18: =E18*R18 -> 21.8736 | U18: =E18*T18 -> 0 | V18: =R18+T18 -> 217 | W18: =E18*V18 -> 21.8736 | X18: =+H18+J18+L18+N18+P18 -> 1
A19: 24 DN PEMBE 8,0 | B19: 140 | C19: 240 | D19: 8 | E19: =(B19*C19*D19)/1000000 -> 0.2688 | F19: ='AĞUSTOS 5. HAFTA'!Z19 -> 17 | G19: =E19*F19 -> 4.5696 | I19: =E19*H19 -> 0 | K19: =E19*J19 -> 0 | M19: =E19*L19 -> 0 | O19: =E19*N19 -> 0 | Q19: =E19*P19 -> 0 | R19: =F19-H19-J19-L19-N19-P19 -> 17 | S19: =E19*R19 -> 4.5696 | U19: =E19*T19 -> 0 | V19: =R19+T19 -> 17 | W19: =E19*V19 -> 4.5696 | X19: =+H19+J19+L19+N19+P19 -> 0
A20: 28 DN SOFT 8,0 | B20: 140 | C20: 240 | D20: 8 | E20: =(B20*C20*D20)/1000000 -> 0.2688 | F20: ='AĞUSTOS 5. HAFTA'!Z20 -> 0 | G20: =E20*F20 -> 0 | I20: =E20*H20 -> 0 | K20: =E20*J20 -> 0 | M20: =E20*L20 -> 0 | O20: =E20*N20 -> 0 | Q20: =E20*P20 -> 0 | R20: =F20-H20-J20-L20-N20-P20 -> 0 | S20: =E20*R20 -> 0 | U20: =E20*T20 -> 0 | V20: =R20+T20 -> 0 | W20: =E20*V20 -> 0 | X20: =+H20+J20+L20+N20+P20 -> 0
A21: 22 DN 77*55*8,0 | B21: 77 | C21: 55 | D21: 8 | E21: =(B21*C21*D21)/1000000 -> 0.03388 | F21: ='AĞUSTOS 5. HAFTA'!Z21 -> 4 | G21: =E21*F21 -> 0.13552 | I21: =E21*H21 -> 0 | K21: =E21*J21 -> 0 | M21: =E21*L21 -> 0 | O21: =E21*N21 -> 0 | Q21: =E21*P21 -> 0 | R21: =F21-H21-J21-L21-N21-P21 -> 4 | S21: =E21*R21 -> 0.13552 | U21: =E21*T21 -> 0 | V21: =R21+T21 -> 4 | W21: =E21*V21 -> 0.13552 | X21: =+H21+J21+L21+N21+P21 -> 0
A22: 32 DN 65*50*12 | B22: 65 | C22: 50 | D22: 12 | E22: =(B22*C22*D22)/1000000 -> 0.039 | F22: ='AĞUSTOS 5. HAFTA'!Z22 -> 26 | G22: =E22*F22 -> 1.014 | I22: =E22*H22 -> 0 | K22: =E22*J22 -> 0 | M22: =E22*L22 -> 0 | O22: =E22*N22 -> 0 | Q22: =E22*P22 -> 0 | R22: =F22-H22-J22-L22-N22-P22 -> 26 | S22: =E22*R22 -> 1.014 | U22: =E22*T22 -> 0 | V22: =R22+T22 -> 26 | W22: =E22*V22 -> 1.014 | X22: =+H22+J22+L22+N22+P22 -> 0
A23: SİLİNDİR | E23: =(B23*C23*D23)/1000000 -> 0 | F23: ='AĞUSTOS 5. HAFTA'!Z23 -> 74 | G23: =E23*F23 -> 0 | I23: =E23*H23 -> 0 | K23: =E23*J23 -> 0 | M23: =E23*L23 -> 0 | O23: =E23*N23 -> 0 | Q23: =E23*P23 -> 0 | R23: =F23-H23-J23-L23-N23-P23 -> 74 | S23: =E23*R23 -> 0 | U23: =E23*T23 -> 0 | V23: =R23+T23 -> 74 | W23: =E23*V23 -> 0 | X23: =+H23+J23+L23+N23+P23 -> 0
A24: 32 DN 66*56*12 | B24: 66 | C24: 56 | D24: 12 | E24: =(B24*C24*D24)/1000000 -> 0.044352 | F24: ='AĞUSTOS 5. HAFTA'!Z24 -> 28 | G24: =E24*F24 -> 1.241856 | I24: =E24*H24 -> 0 | K24: =E24*J24 -> 0 | M24: =E24*L24 -> 0 | O24: =E24*N24 -> 0 | Q24: =E24*P24 -> 0 | R24: =F24-H24-J24-L24-N24-P24 -> 28 | S24: =E24*R24 -> 1.241856 | U24: =E24*T24 -> 0 | V24: =R24+T24 -> 28 | W24: =E24*V24 -> 1.241856 | X24: =+H24+J24+L24+N24+P24 -> 0
A25: 32 DN 61,5*61,5*10 | B25: 61.5 | C25: 61.5 | D25: 10 | E25: =(B25*C25*D25)/1000000 -> 0.0378225 | F25: ='AĞUSTOS 5. HAFTA'!Z25 -> 0 | G25: =E25*F25 -> 0 | I25: =E25*H25 -> 0 | K25: =E25*J25 -> 0 | M25: =E25*L25 -> 0 | O25: =E25*N25 -> 0 | Q25: =E25*P25 -> 0 | R25: =F25-H25-J25-L25-N25-P25 -> 0 | S25: =E25*R25 -> 0 | U25: =E25*T25 -> 0 | V25: =R25+T25 -> 0 | W25: =E25*V25 -> 0 | X25: =+H25+J25+L25+N25+P25 -> 0
A26: 18 DN 82*67*5,0 | B26: 82 | C26: 67 | D26: 5 | E26: =(B26*C26*D26)/1000000 -> 0.02747 | F26: ='AĞUSTOS 5. HAFTA'!Z26 -> 30 | G26: =E26*F26 -> 0.8241 | I26: =E26*H26 -> 0 | K26: =E26*J26 -> 0 | M26: =E26*L26 -> 0 | O26: =E26*N26 -> 0 | Q26: =E26*P26 -> 0 | R26: =F26-H26-J26-L26-N26-P26 -> 30 | S26: =E26*R26 -> 0.8241 | U26: =E26*T26 -> 0 | V26: =R26+T26 -> 30 | W26: =E26*V26 -> 0.8241 | X26: =+H26+J26+L26+N26+P26 -> 0
A27: 18 DN 80*62*2,0 | B27: 80 | C27: 62 | D27: 2 | E27: =(B27*C27*D27)/1000000 -> 0.00992 | F27: ='AĞUSTOS 5. HAFTA'!Z27 -> 36 | G27: =E27*F27 -> 0.35712 | I27: =E27*H27 -> 0 | K27: =E27*J27 -> 0 | M27: =E27*L27 -> 0 | O27: =E27*N27 -> 0 | Q27: =E27*P27 -> 0 | R27: =F27-H27-J27-L27-N27-P27 -> 36 | S27: =E27*R27 -> 0.35712 | U27: =E27*T27 -> 0 | V27: =R27+T27 -> 36 | W27: =E27*V27 -> 0.35712 | X27: =+H27+J27+L27+N27+P27 -> 0
A28: 32 DN 63*55*5,0 | B28: 63 | C28: 55 | D28: 5 | E28: =(B28*C28*D28)/1000000 -> 0.017325 | F28: ='AĞUSTOS 5. HAFTA'!Z28 -> 19 | G28: =E28*F28 -> 0.329175 | I28: =E28*H28 -> 0 | K28: =E28*J28 -> 0 | M28: =E28*L28 -> 0 | O28: =E28*N28 -> 0 | Q28: =E28*P28 -> 0 | R28: =F28-H28-J28-L28-N28-P28 -> 19 | S28: =E28*R28 -> 0.329175 | U28: =E28*T28 -> 0 | V28: =R28+T28 -> 19 | W28: =E28*V28 -> 0.329175 | X28: =+H28+J28+L28+N28+P28 -> 0
A29: 18 DN BEYAZ 5,0 | B29: 140 | C29: 240 | D29: 5 | E29: =(B29*C29*D29)/1000000 -> 0.168 | F29: ='AĞUSTOS 5. HAFTA'!Z29 -> 6 | G29: =E29*F29 -> 1.008 | I29: =E29*H29 -> 0 | K29: =E29*J29 -> 0 | M29: =E29*L29 -> 0 | O29: =E29*N29 -> 0 | Q29: =E29*P29 -> 0 | R29: =F29-H29-J29-L29-N29-P29 -> 6 | S29: =E29*R29 -> 1.008 | U29: =E29*T29 -> 0 | V29: =R29+T29 -> 6 | W29: =E29*V29 -> 1.008 | X29: =+H29+J29+L29+N29+P29 -> 0
A30: 15 DN BEYAZ 10 | B30: 140 | C30: 240 | D30: 10 | E30: =(B30*C30*D30)/1000000 -> 0.336 | F30: ='AĞUSTOS 5. HAFTA'!Z30 -> 11 | G30: =E30*F30 -> 3.696 | I30: =E30*H30 -> 0 | K30: =E30*J30 -> 0 | M30: =E30*L30 -> 0 | O30: =E30*N30 -> 0 | Q30: =E30*P30 -> 0 | R30: =F30-H30-J30-L30-N30-P30 -> 11 | S30: =E30*R30 -> 3.696 | U30: =E30*T30 -> 0 | V30: =R30+T30 -> 11 | W30: =E30*V30 -> 3.696 | X30: =+H30+J30+L30+N30+P30 -> 0
A31: 22 DN BEYAZ 3,0 | B31: 140 | C31: 240 | D31: 3 | E31: =(B31*C31*D31)/1000000 -> 0.1008 | F31: ='AĞUSTOS 5. HAFTA'!Z31 -> 38 | G31: =E31*F31 -> 3.8304 | I31: =E31*H31 -> 0 | K31: =E31*J31 -> 0 | M31: =E31*L31 -> 0 | O31: =E31*N31 -> 0 | Q31: =E31*P31 -> 0 | R31: =F31-H31-J31-L31-N31-P31 -> 38 | S31: =E31*R31 -> 3.8304 | U31: =E31*T31 -> 0 | V31: =R31+T31 -> 38 | W31: =E31*V31 -> 3.8304 | X31: =+H31+J31+L31+N31+P31 -> 0
A32: 28 DN 90*80*8,0 | B32: 90 | C32: 80 | D32: 8 | E32: =(B32*C32*D32)/1000000 -> 0.0576 | F32: ='AĞUSTOS 5. HAFTA'!Z32 -> 24 | G32: =E32*F32 -> 1.3824 | I32: =E32*H32 -> 0 | K32: =E32*J32 -> 0 | M32: =E32*L32 -> 0 | O32: =E32*N32 -> 0 | Q32: =E32*P32 -> 0 | R32: =F32-H32-J32-L32-N32-P32 -> 24 | S32: =E32*R32 -> 1.3824 | U32: =E32*T32 -> 0 | V32: =R32+T32 -> 24 | W32: =E32*V32 -> 1.3824 | X32: =+H32+J32+L32+N32+P32 -> 0
A33: 28 DN SOFT 90*80*8,0 | B33: 90 | C33: 80 | D33: 8 | E33: =(B33*C33*D33)/1000000 -> 0.0576 | F33: ='AĞUSTOS 5. HAFTA'!Z33 -> 7 | G33: =E33*F33 -> 0.4032 | I33: =E33*H33 -> 0 | K33: =E33*J33 -> 0 | M33: =E33*L33 -> 0 | N33: 7 | O33: =E33*N33 -> 0.4032 | Q33: =E33*P33 -> 0 | R33: =F33-H33-J33-L33-N33-P33 -> 0 | S33: =E33*R33 -> 0 | U33: =E33*T33 -> 0 | V33: =R33+T33 -> 0 | W33: =E33*V33 -> 0 | X33: =+H33+J33+L33+N33+P33 -> 7
A34: 22 DN HİLTON OTURK. | E34: =(B34*C34*D34)/1000000 -> 0 | F34: ='AĞUSTOS 5. HAFTA'!Z34 -> 300 | G34: =E34*F34 -> 0 | I34: =E34*H34 -> 0 | K34: =E34*J34 -> 0 | M34: =E34*L34 -> 0 | O34: =E34*N34 -> 0 | Q34: =E34*P34 -> 0 | R34: =F34-H34-J34-L34-N34-P34 -> 300 | S34: =E34*R34 -> 0 | U34: =E34*T34 -> 0 | V34: =R34+T34 -> 300 | W34: =E34*V34 -> 0 | X34: =+H34+J34+L34+N34+P34 -> 0
A35: 22 DN 80*66*5,0 | B35: 80 | C35: 66 | D35: 5 | E35: =(B35*C35*D35)/1000000 -> 0.0264 | F35: ='AĞUSTOS 5. HAFTA'!Z35 -> 56 | G35: =E35*F35 -> 1.4784 | I35: =E35*H35 -> 0 | K35: =E35*J35 -> 0 | M35: =E35*L35 -> 0 | O35: =E35*N35 -> 0 | Q35: =E35*P35 -> 0 | R35: =F35-H35-J35-L35-N35-P35 -> 56 | S35: =E35*R35 -> 1.4784 | U35: =E35*T35 -> 0 | V35: =R35+T35 -> 56 | W35: =E35*V35 -> 1.4784 | X35: =+H35+J35+L35+N35+P35 -> 0
A36: 22 DN 60*62*5,0 | B36: 60 | C36: 62 | D36: 5 | E36: =(B36*C36*D36)/1000000 -> 0.0186 | F36: ='AĞUSTOS 5. HAFTA'!Z36 -> 17 | G36: =E36*F36 -> 0.3162 | I36: =E36*H36 -> 0 | K36: =E36*J36 -> 0 | M36: =E36*L36 -> 0 | O36: =E36*N36 -> 0 | Q36: =E36*P36 -> 0 | R36: =F36-H36-J36-L36-N36-P36 -> 17 | S36: =E36*R36 -> 0.3162 | U36: =E36*T36 -> 0 | V36: =R36+T36 -> 17 | W36: =E36*V36 -> 0.3162 | X36: =+H36+J36+L36+N36+P36 -> 0
A37: 28 DN 60*67*3 | B37: 60 | C37: 67 | D37: 3 | E37: =(B37*C37*D37)/1000000 -> 0.01206 | F37: ='AĞUSTOS 5. HAFTA'!Z37 -> 12 | G37: =E37*F37 -> 0.14472 | I37: =E37*H37 -> 0 | K37: =E37*J37 -> 0 | M37: =E37*L37 -> 0 | O37: =E37*N37 -> 0 | Q37: =E37*P37 -> 0 | R37: =F37-H37-J37-L37-N37-P37 -> 12 | S37: =E37*R37 -> 0.14472 | U37: =E37*T37 -> 0 | V37: =R37+T37 -> 12 | W37: =E37*V37 -> 0.14472 | X37: =+H37+J37+L37+N37+P37 -> 0
A38: 28 DN GRİ 7,0 | B38: 140 | C38: 240 | D38: 7 | E38: =(B38*C38*D38)/1000000 -> 0.2352 | F38: ='AĞUSTOS 5. HAFTA'!Z38 -> 5 | G38: =E38*F38 -> 1.176 | I38: =E38*H38 -> 0 | K38: =E38*J38 -> 0 | M38: =E38*L38 -> 0 | O38: =E38*N38 -> 0 | Q38: =E38*P38 -> 0 | R38: =F38-H38-J38-L38-N38-P38 -> 5 | S38: =E38*R38 -> 1.176 | U38: =E38*T38 -> 0 | V38: =R38+T38 -> 5 | W38: =E38*V38 -> 1.176 | X38: =+H38+J38+L38+N38+P38 -> 0
A39: 18 DN GRİ 60*56*10 | B39: 60 | C39: 56 | D39: 10 | E39: =(B39*C39*D39)/1000000 -> 0.0336 | F39: ='AĞUSTOS 5. HAFTA'!Z39 -> 30 | G39: =E39*F39 -> 1.008 | I39: =E39*H39 -> 0 | K39: =E39*J39 -> 0 | M39: =E39*L39 -> 0 | O39: =E39*N39 -> 0 | Q39: =E39*P39 -> 0 | R39: =F39-H39-J39-L39-N39-P39 -> 30 | S39: =E39*R39 -> 1.008 | U39: =E39*T39 -> 0 | V39: =R39+T39 -> 30 | W39: =E39*V39 -> 1.008 | X39: =+H39+J39+L39+N39+P39 -> 0
A40: 18 DN GRİ 58*55*10 | B40: 58 | C40: 55 | D40: 10 | E40: =(B40*C40*D40)/1000000 -> 0.0319 | F40: ='AĞUSTOS 5. HAFTA'!Z40 -> 66 | G40: =E40*F40 -> 2.1054 | I40: =E40*H40 -> 0 | K40: =E40*J40 -> 0 | M40: =E40*L40 -> 0 | O40: =E40*N40 -> 0 | Q40: =E40*P40 -> 0 | R40: =F40-H40-J40-L40-N40-P40 -> 66 | S40: =E40*R40 -> 2.1054 | U40: =E40*T40 -> 0 | V40: =R40+T40 -> 66 | W40: =E40*V40 -> 2.1054 | X40: =+H40+J40+L40+N40+P40 -> 0
A41: 32 DN SOFT GRİ63*55*5,0 | B41: 63 | C41: 55 | D41: 5 | E41: =(B41*C41*D41)/1000000 -> 0.017325 | F41: ='AĞUSTOS 5. HAFTA'!Z41 -> 10 | G41: =E41*F41 -> 0.17325 | I41: =E41*H41 -> 0 | K41: =E41*J41 -> 0 | M41: =E41*L41 -> 0 | O41: =E41*N41 -> 0 | Q41: =E41*P41 -> 0 | R41: =F41-H41-J41-L41-N41-P41 -> 10 | S41: =E41*R41 -> 0.17325 | U41: =E41*T41 -> 0 | V41: =R41+T41 -> 10 | W41: =E41*V41 -> 0.17325 | X41: =+H41+J41+L41+N41+P41 -> 0
A42: 28 DN GRİ 52*52*5,0 | B42: 52 | C42: 52 | D42: 5 | E42: =(B42*C42*D42)/1000000 -> 0.01352 | F42: ='AĞUSTOS 5. HAFTA'!Z42 -> 127 | G42: =E42*F42 -> 1.71704 | I42: =E42*H42 -> 0 | K42: =E42*J42 -> 0 | M42: =E42*L42 -> 0 | O42: =E42*N42 -> 0 | P42: 4 | Q42: =E42*P42 -> 0.05408 | R42: =F42-H42-J42-L42-N42-P42 -> 123 | S42: =E42*R42 -> 1.66296 | U42: =E42*T42 -> 0 | V42: =R42+T42 -> 123 | W42: =E42*V42 -> 1.66296 | X42: =+H42+J42+L42+N42+P42 -> 4
A43: 28 DN SOFT GRİ 80*70*8,0 | B43: 80 | C43: 70 | D43: 8 | E43: =(B43*C43*D43)/1000000 -> 0.0448 | F43: ='AĞUSTOS 5. HAFTA'!Z43 -> 132 | G43: =E43*F43 -> 5.9136 | I43: =E43*H43 -> 0 | K43: =E43*J43 -> 0 | M43: =E43*L43 -> 0 | N43: 8 | O43: =E43*N43 -> 0.3584 | Q43: =E43*P43 -> 0 | R43: =F43-H43-J43-L43-N43-P43 -> 124 | S43: =E43*R43 -> 5.5552 | T43: 281 | U43: =E43*T43 -> 12.5888 | V43: =R43+T43 -> 405 | W43: =E43*V43 -> 18.144 | X43: =+H43+J43+L43+N43+P43 -> 8
A44: 28 SOFT GRİ 70*64*8,0 | B44: 70 | C44: 64 | D44: 8 | E44: =(B44*C44*D44)/1000000 -> 0.03584 | F44: ='AĞUSTOS 5. HAFTA'!Z44 -> 216 | G44: =E44*F44 -> 7.74144 | I44: =E44*H44 -> 0 | K44: =E44*J44 -> 0 | M44: =E44*L44 -> 0 | O44: =E44*N44 -> 0 | Q44: =E44*P44 -> 0 | R44: =F44-H44-J44-L44-N44-P44 -> 216 | S44: =E44*R44 -> 7.74144 | T44: 261 | U44: =E44*T44 -> 9.35424 | V44: =R44+T44 -> 477 | W44: =E44*V44 -> 17.09568 | X44: =+H44+J44+L44+N44+P44 -> 0
A45: 28 SOFT GRİ 75*70*8,0 | B45: 75 | C45: 70 | D45: 8 | E45: =(B45*C45*D45)/1000000 -> 0.042 | F45: ='AĞUSTOS 5. HAFTA'!Z45 -> 68 | G45: =E45*F45 -> 2.856 | I45: =E45*H45 -> 0 | K45: =E45*J45 -> 0 | M45: =E45*L45 -> 0 | N45: 31 | O45: =E45*N45 -> 1.302 | Q45: =E45*P45 -> 0 | R45: =F45-H45-J45-L45-N45-P45 -> 37 | S45: =E45*R45 -> 1.554 | T45: 315 | U45: =E45*T45 -> 13.23 | V45: =R45+T45 -> 352 | W45: =E45*V45 -> 14.784 | X45: =+H45+J45+L45+N45+P45 -> 31
A46: 24 DN GRİ 140*67*5,0 | B46: 142 | C46: 57 | D46: 5 | E46: =(B46*C46*D46)/1000000 -> 0.04047 | F46: ='AĞUSTOS 5. HAFTA'!Z46 -> 754 | G46: =E46*F46 -> 30.51438 | H46: 0 | I46: =E46*H46 -> 0 | K46: =E46*J46 -> 0 | L46: 2 | M46: =E46*L46 -> 0.08094 | N46: 11 | O46: =E46*N46 -> 0.44517 | P46: 11 | Q46: =E46*P46 -> 0.44517 | R46: =F46-H46-J46-L46-N46-P46 -> 730 | S46: =E46*R46 -> 29.5431 | U46: =E46*T46 -> 0 | V46: =R46+T46 -> 730 | W46: =E46*V46 -> 29.5431 | X46: =+H46+J46+L46+N46+P46 -> 24
A47: 18 DN GRİ 80*63*5,0 | B47: 80 | C47: 63 | D47: 5 | E47: =(B47*C47*D47)/1000000 -> 0.0252 | F47: ='AĞUSTOS 5. HAFTA'!Z47 -> 315 | G47: =E47*F47 -> 7.938 | I47: =E47*H47 -> 0 | K47: =E47*J47 -> 0 | M47: =E47*L47 -> 0 | O47: =E47*N47 -> 0 | Q47: =E47*P47 -> 0 | R47: =F47-H47-J47-L47-N47-P47 -> 315 | S47: =E47*R47 -> 7.938 | U47: =E47*T47 -> 0 | V47: =R47+T47 -> 315 | W47: =E47*V47 -> 7.938 | X47: =+H47+J47+L47+N47+P47 -> 0
A48: 24 KUŞTÜYÜ 77*68*8,0 | B48: 77 | C48: 68 | D48: 8 | E48: =(B48*C48*D48)/1000000 -> 0.041888 | F48: ='AĞUSTOS 5. HAFTA'!Z48 -> 103 | G48: =E48*F48 -> 4.314464 | I48: =E48*H48 -> 0 | K48: =E48*J48 -> 0 | M48: =E48*L48 -> 0 | N48: 21 | O48: =E48*N48 -> 0.879648 | Q48: =E48*P48 -> 0 | R48: =F48-H48-J48-L48-N48-P48 -> 82 | S48: =E48*R48 -> 3.434816 | T48: 115 | U48: =E48*T48 -> 4.81712 | V48: =R48+T48 -> 197 | W48: =E48*V48 -> 8.251936 | X48: =+H48+J48+L48+N48+P48 -> 21
A49: 24 KUŞTÜYÜ 79*79*2,0 | B49: 79 | C49: 79 | D49: 2 | E49: =(B49*C49*D49)/1000000 -> 0.012482 | F49: ='AĞUSTOS 5. HAFTA'!Z49 -> 39 | G49: =E49*F49 -> 0.486798 | I49: =E49*H49 -> 0 | K49: =E49*J49 -> 0 | M49: =E49*L49 -> 0 | O49: =E49*N49 -> 0 | Q49: =E49*P49 -> 0 | R49: =F49-H49-J49-L49-N49-P49 -> 39 | S49: =E49*R49 -> 0.486798 | U49: =E49*T49 -> 0 | V49: =R49+T49 -> 39 | W49: =E49*V49 -> 0.486798 | X49: =+H49+J49+L49+N49+P49 -> 0
A50: 32 GRİ 61*56*10 | B50: 61 | C50: 56 | D50: 10 | E50: =(B50*C50*D50)/1000000 -> 0.03416 | F50: ='AĞUSTOS 5. HAFTA'!Z50 -> 0 | G50: =E50*F50 -> 0 | I50: =E50*H50 -> 0 | K50: =E50*J50 -> 0 | M50: =E50*L50 -> 0 | O50: =E50*N50 -> 0 | Q50: =E50*P50 -> 0 | R50: =F50-H50-J50-L50-N50-P50 -> 0 | S50: =E50*R50 -> 0 | U50: =E50*T50 -> 0 | V50: =R50+T50 -> 0 | W50: =E50*V50 -> 0 | X50: =+H50+J50+L50+N50+P50 -> 0
A51: 32 DN GRİ 66*61*10 | B51: 66 | C51: 61 | D51: 10 | E51: =(B51*C51*D51)/1000000 -> 0.04026 | F51: ='AĞUSTOS 5. HAFTA'!Z51 -> 0 | G51: =E51*F51 -> 0 | I51: =E51*H51 -> 0 | K51: =E51*J51 -> 0 | M51: =E51*L51 -> 0 | O51: =E51*N51 -> 0 | Q51: =E51*P51 -> 0 | R51: =F51-H51-J51-L51-N51-P51 -> 0 | S51: =E51*R51 -> 0 | U51: =E51*T51 -> 0 | V51: =R51+T51 -> 0 | W51: =E51*V51 -> 0 | X51: =+H51+J51+L51+N51+P51 -> 0
A52: 32 GRİ 63*61*10 | B52: 63 | C52: 61 | D52: 10 | E52: =(B52*C52*D52)/1000000 -> 0.03843 | F52: ='AĞUSTOS 5. HAFTA'!Z52 -> 0 | G52: =E52*F52 -> 0 | I52: =E52*H52 -> 0 | K52: =E52*J52 -> 0 | M52: =E52*L52 -> 0 | O52: =E52*N52 -> 0 | Q52: =E52*P52 -> 0 | R52: =F52-H52-J52-L52-N52-P52 -> 0 | S52: =E52*R52 -> 0 | U52: =E52*T52 -> 0 | V52: =R52+T52 -> 0 | W52: =E52*V52 -> 0 | X52: =+H52+J52+L52+N52+P52 -> 0
A53: 14 DN ELASTİK 58*58*2,3 | B53: 58 | C53: 58 | D53: 2.3 | E53: =(B53*C53*D53)/1000000 -> 0.0077372 | F53: ='AĞUSTOS 5. HAFTA'!Z53 -> 4016 | G53: =E53*F53 -> 31.072595 | I53: =E53*H53 -> 0 | K53: =E53*J53 -> 0 | L53: 18 | M53: =E53*L53 -> 0.1392696 | N53: 12 | O53: =E53*N53 -> 0.0928464 | Q53: =E53*P53 -> 0 | R53: =F53-H53-J53-L53-N53-P53 -> 3986 | S53: =E53*R53 -> 30.840479 | U53: =E53*T53 -> 0 | V53: =R53+T53 -> 3986 | W53: =E53*V53 -> 30.840479 | X53: =+H53+J53+L53+N53+P53 -> 30
A54: 14 DN ELASTİK 79*62*2,3 | B54: 79 | C54: 62 | D54: 2.3 | E54: =(B54*C54*D54)/1000000 -> 0.0112654 | F54: ='AĞUSTOS 5. HAFTA'!Z54 -> 3595 | G54: =E54*F54 -> 40.499113 | I54: =E54*H54 -> 0 | K54: =E54*J54 -> 0 | L54: 7 | M54: =E54*L54 -> 0.0788578 | O54: =E54*N54 -> 0 | Q54: =E54*P54 -> 0 | R54: =F54-H54-J54-L54-N54-P54 -> 3588 | S54: =E54*R54 -> 40.420255 | U54: =E54*T54 -> 0 | V54: =R54+T54 -> 3588 | W54: =E54*V54 -> 40.420255 | X54: =+H54+J54+L54+N54+P54 -> 7
A55: 18 DN 200*176*2,3 | B55: 200 | C55: 176 | D55: 2.3 | E55: =(B55*C55*D55)/1000000 -> 0.08096 | F55: ='AĞUSTOS 5. HAFTA'!Z55 -> 1 | G55: =E55*F55 -> 0.08096 | I55: =E55*H55 -> 0 | K55: =E55*J55 -> 0 | M55: =E55*L55 -> 0 | O55: =E55*N55 -> 0 | Q55: =E55*P55 -> 0 | R55: =F55-H55-J55-L55-N55-P55 -> 1 | S55: =E55*R55 -> 0.08096 | U55: =E55*T55 -> 0 | V55: =R55+T55 -> 1 | W55: =E55*V55 -> 0.08096 | X55: =+H55+J55+L55+N55+P55 -> 0
A56: 24 KUŞTUYÜ 79*79*2,3 | B56: 79 | C56: 79 | D56: 2.3 | E56: =(B56*C56*D56)/1000000 -> 0.0143543 | F56: ='AĞUSTOS 5. HAFTA'!Z56 -> 241 | G56: =E56*F56 -> 3.4593863 | I56: =E56*H56 -> 0 | K56: =E56*J56 -> 0 | M56: =E56*L56 -> 0 | O56: =E56*N56 -> 0 | Q56: =E56*P56 -> 0 | R56: =F56-H56-J56-L56-N56-P56 -> 241 | S56: =E56*R56 -> 3.4593863 | U56: =E56*T56 -> 0 | V56: =R56+T56 -> 241 | W56: =E56*V56 -> 3.4593863 | X56: =+H56+J56+L56+N56+P56 -> 0
A57: 22 SEK.OTURAK SÜN.4,0 | E57: =(B57*C57*D57)/1000000 -> 0 | F57: ='AĞUSTOS 5. HAFTA'!Z57 -> 938 | G57: =E57*F57 -> 0 | I57: =E57*H57 -> 0 | K57: =E57*J57 -> 0 | M57: =E57*L57 -> 0 | O57: =E57*N57 -> 0 | Q57: =E57*P57 -> 0 | R57: =F57-H57-J57-L57-N57-P57 -> 938 | S57: =E57*R57 -> 0 | U57: =E57*T57 -> 0 | V57: =R57+T57 -> 938 | W57: =E57*V57 -> 0 | X57: =+H57+J57+L57+N57+P57 -> 0
A58: 22 SEK.SIRT SÜN.4,0 | E58: =(B58*C58*D58)/1000000 -> 0 | F58: ='AĞUSTOS 5. HAFTA'!Z58 -> 938 | G58: =E58*F58 -> 0 | I58: =E58*H58 -> 0 | K58: =E58*J58 -> 0 | M58: =E58*L58 -> 0 | O58: =E58*N58 -> 0 | Q58: =E58*P58 -> 0 | R58: =F58-H58-J58-L58-N58-P58 -> 938 | S58: =E58*R58 -> 0 | U58: =E58*T58 -> 0 | V58: =R58+T58 -> 938 | W58: =E58*V58 -> 0 | X58: =+H58+J58+L58+N58+P58 -> 0
A59: 22 VEGA OTURAK 3.0 | E59: =(B59*C59*D59)/1000000 -> 0 | F59: ='AĞUSTOS 5. HAFTA'!Z59 -> 1200 | G59: =E59*F59 -> 0 | I59: =E59*H59 -> 0 | K59: =E59*J59 -> 0 | M59: =E59*L59 -> 0 | N59: 100 | O59: 0.675 | Q59: =E59*P59 -> 0 | R59: =F59-H59-J59-L59-N59-P59 -> 1100 | S59: =E59*R59 -> 0 | U59: =E59*T59 -> 0 | V59: =R59+T59 -> 1100 | W59: =E59*V59 -> 0 | X59: =+H59+J59+L59+N59+P59 -> 100
A60: 22 VEGA SIRT 3,0 | E60: =(B60*C60*D60)/1000000 -> 0 | F60: ='AĞUSTOS 5. HAFTA'!Z60 -> 1344 | G60: =E60*F60 -> 0 | I60: =E60*H60 -> 0 | K60: =E60*J60 -> 0 | M60: =E60*L60 -> 0 | N60: 100 | O60: 0.525 | Q60: =E60*P60 -> 0 | R60: =F60-H60-J60-L60-N60-P60 -> 1244 | S60: =E60*R60 -> 0 | U60: =E60*T60 -> 0 | V60: =R60+T60 -> 1244 | W60: =E60*V60 -> 0 | X60: =+H60+J60+L60+N60+P60 -> 100
A61: 22 KOL ÜSTÜ 4,0 | E61: =(B61*C61*D61)/1000000 -> 0 | F61: ='AĞUSTOS 5. HAFTA'!Z61 -> 97 | G61: =E61*F61 -> 0 | I61: =E61*H61 -> 0 | K61: =E61*J61 -> 0 | M61: =E61*L61 -> 0 | O61: =E61*N61 -> 0 | Q61: =E61*P61 -> 0 | R61: =F61-H61-J61-L61-N61-P61 -> 97 | S61: =E61*R61 -> 0 | U61: =E61*T61 -> 0 | V61: =R61+T61 -> 97 | W61: =E61*V61 -> 0 | X61: =+H61+J61+L61+N61+P61 -> 0
A62: 32 VEGA SIRT 3,0 | E62: =(B62*C62*D62)/1000000 -> 0 | F62: ='AĞUSTOS 5. HAFTA'!Z62 -> 1950 | G62: =E62*F62 -> 0 | I62: =E62*H62 -> 0 | K62: =E62*J62 -> 0 | M62: =E62*L62 -> 0 | O62: =E62*N62 -> 0 | Q62: =E62*P62 -> 0 | R62: =F62-H62-J62-L62-N62-P62 -> 1950 | S62: =E62*R62 -> 0 | U62: =E62*T62 -> 0 | V62: =R62+T62 -> 1950 | W62: =E62*V62 -> 0 | X62: =+H62+J62+L62+N62+P62 -> 0
A63: 32 VEGA OTURAK 3,0 | E63: =(B63*C63*D63)/1000000 -> 0 | F63: ='AĞUSTOS 5. HAFTA'!Z63 -> 1500 | G63: =E63*F63 -> 0 | I63: =E63*H63 -> 0 | K63: =E63*J63 -> 0 | M63: =E63*L63 -> 0 | O63: =E63*N63 -> 0 | Q63: =E63*P63 -> 0 | R63: =F63-H63-J63-L63-N63-P63 -> 1500 | S63: =E63*R63 -> 0 | U63: =E63*T63 -> 0 | V63: =R63+T63 -> 1500 | W63: =E63*V63 -> 0 | X63: =+H63+J63+L63+N63+P63 -> 0
A64: 22 DN 140*9,5*6,5 cez.m | B64: 140 | C64: 9.5 | D64: 6.5 | E64: =(B64*C64*D64)/1000000 -> 0.008645 | F64: ='AĞUSTOS 5. HAFTA'!Z64 -> 714 | G64: =E64*F64 -> 6.17253 | H64: 66 | I64: =E64*H64 -> 0.57057 | K64: =E64*J64 -> 0 | L64: 96 | M64: =E64*L64 -> 0.82992 | O64: =E64*N64 -> 0 | Q64: =E64*P64 -> 0 | R64: =F64-H64-J64-L64-N64-P64 -> 552 | S64: =E64*R64 -> 4.77204 | U64: =E64*T64 -> 0 | V64: =R64+T64 -> 552 | W64: =E64*V64 -> 4.77204 | X64: =+H64+J64+L64+N64+P64 -> 162
A65: 24 DN 90*83*2 K.TÜY | B65: 90 | C65: 83 | D65: 2 | E65: =(B65*C65*D65)/1000000 -> 0.01494 | F65: 48 | G65: =E65*F65 -> 0.71712 | H65: 24 | I65: =E65*H65 -> 0.35856 | K65: =E65*J65 -> 0 | M65: =E65*L65 -> 0 | O65: =G65*N65 -> 0 | Q65: =E65*P65 -> 0 | R65: =F65-H65-J65-L65-N65-P65 -> 24 | S65: =E65*R65 -> 0.35856 | T65: 454 | U65: =E65*T65 -> 6.78276 | V65: =R65+T65 -> 478 | W65: =E65*V65 -> 7.14132 | X65: =+H65+J65+L65+N65+P65 -> 24
A66: 24 DN 92*82*2 K.TÜY | B66: 92 | C66: 82 | D66: 2 | E66: =(B66*C66*D66)/1000000 -> 0.015088 | F66: 333 | G66: =E66*F66 -> 5.024304 | H66: 27 | I66: =E66*H66 -> 0.407376 | K66: =E66*J66 -> 0 | M66: =E66*L66 -> 0 | O66: =G66*N66 -> 0 | Q66: =E66*P66 -> 0 | R66: =F66-H66-J66-L66-N66-P66 -> 306 | S66: =E66*R66 -> 4.616928 | T66: 206 | U66: =E66*T66 -> 3.108128 | V66: =R66+T66 -> 512 | W66: =E66*V66 -> 7.725056 | X66: =+H66+J66+L66+N66+P66 -> 27
A67: 24 DN K.T 82*80*2 | B67: 82 | C67: 80 | D67: 2 | E67: =(B67*C67*D67)/1000000 -> 0.01312 | F67: 432 | G67: =E67*F67 -> 5.66784 | I67: =E67*H67 -> 0 | K67: =E67*J67 -> 0 | M67: =E67*L67 -> 0 | O67: =G67*N67 -> 0 | Q67: =E67*P67 -> 0 | R67: =F67-H67-J67-L67-N67-P67 -> 432 | S67: =E67*R67 -> 5.66784 | U67: =E67*T67 -> 0 | V67: =R67+T67 -> 432 | W67: =E67*V67 -> 5.66784 | X67: =+H67+J67+L67+N67+P67 -> 0
A68: 24 DN K.T 86*77*8 | B68: 86 | C68: 77 | D68: 8 | E68: =(B68*C68*D68)/1000000 -> 0.052976 | F68: 97 | G68: =E68*F68 -> 5.138672 | I68: =E68*H68 -> 0 | K68: =E68*J68 -> 0 | M68: =E68*L68 -> 0 | O68: =G68*N68 -> 0 | Q68: =E68*P68 -> 0 | R68: =F68-H68-J68-L68-N68-P68 -> 97 | S68: =E68*R68 -> 5.138672 | U68: =E68*T68 -> 0 | V68: =R68+T68 -> 97 | W68: =E68*V68 -> 5.138672 | X68: =+H68+J68+L68+N68+P68 -> 0
A69: 24 DN K.T 76*75*8 | B69: 76 | C69: 75 | D69: 8 | E69: =(B69*C69*D69)/1000000 -> 0.0456 | F69: 102 | G69: =E69*F69 -> 4.6512 | I69: =E69*H69 -> 0 | K69: =E69*J69 -> 0 | M69: =E69*L69 -> 0 | O69: =G69*N69 -> 0 | Q69: =E69*P69 -> 0 | R69: =F69-H69-J69-L69-N69-P69 -> 102 | S69: =E69*R69 -> 4.6512 | U69: =E69*T69 -> 0 | V69: =R69+T69 -> 102 | W69: =E69*V69 -> 4.6512 | X69: =+H69+J69+L69+N69+P69 -> 0
A70: 28 DN SOFT 12,0 | B70: 140 | C70: 240 | D70: 12 | E70: =(B70*C70*D70)/1000000 -> 0.4032 | F70: 10 | G70: =E70*F70 -> 4.032 | I70: =E70*H70 -> 0 | K70: =E70*J70 -> 0 | M70: =E70*L70 -> 0 | O70: =G70*N70 -> 0 | Q70: =E70*P70 -> 0 | R70: =F70-H70-J70-L70-N70-P70 -> 10 | S70: =E70*R70 -> 4.032 | U70: =E70*T70 -> 0 | V70: =R70+T70 -> 10 | W70: =E70*V70 -> 4.032 | X70: =+H70+J70+L70+N70+P70 -> 0
H71: =SUM(H5:H70) -> 327 | J71: =SUM(J5:J70) -> 120 | L71: =SUM(L5:L70) -> 195 | N71: =SUM(N5:N70) -> 396 | P71: =SUM(P5:P70) -> 96 | X71: =SUM(X5:X70) -> 1134

Sheet EYLÜL 2. HAFTA 
A1: SÜNGER | B1: EYLÜL 2. HAFTA
A2: ÜRÜN ADI | F2: DEVİR STOK | H2: 44816 | J2: 44817 | L2: 44818 | N2: 44819 | P2: 44820 | R2: KALAN STOK | T2: STOK GİRİŞİ | V2: TOPLAM STOK MİKTARI
H3: STOK ÇIKIŞI | J3: STOK ÇIKIŞI | L3: STOK ÇIKIŞI | N3: STOK ÇIKIŞI | P3: STOK ÇIKIŞI
B4: EN | C4: BOY | D4: YÜKS | E4: br m³ | F4: PLAKA ADET | H4: PLAKA ADET | J4: PLAKA ADET | L4: PLAKA ADET | N4: PLAKA ADET | P4: PLAKA ADET | R4: PLAKA ADET | T4: PLAKA ADET | V4: PLAKA ADET
A5: 22 DN GRİ 1,0 | B5: 140 | C5: 240 | D5: 1 | E5: =(B5*C5*D5)/1000000 -> 0.0336 | F5: ='EYLÜL 1. HAFTA'!V5 -> 419 | G5: =E5*F5 -> 14.0784 | H5: 8 | I5: =E5*H5 -> 0.2688 | J5: 48 | K5: =E5*J5 -> 1.6128 | L5: 15 | M5: =E5*L5 -> 0.504 | N5: 29 | O5: =E5*N5 -> 0.9744 | P5: 29 | Q5: =E5*P5 -> 0.9744 | R5: =F5-H5-J5-L5-N5-P5 -> 290 | S5: =E5*R5 -> 9.744 | U5: =E5*T5 -> 0 | V5: =R5+T5 -> 290 | W5: =E5*V5 -> 9.744 | X5: =+H5+J5+L5+N5+P5 -> 129
A6: 14 DN BEYAZ 0,8 | B6: 140 | C6: 240 | D6: 0.8 | E6: =(B6*C6*D6)/1000000 -> 0.02688 | F6: ='EYLÜL 1. HAFTA'!V6 -> 482 | G6: =E6*F6 -> 12.95616 | H6: 1 | I6: =E6*H6 -> 0.02688 | J6: 12 | K6: =E6*J6 -> 0.32256 | L6: 6 | M6: =E6*L6 -> 0.16128 | N6: 10 | O6: =E6*N6 -> 0.2688 | Q6: =E6*P6 -> 0 | R6: =F6-H6-J6-L6-N6-P6 -> 453 | S6: =E6*R6 -> 12.17664 | U6: =E6*T6 -> 0 | V6: =R6+T6 -> 453 | W6: =E6*V6 -> 12.17664 | X6: =+H6+J6+L6+N6+P6 -> 29
A7: 14 DN BEYAZ 1,4 | B7: 140 | C7: 240 | D7: 1.4 | E7: =(B7*C7*D7)/1000000 -> 0.04704 | F7: ='EYLÜL 1. HAFTA'!V7 -> 92 | G7: =E7*F7 -> 4.32768 | H7: 39 | I7: =E7*H7 -> 1.83456 | J7: 13 | K7: =E7*J7 -> 0.61152 | L7: 8 | M7: =E7*L7 -> 0.37632 | N7: 6 | O7: =E7*N7 -> 0.28224 | P7: 21 | Q7: =E7*P7 -> 0.98784 | R7: =F7-H7-J7-L7-N7-P7 -> 5 | S7: =E7*R7 -> 0.2352 | T7: 90 | U7: =E7*T7 -> 4.2336 | V7: =R7+T7 -> 95 | W7: =E7*V7 -> 4.4688 | X7: =+H7+J7+L7+N7+P7 -> 87
A8: 22 DN GRİ 4,0 | B8: 140 | C8: 240 | D8: 4 | E8: =(B8*C8*D8)/1000000 -> 0.1344 | F8: ='EYLÜL 1. HAFTA'!V8 -> 44 | G8: =E8*F8 -> 5.9136 | I8: =E8*H8 -> 0 | K8: =E8*J8 -> 0 | L8: 3 | M8: =E8*L8 -> 0.4032 | N8: 1 | O8: =E8*N8 -> 0.1344 | P8: 1 | Q8: =E8*P8 -> 0.1344 | R8: =F8-H8-J8-L8-N8-P8 -> 39 | S8: =E8*R8 -> 5.2416 | U8: =E8*T8 -> 0 | V8: =R8+T8 -> 39 | W8: =E8*V8 -> 5.2416 | X8: =+H8+J8+L8+N8+P8 -> 5
A9: 22 DN GRİ 2,0 | B9: 140 | C9: 240 | D9: 2 | E9: =(B9*C9*D9)/1000000 -> 0.0672 | F9: ='EYLÜL 1. HAFTA'!V9 -> 110 | G9: =E9*F9 -> 7.392 | I9: =E9*H9 -> 0 | J9: 4 | K9: =E9*J9 -> 0.2688 | L9: 2 | M9: =E9*L9 -> 0.1344 | N9: 4 | O9: =E9*N9 -> 0.2688 | Q9: =E9*P9 -> 0 | R9: =F9-H9-J9-L9-N9-P9 -> 100 | S9: =E9*R9 -> 6.72 | U9: =E9*T9 -> 0 | V9: =R9+T9 -> 100 | W9: =E9*V9 -> 6.72 | X9: =+H9+J9+L9+N9+P9 -> 10
A10: 24 DN KUŞTÜYÜ 2 ,0 | B10: 140 | C10: 240 | D10: 2 | E10: =(B10*C10*D10)/1000000 -> 0.0672 | F10: ='EYLÜL 1. HAFTA'!V10 -> 45 | G10: =E10*F10 -> 3.024 | H10: 14 | I10: =E10*H10 -> 0.9408 | J10: 5 | K10: =E10*J10 -> 0.336 | L10: 14 | M10: =E10*L10 -> 0.9408 | O10: =E10*N10 -> 0 | Q10: =E10*P10 -> 0 | R10: =F10-H10-J10-L10-N10-P10 -> 12 | S10: =E10*R10 -> 0.8064 | U10: =E10*T10 -> 0 | V10: =R10+T10 -> 12 | W10: =E10*V10 -> 0.8064 | X10: =+H10+J10+L10+N10+P10 -> 33
A11: 30 DN LÜKS BEYAZ 7,0 | B11: 140 | C11: 240 | D11: 7 | E11: =(B11*C11*D11)/1000000 -> 0.2352 | F11: ='EYLÜL 1. HAFTA'!V11 -> 9 | G11: =E11*F11 -> 2.1168 | I11: =E11*H11 -> 0 | J11: 3 | K11: =E11*J11 -> 0.7056 | M11: =E11*L11 -> 0 | N11: 1 | O11: =E11*N11 -> 0.2352 | P11: 1 | Q11: =E11*P11 -> 0.2352 | R11: =F11-H11-J11-L11-N11-P11 -> 4 | S11: =E11*R11 -> 0.9408 | U11: =E11*T11 -> 0 | V11: =R11+T11 -> 4 | W11: =E11*V11 -> 0.9408 | X11: =+H11+J11+L11+N11+P11 -> 5
A12: 24 DN KUŞTÜYÜ 5 ,0 | B12: 140 | C12: 240 | D12: 5 | E12: =(B12*C12*D12)/1000000 -> 0.168 | F12: ='EYLÜL 1. HAFTA'!V12 -> 383 | G12: =E12*F12 -> 64.344 | I12: =E12*H12 -> 0 | J12: 1 | K12: =E12*J12 -> 0.168 | L12: 3 | M12: =E12*L12 -> 0.504 | O12: =E12*N12 -> 0 | P12: 4 | Q12: =E12*P12 -> 0.672 | R12: =F12-H12-J12-L12-N12-P12 -> 375 | S12: =E12*R12 -> 63 | U12: =E12*T12 -> 0 | V12: =R12+T12 -> 375 | W12: =E12*V12 -> 63 | X12: =+H12+J12+L12+N12+P12 -> 8
A13: 28 DN GRİ SOFT 5,0 | B13: 140 | C13: 240 | D13: 5 | E13: =(B13*C13*D13)/1000000 -> 0.168 | F13: ='EYLÜL 1. HAFTA'!V13 -> 51 | G13: =E13*F13 -> 8.568 | I13: =E13*H13 -> 0 | J13: 8 | K13: =E13*J13 -> 1.344 | M13: =E13*L13 -> 0 | O13: =E13*N13 -> 0 | Q13: =E13*P13 -> 0 | R13: =F13-H13-J13-L13-N13-P13 -> 43 | S13: =E13*R13 -> 7.224 | U13: =E13*T13 -> 0 | V13: =R13+T13 -> 43 | W13: =E13*V13 -> 7.224 | X13: =+H13+J13+L13+N13+P13 -> 8
A14: 28 DN GRİ 5,0 | B14: 140 | C14: 240 | D14: 5 | E14: =(B14*C14*D14)/1000000 -> 0.168 | F14: ='EYLÜL 1. HAFTA'!V14 -> 95 | G14: =E14*F14 -> 15.96 | H14: 10 | I14: =E14*H14 -> 1.68 | K14: =E14*J14 -> 0 | L14: 10 | M14: =E14*L14 -> 1.68 | O14: =E14*N14 -> 0 | P14: 2 | Q14: =E14*P14 -> 0.336 | R14: =F14-H14-J14-L14-N14-P14 -> 73 | S14: =E14*R14 -> 12.264 | U14: =E14*T14 -> 0 | V14: =R14+T14 -> 73 | W14: =E14*V14 -> 12.264 | X14: =+H14+J14+L14+N14+P14 -> 22
A15: 28 DN SOFT 10 | B15: 140 | C15: 240 | D15: 10 | E15: =(B15*C15*D15)/1000000 -> 0.336 | F15: ='EYLÜL 1. HAFTA'!V15 -> 52 | G15: =E15*F15 -> 17.472 | I15: =E15*H15 -> 0 | J15: 6 | K15: =E15*J15 -> 2.016 | L15: 1 | M15: =E15*L15 -> 0.336 | N15: 4 | O15: =E15*N15 -> 1.344 | Q15: =E15*P15 -> 0 | R15: =F15-H15-J15-L15-N15-P15 -> 41 | S15: =E15*R15 -> 13.776 | U15: =E15*T15 -> 0 | V15: =R15+T15 -> 41 | W15: =E15*V15 -> 13.776 | X15: =+H15+J15+L15+N15+P15 -> 11
A16: 22 DN GRİ 3,0 | B16: 140 | C16: 240 | D16: 3 | E16: =(B16*C16*D16)/1000000 -> 0.1008 | F16: ='EYLÜL 1. HAFTA'!V16 -> 207 | G16: =E16*F16 -> 20.8656 | I16: =E16*H16 -> 0 | K16: =E16*J16 -> 0 | L16: 9 | M16: =E16*L16 -> 0.9072 | O16: =E16*N16 -> 0 | Q16: =E16*P16 -> 0 | R16: =F16-H16-J16-L16-N16-P16 -> 198 | S16: =E16*R16 -> 19.9584 | U16: =E16*T16 -> 0 | V16: =R16+T16 -> 198 | W16: =E16*V16 -> 19.9584 | X16: =+H16+J16+L16+N16+P16 -> 9
A17: 22 DN GRİ 5,0 | B17: 140 | C17: 240 | D17: 5 | E17: =(B17*C17*D17)/1000000 -> 0.168 | F17: ='EYLÜL 1. HAFTA'!V17 -> 31 | G17: =E17*F17 -> 5.208 | I17: =E17*H17 -> 0 | J17: 5 | K17: =E17*J17 -> 0.84 | L17: 10 | M17: =E17*L17 -> 1.68 | N17: 2 | O17: =E17*N17 -> 0.336 | P17: 2 | Q17: =E17*P17 -> 0.336 | R17: =F17-H17-J17-L17-N17-P17 -> 12 | S17: =E17*R17 -> 2.016 | U17: =E17*T17 -> 0 | V17: =R17+T17 -> 12 | W17: =E17*V17 -> 2.016 | X17: =+H17+J17+L17+N17+P17 -> 19
A18: 28 DN GRİ 3,0 | B18: 140 | C18: 240 | D18: 3 | E18: =(B18*C18*D18)/1000000 -> 0.1008 | F18: ='EYLÜL 1. HAFTA'!V18 -> 217 | G18: =E18*F18 -> 21.8736 | H18: 6 | I18: =E18*H18 -> 0.6048 | K18: =E18*J18 -> 0 | M18: =E18*L18 -> 0 | O18: =E18*N18 -> 0 | Q18: =E18*P18 -> 0 | R18: =F18-H18-J18-L18-N18-P18 -> 211 | S18: =E18*R18 -> 21.2688 | U18: =E18*T18 -> 0 | V18: =R18+T18 -> 211 | W18: =E18*V18 -> 21.2688 | X18: =+H18+J18+L18+N18+P18 -> 6
A19: 24 DN PEMBE 8,0 | B19: 140 | C19: 240 | D19: 8 | E19: =(B19*C19*D19)/1000000 -> 0.2688 | F19: ='EYLÜL 1. HAFTA'!V19 -> 17 | G19: =E19*F19 -> 4.5696 | I19: =E19*H19 -> 0 | K19: =E19*J19 -> 0 | L19: 2 | M19: =E19*L19 -> 0.5376 | O19: =E19*N19 -> 0 | Q19: =E19*P19 -> 0 | R19: =F19-H19-J19-L19-N19-P19 -> 15 | S19: =E19*R19 -> 4.032 | U19: =E19*T19 -> 0 | V19: =R19+T19 -> 15 | W19: =E19*V19 -> 4.032 | X19: =+H19+J19+L19+N19+P19 -> 2
A20: 28 DN SOFT 8,0 | B20: 140 | C20: 240 | D20: 8 | E20: =(B20*C20*D20)/1000000 -> 0.2688 | F20: ='EYLÜL 1. HAFTA'!V20 -> 0 | G20: =E20*F20 -> 0 | I20: =E20*H20 -> 0 | K20: =E20*J20 -> 0 | M20: =E20*L20 -> 0 | O20: =E20*N20 -> 0 | Q20: =E20*P20 -> 0 | R20: =F20-H20-J20-L20-N20-P20 -> 0 | S20: =E20*R20 -> 0 | U20: =E20*T20 -> 0 | V20: =R20+T20 -> 0 | W20: =E20*V20 -> 0 | X20: =+H20+J20+L20+N20+P20 -> 0
A21: 22 DN 77*55*8,0 | B21: 77 | C21: 55 | D21: 8 | E21: =(B21*C21*D21)/1000000 -> 0.03388 | F21: ='EYLÜL 1. HAFTA'!V21 -> 4 | G21: =E21*F21 -> 0.13552 | I21: =E21*H21 -> 0 | K21: =E21*J21 -> 0 | M21: =E21*L21 -> 0 | O21: =E21*N21 -> 0 | Q21: =E21*P21 -> 0 | R21: =F21-H21-J21-L21-N21-P21 -> 4 | S21: =E21*R21 -> 0.13552 | U21: =E21*T21 -> 0 | V21: =R21+T21 -> 4 | W21: =E21*V21 -> 0.13552 | X21: =+H21+J21+L21+N21+P21 -> 0
A22: 32 DN 65*50*12 | B22: 65 | C22: 50 | D22: 12 | E22: =(B22*C22*D22)/1000000 -> 0.039 | F22: ='EYLÜL 1. HAFTA'!V22 -> 26 | G22: =E22*F22 -> 1.014 | I22: =E22*H22 -> 0 | K22: =E22*J22 -> 0 | M22: =E22*L22 -> 0 | O22: =E22*N22 -> 0 | Q22: =E22*P22 -> 0 | R22: =F22-H22-J22-L22-N22-P22 -> 26 | S22: =E22*R22 -> 1.014 | U22: =E22*T22 -> 0 | V22: =R22+T22 -> 26 | W22: =E22*V22 -> 1.014 | X22: =+H22+J22+L22+N22+P22 -> 0
A23: SİLİNDİR | E23: =(B23*C23*D23)/1000000 -> 0 | F23: ='EYLÜL 1. HAFTA'!V23 -> 74 | G23: =E23*F23 -> 0 | I23: =E23*H23 -> 0 | K23: =E23*J23 -> 0 | M23: =E23*L23 -> 0 | O23: =E23*N23 -> 0 | Q23: =E23*P23 -> 0 | R23: =F23-H23-J23-L23-N23-P23 -> 74 | S23: =E23*R23 -> 0 | U23: =E23*T23 -> 0 | V23: =R23+T23 -> 74 | W23: =E23*V23 -> 0 | X23: =+H23+J23+L23+N23+P23 -> 0
A24: 32 DN 66*56*12 | B24: 66 | C24: 56 | D24: 12 | E24: =(B24*C24*D24)/1000000 -> 0.044352 | F24: ='EYLÜL 1. HAFTA'!V24 -> 28 | G24: =E24*F24 -> 1.241856 | I24: =E24*H24 -> 0 | K24: =E24*J24 -> 0 | M24: =E24*L24 -> 0 | O24: =E24*N24 -> 0 | Q24: =E24*P24 -> 0 | R24: =F24-H24-J24-L24-N24-P24 -> 28 | S24: =E24*R24 -> 1.241856 | U24: =E24*T24 -> 0 | V24: =R24+T24 -> 28 | W24: =E24*V24 -> 1.241856 | X24: =+H24+J24+L24+N24+P24 -> 0
A25: 32 DN 61,5*61,5*10 | B25: 61.5 | C25: 61.5 | D25: 10 | E25: =(B25*C25*D25)/1000000 -> 0.0378225 | F25: ='EYLÜL 1. HAFTA'!V25 -> 0 | G25: =E25*F25 -> 0 | I25: =E25*H25 -> 0 | K25: =E25*J25 -> 0 | M25: =E25*L25 -> 0 | O25: =E25*N25 -> 0 | Q25: =E25*P25 -> 0 | R25: =F25-H25-J25-L25-N25-P25 -> 0 | S25: =E25*R25 -> 0 | U25: =E25*T25 -> 0 | V25: =R25+T25 -> 0 | W25: =E25*V25 -> 0 | X25: =+H25+J25+L25+N25+P25 -> 0
A26: 18 DN 82*67*5,0 | B26: 82 | C26: 67 | D26: 5 | E26: =(B26*C26*D26)/1000000 -> 0.02747 | F26: ='EYLÜL 1. HAFTA'!V26 -> 30 | G26: =E26*F26 -> 0.8241 | I26: =E26*H26 -> 0 | K26: =E26*J26 -> 0 | M26: =E26*L26 -> 0 | O26: =E26*N26 -> 0 | Q26: =E26*P26 -> 0 | R26: =F26-H26-J26-L26-N26-P26 -> 30 | S26: =E26*R26 -> 0.8241 | U26: =E26*T26 -> 0 | V26: =R26+T26 -> 30 | W26: =E26*V26 -> 0.8241 | X26: =+H26+J26+L26+N26+P26 -> 0
A27: 18 DN 80*62*2,0 | B27: 80 | C27: 62 | D27: 2 | E27: =(B27*C27*D27)/1000000 -> 0.00992 | F27: ='EYLÜL 1. HAFTA'!V27 -> 36 | G27: =E27*F27 -> 0.35712 | I27: =E27*H27 -> 0 | K27: =E27*J27 -> 0 | M27: =E27*L27 -> 0 | O27: =E27*N27 -> 0 | Q27: =E27*P27 -> 0 | R27: =F27-H27-J27-L27-N27-P27 -> 36 | S27: =E27*R27 -> 0.35712 | U27: =E27*T27 -> 0 | V27: =R27+T27 -> 36 | W27: =E27*V27 -> 0.35712 | X27: =+H27+J27+L27+N27+P27 -> 0
A28: 32 DN 63*55*5,0 | B28: 63 | C28: 55 | D28: 5 | E28: =(B28*C28*D28)/1000000 -> 0.017325 | F28: ='EYLÜL 1. HAFTA'!V28 -> 19 | G28: =E28*F28 -> 0.329175 | I28: =E28*H28 -> 0 | K28: =E28*J28 -> 0 | M28: =E28*L28 -> 0 | O28: =E28*N28 -> 0 | Q28: =E28*P28 -> 0 | R28: =F28-H28-J28-L28-N28-P28 -> 19 | S28: =E28*R28 -> 0.329175 | U28: =E28*T28 -> 0 | V28: =R28+T28 -> 19 | W28: =E28*V28 -> 0.329175 | X28: =+H28+J28+L28+N28+P28 -> 0
A29: 18 DN BEYAZ 5,0 | B29: 140 | C29: 240 | D29: 5 | E29: =(B29*C29*D29)/1000000 -> 0.168 | F29: ='EYLÜL 1. HAFTA'!V29 -> 6 | G29: =E29*F29 -> 1.008 | I29: =E29*H29 -> 0 | K29: =E29*J29 -> 0 | M29: =E29*L29 -> 0 | O29: =E29*N29 -> 0 | Q29: =E29*P29 -> 0 | R29: =F29-H29-J29-L29-N29-P29 -> 6 | S29: =E29*R29 -> 1.008 | U29: =E29*T29 -> 0 | V29: =R29+T29 -> 6 | W29: =E29*V29 -> 1.008 | X29: =+H29+J29+L29+N29+P29 -> 0
A30: 15 DN BEYAZ 10 | B30: 140 | C30: 240 | D30: 10 | E30: =(B30*C30*D30)/1000000 -> 0.336 | F30: ='EYLÜL 1. HAFTA'!V30 -> 11 | G30: =E30*F30 -> 3.696 | I30: =E30*H30 -> 0 | K30: =E30*J30 -> 0 | M30: =E30*L30 -> 0 | O30: =E30*N30 -> 0 | Q30: =E30*P30 -> 0 | R30: =F30-H30-J30-L30-N30-P30 -> 11 | S30: =E30*R30 -> 3.696 | U30: =E30*T30 -> 0 | V30: =R30+T30 -> 11 | W30: =E30*V30 -> 3.696 | X30: =+H30+J30+L30+N30+P30 -> 0
A31: 22 DN BEYAZ 3,0 | B31: 140 | C31: 240 | D31: 3 | E31: =(B31*C31*D31)/1000000 -> 0.1008 | F31: ='EYLÜL 1. HAFTA'!V31 -> 38 | G31: =E31*F31 -> 3.8304 | I31: =E31*H31 -> 0 | K31: =E31*J31 -> 0 | M31: =E31*L31 -> 0 | O31: =E31*N31 -> 0 | Q31: =E31*P31 -> 0 | R31: =F31-H31-J31-L31-N31-P31 -> 38 | S31: =E31*R31 -> 3.8304 | U31: =E31*T31 -> 0 | V31: =R31+T31 -> 38 | W31: =E31*V31 -> 3.8304 | X31: =+H31+J31+L31+N31+P31 -> 0
A32: 28 DN 90*80*8,0 | B32: 90 | C32: 80 | D32: 8 | E32: =(B32*C32*D32)/1000000 -> 0.0576 | F32: ='EYLÜL 1. HAFTA'!V32 -> 24 | G32: =E32*F32 -> 1.3824 | I32: =E32*H32 -> 0 | K32: =E32*J32 -> 0 | M32: =E32*L32 -> 0 | O32: =E32*N32 -> 0 | Q32: =E32*P32 -> 0 | R32: =F32-H32-J32-L32-N32-P32 -> 24 | S32: =E32*R32 -> 1.3824 | U32: =E32*T32 -> 0 | V32: =R32+T32 -> 24 | W32: =E32*V32 -> 1.3824 | X32: =+H32+J32+L32+N32+P32 -> 0
A33: 28 DN SOFT 90*80*8,0 | B33: 90 | C33: 80 | D33: 8 | E33: =(B33*C33*D33)/1000000 -> 0.0576 | F33: ='EYLÜL 1. HAFTA'!V33 -> 0 | G33: =E33*F33 -> 0 | I33: =E33*H33 -> 0 | K33: =E33*J33 -> 0 | M33: =E33*L33 -> 0 | O33: =E33*N33 -> 0 | Q33: =E33*P33 -> 0 | R33: =F33-H33-J33-L33-N33-P33 -> 0 | S33: =E33*R33 -> 0 | U33: =E33*T33 -> 0 | V33: =R33+T33 -> 0 | W33: =E33*V33 -> 0 | X33: =+H33+J33+L33+N33+P33 -> 0
A34: 22 DN HİLTON OTURK. | E34: =(B34*C34*D34)/1000000 -> 0 | F34: ='EYLÜL 1. HAFTA'!V34 -> 300 | G34: =E34*F34 -> 0 | I34: =E34*H34 -> 0 | K34: =E34*J34 -> 0 | M34: =E34*L34 -> 0 | O34: =E34*N34 -> 0 | Q34: =E34*P34 -> 0 | R34: =F34-H34-J34-L34-N34-P34 -> 300 | S34: =E34*R34 -> 0 | U34: =E34*T34 -> 0 | V34: =R34+T34 -> 300 | W34: =E34*V34 -> 0 | X34: =+H34+J34+L34+N34+P34 -> 0
A35: 22 DN 80*66*5,0 | B35: 80 | C35: 66 | D35: 5 | E35: =(B35*C35*D35)/1000000 -> 0.0264 | F35: ='EYLÜL 1. HAFTA'!V35 -> 56 | G35: =E35*F35 -> 1.4784 | I35: =E35*H35 -> 0 | K35: =E35*J35 -> 0 | M35: =E35*L35 -> 0 | O35: =E35*N35 -> 0 | Q35: =E35*P35 -> 0 | R35: =F35-H35-J35-L35-N35-P35 -> 56 | S35: =E35*R35 -> 1.4784 | U35: =E35*T35 -> 0 | V35: =R35+T35 -> 56 | W35: =E35*V35 -> 1.4784 | X35: =+H35+J35+L35+N35+P35 -> 0
A36: 22 DN 60*62*5,0 | B36: 60 | C36: 62 | D36: 5 | E36: =(B36*C36*D36)/1000000 -> 0.0186 | F36: ='EYLÜL 1. HAFTA'!V36 -> 17 | G36: =E36*F36 -> 0.3162 | I36: =E36*H36 -> 0 | K36: =E36*J36 -> 0 | M36: =E36*L36 -> 0 | O36: =E36*N36 -> 0 | Q36: =E36*P36 -> 0 | R36: =F36-H36-J36-L36-N36-P36 -> 17 | S36: =E36*R36 -> 0.3162 | U36: =E36*T36 -> 0 | V36: =R36+T36 -> 17 | W36: =E36*V36 -> 0.3162 | X36: =+H36+J36+L36+N36+P36 -> 0
A37: 28 DN 60*67*3 | B37: 60 | C37: 67 | D37: 3 | E37: =(B37*C37*D37)/1000000 -> 0.01206 | F37: ='EYLÜL 1. HAFTA'!V37 -> 12 | G37: =E37*F37 -> 0.14472 | I37: =E37*H37 -> 0 | K37: =E37*J37 -> 0 | M37: =E37*L37 -> 0 | O37: =E37*N37 -> 0 | Q37: =E37*P37 -> 0 | R37: =F37-H37-J37-L37-N37-P37 -> 12 | S37: =E37*R37 -> 0.14472 | U37: =E37*T37 -> 0 | V37: =R37+T37 -> 12 | W37: =E37*V37 -> 0.14472 | X37: =+H37+J37+L37+N37+P37 -> 0
A38: 28 DN GRİ 7,0 | B38: 140 | C38: 240 | D38: 7 | E38: =(B38*C38*D38)/1000000 -> 0.2352 | F38: ='EYLÜL 1. HAFTA'!V38 -> 5 | G38: =E38*F38 -> 1.176 | I38: =E38*H38 -> 0 | J38: 1 | K38: =E38*J38 -> 0.2352 | M38: =E38*L38 -> 0 | O38: =E38*N38 -> 0 | Q38: =E38*P38 -> 0 | R38: =F38-H38-J38-L38-N38-P38 -> 4 | S38: =E38*R38 -> 0.9408 | U38: =E38*T38 -> 0 | V38: =R38+T38 -> 4 | W38: =E38*V38 -> 0.9408 | X38: =+H38+J38+L38+N38+P38 -> 1
A39: 18 DN GRİ 60*56*10 | B39: 60 | C39: 56 | D39: 10 | E39: =(B39*C39*D39)/1000000 -> 0.0336 | F39: ='EYLÜL 1. HAFTA'!V39 -> 30 | G39: =E39*F39 -> 1.008 | I39: =E39*H39 -> 0 | K39: =E39*J39 -> 0 | M39: =E39*L39 -> 0 | O39: =E39*N39 -> 0 | Q39: =E39*P39 -> 0 | R39: =F39-H39-J39-L39-N39-P39 -> 30 | S39: =E39*R39 -> 1.008 | U39: =E39*T39 -> 0 | V39: =R39+T39 -> 30 | W39: =E39*V39 -> 1.008 | X39: =+H39+J39+L39+N39+P39 -> 0
A40: 18 DN GRİ 58*55*10 | B40: 58 | C40: 55 | D40: 10 | E40: =(B40*C40*D40)/1000000 -> 0.0319 | F40: ='EYLÜL 1. HAFTA'!V40 -> 66 | G40: =E40*F40 -> 2.1054 | I40: =E40*H40 -> 0 | K40: =E40*J40 -> 0 | M40: =E40*L40 -> 0 | O40: =E40*N40 -> 0 | Q40: =E40*P40 -> 0 | R40: =F40-H40-J40-L40-N40-P40 -> 66 | S40: =E40*R40 -> 2.1054 | U40: =E40*T40 -> 0 | V40: =R40+T40 -> 66 | W40: =E40*V40 -> 2.1054 | X40: =+H40+J40+L40+N40+P40 -> 0
A41: 32 DN SOFT GRİ63*55*5,0 | B41: 63 | C41: 55 | D41: 5 | E41: =(B41*C41*D41)/1000000 -> 0.017325 | F41: ='EYLÜL 1. HAFTA'!V41 -> 10 | G41: =E41*F41 -> 0.17325 | I41: =E41*H41 -> 0 | K41: =E41*J41 -> 0 | M41: =E41*L41 -> 0 | O41: =E41*N41 -> 0 | Q41: =E41*P41 -> 0 | R41: =F41-H41-J41-L41-N41-P41 -> 10 | S41: =E41*R41 -> 0.17325 | U41: =E41*T41 -> 0 | V41: =R41+T41 -> 10 | W41: =E41*V41 -> 0.17325 | X41: =+H41+J41+L41+N41+P41 -> 0
A42: 28 DN GRİ 52*52*5,0 | B42: 52 | C42: 52 | D42: 5 | E42: =(B42*C42*D42)/1000000 -> 0.01352 | F42: ='EYLÜL 1. HAFTA'!V42 -> 123 | G42: =E42*F42 -> 1.66296 | I42: =E42*H42 -> 0 | K42: =E42*J42 -> 0 | L42: 4 | M42: =E42*L42 -> 0.05408 | O42: =E42*N42 -> 0 | Q42: =E42*P42 -> 0 | R42: =F42-H42-J42-L42-N42-P42 -> 119 | S42: =E42*R42 -> 1.60888 | U42: =E42*T42 -> 0 | V42: =R42+T42 -> 119 | W42: =E42*V42 -> 1.60888 | X42: =+H42+J42+L42+N42+P42 -> 4
A43: 28 DN SOFT GRİ 80*70*8,0 | B43: 80 | C43: 70 | D43: 8 | E43: =(B43*C43*D43)/1000000 -> 0.0448 | F43: ='EYLÜL 1. HAFTA'!V43 -> 405 | G43: =E43*F43 -> 18.144 | I43: =E43*H43 -> 0 | K43: =E43*J43 -> 0 | M43: =E43*L43 -> 0 | N43: 10 | O43: =E43*N43 -> 0.448 | Q43: =E43*P43 -> 0 | R43: =F43-H43-J43-L43-N43-P43 -> 395 | S43: =E43*R43 -> 17.696 | U43: =E43*T43 -> 0 | V43: =R43+T43 -> 395 | W43: =E43*V43 -> 17.696 | X43: =+H43+J43+L43+N43+P43 -> 10
A44: 28 SOFT GRİ 70*64*8,0 | B44: 70 | C44: 64 | D44: 8 | E44: =(B44*C44*D44)/1000000 -> 0.03584 | F44: ='EYLÜL 1. HAFTA'!V44 -> 477 | G44: =E44*F44 -> 17.09568 | I44: =E44*H44 -> 0 | K44: =E44*J44 -> 0 | M44: =E44*L44 -> 0 | O44: =E44*N44 -> 0 | Q44: =E44*P44 -> 0 | R44: =F44-H44-J44-L44-N44-P44 -> 477 | S44: =E44*R44 -> 17.09568 | U44: =E44*T44 -> 0 | V44: =R44+T44 -> 477 | W44: =E44*V44 -> 17.09568 | X44: =+H44+J44+L44+N44+P44 -> 0
A45: 28 SOFT GRİ 75*70*8,0 | B45: 75 | C45: 70 | D45: 8 | E45: =(B45*C45*D45)/1000000 -> 0.042 | F45: ='EYLÜL 1. HAFTA'!V45 -> 352 | G45: =E45*F45 -> 14.784 | I45: =E45*H45 -> 0 | J45: 17 | K45: =E45*J45 -> 0.714 | L45: 4 | M45: =E45*L45 -> 0.168 | O45: =E45*N45 -> 0 | P45: 8 | Q45: =E45*P45 -> 0.336 | R45: =F45-H45-J45-L45-N45-P45 -> 323 | S45: =E45*R45 -> 13.566 | U45: =E45*T45 -> 0 | V45: =R45+T45 -> 323 | W45: =E45*V45 -> 13.566 | X45: =+H45+J45+L45+N45+P45 -> 29
A46: 24 DN GRİ 140*67*5,0 | B46: 142 | C46: 57 | D46: 5 | E46: =(B46*C46*D46)/1000000 -> 0.04047 | F46: ='EYLÜL 1. HAFTA'!V46 -> 730 | G46: =E46*F46 -> 29.5431 | H46: 4 | I46: =E46*H46 -> 0.16188 | J46: 8 | K46: =E46*J46 -> 0.32376 | L46: 11 | M46: =E46*L46 -> 0.44517 | O46: =E46*N46 -> 0 | Q46: =E46*P46 -> 0 | R46: =F46-H46-J46-L46-N46-P46 -> 707 | S46: =E46*R46 -> 28.61229 | U46: =E46*T46 -> 0 | V46: =R46+T46 -> 707 | W46: =E46*V46 -> 28.61229 | X46: =+H46+J46+L46+N46+P46 -> 23
A47: 18 DN GRİ 80*63*5,0 | B47: 80 | C47: 63 | D47: 5 | E47: =(B47*C47*D47)/1000000 -> 0.0252 | F47: ='EYLÜL 1. HAFTA'!V47 -> 315 | G47: =E47*F47 -> 7.938 | I47: =E47*H47 -> 0 | K47: =E47*J47 -> 0 | M47: =E47*L47 -> 0 | O47: =E47*N47 -> 0 | Q47: =E47*P47 -> 0 | R47: =F47-H47-J47-L47-N47-P47 -> 315 | S47: =E47*R47 -> 7.938 | U47: =E47*T47 -> 0 | V47: =R47+T47 -> 315 | W47: =E47*V47 -> 7.938 | X47: =+H47+J47+L47+N47+P47 -> 0
A48: 24 KUŞTÜYÜ 77*68*8,0 | B48: 77 | C48: 68 | D48: 8 | E48: =(B48*C48*D48)/1000000 -> 0.041888 | F48: ='EYLÜL 1. HAFTA'!V48 -> 197 | G48: =E48*F48 -> 8.251936 | I48: =E48*H48 -> 0 | K48: =E48*J48 -> 0 | M48: =E48*L48 -> 0 | O48: =E48*N48 -> 0 | Q48: =E48*P48 -> 0 | R48: =F48-H48-J48-L48-N48-P48 -> 197 | S48: =E48*R48 -> 8.251936 | U48: =E48*T48 -> 0 | V48: =R48+T48 -> 197 | W48: =E48*V48 -> 8.251936 | X48: =+H48+J48+L48+N48+P48 -> 0
A49: 24 KUŞTÜYÜ 79*79*2,0 | B49: 79 | C49: 79 | D49: 2 | E49: =(B49*C49*D49)/1000000 -> 0.012482 | F49: ='EYLÜL 1. HAFTA'!V49 -> 39 | G49: =E49*F49 -> 0.486798 | I49: =E49*H49 -> 0 | K49: =E49*J49 -> 0 | M49: =E49*L49 -> 0 | O49: =E49*N49 -> 0 | Q49: =E49*P49 -> 0 | R49: =F49-H49-J49-L49-N49-P49 -> 39 | S49: =E49*R49 -> 0.486798 | U49: =E49*T49 -> 0 | V49: =R49+T49 -> 39 | W49: =E49*V49 -> 0.486798 | X49: =+H49+J49+L49+N49+P49 -> 0
A50: 32 GRİ 61*56*10 | B50: 61 | C50: 56 | D50: 10 | E50: =(B50*C50*D50)/1000000 -> 0.03416 | F50: ='EYLÜL 1. HAFTA'!V50 -> 0 | G50: =E50*F50 -> 0 | I50: =E50*H50 -> 0 | K50: =E50*J50 -> 0 | M50: =E50*L50 -> 0 | O50: =E50*N50 -> 0 | Q50: =E50*P50 -> 0 | R50: =F50-H50-J50-L50-N50-P50 -> 0 | S50: =E50*R50 -> 0 | U50: =E50*T50 -> 0 | V50: =R50+T50 -> 0 | W50: =E50*V50 -> 0 | X50: =+H50+J50+L50+N50+P50 -> 0
A51: 32 DN GRİ 66*61*10 | B51: 66 | C51: 61 | D51: 10 | E51: =(B51*C51*D51)/1000000 -> 0.04026 | F51: ='EYLÜL 1. HAFTA'!V51 -> 0 | G51: =E51*F51 -> 0 | I51: =E51*H51 -> 0 | K51: =E51*J51 -> 0 | M51: =E51*L51 -> 0 | O51: =E51*N51 -> 0 | Q51: =E51*P51 -> 0 | R51: =F51-H51-J51-L51-N51-P51 -> 0 | S51: =E51*R51 -> 0 | U51: =E51*T51 -> 0 | V51: =R51+T51 -> 0 | W51: =E51*V51 -> 0 | X51: =+H51+J51+L51+N51+P51 -> 0
A52: 32 GRİ 63*61*10 | B52: 63 | C52: 61 | D52: 10 | E52: =(B52*C52*D52)/1000000 -> 0.03843 | F52: ='EYLÜL 1. HAFTA'!V52 -> 0 | G52: =E52*F52 -> 0 | I52: =E52*H52 -> 0 | K52: =E52*J52 -> 0 | M52: =E52*L52 -> 0 | O52: =E52*N52 -> 0 | Q52: =E52*P52 -> 0 | R52: =F52-H52-J52-L52-N52-P52 -> 0 | S52: =E52*R52 -> 0 | U52: =E52*T52 -> 0 | V52: =R52+T52 -> 0 | W52: =E52*V52 -> 0 | X52: =+H52+J52+L52+N52+P52 -> 0
A53: 14 DN ELASTİK 58*58*2,3 | B53: 58 | C53: 58 | D53: 2.3 | E53: =(B53*C53*D53)/1000000 -> 0.0077372 | F53: ='EYLÜL 1. HAFTA'!V53 -> 3986 | G53: =E53*F53 -> 30.840479 | I53: =E53*H53 -> 0 | J53: 4 | K53: =E53*J53 -> 0.0309488 | M53: =E53*L53 -> 0 | O53: =E53*N53 -> 0 | Q53: =E53*P53 -> 0 | R53: =F53-H53-J53-L53-N53-P53 -> 3982 | S53: =E53*R53 -> 30.80953 | U53: =E53*T53 -> 0 | V53: =R53+T53 -> 3982 | W53: =E53*V53 -> 30.80953 | X53: =+H53+J53+L53+N53+P53 -> 4
A54: 14 DN ELASTİK 79*62*2,3 | B54: 79 | C54: 62 | D54: 2.3 | E54: =(B54*C54*D54)/1000000 -> 0.0112654 | F54: ='EYLÜL 1. HAFTA'!V54 -> 3588 | G54: =E54*F54 -> 40.420255 | I54: =E54*H54 -> 0 | K54: =E54*J54 -> 0 | M54: =E54*L54 -> 0 | O54: =E54*N54 -> 0 | Q54: =E54*P54 -> 0 | R54: =F54-H54-J54-L54-N54-P54 -> 3588 | S54: =E54*R54 -> 40.420255 | U54: =E54*T54 -> 0 | V54: =R54+T54 -> 3588 | W54: =E54*V54 -> 40.420255 | X54: =+H54+J54+L54+N54+P54 -> 0
A55: 18 DN 200*176*2,3 | B55: 200 | C55: 176 | D55: 2.3 | E55: =(B55*C55*D55)/1000000 -> 0.08096 | F55: ='EYLÜL 1. HAFTA'!V55 -> 1 | G55: =E55*F55 -> 0.08096 | I55: =E55*H55 -> 0 | K55: =E55*J55 -> 0 | M55: =E55*L55 -> 0 | O55: =E55*N55 -> 0 | Q55: =E55*P55 -> 0 | R55: =F55-H55-J55-L55-N55-P55 -> 1 | S55: =E55*R55 -> 0.08096 | U55: =E55*T55 -> 0 | V55: =R55+T55 -> 1 | W55: =E55*V55 -> 0.08096 | X55: =+H55+J55+L55+N55+P55 -> 0
A56: 24 KUŞTUYÜ 79*79*2,3 | B56: 79 | C56: 79 | D56: 2.3 | E56: =(B56*C56*D56)/1000000 -> 0.0143543 | F56: ='EYLÜL 1. HAFTA'!V56 -> 241 | G56: =E56*F56 -> 3.4593863 | I56: =E56*H56 -> 0 | K56: =E56*J56 -> 0 | M56: =E56*L56 -> 0 | O56: =E56*N56 -> 0 | Q56: =E56*P56 -> 0 | R56: =F56-H56-J56-L56-N56-P56 -> 241 | S56: =E56*R56 -> 3.4593863 | U56: =E56*T56 -> 0 | V56: =R56+T56 -> 241 | W56: =E56*V56 -> 3.4593863 | X56: =+H56+J56+L56+N56+P56 -> 0
A57: 22 SEK.OTURAK SÜN.4,0 | E57: 0.009 | F57: ='EYLÜL 1. HAFTA'!V57 -> 938 | G57: =E57*F57 -> 8.442 | I57: =E57*H57 -> 0 | K57: =E57*J57 -> 0 | M57: =E57*L57 -> 0 | N57: 50 | O57: =E57*N57 -> 0.45 | P57: 22 | Q57: =E57*P57 -> 0.198 | R57: =F57-H57-J57-L57-N57-P57 -> 866 | S57: =E57*R57 -> 7.794 | U57: =E57*T57 -> 0 | V57: =R57+T57 -> 866 | W57: =E57*V57 -> 7.794 | X57: =+H57+J57+L57+N57+P57 -> 72
A58: 22 SEK.SIRT SÜN.4,0 | E58: 0.007 | F58: ='EYLÜL 1. HAFTA'!V58 -> 938 | G58: =E58*F58 -> 6.566 | I58: =E58*H58 -> 0 | K58: =E58*J58 -> 0 | M58: =E58*L58 -> 0 | O58: =E58*N58 -> 0 | P58: 12 | Q58: =E58*P58 -> 0.084 | R58: =F58-H58-J58-L58-N58-P58 -> 926 | S58: =E58*R58 -> 6.482 | U58: =E58*T58 -> 0 | V58: =R58+T58 -> 926 | W58: =E58*V58 -> 6.482 | X58: =+H58+J58+L58+N58+P58 -> 12
A59: 22 VEGA OTURAK 3.0 | E59: 0.00675 | F59: ='EYLÜL 1. HAFTA'!V59 -> 1100 | G59: =E59*F59 -> 7.425 | I59: =E59*H59 -> 0 | K59: =E59*J59 -> 0 | L59: 63 | M59: =E59*L59 -> 0.42525 | N59: 20 | O59: =E59*N59 -> 0.135 | Q59: =E59*N58 -> 0 | R59: =F59-H59-J59-L59-N59-N58 -> 1017 | S59: =E59*R59 -> 6.86475 | U59: =E59*T59 -> 0 | V59: =R59+T59 -> 1017 | W59: =E59*V59 -> 6.86475 | X59: =+H59+J59+L59+N59+P59 -> 83
A60: 22 VEGA SIRT 3,0 | E60: 0.00525 | F60: ='EYLÜL 1. HAFTA'!V60 -> 1244 | G60: =E60*F60 -> 6.531 | I60: =E60*H60 -> 0 | K60: =E60*J60 -> 0 | L60: 18 | M60: =E60*L60 -> 0.0945 | N60: 20 | O60: =E60*N60 -> 0.105 | Q60: =E60*P60 -> 0 | R60: =F60-H60-J60-L60-N60-P60 -> 1206 | S60: =E60*R60 -> 6.3315 | U60: =E60*T60 -> 0 | V60: =R60+T60 -> 1206 | W60: =E60*V60 -> 6.3315 | X60: =+H60+J60+L60+N60+P60 -> 38
A61: 22 KOL ÜSTÜ 4,0 | E61: =(B61*C61*D61)/1000000 -> 0 | F61: ='EYLÜL 1. HAFTA'!V61 -> 97 | G61: =E61*F61 -> 0 | I61: =E61*H61 -> 0 | K61: =E61*J61 -> 0 | M61: =E61*L61 -> 0 | N61: 5 | O61: =E61*N61 -> 0 | Q61: =E61*P61 -> 0 | R61: =F61-H61-J61-L61-N61-P61 -> 92 | S61: =E61*R61 -> 0 | U61: =E61*T61 -> 0 | V61: =R61+T61 -> 92 | W61: =E61*V61 -> 0 | X61: =+H61+J61+L61+N61+P61 -> 5
A62: 32 VEGA SIRT 3,0 | E62: 0.00525 | F62: ='EYLÜL 1. HAFTA'!V62 -> 1950 | G62: =E62*F62 -> 10.2375 | I62: =E62*H62 -> 0 | K62: =E62*J62 -> 0 | L62: 58 | M62: =E62*L62 -> 0.3045 | O62: =E62*N62 -> 0 | Q62: =E62*P62 -> 0 | R62: =F62-H62-J62-L62-N62-P62 -> 1892 | S62: =E62*R62 -> 9.933 | U62: =E62*T62 -> 0 | V62: =R62+T62 -> 1892 | W62: =E62*V62 -> 9.933 | X62: =+H62+J62+L62+N62+P62 -> 58
A63: 32 VEGA OTURAK 3,0 | E63: 0.00675 | F63: ='EYLÜL 1. HAFTA'!V63 -> 1500 | G63: =E63*F63 -> 10.125 | I63: =E63*H63 -> 0 | K63: =E63*J63 -> 0 | L63: 50 | M63: =E63*L63 -> 0.3375 | O63: =E63*N63 -> 0 | Q63: =E63*P63 -> 0 | R63: =F63-H63-J63-L63-N63-P63 -> 1450 | S63: =E63*R63 -> 9.7875 | U63: =E63*T63 -> 0 | V63: =R63+T63 -> 1450 | W63: =E63*V63 -> 9.7875 | X63: =+H63+J63+L63+N63+P63 -> 50
A64: 22 DN 140*9,5*6,5 | B64: 140 | C64: 9.5 | D64: 6.5 | E64: =(B64*C64*D64)/1000000 -> 0.008645 | F64: ='EYLÜL 1. HAFTA'!V64 -> 552 | G64: =E64*F64 -> 4.77204 | H64: 96 | I64: =E64*H64 -> 0.82992 | K64: =E64*J64 -> 0 | M64: =E64*L64 -> 0 | O64: =E64*N64 -> 0 | Q64: =E64*P64 -> 0 | R64: =F64-H64-J64-L64-N64-P64 -> 456 | S64: =E64*R64 -> 3.94212 | U64: =E64*T64 -> 0 | V64: =R64+T64 -> 456 | W64: =E64*V64 -> 3.94212 | X64: =+H64+J64+L64+N64+P64 -> 96
A65: 24 DN 90*83*2 K.TÜY | B65: 90 | C65: 83 | D65: 2 | E65: =(B65*C65*D65)/1000000 -> 0.01494 | F65: ='EYLÜL 1. HAFTA'!V65 -> 478 | G65: =E65*F65 -> 7.14132 | H65: 0 | I65: =E65*H65 -> 0 | K65: =G65*J65 -> 0 | M65: =E65*L65 -> 0 | O65: =E65*N65 -> 0 | Q65: =M65*P65 -> 0 | R65: =F65-H65-J65-L65-N65-P65 -> 478 | S65: =E65*R65 -> 7.14132 | T65: 0 | U65: =E65*T65 -> 0 | V65: =R65+T65 -> 478 | W65: =E65*V65 -> 7.14132 | X65: =+H65+J65+L65+N65+P65 -> 0
A66: 24 DN 92*82*2 K.TÜY | B66: 92 | C66: 82 | D66: 2 | E66: =(B66*C66*D66)/1000000 -> 0.015088 | F66: ='EYLÜL 1. HAFTA'!V66 -> 512 | G66: =E66*F66 -> 7.725056 | H66: 30 | I66: =E66*H66 -> 0.45264 | K66: =G66*J66 -> 0 | M66: =E66*L66 -> 0 | O66: =E66*N66 -> 0 | Q66: =M66*P66 -> 0 | R66: =F66-H66-J66-L66-N66-P66 -> 482 | S66: =E66*R66 -> 7.272416 | T66: 0 | U66: =E66*T66 -> 0 | V66: =R66+T66 -> 482 | W66: =E66*V66 -> 7.272416 | X66: =+H66+J66+L66+N66+P66 -> 30
A67: 24 DN K.T 82*80*2 | B67: 82 | C67: 80 | D67: 2 | E67: =(B67*C67*D67)/1000000 -> 0.01312 | F67: ='EYLÜL 1. HAFTA'!V67 -> 432 | G67: =E67*F67 -> 5.66784 | I67: =E67*H67 -> 0 | K67: =G67*J67 -> 0 | M67: =E67*L67 -> 0 | O67: =E67*N67 -> 0 | Q67: =M67*P67 -> 0 | R67: =F67-H67-J67-L67-N67-P67 -> 432 | S67: =E67*R67 -> 5.66784 | U67: =Q67*T67 -> 0 | V67: =R67+T67 -> 432 | W67: =E67*V67 -> 5.66784 | X67: =+H67+J67+L67+N67+P67 -> 0
A68: 24 DN K.T 86*77*8 | B68: 86 | C68: 77 | D68: 8 | E68: =(B68*C68*D68)/1000000 -> 0.052976 | F68: ='EYLÜL 1. HAFTA'!V68 -> 97 | G68: =E68*F68 -> 5.138672 | I68: =E68*H68 -> 0 | K68: =G68*J68 -> 0 | L68: 4 | M68: =E68*L68 -> 0.211904 | N68: 12 | O68: =E68*N68 -> 0.635712 | Q68: =M68*P68 -> 0 | R68: =F68-H68-J68-L68-N68-P68 -> 81 | S68: =E68*R68 -> 4.291056 | U68: =Q68*T68 -> 0 | V68: =R68+T68 -> 81 | W68: =E68*V68 -> 4.291056 | X68: =+H68+J68+L68+N68+P68 -> 16
A69: 24 DN K.T 76*75*8 | B69: 76 | C69: 75 | D69: 8 | E69: =(B69*C69*D69)/1000000 -> 0.0456 | F69: ='EYLÜL 1. HAFTA'!V69 -> 102 | G69: =E69*F69 -> 4.6512 | I69: =E69*H69 -> 0 | K69: =G69*J69 -> 0 | M69: =E69*L69 -> 0 | O69: =E69*N69 -> 0 | Q69: =M69*P69 -> 0 | R69: =F69-H69-J69-L69-N69-P69 -> 102 | S69: =E69*R69 -> 4.6512 | U69: =Q69*T69 -> 0 | V69: =R69+T69 -> 102 | W69: =E69*V69 -> 4.6512 | X69: =+H69+J69+L69+N69+P69 -> 0
A70: 28 DN SOFT 12,0 | B70: 140 | C70: 240 | D70: 12 | E70: =(B70*C70*D70)/1000000 -> 0.4032 | F70: ='EYLÜL 1. HAFTA'!V70 -> 10 | G70: =E70*F70 -> 4.032 | I70: =E70*H70 -> 0 | K70: =G70*J70 -> 0 | M70: =I70*L70 -> 0 | N70: 1 | O70: =E70*N70 -> 0.4032 | Q70: =M70*P70 -> 0 | R70: =F70-H70-J70-L70-N70-P70 -> 9 | S70: =E70*R70 -> 3.6288 | U70: =Q70*T70 -> 0 | V70: =R70+T70 -> 9 | W70: =E70*V70 -> 3.6288 | X70: =+H70+J70+L70+N70+P70 -> 1
H71: =SUM(H5:H70) -> 208 | J71: =SUM(J5:J70) -> 135 | L71: =SUM(L5:L70) -> 295 | N71: =SUM(N5:N70) -> 175 | P71: =SUM(P5:P70) -> 102 | X71: =SUM(X5:X70) -> 915

Sheet EYLÜL 3. HAFTA
A1: SÜNGER | B1: EYLÜL 3. HAFTA
A2: ÜRÜN ADI | F2: DEVİR STOK | H2: 44823 | J2: 44824 | L2: 44825 | N2: 44826 | P2: 44827 | R2: KALAN STOK | T2: STOK GİRİŞİ | V2: TOPLAM STOK MİKTARI
H3: STOK ÇIKIŞI | J3: STOK ÇIKIŞI | L3: STOK ÇIKIŞI | N3: STOK ÇIKIŞI | P3: STOK ÇIKIŞI
B4: EN | C4: BOY | D4: YÜKS | E4: br m³ | F4: PLAKA ADET | H4: PLAKA ADET | J4: PLAKA ADET | L4: PLAKA ADET | N4: PLAKA ADET | P4: PLAKA ADET | R4: PLAKA ADET | T4: PLAKA ADET | V4: PLAKA ADET
A5: 22 DN GRİ 1,0 | B5: 140 | C5: 240 | D5: 1 | E5: =(B5*C5*D5)/1000000 -> 0.0336 | F5: ='EYLÜL 2. HAFTA '!V5 -> 290 | G5: =E5*F5 -> 9.744 | H5: 2 | I5: =E5*H5 -> 0.0672 | K5: =E5*J5 -> 0 | L5: 23 | M5: =E5*L5 -> 0.7728 | N5: 22 | O5: =E5*N5 -> 0.7392 | P5: 197 | Q5: =E5*P5 -> 6.6192 | R5: =F5-H5-J5-L5-N5-P5 -> 46 | S5: =E5*R5 -> 1.5456 | T5: 611 | U5: =E5*T5 -> 20.5296 | V5: =R5+T5 -> 657 | W5: =E5*V5 -> 22.0752 | X5: =+H5+J5+L5+N5+P5 -> 244
A6: 14 DN BEYAZ 0,8 | B6: 140 | C6: 240 | D6: 0.8 | E6: =(B6*C6*D6)/1000000 -> 0.02688 | F6: ='EYLÜL 2. HAFTA '!V6 -> 453 | G6: =E6*F6 -> 12.17664 | H6: 8 | I6: =E6*H6 -> 0.21504 | J6: 10 | K6: =E6*J6 -> 0.2688 | L6: 9 | M6: =E6*L6 -> 0.24192 | N6: 8 | O6: =E6*N6 -> 0.21504 | P6: 2 | Q6: =E6*P6 -> 0.05376 | R6: =F6-H6-J6-L6-N6-P6 -> 416 | S6: =E6*R6 -> 11.18208 | U6: =E6*T6 -> 0 | V6: =R6+T6 -> 416 | W6: =E6*V6 -> 11.18208 | X6: =+H6+J6+L6+N6+P6 -> 37
A7: 14 DN BEYAZ 1,4 | B7: 140 | C7: 240 | D7: 1.4 | E7: =(B7*C7*D7)/1000000 -> 0.04704 | F7: ='EYLÜL 2. HAFTA '!V7 -> 95 | G7: =E7*F7 -> 4.4688 | H7: 59 | I7: =E7*H7 -> 2.77536 | J7: 36 | K7: =E7*J7 -> 1.69344 | M7: =E7*L7 -> 0 | N7: 16 | O7: =E7*N7 -> 0.75264 | P7: 1 | Q7: =E7*P7 -> 0.04704 | R7: =F7-H7-J7-L7-N7-P7 -> -17 | S7: =E7*R7 -> -0.79968 | T7: 82 | U7: =E7*T7 -> 3.85728 | V7: =R7+T7 -> 65 | W7: =E7*V7 -> 3.0576 | X7: =+H7+J7+L7+N7+P7 -> 112
A8: 22 DN GRİ 4,0 | B8: 140 | C8: 240 | D8: 4 | E8: =(B8*C8*D8)/1000000 -> 0.1344 | F8: ='EYLÜL 2. HAFTA '!V8 -> 39 | G8: =E8*F8 -> 5.2416 | H8: 1 | I8: =E8*H8 -> 0.1344 | J8: 1 | K8: =E8*J8 -> 0.1344 | M8: =E8*L8 -> 0 | O8: =E8*N8 -> 0 | Q8: =E8*P8 -> 0 | R8: =F8-H8-J8-L8-N8-P8 -> 37 | S8: =E8*R8 -> 4.9728 | U8: =E8*T8 -> 0 | V8: =R8+T8 -> 37 | W8: =E8*V8 -> 4.9728 | X8: =+H8+J8+L8+N8+P8 -> 2
A9: 22 DN GRİ 2,0 | B9: 140 | C9: 240 | D9: 2 | E9: =(B9*C9*D9)/1000000 -> 0.0672 | F9: ='EYLÜL 2. HAFTA '!V9 -> 100 | G9: =E9*F9 -> 6.72 | H9: 15 | I9: =E9*H9 -> 1.008 | J9: 4 | K9: =E9*J9 -> 0.2688 | L9: 1 | M9: =E9*L9 -> 0.0672 | N9: 3 | O9: =E9*N9 -> 0.2016 | P9: 15 | Q9: =E9*P9 -> 1.008 | R9: =F9-H9-J9-L9-N9-P9 -> 62 | S9: =E9*R9 -> 4.1664 | U9: =E9*T9 -> 0 | V9: =R9+T9 -> 62 | W9: =E9*V9 -> 4.1664 | X9: =+H9+J9+L9+N9+P9 -> 38
A10: 24 DN KUŞTÜYÜ 2 ,0 | B10: 140 | C10: 240 | D10: 2 | E10: =(B10*C10*D10)/1000000 -> 0.0672 | F10: ='EYLÜL 2. HAFTA '!V10 -> 12 | G10: =E10*F10 -> 0.8064 | I10: =E10*H10 -> 0 | K10: =E10*J10 -> 0 | L10: 31 | M10: =E10*L10 -> 2.0832 | N10: 10 | O10: =E10*N10 -> 0.672 | Q10: =E10*P10 -> 0 | R10: =F10-H10-J10-L10-N10-P10 -> -29 | S10: =E10*R10 -> -1.9488 | T10: 356 | U10: =E10*T10 -> 23.9232 | V10: =R10+T10 -> 327 | W10: =E10*V10 -> 21.9744 | X10: =+H10+J10+L10+N10+P10 -> 41
A11: 30 DN LÜKS BEYAZ 7,0 | B11: 140 | C11: 240 | D11: 7 | E11: =(B11*C11*D11)/1000000 -> 0.2352 | F11: ='EYLÜL 2. HAFTA '!V11 -> 4 | G11: =E11*F11 -> 0.9408 | H11: 4 | I11: =E11*H11 -> 0.9408 | K11: =E11*J11 -> 0 | M11: =E11*L11 -> 0 | N11: 1 | O11: =E11*N11 -> 0.2352 | P11: 3 | Q11: =E11*P11 -> 0.7056 | R11: =F11-H11-J11-L11-N11-P11 -> -4 | S11: =E11*R11 -> -0.9408 | T11: 29 | U11: =E11*T11 -> 6.8208 | V11: =R11+T11 -> 25 | W11: =E11*V11 -> 5.88 | X11: =+H11+J11+L11+N11+P11 -> 8
A12: 24 DN KUŞTÜYÜ 5 ,0 | B12: 140 | C12: 240 | D12: 5 | E12: =(B12*C12*D12)/1000000 -> 0.168 | F12: ='EYLÜL 2. HAFTA '!V12 -> 375 | G12: =E12*F12 -> 63 | I12: =E12*H12 -> 0 | K12: =E12*J12 -> 0 | M12: =E12*L12 -> 0 | O12: =E12*N12 -> 0 | P12: 1 | Q12: =E12*P12 -> 0.168 | R12: =F12-H12-J12-L12-N12-P12 -> 374 | S12: =E12*R12 -> 62.832 | U12: =E12*T12 -> 0 | V12: =R12+T12 -> 374 | W12: =E12*V12 -> 62.832 | X12: =+H12+J12+L12+N12+P12 -> 1
A13: 28 DN GRİ SOFT 5,0 | B13: 140 | C13: 240 | D13: 5 | E13: =(B13*C13*D13)/1000000 -> 0.168 | F13: ='EYLÜL 2. HAFTA '!V13 -> 43 | G13: =E13*F13 -> 7.224 | I13: =E13*H13 -> 0 | K13: =E13*J13 -> 0 | L13: 1 | M13: =E13*L13 -> 0.168 | O13: =E13*N13 -> 0 | Q13: =E13*P13 -> 0 | R13: =F13-H13-J13-L13-N13-P13 -> 42 | S13: =E13*R13 -> 7.056 | U13: =E13*T13 -> 0 | V13: =R13+T13 -> 42 | W13: =E13*V13 -> 7.056 | X13: =+H13+J13+L13+N13+P13 -> 1
A14: 28 DN GRİ 5,0 | B14: 140 | C14: 240 | D14: 5 | E14: =(B14*C14*D14)/1000000 -> 0.168 | F14: ='EYLÜL 2. HAFTA '!V14 -> 73 | G14: =E14*F14 -> 12.264 | I14: =E14*H14 -> 0 | K14: =E14*J14 -> 0 | M14: =E14*L14 -> 0 | N14: 3 | O14: =E14*N14 -> 0.504 | P14: 5 | Q14: =E14*P14 -> 0.84 | R14: =F14-H14-J14-L14-N14-P14 -> 65 | S14: =E14*R14 -> 10.92 | U14: =E14*T14 -> 0 | V14: =R14+T14 -> 65 | W14: =E14*V14 -> 10.92 | X14: =+H14+J14+L14+N14+P14 -> 8
A15: 28 DN SOFT 10 | B15: 140 | C15: 240 | D15: 10 | E15: =(B15*C15*D15)/1000000 -> 0.336 | F15: ='EYLÜL 2. HAFTA '!V15 -> 41 | G15: =E15*F15 -> 13.776 | H15: 2 | I15: =E15*H15 -> 0.672 | K15: =E15*J15 -> 0 | L15: 1 | M15: =E15*L15 -> 0.336 | N15: 1 | O15: =E15*N15 -> 0.336 | P15: 5 | Q15: =E15*P15 -> 1.68 | R15: =F15-H15-J15-L15-N15-P15 -> 32 | S15: =E15*R15 -> 10.752 | U15: =E15*T15 -> 0 | V15: =R15+T15 -> 32 | W15: =E15*V15 -> 10.752 | X15: =+H15+J15+L15+N15+P15 -> 9
A16: 22 DN GRİ 3,0 | B16: 140 | C16: 240 | D16: 3 | E16: =(B16*C16*D16)/1000000 -> 0.1008 | F16: ='EYLÜL 2. HAFTA '!V16 -> 198 | G16: =E16*F16 -> 19.9584 | H16: 1 | I16: =E16*H16 -> 0.1008 | K16: =E16*J16 -> 0 | M16: =E16*L16 -> 0 | N16: 11 | O16: =E16*N16 -> 1.1088 | Q16: =E16*P16 -> 0 | R16: =F16-H16-J16-L16-N16-P16 -> 186 | S16: =E16*R16 -> 18.7488 | U16: =E16*T16 -> 0 | V16: =R16+T16 -> 186 | W16: =E16*V16 -> 18.7488 | X16: =+H16+J16+L16+N16+P16 -> 12
A17: 22 DN GRİ 5,0 | B17: 140 | C17: 240 | D17: 5 | E17: =(B17*C17*D17)/1000000 -> 0.168 | F17: ='EYLÜL 2. HAFTA '!V17 -> 12 | G17: =E17*F17 -> 2.016 | I17: =E17*H17 -> 0 | J17: 2 | K17: =E17*J17 -> 0.336 | L17: 1 | M17: =E17*L17 -> 0.168 | N17: 9 | O17: =E17*N17 -> 1.512 | P17: 0 | Q17: =E17*P17 -> 0 | R17: =F17-H17-J17-L17-N17-P17 -> 0 | S17: =E17*R17 -> 0 | U17: =E17*T17 -> 0 | V17: =R17+T17 -> 0 | W17: =E17*V17 -> 0 | X17: =+H17+J17+L17+N17+P17 -> 12
A18: 28 DN GRİ 3,0 | B18: 140 | C18: 240 | D18: 3 | E18: =(B18*C18*D18)/1000000 -> 0.1008 | F18: ='EYLÜL 2. HAFTA '!V18 -> 211 | G18: =E18*F18 -> 21.2688 | H18: 1 | I18: =E18*H18 -> 0.1008 | K18: =E18*J18 -> 0 | L18: 1 | M18: =E18*L18 -> 0.1008 | N18: 1 | O18: =E18*N18 -> 0.1008 | Q18: =E18*P18 -> 0 | R18: =F18-H18-J18-L18-N18-P18 -> 208 | S18: =E18*R18 -> 20.9664 | U18: =E18*T18 -> 0 | V18: =R18+T18 -> 208 | W18: =E18*V18 -> 20.9664 | X18: =+H18+J18+L18+N18+P18 -> 3
A19: 24 DN PEMBE 8,0 | B19: 140 | C19: 240 | D19: 8 | E19: =(B19*C19*D19)/1000000 -> 0.2688 | F19: ='EYLÜL 2. HAFTA '!V19 -> 15 | G19: =E19*F19 -> 4.032 | I19: =E19*H19 -> 0 | K19: =E19*J19 -> 0 | M19: =E19*L19 -> 0 | O19: =E19*N19 -> 0 | Q19: =E19*P19 -> 0 | R19: =F19-H19-J19-L19-N19-P19 -> 15 | S19: =E19*R19 -> 4.032 | U19: =E19*T19 -> 0 | V19: =R19+T19 -> 15 | W19: =E19*V19 -> 4.032 | X19: =+H19+J19+L19+N19+P19 -> 0
A20: 28 DN SOFT 8,0 | B20: 140 | C20: 240 | D20: 8 | E20: =(B20*C20*D20)/1000000 -> 0.2688 | F20: ='EYLÜL 2. HAFTA '!V20 -> 0 | G20: =E20*F20 -> 0 | I20: =E20*H20 -> 0 | K20: =E20*J20 -> 0 | M20: =E20*L20 -> 0 | O20: =E20*N20 -> 0 | Q20: =E20*P20 -> 0 | R20: =F20-H20-J20-L20-N20-P20 -> 0 | S20: =E20*R20 -> 0 | U20: =E20*T20 -> 0 | V20: =R20+T20 -> 0 | W20: =E20*V20 -> 0 | X20: =+H20+J20+L20+N20+P20 -> 0
A21: 22 DN 77*55*8,0 | B21: 77 | C21: 55 | D21: 8 | E21: =(B21*C21*D21)/1000000 -> 0.03388 | F21: ='EYLÜL 2. HAFTA '!V21 -> 4 | G21: =E21*F21 -> 0.13552 | I21: =E21*H21 -> 0 | K21: =E21*J21 -> 0 | M21: =E21*L21 -> 0 | O21: =E21*N21 -> 0 | Q21: =E21*P21 -> 0 | R21: =F21-H21-J21-L21-N21-P21 -> 4 | S21: =E21*R21 -> 0.13552 | U21: =E21*T21 -> 0 | V21: =R21+T21 -> 4 | W21: =E21*V21 -> 0.13552 | X21: =+H21+J21+L21+N21+P21 -> 0
A22: 32 DN 65*50*12 | B22: 65 | C22: 50 | D22: 12 | E22: =(B22*C22*D22)/1000000 -> 0.039 | F22: ='EYLÜL 2. HAFTA '!V22 -> 26 | G22: =E22*F22 -> 1.014 | I22: =E22*H22 -> 0 | K22: =E22*J22 -> 0 | M22: =E22*L22 -> 0 | O22: =E22*N22 -> 0 | Q22: =E22*P22 -> 0 | R22: =F22-H22-J22-L22-N22-P22 -> 26 | S22: =E22*R22 -> 1.014 | U22: =E22*T22 -> 0 | V22: =R22+T22 -> 26 | W22: =E22*V22 -> 1.014 | X22: =+H22+J22+L22+N22+P22 -> 0
A23: SİLİNDİR | E23: =(B23*C23*D23)/1000000 -> 0 | F23: ='EYLÜL 2. HAFTA '!V23 -> 74 | G23: =E23*F23 -> 0 | I23: =E23*H23 -> 0 | K23: =E23*J23 -> 0 | M23: =E23*L23 -> 0 | O23: =E23*N23 -> 0 | Q23: =E23*P23 -> 0 | R23: =F23-H23-J23-L23-N23-P23 -> 74 | S23: =E23*R23 -> 0 | U23: =E23*T23 -> 0 | V23: =R23+T23 -> 74 | W23: =E23*V23 -> 0 | X23: =+H23+J23+L23+N23+P23 -> 0
A24: 32 DN 66*56*12 | B24: 66 | C24: 56 | D24: 12 | E24: =(B24*C24*D24)/1000000 -> 0.044352 | F24: ='EYLÜL 2. HAFTA '!V24 -> 28 | G24: =E24*F24 -> 1.241856 | I24: =E24*H24 -> 0 | K24: =E24*J24 -> 0 | M24: =E24*L24 -> 0 | O24: =E24*N24 -> 0 | Q24: =E24*P24 -> 0 | R24: =F24-H24-J24-L24-N24-P24 -> 28 | S24: =E24*R24 -> 1.241856 | U24: =E24*T24 -> 0 | V24: =R24+T24 -> 28 | W24: =E24*V24 -> 1.241856 | X24: =+H24+J24+L24+N24+P24 -> 0
A25: 32 DN 61*61*03 | B25: 61.5 | C25: 61.5 | D25: 10 | E25: =(B25*C25*D25)/1000000 -> 0.0378225 | F25: ='EYLÜL 2. HAFTA '!V25 -> 0 | G25: =E25*F25 -> 0 | I25: =E25*H25 -> 0 | K25: =E25*J25 -> 0 | M25: =E25*L25 -> 0 | O25: =E25*N25 -> 0 | Q25: =E25*P25 -> 0 | R25: =F25-H25-J25-L25-N25-P25 -> 0 | S25: =E25*R25 -> 0 | T25: 48 | U25: =E25*T25 -> 1.81548 | V25: =R25+T25 -> 48 | W25: =E25*V25 -> 1.81548 | X25: =+H25+J25+L25+N25+P25 -> 0
A26: 18 DN 82*67*5,0 | B26: 82 | C26: 67 | D26: 5 | E26: =(B26*C26*D26)/1000000 -> 0.02747 | F26: ='EYLÜL 2. HAFTA '!V26 -> 30 | G26: =E26*F26 -> 0.8241 | I26: =E26*H26 -> 0 | K26: =E26*J26 -> 0 | M26: =E26*L26 -> 0 | O26: =E26*N26 -> 0 | Q26: =E26*P26 -> 0 | R26: =F26-H26-J26-L26-N26-P26 -> 30 | S26: =E26*R26 -> 0.8241 | U26: =E26*T26 -> 0 | V26: =R26+T26 -> 30 | W26: =E26*V26 -> 0.8241 | X26: =+H26+J26+L26+N26+P26 -> 0
A27: 18 DN 80*62*2,0 | B27: 80 | C27: 62 | D27: 2 | E27: =(B27*C27*D27)/1000000 -> 0.00992 | F27: ='EYLÜL 2. HAFTA '!V27 -> 36 | G27: =E27*F27 -> 0.35712 | I27: =E27*H27 -> 0 | K27: =E27*J27 -> 0 | M27: =E27*L27 -> 0 | O27: =E27*N27 -> 0 | Q27: =E27*P27 -> 0 | R27: =F27-H27-J27-L27-N27-P27 -> 36 | S27: =E27*R27 -> 0.35712 | U27: =E27*T27 -> 0 | V27: =R27+T27 -> 36 | W27: =E27*V27 -> 0.35712 | X27: =+H27+J27+L27+N27+P27 -> 0
A28: 32 DN 63*55*5,0 | B28: 63 | C28: 55 | D28: 5 | E28: =(B28*C28*D28)/1000000 -> 0.017325 | F28: ='EYLÜL 2. HAFTA '!V28 -> 19 | G28: =E28*F28 -> 0.329175 | I28: =E28*H28 -> 0 | K28: =E28*J28 -> 0 | M28: =E28*L28 -> 0 | O28: =E28*N28 -> 0 | Q28: =E28*P28 -> 0 | R28: =F28-H28-J28-L28-N28-P28 -> 19 | S28: =E28*R28 -> 0.329175 | U28: =E28*T28 -> 0 | V28: =R28+T28 -> 19 | W28: =E28*V28 -> 0.329175 | X28: =+H28+J28+L28+N28+P28 -> 0
A29: 18 DN BEYAZ 5,0 | B29: 140 | C29: 240 | D29: 5 | E29: =(B29*C29*D29)/1000000 -> 0.168 | F29: ='EYLÜL 2. HAFTA '!V29 -> 6 | G29: =E29*F29 -> 1.008 | I29: =E29*H29 -> 0 | K29: =E29*J29 -> 0 | M29: =E29*L29 -> 0 | O29: =E29*N29 -> 0 | Q29: =E29*P29 -> 0 | R29: =F29-H29-J29-L29-N29-P29 -> 6 | S29: =E29*R29 -> 1.008 | U29: =E29*T29 -> 0 | V29: =R29+T29 -> 6 | W29: =E29*V29 -> 1.008 | X29: =+H29+J29+L29+N29+P29 -> 0
A30: 15 DN BEYAZ 10 | B30: 140 | C30: 240 | D30: 10 | E30: =(B30*C30*D30)/1000000 -> 0.336 | F30: ='EYLÜL 2. HAFTA '!V30 -> 11 | G30: =E30*F30 -> 3.696 | I30: =E30*H30 -> 0 | K30: =E30*J30 -> 0 | M30: =E30*L30 -> 0 | O30: =E30*N30 -> 0 | Q30: =E30*P30 -> 0 | R30: =F30-H30-J30-L30-N30-P30 -> 11 | S30: =E30*R30 -> 3.696 | U30: =E30*T30 -> 0 | V30: =R30+T30 -> 11 | W30: =E30*V30 -> 3.696 | X30: =+H30+J30+L30+N30+P30 -> 0
A31: 22 DN BEYAZ 3,0 | B31: 140 | C31: 240 | D31: 3 | E31: =(B31*C31*D31)/1000000 -> 0.1008 | F31: ='EYLÜL 2. HAFTA '!V31 -> 38 | G31: =E31*F31 -> 3.8304 | I31: =E31*H31 -> 0 | K31: =E31*J31 -> 0 | M31: =E31*L31 -> 0 | O31: =E31*N31 -> 0 | Q31: =E31*P31 -> 0 | R31: =F31-H31-J31-L31-N31-P31 -> 38 | S31: =E31*R31 -> 3.8304 | U31: =E31*T31 -> 0 | V31: =R31+T31 -> 38 | W31: =E31*V31 -> 3.8304 | X31: =+H31+J31+L31+N31+P31 -> 0
A32: 28 DN 90*80*8,0 | B32: 90 | C32: 80 | D32: 8 | E32: =(B32*C32*D32)/1000000 -> 0.0576 | F32: ='EYLÜL 2. HAFTA '!V32 -> 24 | G32: =E32*F32 -> 1.3824 | I32: =E32*H32 -> 0 | K32: =E32*J32 -> 0 | M32: =E32*L32 -> 0 | O32: =E32*N32 -> 0 | Q32: =E32*P32 -> 0 | R32: =F32-H32-J32-L32-N32-P32 -> 24 | S32: =E32*R32 -> 1.3824 | U32: =E32*T32 -> 0 | V32: =R32+T32 -> 24 | W32: =E32*V32 -> 1.3824 | X32: =+H32+J32+L32+N32+P32 -> 0
A33: 28 DN SOFT 90*80*8,0 | B33: 90 | C33: 80 | D33: 8 | E33: =(B33*C33*D33)/1000000 -> 0.0576 | F33: ='EYLÜL 2. HAFTA '!V33 -> 0 | G33: =E33*F33 -> 0 | I33: =E33*H33 -> 0 | K33: =E33*J33 -> 0 | M33: =E33*L33 -> 0 | O33: =E33*N33 -> 0 | Q33: =E33*P33 -> 0 | R33: =F33-H33-J33-L33-N33-P33 -> 0 | S33: =E33*R33 -> 0 | U33: =E33*T33 -> 0 | V33: =R33+T33 -> 0 | W33: =E33*V33 -> 0 | X33: =+H33+J33+L33+N33+P33 -> 0
A34: 22 DN HİLTON OTURK. | E34: =(B34*C34*D34)/1000000 -> 0 | F34: ='EYLÜL 2. HAFTA '!V34 -> 300 | G34: =E34*F34 -> 0 | I34: =E34*H34 -> 0 | K34: =E34*J34 -> 0 | M34: =E34*L34 -> 0 | O34: =E34*N34 -> 0 | Q34: =E34*P34 -> 0 | R34: =F34-H34-J34-L34-N34-P34 -> 300 | S34: =E34*R34 -> 0 | U34: =E34*T34 -> 0 | V34: =R34+T34 -> 300 | W34: =E34*V34 -> 0 | X34: =+H34+J34+L34+N34+P34 -> 0
A35: 22 DN 80*66*5,0 | B35: 80 | C35: 66 | D35: 5 | E35: =(B35*C35*D35)/1000000 -> 0.0264 | F35: ='EYLÜL 2. HAFTA '!V35 -> 56 | G35: =E35*F35 -> 1.4784 | I35: =E35*H35 -> 0 | K35: =E35*J35 -> 0 | M35: =E35*L35 -> 0 | O35: =E35*N35 -> 0 | Q35: =E35*P35 -> 0 | R35: =F35-H35-J35-L35-N35-P35 -> 56 | S35: =E35*R35 -> 1.4784 | U35: =E35*T35 -> 0 | V35: =R35+T35 -> 56 | W35: =E35*V35 -> 1.4784 | X35: =+H35+J35+L35+N35+P35 -> 0
A36: 22 DN 60*62*5,0 | B36: 60 | C36: 62 | D36: 5 | E36: =(B36*C36*D36)/1000000 -> 0.0186 | F36: ='EYLÜL 2. HAFTA '!V36 -> 17 | G36: =E36*F36 -> 0.3162 | I36: =E36*H36 -> 0 | K36: =E36*J36 -> 0 | M36: =E36*L36 -> 0 | O36: =E36*N36 -> 0 | Q36: =E36*P36 -> 0 | R36: =F36-H36-J36-L36-N36-P36 -> 17 | S36: =E36*R36 -> 0.3162 | U36: =E36*T36 -> 0 | V36: =R36+T36 -> 17 | W36: =E36*V36 -> 0.3162 | X36: =+H36+J36+L36+N36+P36 -> 0
A37: 28 DN 60*67*3 | B37: 60 | C37: 67 | D37: 3 | E37: =(B37*C37*D37)/1000000 -> 0.01206 | F37: ='EYLÜL 2. HAFTA '!V37 -> 12 | G37: =E37*F37 -> 0.14472 | I37: =E37*H37 -> 0 | K37: =E37*J37 -> 0 | M37: =E37*L37 -> 0 | O37: =E37*N37 -> 0 | Q37: =E37*P37 -> 0 | R37: =F37-H37-J37-L37-N37-P37 -> 12 | S37: =E37*R37 -> 0.14472 | U37: =E37*T37 -> 0 | V37: =R37+T37 -> 12 | W37: =E37*V37 -> 0.14472 | X37: =+H37+J37+L37+N37+P37 -> 0
A38: 28 DN GRİ 7,0 | B38: 140 | C38: 240 | D38: 7 | E38: =(B38*C38*D38)/1000000 -> 0.2352 | F38: ='EYLÜL 2. HAFTA '!V38 -> 4 | G38: =E38*F38 -> 0.9408 | I38: =E38*H38 -> 0 | K38: =E38*J38 -> 0 | M38: =E38*L38 -> 0 | O38: =E38*N38 -> 0 | Q38: =E38*P38 -> 0 | R38: =F38-H38-J38-L38-N38-P38 -> 4 | S38: =E38*R38 -> 0.9408 | U38: =E38*T38 -> 0 | V38: =R38+T38 -> 4 | W38: =E38*V38 -> 0.9408 | X38: =+H38+J38+L38+N38+P38 -> 0
A39: 18 DN GRİ 60*56*10 | B39: 60 | C39: 56 | D39: 10 | E39: =(B39*C39*D39)/1000000 -> 0.0336 | F39: ='EYLÜL 2. HAFTA '!V39 -> 30 | G39: =E39*F39 -> 1.008 | I39: =E39*H39 -> 0 | K39: =E39*J39 -> 0 | M39: =E39*L39 -> 0 | O39: =E39*N39 -> 0 | Q39: =E39*P39 -> 0 | R39: =F39-H39-J39-L39-N39-P39 -> 30 | S39: =E39*R39 -> 1.008 | U39: =E39*T39 -> 0 | V39: =R39+T39 -> 30 | W39: =E39*V39 -> 1.008 | X39: =+H39+J39+L39+N39+P39 -> 0
A40: 18 DN GRİ 58*55*10 | B40: 58 | C40: 55 | D40: 10 | E40: =(B40*C40*D40)/1000000 -> 0.0319 | F40: ='EYLÜL 2. HAFTA '!V40 -> 66 | G40: =E40*F40 -> 2.1054 | I40: =E40*H40 -> 0 | K40: =E40*J40 -> 0 | M40: =E40*L40 -> 0 | O40: =E40*N40 -> 0 | Q40: =E40*P40 -> 0 | R40: =F40-H40-J40-L40-N40-P40 -> 66 | S40: =E40*R40 -> 2.1054 | U40: =E40*T40 -> 0 | V40: =R40+T40 -> 66 | W40: =E40*V40 -> 2.1054 | X40: =+H40+J40+L40+N40+P40 -> 0
A41: 32 DN SOFT GRİ63*55*5,0 | B41: 63 | C41: 55 | D41: 5 | E41: =(B41*C41*D41)/1000000 -> 0.017325 | F41: ='EYLÜL 2. HAFTA '!V41 -> 10 | G41: =E41*F41 -> 0.17325 | I41: =E41*H41 -> 0 | K41: =E41*J41 -> 0 | M41: =E41*L41 -> 0 | O41: =E41*N41 -> 0 | Q41: =E41*P41 -> 0 | R41: =F41-H41-J41-L41-N41-P41 -> 10 | S41: =E41*R41 -> 0.17325 | U41: =E41*T41 -> 0 | V41: =R41+T41 -> 10 | W41: =E41*V41 -> 0.17325 | X41: =+H41+J41+L41+N41+P41 -> 0
A42: 28 DN GRİ 52*52*5,0 | B42: 52 | C42: 52 | D42: 5 | E42: =(B42*C42*D42)/1000000 -> 0.01352 | F42: ='EYLÜL 2. HAFTA '!V42 -> 119 | G42: =E42*F42 -> 1.60888 | I42: =E42*H42 -> 0 | K42: =E42*J42 -> 0 | M42: =E42*L42 -> 0 | O42: =E42*N42 -> 0 | Q42: =E42*P42 -> 0 | R42: =F42-H42-J42-L42-N42-P42 -> 119 | S42: =E42*R42 -> 1.60888 | U42: =E42*T42 -> 0 | V42: =R42+T42 -> 119 | W42: =E42*V42 -> 1.60888 | X42: =+H42+J42+L42+N42+P42 -> 0
A43: 28 DN SOFT GRİ 80*70*8,0 | B43: 80 | C43: 70 | D43: 8 | E43: =(B43*C43*D43)/1000000 -> 0.0448 | F43: ='EYLÜL 2. HAFTA '!V43 -> 395 | G43: =E43*F43 -> 17.696 | I43: =E43*H43 -> 0 | K43: =E43*J43 -> 0 | M43: =E43*L43 -> 0 | N43: 1 | O43: =E43*N43 -> 0.0448 | Q43: =E43*P43 -> 0 | R43: =F43-H43-J43-L43-N43-P43 -> 394 | S43: =E43*R43 -> 17.6512 | T43: 2 | U43: =E43*T43 -> 0.0896 | V43: =R43+T43 -> 396 | W43: =E43*V43 -> 17.7408 | X43: =+H43+J43+L43+N43+P43 -> 1
A44: 28 SOFT GRİ 70*64*8,0 | B44: 70 | C44: 64 | D44: 8 | E44: =(B44*C44*D44)/1000000 -> 0.03584 | F44: ='EYLÜL 2. HAFTA '!V44 -> 477 | G44: =E44*F44 -> 17.09568 | I44: =E44*H44 -> 0 | K44: =E44*J44 -> 0 | M44: =E44*L44 -> 0 | N44: 1 | O44: =E44*N44 -> 0.03584 | Q44: =E44*P44 -> 0 | R44: =F44-H44-J44-L44-N44-P44 -> 476 | S44: =E44*R44 -> 17.05984 | U44: =E44*T44 -> 0 | V44: =R44+T44 -> 476 | W44: =E44*V44 -> 17.05984 | X44: =+H44+J44+L44+N44+P44 -> 1
A45: 28 SOFT GRİ 75*70*8,0 | B45: 75 | C45: 70 | D45: 8 | E45: =(B45*C45*D45)/1000000 -> 0.042 | F45: ='EYLÜL 2. HAFTA '!V45 -> 323 | G45: =E45*F45 -> 13.566 | I45: =E45*H45 -> 0 | K45: =E45*J45 -> 0 | M45: =E45*L45 -> 0 | N45: 2 | O45: =E45*N45 -> 0.084 | Q45: =E45*P45 -> 0 | R45: =F45-H45-J45-L45-N45-P45 -> 321 | S45: =E45*R45 -> 13.482 | U45: =E45*T45 -> 0 | V45: =R45+T45 -> 321 | W45: =E45*V45 -> 13.482 | X45: =+H45+J45+L45+N45+P45 -> 2
A46: 24 DN GRİ 142*57*5,0 | B46: 142 | C46: 57 | D46: 5 | E46: =(B46*C46*D46)/1000000 -> 0.04047 | F46: ='EYLÜL 2. HAFTA '!V46 -> 707 | G46: =E46*F46 -> 28.61229 | I46: =E46*H46 -> 0 | K46: =E46*J46 -> 0 | M46: =E46*L46 -> 0 | O46: =E46*N46 -> 0 | Q46: =E46*P46 -> 0 | R46: =F46-H46-J46-L46-N46-P46 -> 707 | S46: =E46*R46 -> 28.61229 | U46: =E46*T46 -> 0 | V46: =R46+T46 -> 707 | W46: =E46*V46 -> 28.61229 | X46: =+H46+J46+L46+N46+P46 -> 0
A47: 18 DN GRİ 80*63*5,0 | B47: 80 | C47: 63 | D47: 5 | E47: =(B47*C47*D47)/1000000 -> 0.0252 | F47: ='EYLÜL 2. HAFTA '!V47 -> 315 | G47: =E47*F47 -> 7.938 | I47: =E47*H47 -> 0 | K47: =E47*J47 -> 0 | M47: =E47*L47 -> 0 | O47: =E47*N47 -> 0 | Q47: =E47*P47 -> 0 | R47: =F47-H47-J47-L47-N47-P47 -> 315 | S47: =E47*R47 -> 7.938 | U47: =E47*T47 -> 0 | V47: =R47+T47 -> 315 | W47: =E47*V47 -> 7.938 | X47: =+H47+J47+L47+N47+P47 -> 0
A48: 24 KUŞTÜYÜ 77*68*8,0 | B48: 77 | C48: 68 | D48: 8 | E48: =(B48*C48*D48)/1000000 -> 0.041888 | F48: ='EYLÜL 2. HAFTA '!V48 -> 197 | G48: =E48*F48 -> 8.251936 | I48: =E48*H48 -> 0 | K48: =E48*J48 -> 0 | M48: =E48*L48 -> 0 | N48: 2 | O48: =E48*N48 -> 0.083776 | Q48: =E48*P48 -> 0 | R48: =F48-H48-J48-L48-N48-P48 -> 195 | S48: =E48*R48 -> 8.16816 | U48: =E48*T48 -> 0 | V48: =R48+T48 -> 195 | W48: =E48*V48 -> 8.16816 | X48: =+H48+J48+L48+N48+P48 -> 2
A49: 24 KUŞTÜYÜ 79*79*2,0 | B49: 79 | C49: 79 | D49: 2 | E49: =(B49*C49*D49)/1000000 -> 0.012482 | F49: ='EYLÜL 2. HAFTA '!V49 -> 39 | G49: =E49*F49 -> 0.486798 | I49: =E49*H49 -> 0 | K49: =E49*J49 -> 0 | L49: 6 | M49: =E49*L49 -> 0.074892 | O49: =E49*N49 -> 0 | Q49: =E49*P49 -> 0 | R49: =F49-H49-J49-L49-N49-P49 -> 33 | S49: =E49*R49 -> 0.411906 | U49: =E49*T49 -> 0 | V49: =R49+T49 -> 33 | W49: =E49*V49 -> 0.411906 | X49: =+H49+J49+L49+N49+P49 -> 6
A50: 32 GRİ 61*56*10 | B50: 61 | C50: 56 | D50: 10 | E50: =(B50*C50*D50)/1000000 -> 0.03416 | F50: ='EYLÜL 2. HAFTA '!V50 -> 0 | G50: =E50*F50 -> 0 | I50: =E50*H50 -> 0 | K50: =E50*J50 -> 0 | M50: =E50*L50 -> 0 | O50: =E50*N50 -> 0 | Q50: =E50*P50 -> 0 | R50: =F50-H50-J50-L50-N50-P50 -> 0 | S50: =E50*R50 -> 0 | T50: 399 | U50: =E50*T50 -> 13.62984 | V50: =R50+T50 -> 399 | W50: =E50*V50 -> 13.62984 | X50: =+H50+J50+L50+N50+P50 -> 0
A51: 32 DN GRİ 66*61*10 | B51: 66 | C51: 61 | D51: 10 | E51: =(B51*C51*D51)/1000000 -> 0.04026 | F51: ='EYLÜL 2. HAFTA '!V51 -> 0 | G51: =E51*F51 -> 0 | I51: =E51*H51 -> 0 | K51: =E51*J51 -> 0 | M51: =E51*L51 -> 0 | O51: =E51*N51 -> 0 | Q51: =E51*P51 -> 0 | R51: =F51-H51-J51-L51-N51-P51 -> 0 | S51: =E51*R51 -> 0 | T51: 400 | U51: =E51*T51 -> 16.104 | V51: =R51+T51 -> 400 | W51: =E51*V51 -> 16.104 | X51: =+H51+J51+L51+N51+P51 -> 0
A52: 32 GRİ 61*61*10 | B52: 63 | C52: 61 | D52: 10 | E52: =(B52*C52*D52)/1000000 -> 0.03843 | F52: ='EYLÜL 2. HAFTA '!V52 -> 0 | G52: =E52*F52 -> 0 | I52: =E52*H52 -> 0 | K52: =E52*J52 -> 0 | M52: =E52*L52 -> 0 | O52: =E52*N52 -> 0 | Q52: =E52*P52 -> 0 | R52: =F52-H52-J52-L52-N52-P52 -> 0 | S52: =E52*R52 -> 0 | T52: 420 | U52: =E52*T52 -> 16.1406 | V52: =R52+T52 -> 420 | W52: =E52*V52 -> 16.1406 | X52: =+H52+J52+L52+N52+P52 -> 0
A53: 14 DN ELASTİK 58*58*2,3 | B53: 58 | C53: 58 | D53: 2.3 | E53: =(B53*C53*D53)/1000000 -> 0.0077372 | F53: ='EYLÜL 2. HAFTA '!V53 -> 3982 | G53: =E53*F53 -> 30.80953 | I53: =E53*H53 -> 0 | J53: 80 | K53: =E53*J53 -> 0.618976 | M53: =E53*L53 -> 0 | O53: =E53*N53 -> 0 | P53: 70 | Q53: =E53*P53 -> 0.541604 | R53: =F53-H53-J53-L53-N53-P53 -> 3832 | S53: =E53*R53 -> 29.64895 | U53: =E53*T53 -> 0 | V53: =R53+T53 -> 3832 | W53: =E53*V53 -> 29.64895 | X53: =+H53+J53+L53+N53+P53 -> 150
A54: 14 DN ELASTİK 79*62*2,3 | B54: 79 | C54: 62 | D54: 2.3 | E54: =(B54*C54*D54)/1000000 -> 0.0112654 | F54: ='EYLÜL 2. HAFTA '!V54 -> 3588 | G54: =E54*F54 -> 40.420255 | H54: 4 | I54: =E54*H54 -> 0.0450616 | J54: 35 | K54: =E54*J54 -> 0.394289 | M54: =E54*L54 -> 0 | O54: =E54*N54 -> 0 | Q54: =E54*P54 -> 0 | R54: =F54-H54-J54-L54-N54-P54 -> 3549 | S54: =E54*R54 -> 39.980905 | U54: =E54*T54 -> 0 | V54: =R54+T54 -> 3549 | W54: =E54*V54 -> 39.980905 | X54: =+H54+J54+L54+N54+P54 -> 39
A55: 18 DN 200*176*2,3 | B55: 200 | C55: 176 | D55: 2.3 | E55: =(B55*C55*D55)/1000000 -> 0.08096 | F55: ='EYLÜL 2. HAFTA '!V55 -> 1 | G55: =E55*F55 -> 0.08096 | I55: =E55*H55 -> 0 | K55: =E55*J55 -> 0 | M55: =E55*L55 -> 0 | O55: =E55*N55 -> 0 | Q55: =E55*P55 -> 0 | R55: =F55-H55-J55-L55-N55-P55 -> 1 | S55: =E55*R55 -> 0.08096 | U55: =E55*T55 -> 0 | V55: =R55+T55 -> 1 | W55: =E55*V55 -> 0.08096 | X55: =+H55+J55+L55+N55+P55 -> 0
A56: 24 KUŞTUYÜ 79*79*2,3 | B56: 79 | C56: 79 | D56: 2.3 | E56: =(B56*C56*D56)/1000000 -> 0.0143543 | F56: ='EYLÜL 2. HAFTA '!V56 -> 241 | G56: =E56*F56 -> 3.4593863 | I56: =E56*H56 -> 0 | K56: =E56*J56 -> 0 | M56: =E56*L56 -> 0 | O56: =E56*N56 -> 0 | Q56: =E56*P56 -> 0 | R56: =F56-H56-J56-L56-N56-P56 -> 241 | S56: =E56*R56 -> 3.4593863 | U56: =E56*T56 -> 0 | V56: =R56+T56 -> 241 | W56: =E56*V56 -> 3.4593863 | X56: =+H56+J56+L56+N56+P56 -> 0
A57: 22 SEK.OTURAK SÜN.4,0 | B57: 50 | C57: 45 | D57: 4 | E57: =(B57*C57*D57)/1000000 -> 0.009 | F57: ='EYLÜL 2. HAFTA '!V57 -> 866 | G57: =E57*F57 -> 7.794 | I57: =E57*H57 -> 0 | K57: =E57*J57 -> 0 | M57: =E57*L57 -> 0 | O57: =E57*N57 -> 0 | P57: 20 | Q57: =E57*P57 -> 0.18 | R57: =F57-H57-J57-L57-N57-P57 -> 846 | S57: =E57*R57 -> 7.614 | U57: =E57*T57 -> 0 | V57: =R57+T57 -> 846 | W57: =E57*V57 -> 7.614 | X57: =+H57+J57+L57+N57+P57 -> 20
A58: 22 SEK.SIRT SÜN.4,0 | B58: 50 | C58: 35 | D58: 4 | E58: =(B58*C58*D58)/1000000 -> 0.007 | F58: ='EYLÜL 2. HAFTA '!V58 -> 926 | G58: =E58*F58 -> 6.482 | I58: =E58*H58 -> 0 | K58: =E58*J58 -> 0 | M58: =E58*L58 -> 0 | O58: =E58*N58 -> 0 | Q58: =E58*P58 -> 0 | R58: =F58-H58-J58-L58-N58-P58 -> 926 | S58: =E58*R58 -> 6.482 | U58: =E58*T58 -> 0 | V58: =R58+T58 -> 926 | W58: =E58*V58 -> 6.482 | X58: =+H58+J58+L58+N58+P58 -> 0
A59: 22 VEGA OTURAK 3.0 | B59: 45 | C59: 50 | D59: 3 | E59: =(B59*C59*D59)/1000000 -> 0.00675 | F59: ='EYLÜL 2. HAFTA '!V59 -> 1017 | G59: =E59*F59 -> 6.86475 | I59: =E59*H59 -> 0 | J59: 40 | K59: =E59*J59 -> 0.27 | L59: 200 | M59: =E59*L59 -> 1.35 | O59: =E59*N59 -> 0 | P59: 180 | Q59: =E59*P59 -> 1.215 | R59: =F59-H59-J59-L59-N59-P59 -> 597 | S59: =E59*R59 -> 4.02975 | U59: =E59*T59 -> 0 | V59: =R59+T59 -> 597 | W59: =E59*V59 -> 4.02975 | X59: =+H59+J59+L59+N59+P59 -> 420
A60: 22 VEGA SIRT 3,0 | B60: 50 | C60: 35 | D60: 3 | E60: =(B60*C60*D60)/1000000 -> 0.00525 | F60: ='EYLÜL 2. HAFTA '!V60 -> 1206 | G60: =E60*F60 -> 6.3315 | I60: =E60*H60 -> 0 | J60: 40 | K60: =E60*J60 -> 0.21 | L60: 200 | M60: =E60*L60 -> 1.05 | O60: =E60*N60 -> 0 | P60: 85 | Q60: =E60*P60 -> 0.44625 | R60: =F60-H60-J60-L60-N60-P60 -> 881 | S60: =E60*R60 -> 4.62525 | U60: =E60*T60 -> 0 | V60: =R60+T60 -> 881 | W60: =E60*V60 -> 4.62525 | X60: =+H60+J60+L60+N60+P60 -> 325
A61: 22 KOL ÜSTÜ 4,0 | B61: 42 | C61: 36 | D61: 4 | E61: =(B61*C61*D61)/1000000 -> 0.006048 | F61: ='EYLÜL 2. HAFTA '!V61 -> 92 | G61: =E61*F61 -> 0.556416 | I61: =E61*H61 -> 0 | K61: =E61*J61 -> 0 | M61: =E61*L61 -> 0 | N61: 4 | O61: =E61*N61 -> 0.024192 | Q61: =E61*P61 -> 0 | R61: =F61-H61-J61-L61-N61-P61 -> 88 | S61: =E61*R61 -> 0.532224 | U61: =E61*T61 -> 0 | V61: =R61+T61 -> 88 | W61: =E61*V61 -> 0.532224 | X61: =+H61+J61+L61+N61+P61 -> 4
A62: 32 VEGA SIRT 3,0 | B62: 50 | C62: 35 | D62: 3 | E62: =(B62*C62*D62)/1000000 -> 0.00525 | F62: ='EYLÜL 2. HAFTA '!V62 -> 1892 | G62: =E62*F62 -> 9.933 | I62: =E62*H62 -> 0 | K62: =E62*J62 -> 0 | M62: =E62*L62 -> 0 | O62: =E62*N62 -> 0 | Q62: =E62*P62 -> 0 | R62: =F62-H62-J62-L62-N62-P62 -> 1892 | S62: =E62*R62 -> 9.933 | U62: =E62*T62 -> 0 | V62: =R62+T62 -> 1892 | W62: =E62*V62 -> 9.933 | X62: =+H62+J62+L62+N62+P62 -> 0
A63: 32 VEGA OTURAK 3,0 | B63: 45 | C63: 50 | D63: 3 | E63: =(B63*C63*D63)/1000000 -> 0.00675 | F63: ='EYLÜL 2. HAFTA '!V63 -> 1450 | G63: =E63*F63 -> 9.7875 | I63: =E63*H63 -> 0 | K63: =E63*J63 -> 0 | M63: =E63*L63 -> 0 | O63: =E63*N63 -> 0 | Q63: =E63*P63 -> 0 | R63: =F63-H63-J63-L63-N63-P63 -> 1450 | S63: =E63*R63 -> 9.7875 | U63: =E63*T63 -> 0 | V63: =R63+T63 -> 1450 | W63: =E63*V63 -> 9.7875 | X63: =+H63+J63+L63+N63+P63 -> 0
A64: 22 DN 140*9,5*6,5 | B64: 140 | C64: 9.5 | D64: 6.5 | E64: =(B64*C64*D64)/1000000 -> 0.008645 | F64: ='EYLÜL 2. HAFTA '!V64 -> 456 | G64: =E64*F64 -> 3.94212 | I64: =E64*H64 -> 0 | J64: 210 | K64: =E64*J64 -> 1.81545 | M64: =E64*L64 -> 0 | O64: =E64*N64 -> 0 | Q64: =E64*P64 -> 0 | R64: =F64-H64-J64-L64-N64-P64 -> 246 | S64: =E64*R64 -> 2.12667 | U64: =E64*T64 -> 0 | V64: =R64+T64 -> 246 | W64: =E64*V64 -> 2.12667 | X64: =+H64+J64+L64+N64+P64 -> 210
A65: 24 DN 90*83*2 K.TÜY | B65: 90 | C65: 83 | D65: 2 | E65: =(B65*C65*D65)/1000000 -> 0.01494 | F65: ='EYLÜL 1. HAFTA'!V65 -> 478 | G65: =E65*F65 -> 7.14132 | H65: 0 | I65: =E65*H65 -> 0 | K65: =G65*J65 -> 0 | M65: =E65*L65 -> 0 | N65: 20 | O65: =E65*N65 -> 0.2988 | Q65: =M65*P65 -> 0 | R65: =F65-H65-J65-L65-N65-P65 -> 458 | S65: =E65*R65 -> 6.84252 | T65: 0 | U65: =E65*T65 -> 0 | V65: =R65+T65 -> 458 | W65: =E65*V65 -> 6.84252 | X65: =+H65+J65+L65+N65+P65 -> 20
A66: 24 DN 92*82*2 K.TÜY | B66: 92 | C66: 82 | D66: 2 | E66: =(B66*C66*D66)/1000000 -> 0.015088 | F66: 482 | G66: =E66*F66 -> 7.272416 | H66: 0 | I66: =E66*H66 -> 0 | K66: =G66*J66 -> 0 | L66: 16 | M66: =E66*L66 -> 0.241408 | O66: =E66*N66 -> 0 | Q66: =M66*P66 -> 0 | R66: =F66-H66-J66-L66-N66-P66 -> 466 | S66: =E66*R66 -> 7.031008 | T66: 0 | U66: =E66*T66 -> 0 | V66: =R66+T66 -> 466 | W66: =E66*V66 -> 7.031008 | X66: =+H66+J66+L66+N66+P66 -> 16
A67: 24 DN K.T 82*80*2 | B67: 82 | C67: 80 | D67: 2 | E67: =(B67*C67*D67)/1000000 -> 0.01312 | F67: ='EYLÜL 1. HAFTA'!V67 -> 432 | G67: =E67*F67 -> 5.66784 | I67: =E67*H67 -> 0 | K67: =G67*J67 -> 0 | M67: =E67*L67 -> 0 | O67: =E67*N67 -> 0 | Q67: =M67*P67 -> 0 | R67: =F67-H67-J67-L67-N67-P67 -> 432 | S67: =E67*R67 -> 5.66784 | U67: =Q67*T67 -> 0 | V67: =R67+T67 -> 432 | W67: =E67*V67 -> 5.66784 | X67: =+H67+J67+L67+N67+P67 -> 0
A68: 24 DN K.T 86*77*8 | B68: 86 | C68: 77 | D68: 8 | E68: =(B68*C68*D68)/1000000 -> 0.052976 | F68: 81 | G68: =E68*F68 -> 4.291056 | I68: =E68*H68 -> 0 | K68: =G68*J68 -> 0 | L68: 0 | M68: =E68*L68 -> 0 | N68: 1 | O68: =E68*N68 -> 0.052976 | Q68: =M68*P68 -> 0 | R68: =F68-H68-J68-L68-N68-P68 -> 80 | S68: =E68*R68 -> 4.23808 | U68: =Q68*T68 -> 0 | V68: =R68+T68 -> 80 | W68: =E68*V68 -> 4.23808 | X68: =+H68+J68+L68+N68+P68 -> 1
A69: 24 DN K.T 76*75*8 | B69: 76 | C69: 75 | D69: 8 | E69: =(B69*C69*D69)/1000000 -> 0.0456 | F69: ='EYLÜL 1. HAFTA'!V69 -> 102 | G69: =E69*F69 -> 4.6512 | I69: =E69*H69 -> 0 | K69: =G69*J69 -> 0 | M69: =E69*L69 -> 0 | N69: 4 | O69: =E69*N69 -> 0.1824 | Q69: =M69*P69 -> 0 | R69: =F69-H69-J69-L69-N69-P69 -> 98 | S69: =E69*R69 -> 4.4688 | U69: =Q69*T69 -> 0 | V69: =R69+T69 -> 98 | W69: =E69*V69 -> 4.4688 | X69: =+H69+J69+L69+N69+P69 -> 4
A70: 28 DN SOFT 12,0 | B70: 140 | C70: 240 | D70: 12 | E70: =(B70*C70*D70)/1000000 -> 0.4032 | F70: 9 | G70: =E70*F70 -> 3.6288 | I70: =E70*H70 -> 0 | K70: =G70*J70 -> 0 | M70: =I70*L70 -> 0 | N70: 1 | O70: =E70*N70 -> 0.4032 | Q70: =M70*P70 -> 0 | R70: =F70-H70-J70-L70-N70-P70 -> 8 | S70: =E70*R70 -> 3.2256 | U70: =Q70*T70 -> 0 | V70: =R70+T70 -> 8 | W70: =E70*V70 -> 3.2256 | X70: =+H70+J70+L70+N70+P70 -> 1
H71: =SUM(H5:H70) -> 97 | J71: =SUM(J5:J70) -> 458 | L71: =SUM(L5:L70) -> 490 | N71: =SUM(N5:N70) -> 121 | P71: =SUM(P5:P70) -> 584 | X71: =SUM(X5:X70) -> 1750

Sheet EYLÜL 4. HAFTA
A1: SÜNGER | B1: EYLÜL 4. HAFTA
A2: ÜRÜN ADI | F2: DEVİR STOK | H2: 44830 | J2: 44831 | L2: 44832 | N2: 44833 | P2: 44834 | R2: KALAN STOK | T2: STOK GİRİŞİ | V2: TOPLAM STOK MİKTARI
H3: STOK ÇIKIŞI | J3: STOK ÇIKIŞI | L3: STOK ÇIKIŞI | N3: STOK ÇIKIŞI | P3: STOK ÇIKIŞI
B4: EN | C4: BOY | D4: YÜKS | E4: br m³ | F4: PLAKA ADET | H4: PLAKA ADET | J4: PLAKA ADET | L4: PLAKA ADET | N4: PLAKA ADET | P4: PLAKA ADET | R4: PLAKA ADET | T4: PLAKA ADET | V4: PLAKA ADET
A5: 22 DN GRİ 1,0 | B5: 140 | C5: 240 | D5: 1 | E5: =(B5*C5*D5)/1000000 -> 0.0336 | F5: ='EYLÜL 3. HAFTA'!V5 -> 657 | G5: =E5*F5 -> 22.0752 | H5: 12 | I5: =E5*H5 -> 0.4032 | J5: 65 | K5: =E5*J5 -> 2.184 | L5: 11 | M5: =E5*L5 -> 0.3696 | N5: 84 | O5: =E5*N5 -> 2.8224 | Q5: =E5*P5 -> 0 | R5: =F5-H5-J5-L5-N5-P5 -> 485 | S5: =E5*R5 -> 16.296 | U5: =E5*T5 -> 0 | V5: =R5+T5 -> 485 | W5: =E5*V5 -> 16.296 | X5: =+H5+J5+L5+N5+P5 -> 172
A6: 14 DN BEYAZ 0,8 | B6: 140 | C6: 240 | D6: 0.8 | E6: =(B6*C6*D6)/1000000 -> 0.02688 | F6: ='EYLÜL 3. HAFTA'!V6 -> 416 | G6: =E6*F6 -> 11.18208 | H6: 25 | I6: =E6*H6 -> 0.672 | J6: 46 | K6: =E6*J6 -> 1.23648 | L6: 28 | M6: =E6*L6 -> 0.75264 | N6: 14 | O6: =E6*N6 -> 0.37632 | P6: 15 | Q6: =E6*P6 -> 0.4032 | R6: =F6-H6-J6-L6-N6-P6 -> 288 | S6: =E6*R6 -> 7.74144 | U6: =E6*T6 -> 0 | V6: =R6+T6 -> 288 | W6: =E6*V6 -> 7.74144 | X6: =+H6+J6+L6+N6+P6 -> 128
A7: 14 DN BEYAZ 1,4 | B7: 140 | C7: 240 | D7: 1.4 | E7: =(B7*C7*D7)/1000000 -> 0.04704 | F7: ='EYLÜL 3. HAFTA'!V7 -> 65 | G7: =E7*F7 -> 3.0576 | H7: 2 | I7: =E7*H7 -> 0.09408 | J7: 15 | K7: =E7*J7 -> 0.7056 | L7: 12 | M7: =E7*L7 -> 0.56448 | N7: 36 | O7: =E7*N7 -> 1.69344 | Q7: =E7*P7 -> 0 | R7: =F7-H7-J7-L7-N7-P7 -> 0 | S7: =E7*R7 -> 0 | U7: =E7*T7 -> 0 | V7: =R7+T7 -> 0 | W7: =E7*V7 -> 0 | X7: =+H7+J7+L7+N7+P7 -> 65
A8: 22 DN GRİ 4,0 | B8: 140 | C8: 240 | D8: 4 | E8: =(B8*C8*D8)/1000000 -> 0.1344 | F8: ='EYLÜL 3. HAFTA'!V8 -> 37 | G8: =E8*F8 -> 4.9728 | H8: 2 | I8: =E8*H8 -> 0.2688 | J8: 3 | K8: =E8*J8 -> 0.4032 | M8: =E8*L8 -> 0 | O8: =E8*N8 -> 0 | Q8: =E8*P8 -> 0 | R8: =F8-H8-J8-L8-N8-P8 -> 32 | S8: =E8*R8 -> 4.3008 | U8: =E8*T8 -> 0 | V8: =R8+T8 -> 32 | W8: =E8*V8 -> 4.3008 | X8: =+H8+J8+L8+N8+P8 -> 5
A9: 22 DN GRİ 2,0 | B9: 140 | C9: 240 | D9: 2 | E9: =(B9*C9*D9)/1000000 -> 0.0672 | F9: ='EYLÜL 3. HAFTA'!V9 -> 62 | G9: =E9*F9 -> 4.1664 | H9: 16 | I9: =E9*H9 -> 1.0752 | J9: 3 | K9: =E9*J9 -> 0.2016 | L9: 18 | M9: =E9*L9 -> 1.2096 | N9: 9 | O9: =E9*N9 -> 0.6048 | P9: 9 | Q9: =E9*P9 -> 0.6048 | R9: =F9-H9-J9-L9-N9-P9 -> 7 | S9: =E9*R9 -> 0.4704 | U9: =E9*T9 -> 0 | V9: =R9+T9 -> 7 | W9: =E9*V9 -> 0.4704 | X9: =+H9+J9+L9+N9+P9 -> 55
A10: 24 DN KUŞTÜYÜ 2 ,0 | B10: 140 | C10: 240 | D10: 2 | E10: =(B10*C10*D10)/1000000 -> 0.0672 | F10: ='EYLÜL 3. HAFTA'!V10 -> 327 | G10: =E10*F10 -> 21.9744 | I10: =E10*H10 -> 0 | K10: =E10*J10 -> 0 | L10: 11 | M10: =E10*L10 -> 0.7392 | O10: =E10*N10 -> 0 | Q10: =E10*P10 -> 0 | R10: =F10-H10-J10-L10-N10-P10 -> 316 | S10: =E10*R10 -> 21.2352 | U10: =E10*T10 -> 0 | V10: =R10+T10 -> 316 | W10: =E10*V10 -> 21.2352 | X10: =+H10+J10+L10+N10+P10 -> 11
A11: 30 DN LÜKS BEYAZ 7,0 | B11: 140 | C11: 240 | D11: 7 | E11: =(B11*C11*D11)/1000000 -> 0.2352 | F11: ='EYLÜL 3. HAFTA'!V11 -> 25 | G11: =E11*F11 -> 5.88 | I11: =E11*H11 -> 0 | J11: 1 | K11: =E11*J11 -> 0.2352 | L11: 2 | M11: =E11*L11 -> 0.4704 | O11: =E11*N11 -> 0 | Q11: =E11*P11 -> 0 | R11: =F11-H11-J11-L11-N11-P11 -> 22 | S11: =E11*R11 -> 5.1744 | U11: =E11*T11 -> 0 | V11: =R11+T11 -> 22 | W11: =E11*V11 -> 5.1744 | X11: =+H11+J11+L11+N11+P11 -> 3
A12: 24 DN KUŞTÜYÜ 5 ,0 | B12: 140 | C12: 240 | D12: 5 | E12: =(B12*C12*D12)/1000000 -> 0.168 | F12: ='EYLÜL 3. HAFTA'!V12 -> 374 | G12: =E12*F12 -> 62.832 | H12: 5 | I12: =E12*H12 -> 0.84 | J12: 1 | K12: =E12*J12 -> 0.168 | L12: 2 | M12: =E12*L12 -> 0.336 | O12: =E12*N12 -> 0 | P12: 2 | Q12: =E12*P12 -> 0.336 | R12: =F12-H12-J12-L12-N12-P12 -> 364 | S12: =E12*R12 -> 61.152 | U12: =E12*T12 -> 0 | V12: =R12+T12 -> 364 | W12: =E12*V12 -> 61.152 | X12: =+H12+J12+L12+N12+P12 -> 10
A13: 28 DN GRİ SOFT 5,0 | B13: 140 | C13: 240 | D13: 5 | E13: =(B13*C13*D13)/1000000 -> 0.168 | F13: ='EYLÜL 3. HAFTA'!V13 -> 42 | G13: =E13*F13 -> 7.056 | H13: 0 | I13: 0 | J13: 1 | K13: =E13*J13 -> 0.168 | L13: 0 | M13: =E13*L13 -> 0 | N13: 0 | O13: =E13*N13 -> 0 | P13: 0 | Q13: =E13*P13 -> 0 | R13: =F13-H13-J13-L13-N13-P13 -> 41 | S13: =E13*R13 -> 6.888 | U13: =E13*T13 -> 0 | V13: =R13+T13 -> 41 | W13: =E13*V13 -> 6.888 | X13: =+H13+J13+L13+N13+P13 -> 1
A14: 28 DN GRİ 5,0 | B14: 140 | C14: 240 | D14: 5 | E14: =(B14*C14*D14)/1000000 -> 0.168 | F14: ='EYLÜL 3. HAFTA'!V14 -> 65 | G14: =E14*F14 -> 10.92 | H14: 8 | I14: =E14*H14 -> 1.344 | K14: =E14*J14 -> 0 | L14: 2 | M14: =E14*L14 -> 0.336 | O14: =E14*N14 -> 0 | Q14: =E14*P14 -> 0 | R14: =F14-H14-J14-L14-N14-P14 -> 55 | S14: =E14*R14 -> 9.24 | U14: =E14*T14 -> 0 | V14: =R14+T14 -> 55 | W14: =E14*V14 -> 9.24 | X14: =+H14+J14+L14+N14+P14 -> 10
A15: 28 DN SOFT 10 | B15: 140 | C15: 240 | D15: 10 | E15: =(B15*C15*D15)/1000000 -> 0.336 | F15: ='EYLÜL 3. HAFTA'!V15 -> 32 | G15: =E15*F15 -> 10.752 | H15: 1 | I15: =E15*H15 -> 0.336 | J15: 1 | K15: =E15*J15 -> 0.336 | M15: =E15*L15 -> 0 | O15: =E15*N15 -> 0 | Q15: =E15*P15 -> 0 | R15: =F15-H15-J15-L15-N15-P15 -> 30 | S15: =E15*R15 -> 10.08 | U15: =E15*T15 -> 0 | V15: =R15+T15 -> 30 | W15: =E15*V15 -> 10.08 | X15: =+H15+J15+L15+N15+P15 -> 2
A16: 22 DN GRİ 3,0 | B16: 140 | C16: 240 | D16: 3 | E16: =(B16*C16*D16)/1000000 -> 0.1008 | F16: ='EYLÜL 3. HAFTA'!V16 -> 186 | G16: =E16*F16 -> 18.7488 | H16: 1 | I16: =E16*H16 -> 0.1008 | J16: 2 | K16: =E16*J16 -> 0.2016 | L16: 2 | M16: =E16*L16 -> 0.2016 | N16: 1 | O16: =E16*N16 -> 0.1008 | Q16: =E16*P16 -> 0 | R16: =F16-H16-J16-L16-N16-P16 -> 180 | S16: =E16*R16 -> 18.144 | U16: =E16*T16 -> 0 | V16: =R16+T16 -> 180 | W16: =E16*V16 -> 18.144 | X16: =+H16+J16+L16+N16+P16 -> 6
A17: 22 DN GRİ 5,0 | B17: 140 | C17: 240 | D17: 5 | E17: =(B17*C17*D17)/1000000 -> 0.168 | F17: ='EYLÜL 3. HAFTA'!V17 -> 0 | G17: =E17*F17 -> 0 | I17: =E17*H17 -> 0 | K17: =E17*J17 -> 0 | M17: =E17*L17 -> 0 | O17: =E17*N17 -> 0 | Q17: =E17*P17 -> 0 | R17: =F17-H17-J17-L17-N17-P17 -> 0 | S17: =E17*R17 -> 0 | U17: =E17*T17 -> 0 | V17: =R17+T17 -> 0 | W17: =E17*V17 -> 0 | X17: =+H17+J17+L17+N17+P17 -> 0
A18: 28 DN GRİ 3,0 | B18: 140 | C18: 240 | D18: 3 | E18: =(B18*C18*D18)/1000000 -> 0.1008 | F18: ='EYLÜL 3. HAFTA'!V18 -> 208 | G18: =E18*F18 -> 20.9664 | I18: =E18*H18 -> 0 | K18: =E18*J18 -> 0 | M18: =E18*L18 -> 0 | O18: =E18*N18 -> 0 | Q18: =E18*P18 -> 0 | R18: =F18-H18-J18-L18-N18-P18 -> 208 | S18: =E18*R18 -> 20.9664 | U18: =E18*T18 -> 0 | V18: =R18+T18 -> 208 | W18: =E18*V18 -> 20.9664 | X18: =+H18+J18+L18+N18+P18 -> 0
A19: 24 DN PEMBE 8,0 | B19: 140 | C19: 240 | D19: 8 | E19: =(B19*C19*D19)/1000000 -> 0.2688 | F19: ='EYLÜL 3. HAFTA'!V19 -> 15 | G19: =E19*F19 -> 4.032 | I19: =E19*H19 -> 0 | K19: =E19*J19 -> 0 | M19: =E19*L19 -> 0 | O19: =E19*N19 -> 0 | Q19: =E19*P19 -> 0 | R19: =F19-H19-J19-L19-N19-P19 -> 15 | S19: =E19*R19 -> 4.032 | U19: =E19*T19 -> 0 | V19: =R19+T19 -> 15 | W19: =E19*V19 -> 4.032 | X19: =+H19+J19+L19+N19+P19 -> 0
A20: 28 DN SOFT 8,0 | B20: 140 | C20: 240 | D20: 8 | E20: =(B20*C20*D20)/1000000 -> 0.2688 | F20: ='EYLÜL 3. HAFTA'!V20 -> 0 | G20: =E20*F20 -> 0 | I20: =E20*H20 -> 0 | K20: =E20*J20 -> 0 | M20: =E20*L20 -> 0 | O20: =E20*N20 -> 0 | Q20: =E20*P20 -> 0 | R20: =F20-H20-J20-L20-N20-P20 -> 0 | S20: =E20*R20 -> 0 | U20: =E20*T20 -> 0 | V20: =R20+T20 -> 0 | W20: =E20*V20 -> 0 | X20: =+H20+J20+L20+N20+P20 -> 0
A21: 22 DN 77*55*8,0 | B21: 77 | C21: 55 | D21: 8 | E21: =(B21*C21*D21)/1000000 -> 0.03388 | F21: ='EYLÜL 3. HAFTA'!V21 -> 4 | G21: =E21*F21 -> 0.13552 | I21: =E21*H21 -> 0 | K21: =E21*J21 -> 0 | M21: =E21*L21 -> 0 | O21: =E21*N21 -> 0 | Q21: =E21*P21 -> 0 | R21: =F21-H21-J21-L21-N21-P21 -> 4 | S21: =E21*R21 -> 0.13552 | U21: =E21*T21 -> 0 | V21: =R21+T21 -> 4 | W21: =E21*V21 -> 0.13552 | X21: =+H21+J21+L21+N21+P21 -> 0
A22: 32 DN 65*50*12 | B22: 65 | C22: 50 | D22: 12 | E22: =(B22*C22*D22)/1000000 -> 0.039 | F22: ='EYLÜL 3. HAFTA'!V22 -> 26 | G22: =E22*F22 -> 1.014 | I22: =E22*H22 -> 0 | K22: =E22*J22 -> 0 | M22: =E22*L22 -> 0 | O22: =E22*N22 -> 0 | Q22: =E22*P22 -> 0 | R22: =F22-H22-J22-L22-N22-P22 -> 26 | S22: =E22*R22 -> 1.014 | U22: =E22*T22 -> 0 | V22: =R22+T22 -> 26 | W22: =E22*V22 -> 1.014 | X22: =+H22+J22+L22+N22+P22 -> 0
A23: SİLİNDİR | E23: =(B23*C23*D23)/1000000 -> 0 | F23: ='EYLÜL 3. HAFTA'!V23 -> 74 | G23: =E23*F23 -> 0 | I23: =E23*H23 -> 0 | K23: =E23*J23 -> 0 | M23: =E23*L23 -> 0 | O23: =E23*N23 -> 0 | Q23: =E23*P23 -> 0 | R23: =F23-H23-J23-L23-N23-P23 -> 74 | S23: =E23*R23 -> 0 | U23: =E23*T23 -> 0 | V23: =R23+T23 -> 74 | W23: =E23*V23 -> 0 | X23: =+H23+J23+L23+N23+P23 -> 0
A24: 32 DN 66*56*12 | B24: 66 | C24: 56 | D24: 12 | E24: =(B24*C24*D24)/1000000 -> 0.044352 | F24: ='EYLÜL 3. HAFTA'!V24 -> 28 | G24: =E24*F24 -> 1.241856 | I24: =E24*H24 -> 0 | K24: =E24*J24 -> 0 | M24: =E24*L24 -> 0 | O24: =E24*N24 -> 0 | Q24: =E24*P24 -> 0 | R24: =F24-H24-J24-L24-N24-P24 -> 28 | S24: =E24*R24 -> 1.241856 | U24: =E24*T24 -> 0 | V24: =R24+T24 -> 28 | W24: =E24*V24 -> 1.241856 | X24: =+H24+J24+L24+N24+P24 -> 0
A25: 32 DN 61,5*61,5*10 | B25: 61.5 | C25: 61.5 | D25: 10 | E25: =(B25*C25*D25)/1000000 -> 0.0378225 | F25: ='EYLÜL 3. HAFTA'!V25 -> 48 | G25: =E25*F25 -> 1.81548 | I25: =E25*H25 -> 0 | K25: =E25*J25 -> 0 | M25: =E25*L25 -> 0 | O25: =E25*N25 -> 0 | Q25: =E25*P25 -> 0 | R25: =F25-H25-J25-L25-N25-P25 -> 48 | S25: =E25*R25 -> 1.81548 | U25: =E25*T25 -> 0 | V25: =R25+T25 -> 48 | W25: =E25*V25 -> 1.81548 | X25: =+H25+J25+L25+N25+P25 -> 0
A26: 18 DN 82*67*5,0 | B26: 82 | C26: 67 | D26: 5 | E26: =(B26*C26*D26)/1000000 -> 0.02747 | F26: ='EYLÜL 3. HAFTA'!V26 -> 30 | G26: =E26*F26 -> 0.8241 | I26: =E26*H26 -> 0 | K26: =E26*J26 -> 0 | M26: =E26*L26 -> 0 | O26: =E26*N26 -> 0 | Q26: =E26*P26 -> 0 | R26: =F26-H26-J26-L26-N26-P26 -> 30 | S26: =E26*R26 -> 0.8241 | U26: =E26*T26 -> 0 | V26: =R26+T26 -> 30 | W26: =E26*V26 -> 0.8241 | X26: =+H26+J26+L26+N26+P26 -> 0
A27: 18 DN 80*62*2,0 | B27: 80 | C27: 62 | D27: 2 | E27: =(B27*C27*D27)/1000000 -> 0.00992 | F27: ='EYLÜL 3. HAFTA'!V27 -> 36 | G27: =E27*F27 -> 0.35712 | I27: =E27*H27 -> 0 | K27: =E27*J27 -> 0 | M27: =E27*L27 -> 0 | O27: =E27*N27 -> 0 | Q27: =E27*P27 -> 0 | R27: =F27-H27-J27-L27-N27-P27 -> 36 | S27: =E27*R27 -> 0.35712 | U27: =E27*T27 -> 0 | V27: =R27+T27 -> 36 | W27: =E27*V27 -> 0.35712 | X27: =+H27+J27+L27+N27+P27 -> 0
A28: 32 DN 63*55*5,0 | B28: 63 | C28: 55 | D28: 5 | E28: =(B28*C28*D28)/1000000 -> 0.017325 | F28: ='EYLÜL 3. HAFTA'!V28 -> 19 | G28: =E28*F28 -> 0.329175 | I28: =E28*H28 -> 0 | K28: =E28*J28 -> 0 | M28: =E28*L28 -> 0 | O28: =E28*N28 -> 0 | Q28: =E28*P28 -> 0 | R28: =F28-H28-J28-L28-N28-P28 -> 19 | S28: =E28*R28 -> 0.329175 | U28: =E28*T28 -> 0 | V28: =R28+T28 -> 19 | W28: =E28*V28 -> 0.329175 | X28: =+H28+J28+L28+N28+P28 -> 0
A29: 18 DN BEYAZ 5,0 | B29: 140 | C29: 240 | D29: 5 | E29: =(B29*C29*D29)/1000000 -> 0.168 | F29: ='EYLÜL 3. HAFTA'!V29 -> 6 | G29: =E29*F29 -> 1.008 | I29: =E29*H29 -> 0 | K29: =E29*J29 -> 0 | M29: =E29*L29 -> 0 | O29: =E29*N29 -> 0 | Q29: =E29*P29 -> 0 | R29: =F29-H29-J29-L29-N29-P29 -> 6 | S29: =E29*R29 -> 1.008 | U29: =E29*T29 -> 0 | V29: =R29+T29 -> 6 | W29: =E29*V29 -> 1.008 | X29: =+H29+J29+L29+N29+P29 -> 0
A30: 15 DN BEYAZ 10 | B30: 140 | C30: 240 | D30: 10 | E30: =(B30*C30*D30)/1000000 -> 0.336 | F30: ='EYLÜL 3. HAFTA'!V30 -> 11 | G30: =E30*F30 -> 3.696 | I30: =E30*H30 -> 0 | K30: =E30*J30 -> 0 | M30: =E30*L30 -> 0 | O30: =E30*N30 -> 0 | Q30: =E30*P30 -> 0 | R30: =F30-H30-J30-L30-N30-P30 -> 11 | S30: =E30*R30 -> 3.696 | U30: =E30*T30 -> 0 | V30: =R30+T30 -> 11 | W30: =E30*V30 -> 3.696 | X30: =+H30+J30+L30+N30+P30 -> 0
A31: 22 DN BEYAZ 3,0 | B31: 140 | C31: 240 | D31: 3 | E31: =(B31*C31*D31)/1000000 -> 0.1008 | F31: ='EYLÜL 3. HAFTA'!V31 -> 38 | G31: =E31*F31 -> 3.8304 | I31: =E31*H31 -> 0 | K31: =E31*J31 -> 0 | M31: =E31*L31 -> 0 | O31: =E31*N31 -> 0 | Q31: =E31*P31 -> 0 | R31: =F31-H31-J31-L31-N31-P31 -> 38 | S31: =E31*R31 -> 3.8304 | U31: =E31*T31 -> 0 | V31: =R31+T31 -> 38 | W31: =E31*V31 -> 3.8304 | X31: =+H31+J31+L31+N31+P31 -> 0
A32: 28 DN 90*80*8,0 | B32: 90 | C32: 80 | D32: 8 | E32: =(B32*C32*D32)/1000000 -> 0.0576 | F32: ='EYLÜL 3. HAFTA'!V32 -> 24 | G32: =E32*F32 -> 1.3824 | I32: =E32*H32 -> 0 | K32: =E32*J32 -> 0 | M32: =E32*L32 -> 0 | O32: =E32*N32 -> 0 | Q32: =E32*P32 -> 0 | R32: =F32-H32-J32-L32-N32-P32 -> 24 | S32: =E32*R32 -> 1.3824 | U32: =E32*T32 -> 0 | V32: =R32+T32 -> 24 | W32: =E32*V32 -> 1.3824 | X32: =+H32+J32+L32+N32+P32 -> 0
A33: 28 DN SOFT 90*80*8,0 | B33: 90 | C33: 80 | D33: 8 | E33: =(B33*C33*D33)/1000000 -> 0.0576 | F33: ='EYLÜL 3. HAFTA'!V33 -> 0 | G33: =E33*F33 -> 0 | I33: =E33*H33 -> 0 | K33: =E33*J33 -> 0 | M33: =E33*L33 -> 0 | O33: =E33*N33 -> 0 | Q33: =E33*P33 -> 0 | R33: =F33-H33-J33-L33-N33-P33 -> 0 | S33: =E33*R33 -> 0 | U33: =E33*T33 -> 0 | V33: =R33+T33 -> 0 | W33: =E33*V33 -> 0 | X33: =+H33+J33+L33+N33+P33 -> 0
A34: 22 DN HİLTON OTURK. | E34: =(B34*C34*D34)/1000000 -> 0 | F34: ='EYLÜL 3. HAFTA'!V34 -> 300 | G34: =E34*F34 -> 0 | I34: =E34*H34 -> 0 | K34: =E34*J34 -> 0 | M34: =E34*L34 -> 0 | O34: =E34*N34 -> 0 | Q34: =E34*P34 -> 0 | R34: =F34-H34-J34-L34-N34-P34 -> 300 | S34: =E34*R34 -> 0 | U34: =E34*T34 -> 0 | V34: =R34+T34 -> 300 | W34: =E34*V34 -> 0 | X34: =+H34+J34+L34+N34+P34 -> 0
A35: 22 DN 80*66*5,0 | B35: 80 | C35: 66 | D35: 5 | E35: =(B35*C35*D35)/1000000 -> 0.0264 | F35: ='EYLÜL 3. HAFTA'!V35 -> 56 | G35: =E35*F35 -> 1.4784 | I35: =E35*H35 -> 0 | K35: =E35*J35 -> 0 | M35: =E35*L35 -> 0 | O35: =E35*N35 -> 0 | Q35: =E35*P35 -> 0 | R35: =F35-H35-J35-L35-N35-P35 -> 56 | S35: =E35*R35 -> 1.4784 | U35: =E35*T35 -> 0 | V35: =R35+T35 -> 56 | W35: =E35*V35 -> 1.4784 | X35: =+H35+J35+L35+N35+P35 -> 0
A36: 22 DN 60*62*5,0 | B36: 60 | C36: 62 | D36: 5 | E36: =(B36*C36*D36)/1000000 -> 0.0186 | F36: ='EYLÜL 3. HAFTA'!V36 -> 17 | G36: =E36*F36 -> 0.3162 | I36: =E36*H36 -> 0 | K36: =E36*J36 -> 0 | M36: =E36*L36 -> 0 | O36: =E36*N36 -> 0 | Q36: =E36*P36 -> 0 | R36: =F36-H36-J36-L36-N36-P36 -> 17 | S36: =E36*R36 -> 0.3162 | U36: =E36*T36 -> 0 | V36: =R36+T36 -> 17 | W36: =E36*V36 -> 0.3162 | X36: =+H36+J36+L36+N36+P36 -> 0
A37: 28 DN 60*67*3 | B37: 60 | C37: 67 | D37: 3 | E37: =(B37*C37*D37)/1000000 -> 0.01206 | F37: ='EYLÜL 3. HAFTA'!V37 -> 12 | G37: =E37*F37 -> 0.14472 | I37: =E37*H37 -> 0 | K37: =E37*J37 -> 0 | M37: =E37*L37 -> 0 | O37: =E37*N37 -> 0 | Q37: =E37*P37 -> 0 | R37: =F37-H37-J37-L37-N37-P37 -> 12 | S37: =E37*R37 -> 0.14472 | U37: =E37*T37 -> 0 | V37: =R37+T37 -> 12 | W37: =E37*V37 -> 0.14472 | X37: =+H37+J37+L37+N37+P37 -> 0
A38: 28 DN GRİ 7,0 | B38: 140 | C38: 240 | D38: 7 | E38: =(B38*C38*D38)/1000000 -> 0.2352 | F38: ='EYLÜL 3. HAFTA'!V38 -> 4 | G38: =E38*F38 -> 0.9408 | I38: =E38*H38 -> 0 | K38: =E38*J38 -> 0 | M38: =E38*L38 -> 0 | O38: =E38*N38 -> 0 | Q38: =E38*P38 -> 0 | R38: =F38-H38-J38-L38-N38-P38 -> 4 | S38: =E38*R38 -> 0.9408 | U38: =E38*T38 -> 0 | V38: =R38+T38 -> 4 | W38: =E38*V38 -> 0.9408 | X38: =+H38+J38+L38+N38+P38 -> 0
A39: 18 DN GRİ 60*56*10 | B39: 60 | C39: 56 | D39: 10 | E39: =(B39*C39*D39)/1000000 -> 0.0336 | F39: ='EYLÜL 3. HAFTA'!V39 -> 30 | G39: =E39*F39 -> 1.008 | I39: =E39*H39 -> 0 | K39: =E39*J39 -> 0 | M39: =E39*L39 -> 0 | O39: =E39*N39 -> 0 | Q39: =E39*P39 -> 0 | R39: =F39-H39-J39-L39-N39-P39 -> 30 | S39: =E39*R39 -> 1.008 | U39: =E39*T39 -> 0 | V39: =R39+T39 -> 30 | W39: =E39*V39 -> 1.008 | X39: =+H39+J39+L39+N39+P39 -> 0
A40: 18 DN GRİ 58*55*10 | B40: 58 | C40: 55 | D40: 10 | E40: =(B40*C40*D40)/1000000 -> 0.0319 | F40: ='EYLÜL 3. HAFTA'!V40 -> 66 | G40: =E40*F40 -> 2.1054 | I40: =E40*H40 -> 0 | K40: =E40*J40 -> 0 | M40: =E40*L40 -> 0 | O40: =E40*N40 -> 0 | Q40: =E40*P40 -> 0 | R40: =F40-H40-J40-L40-N40-P40 -> 66 | S40: =E40*R40 -> 2.1054 | U40: =E40*T40 -> 0 | V40: =R40+T40 -> 66 | W40: =E40*V40 -> 2.1054 | X40: =+H40+J40+L40+N40+P40 -> 0
A41: 32 DN SOFT GRİ63*55*5,0 | B41: 63 | C41: 55 | D41: 5 | E41: =(B41*C41*D41)/1000000 -> 0.017325 | F41: ='EYLÜL 3. HAFTA'!V41 -> 10 | G41: =E41*F41 -> 0.17325 | I41: =E41*H41 -> 0 | K41: =E41*J41 -> 0 | M41: =E41*L41 -> 0 | O41: =E41*N41 -> 0 | Q41: =E41*P41 -> 0 | R41: =F41-H41-J41-L41-N41-P41 -> 10 | S41: =E41*R41 -> 0.17325 | U41: =E41*T41 -> 0 | V41: =R41+T41 -> 10 | W41: =E41*V41 -> 0.17325 | X41: =+H41+J41+L41+N41+P41 -> 0
A42: 28 DN GRİ 52*52*5,0 | B42: 52 | C42: 52 | D42: 5 | E42: =(B42*C42*D42)/1000000 -> 0.01352 | F42: ='EYLÜL 3. HAFTA'!V42 -> 119 | G42: =E42*F42 -> 1.60888 | I42: =E42*H42 -> 0 | J42: 6 | K42: =E42*J42 -> 0.08112 | M42: =E42*L42 -> 0 | O42: =E42*N42 -> 0 | Q42: =E42*P42 -> 0 | R42: =F42-H42-J42-L42-N42-P42 -> 113 | S42: =E42*R42 -> 1.52776 | U42: =E42*T42 -> 0 | V42: =R42+T42 -> 113 | W42: =E42*V42 -> 1.52776 | X42: =+H42+J42+L42+N42+P42 -> 6
A43: 28 DN SOFT GRİ 80*70*8,0 | B43: 80 | C43: 70 | D43: 8 | E43: =(B43*C43*D43)/1000000 -> 0.0448 | F43: ='EYLÜL 3. HAFTA'!V43 -> 396 | G43: =E43*F43 -> 17.7408 | I43: =E43*H43 -> 0 | K43: =E43*J43 -> 0 | M43: =E43*L43 -> 0 | O43: =E43*N43 -> 0 | Q43: =E43*P43 -> 0 | R43: =F43-H43-J43-L43-N43-P43 -> 396 | S43: =E43*R43 -> 17.7408 | U43: =E43*T43 -> 0 | V43: =R43+T43 -> 396 | W43: =E43*V43 -> 17.7408 | X43: =+H43+J43+L43+N43+P43 -> 0
A44: 28 SOFT GRİ 70*64*8,0 | B44: 70 | C44: 64 | D44: 8 | E44: =(B44*C44*D44)/1000000 -> 0.03584 | F44: ='EYLÜL 3. HAFTA'!V44 -> 476 | G44: =E44*F44 -> 17.05984 | I44: =E44*H44 -> 0 | K44: =E44*J44 -> 0 | L44: 8 | M44: =E44*L44 -> 0.28672 | O44: =E44*N44 -> 0 | Q44: =E44*P44 -> 0 | R44: =F44-H44-J44-L44-N44-P44 -> 468 | S44: =E44*R44 -> 16.77312 | U44: =E44*T44 -> 0 | V44: =R44+T44 -> 468 | W44: =E44*V44 -> 16.77312 | X44: =+H44+J44+L44+N44+P44 -> 8
A45: 28 SOFT GRİ 75*70*8,0 | B45: 75 | C45: 70 | D45: 8 | E45: =(B45*C45*D45)/1000000 -> 0.042 | F45: ='EYLÜL 3. HAFTA'!V45 -> 321 | G45: =E45*F45 -> 13.482 | I45: =E45*H45 -> 0 | K45: =E45*J45 -> 0 | M45: =E45*L45 -> 0 | O45: =E45*N45 -> 0 | Q45: =E45*P45 -> 0 | R45: =F45-H45-J45-L45-N45-P45 -> 321 | S45: =E45*R45 -> 13.482 | U45: =E45*T45 -> 0 | V45: =R45+T45 -> 321 | W45: =E45*V45 -> 13.482 | X45: =+H45+J45+L45+N45+P45 -> 0
A46: 24 DN GRİ 142*67*5,0 | B46: 140 | C46: 67 | D46: 5 | E46: =(B46*C46*D46)/1000000 -> 0.0469 | F46: ='EYLÜL 3. HAFTA'!V46 -> 707 | G46: =E46*F46 -> 33.1583 | H46: 6 | I46: =E46*H46 -> 0.2814 | K46: =E46*J46 -> 0 | L46: 5 | M46: =E46*L46 -> 0.2345 | O46: =E46*N46 -> 0 | Q46: =E46*P46 -> 0 | R46: =F46-H46-J46-L46-N46-P46 -> 696 | S46: =E46*R46 -> 32.6424 | U46: =E46*T46 -> 0 | V46: =R46+T46 -> 696 | W46: =E46*V46 -> 32.6424 | X46: =+H46+J46+L46+N46+P46 -> 11
A47: 18 DN GRİ 80*63*5,0 | B47: 80 | C47: 63 | D47: 5 | E47: =(B47*C47*D47)/1000000 -> 0.0252 | F47: ='EYLÜL 3. HAFTA'!V47 -> 315 | G47: =E47*F47 -> 7.938 | I47: =E47*H47 -> 0 | K47: =E47*J47 -> 0 | M47: =E47*L47 -> 0 | O47: =E47*N47 -> 0 | Q47: =E47*P47 -> 0 | R47: =F47-H47-J47-L47-N47-P47 -> 315 | S47: =E47*R47 -> 7.938 | U47: =E47*T47 -> 0 | V47: =R47+T47 -> 315 | W47: =E47*V47 -> 7.938 | X47: =+H47+J47+L47+N47+P47 -> 0
A48: 24 KUŞTÜYÜ 77*68*8,0 | B48: 77 | C48: 68 | D48: 8 | E48: =(B48*C48*D48)/1000000 -> 0.041888 | F48: ='EYLÜL 3. HAFTA'!V48 -> 195 | G48: =E48*F48 -> 8.16816 | I48: =E48*H48 -> 0 | K48: =E48*J48 -> 0 | M48: =E48*L48 -> 0 | O48: =E48*N48 -> 0 | Q48: =E48*P48 -> 0 | R48: =F48-H48-J48-L48-N48-P48 -> 195 | S48: =E48*R48 -> 8.16816 | U48: =E48*T48 -> 0 | V48: =R48+T48 -> 195 | W48: =E48*V48 -> 8.16816 | X48: =+H48+J48+L48+N48+P48 -> 0
A49: 24 KUŞTÜYÜ 79*79*2,0 | B49: 79 | C49: 79 | D49: 2 | E49: =(B49*C49*D49)/1000000 -> 0.012482 | F49: ='EYLÜL 3. HAFTA'!V49 -> 33 | G49: =E49*F49 -> 0.411906 | I49: =E49*H49 -> 0 | K49: =E49*J49 -> 0 | M49: =E49*L49 -> 0 | O49: =E49*N49 -> 0 | Q49: =E49*P49 -> 0 | R49: =F49-H49-J49-L49-N49-P49 -> 33 | S49: =E49*R49 -> 0.411906 | U49: =E49*T49 -> 0 | V49: =R49+T49 -> 33 | W49: =E49*V49 -> 0.411906 | X49: =+H49+J49+L49+N49+P49 -> 0
A50: 32 GRİ 61*56*10 | B50: 61 | C50: 56 | D50: 10 | E50: =(B50*C50*D50)/1000000 -> 0.03416 | F50: ='EYLÜL 3. HAFTA'!V50 -> 399 | G50: =E50*F50 -> 13.62984 | I50: =E50*H50 -> 0 | K50: =E50*J50 -> 0 | M50: =E50*L50 -> 0 | O50: =E50*N50 -> 0 | Q50: =E50*P50 -> 0 | R50: =F50-H50-J50-L50-N50-P50 -> 399 | S50: =E50*R50 -> 13.62984 | U50: =E50*T50 -> 0 | V50: =R50+T50 -> 399 | W50: =E50*V50 -> 13.62984 | X50: =+H50+J50+L50+N50+P50 -> 0
A51: 32 DN GRİ 66*61*10 | B51: 66 | C51: 61 | D51: 10 | E51: =(B51*C51*D51)/1000000 -> 0.04026 | F51: ='EYLÜL 3. HAFTA'!V51 -> 400 | G51: =E51*F51 -> 16.104 | I51: =E51*H51 -> 0 | K51: =E51*J51 -> 0 | M51: =E51*L51 -> 0 | O51: =E51*N51 -> 0 | Q51: =E51*P51 -> 0 | R51: =F51-H51-J51-L51-N51-P51 -> 400 | S51: =E51*R51 -> 16.104 | U51: =E51*T51 -> 0 | V51: =R51+T51 -> 400 | W51: =E51*V51 -> 16.104 | X51: =+H51+J51+L51+N51+P51 -> 0
A52: 32 GRİ 63*61*10 | B52: 63 | C52: 61 | D52: 10 | E52: =(B52*C52*D52)/1000000 -> 0.03843 | F52: ='EYLÜL 3. HAFTA'!V52 -> 420 | G52: =E52*F52 -> 16.1406 | I52: =E52*H52 -> 0 | K52: =E52*J52 -> 0 | M52: =E52*L52 -> 0 | O52: =E52*N52 -> 0 | Q52: =E52*P52 -> 0 | R52: =F52-H52-J52-L52-N52-P52 -> 420 | S52: =E52*R52 -> 16.1406 | U52: =E52*T52 -> 0 | V52: =R52+T52 -> 420 | W52: =E52*V52 -> 16.1406 | X52: =+H52+J52+L52+N52+P52 -> 0
A53: 14 DN ELASTİK 58*58*2,3 | B53: 58 | C53: 58 | D53: 2.3 | E53: =(B53*C53*D53)/1000000 -> 0.0077372 | F53: ='EYLÜL 3. HAFTA'!V53 -> 3832 | G53: =E53*F53 -> 29.64895 | I53: =E53*H53 -> 0 | K53: =E53*J53 -> 0 | M53: =E53*L53 -> 0 | O53: =E53*N53 -> 0 | P53: 32 | Q53: =E53*P53 -> 0.2475904 | R53: =F53-H53-J53-L53-N53-P53 -> 3800 | S53: =E53*R53 -> 29.40136 | U53: =E53*T53 -> 0 | V53: =R53+T53 -> 3800 | W53: =E53*V53 -> 29.40136 | X53: =+H53+J53+L53+N53+P53 -> 32
A54: 14 DN ELASTİK 79*62*2,3 | B54: 79 | C54: 62 | D54: 2.3 | E54: =(B54*C54*D54)/1000000 -> 0.0112654 | F54: ='EYLÜL 3. HAFTA'!V54 -> 3549 | G54: =E54*F54 -> 39.980905 | I54: =E54*H54 -> 0 | K54: =E54*J54 -> 0 | M54: =E54*L54 -> 0 | O54: =E54*N54 -> 0 | P54: 12 | Q54: =E54*P54 -> 0.1351848 | R54: =F54-H54-J54-L54-N54-P54 -> 3537 | S54: =E54*R54 -> 39.84572 | U54: =E54*T54 -> 0 | V54: =R54+T54 -> 3537 | W54: =E54*V54 -> 39.84572 | X54: =+H54+J54+L54+N54+P54 -> 12
A55: 18 DN 200*176*2,3 | B55: 200 | C55: 176 | D55: 2.3 | E55: =(B55*C55*D55)/1000000 -> 0.08096 | F55: ='EYLÜL 3. HAFTA'!V55 -> 1 | G55: =E55*F55 -> 0.08096 | I55: =E55*H55 -> 0 | K55: =E55*J55 -> 0 | M55: =E55*L55 -> 0 | O55: =E55*N55 -> 0 | Q55: =E55*P55 -> 0 | R55: =F55-H55-J55-L55-N55-P55 -> 1 | S55: =E55*R55 -> 0.08096 | U55: =E55*T55 -> 0 | V55: =R55+T55 -> 1 | W55: =E55*V55 -> 0.08096 | X55: =+H55+J55+L55+N55+P55 -> 0
A56: 24 KUŞTUYÜ 79*79*2,3 | B56: 79 | C56: 79 | D56: 2.3 | E56: =(B56*C56*D56)/1000000 -> 0.0143543 | F56: ='EYLÜL 3. HAFTA'!V56 -> 241 | G56: =E56*F56 -> 3.4593863 | I56: =E56*H56 -> 0 | K56: =E56*J56 -> 0 | M56: =E56*L56 -> 0 | O56: =E56*N56 -> 0 | Q56: =E56*P56 -> 0 | R56: =F56-H56-J56-L56-N56-P56 -> 241 | S56: =E56*R56 -> 3.4593863 | U56: =E56*T56 -> 0 | V56: =R56+T56 -> 241 | W56: =E56*V56 -> 3.4593863 | X56: =+H56+J56+L56+N56+P56 -> 0
A57: 22 SEK.OTURAK SÜN.4,0 | B57: 50 | C57: 45 | D57: 4 | E57: =(B57*C57*D57)/1000000 -> 0.009 | F57: ='EYLÜL 3. HAFTA'!V57 -> 846 | G57: =E57*F57 -> 7.614 | I57: =E57*H57 -> 0 | J57: 7 | K57: =E57*J57 -> 0.063 | M57: =E57*L57 -> 0 | O57: =E57*N57 -> 0 | Q57: =E57*P57 -> 0 | R57: =F57-H57-J57-L57-N57-P57 -> 839 | S57: =E57*R57 -> 7.551 | U57: =E57*T57 -> 0 | V57: =R57+T57 -> 839 | W57: =E57*V57 -> 7.551 | X57: =+H57+J57+L57+N57+P57 -> 7
A58: 22 SEK.SIRT SÜN.4,0 | B58: 50 | C58: 35 | D58: 4 | E58: =(B58*C58*D58)/1000000 -> 0.007 | F58: ='EYLÜL 3. HAFTA'!V58 -> 926 | G58: =E58*F58 -> 6.482 | I58: =E58*H58 -> 0 | J58: 30 | K58: =E58*J58 -> 0.21 | M58: =E58*L58 -> 0 | O58: =E58*N58 -> 0 | Q58: =E58*P58 -> 0 | R58: =F58-H58-J58-L58-N58-P58 -> 896 | S58: =E58*R58 -> 6.272 | U58: =E58*T58 -> 0 | V58: =R58+T58 -> 896 | W58: =E58*V58 -> 6.272 | X58: =+H58+J58+L58+N58+P58 -> 30
A59: 22 VEGA OTURAK 3.0 | B59: 45 | C59: 50 | D59: 3 | E59: =(B59*C59*D59)/1000000 -> 0.00675 | F59: ='EYLÜL 3. HAFTA'!V59 -> 597 | G59: =E59*F59 -> 4.02975 | I59: =E59*H59 -> 0 | J59: 7 | K59: =E59*J59 -> 0.04725 | L59: 180 | M59: =E59*L59 -> 1.215 | O59: =E59*N59 -> 0 | Q59: =E59*P59 -> 0 | R59: =F59-H59-J59-L59-N59-P59 -> 410 | S59: =E59*R59 -> 2.7675 | U59: =E59*T59 -> 0 | V59: =R59+T59 -> 410 | W59: =E59*V59 -> 2.7675 | X59: =+H59+J59+L59+N59+P59 -> 187
A60: 22 VEGA SIRT 3,0 | B60: 50 | C60: 35 | D60: 3 | E60: =(B60*C60*D60)/1000000 -> 0.00525 | F60: ='EYLÜL 3. HAFTA'!V60 -> 881 | G60: =E60*F60 -> 4.62525 | I60: =E60*H60 -> 0 | J60: 15 | K60: =E60*J60 -> 0.07875 | M60: =E60*L60 -> 0 | O60: =E60*N60 -> 0 | Q60: =E60*P60 -> 0 | R60: =F60-H60-J60-L60-N60-P60 -> 866 | S60: =E60*R60 -> 4.5465 | U60: =E60*T60 -> 0 | V60: =R60+T60 -> 866 | W60: =E60*V60 -> 4.5465 | X60: =+H60+J60+L60+N60+P60 -> 15
A61: 22 KOL ÜSTÜ 4,0 | B61: 42 | C61: 36 | D61: 4 | E61: =(B61*C61*D61)/1000000 -> 0.006048 | F61: ='EYLÜL 3. HAFTA'!V61 -> 88 | G61: =E61*F61 -> 0.532224 | I61: =E61*H61 -> 0 | K61: =E61*J61 -> 0 | M61: =E61*L61 -> 0 | O61: =E61*N61 -> 0 | Q61: =E61*P61 -> 0 | R61: =F61-H61-J61-L61-N61-P61 -> 88 | S61: =E61*R61 -> 0.532224 | U61: =E61*T61 -> 0 | V61: =R61+T61 -> 88 | W61: =E61*V61 -> 0.532224 | X61: =+H61+J61+L61+N61+P61 -> 0
A62: 32 VEGA SIRT 3,0 | B62: 50 | C62: 35 | D62: 3 | E62: =(B62*C62*D62)/1000000 -> 0.00525 | F62: ='EYLÜL 3. HAFTA'!V62 -> 1892 | G62: =E62*F62 -> 9.933 | I62: =E62*H62 -> 0 | K62: =E62*J62 -> 0 | M62: =E62*L62 -> 0 | O62: =E62*N62 -> 0 | Q62: =E62*P62 -> 0 | R62: =F62-H62-J62-L62-N62-P62 -> 1892 | S62: =E62*R62 -> 9.933 | U62: =E62*T62 -> 0 | V62: =R62+T62 -> 1892 | W62: =E62*V62 -> 9.933 | X62: =+H62+J62+L62+N62+P62 -> 0
A63: 32 VEGA OTURAK 3,0 | B63: 45 | C63: 50 | D63: 3 | E63: =(B63*C63*D63)/1000000 -> 0.00675 | F63: ='EYLÜL 3. HAFTA'!V63 -> 1450 | G63: =E63*F63 -> 9.7875 | I63: =E63*H63 -> 0 | J63: 0 | K63: =E63*J63 -> 0 | M63: =E63*L63 -> 0 | O63: =E63*N63 -> 0 | Q63: =E63*P63 -> 0 | R63: =F63-H63-J63-L63-N63-P63 -> 1450 | S63: =E63*R63 -> 9.7875 | U63: =E63*T63 -> 0 | V63: =R63+T63 -> 1450 | W63: =E63*V63 -> 9.7875 | X63: =+H63+J63+L63+N63+P63 -> 0
A64: 22 DN 140*9,5*6,5 CEZAR | B64: 140 | C64: 9.5 | D64: 6.5 | E64: =(B64*C64*D64)/1000000 -> 0.008645 | F64: ='EYLÜL 3. HAFTA'!V64 -> 246 | G64: =E64*F64 -> 2.12667 | I64: =E64*H64 -> 0 | J64: 126 | K64: =E64*J64 -> 1.08927 | L64: 60 | M64: =E64*L64 -> 0.5187 | O64: =E64*N64 -> 0 | Q64: =E64*P64 -> 0 | R64: =F64-H64-J64-L64-N64-P64 -> 60 | S64: =E64*R64 -> 0.5187 | U64: =E64*T64 -> 0 | V64: =R64+T64 -> 60 | W64: =E64*V64 -> 0.5187 | X64: =+H64+J64+L64+N64+P64 -> 186
A65: 24 DN 90*83*2 K.TÜY | B65: 90 | C65: 83 | D65: 2 | E65: =(B65*C65*D65)/1000000 -> 0.01494 | F65: 458 | G65: =E65*F65 -> 6.84252 | H65: 0 | I65: =E65*H65 -> 0 | K65: =E65*J65 -> 0 | M65: =E65*L65 -> 0 | N65: 0 | O65: =E65*N65 -> 0 | Q65: =E65*P65 -> 0 | R65: =F65-H65-J65-L65-N65-P65 -> 458 | S65: =E65*R65 -> 6.84252 | T65: 0 | U65: =E65*T65 -> 0 | V65: =R65+T65 -> 458 | W65: =E65*V65 -> 6.84252 | X65: =+H65+J65+L65+N65+P65 -> 0
A66: 24 DN 92*82*2 K.TÜY | B66: 92 | C66: 82 | D66: 2 | E66: =(B66*C66*D66)/1000000 -> 0.015088 | F66: 466 | G66: =E66*F66 -> 7.031008 | H66: 2 | I66: =E66*H66 -> 0.030176 | K66: =E66*J66 -> 0 | L66: 0 | M66: =E66*L66 -> 0 | O66: =E66*N66 -> 0 | P66: 52 | Q66: =E66*P66 -> 0.784576 | R66: =F66-H66-J66-L66-N66-P66 -> 412 | S66: =E66*R66 -> 6.216256 | T66: 0 | U66: =E66*T66 -> 0 | V66: =R66+T66 -> 412 | W66: =E66*V66 -> 6.216256 | X66: =+H66+J66+L66+N66+P66 -> 54
A67: 24 DN K.T 82*80*2 | B67: 82 | C67: 80 | D67: 2 | E67: =(B67*C67*D67)/1000000 -> 0.01312 | F67: ='EYLÜL 1. HAFTA'!V67 -> 432 | G67: =E67*F67 -> 5.66784 | I67: =E67*H67 -> 0 | K67: =E67*J67 -> 0 | M67: =E67*L67 -> 0 | O67: =E67*N67 -> 0 | Q67: =E67*P67 -> 0 | R67: =F67-H67-J67-L67-N67-P67 -> 432 | S67: =E67*R67 -> 5.66784 | U67: =Q67*T67 -> 0 | V67: =R67+T67 -> 432 | W67: =E67*V67 -> 5.66784 | X67: =+H67+J67+L67+N67+P67 -> 0
