Workbook

Sheet EYLÜL 2025 (2)
B1: EYLÜL | Q1: 45656
A2: S.NO | B2: ÜRÜN CİNSİ | F2: ADET | G2: devir | H2: GELEN | I2: 45905 | J2: 45912 | K2: 45919 | L2: 45926 | M2: 45930 | N2: KALAN | O2: AÇIKLAMA | P2: MİNİMUN | Q2: MAKSİMUN
A3: 1 | B3: U BAĞLANTI DEMİRİ | F3: 1950 | H3: 5000 | I3: 0 | J3: 0 | K3: 500 | L3: 500 | M3: 500 | N3: =+F3-I3-J3-K3-L3-M3+H3 -> 5450 | P3: 3000 | Q3: 10000
A4: 2 | B4: AYAK SOMUNU(BIDIK) | F4: 6500 | H4: 0 | I4: 0 | J4: 0 | K4: 0 | L4: 0 | M4: 1500 | N4: =+F4-I4-J4-K4-L4-M4+H4 -> 5000 | P4: 7000 | Q4: 20000
A5: 3 | B5: AMT. SEKRETER KÖRÜK | F5: 750 | G5: 1000 | H5: 0 | I5: 0 | J5: 0 | K5: 0 | L5: 0 | M5: 150 | N5: =+F5-I5-J5-K5-L5-M5+H5 -> 600 | P5: 500 | Q5: 2000
A6: 4 | B6: M8 CİVATALI BİNGO | F6: 3000 | H6: 0 | I6: 0 | J6: 0 | K6: 0 | L6: 0 | M6: 500 | N6: =+F6-I6-J6-K6-L6-M6+H6 -> 2500 | O6: PLASTİK SİY.BÜYÜK | P6: 250 | Q6: 1000
A7: 5 | B7: M8 OYNAR BAŞLIKLI BİNGO | F7: 121 | H7: 0 | I7: 0 | J7: 0 | K7: 0 | L7: 0 | M7: 0 | N7: =+F7-I7-J7-K7-L7-M7+H7 -> 121 | O7: KROM | P7: 100 | Q7: 500
A8: 6 | B8: M8 SOKET | F8: 2000 | H8: 0 | I8: 0 | J8: 0 | K8: 0 | L8: 0 | M8: 0 | N8: =+F8-I8-J8-K8-L8-M8+H8 -> 2000 | P8: 1000 | Q8: 10000
A9: 7 | B9: M8 CİVATALI BİNGO_MOB. | F9: 1000 | H9: 1000 | I9: 0 | J9: 0 | K9: 0 | L9: 0 | M9: 500 | N9: =+F9-I9-J9-K9-L9-M9+H9 -> 1500 | O9: REFAKATÇI SİY.KÜÇÜK | P9: 1000 | Q9: 3000
A10: 8 | B10: M6 SOKET | F10: 12000 | H10: 0 | I10: 0 | J10: 0 | K10: 0 | L10: 0 | M10: 2000 | N10: =+F10-I10-J10-K10-L10-M10+H10 -> 10000 | P10: 10000 | Q10: 50000
A11: 9 | B11: PİMLİ TEKER NAYLON 50 | F11: 5000 | G11: 0 | H11: 15000 | I11: 1000 | J11: 1800 | K11: 1750 | L11: 1000 | M11: 850 | N11: =+F11-I11-J11-K11-L11-M11+H11 -> 13600 | P11: 7500 | Q11: 30000
A12: 10 | B12: YARASA ŞASE KUYRUKLU | F12: 1187 | H12: 0 | I12: 0 | J12: 4 | K12: 0 | L12: 0 | M12: 4 | N12: =+F12-I12-J12-K12-L12-M12+H12 -> 1179 | P12: 200 | Q12: 1500
A13: 11 | B13: PİMLİ BİNGO | F13: 700 | H13: 0 | I13: 0 | J13: 0 | K13: 0 | L13: 0 | M13: 0 | N13: =+F13-I13-J13-K13-L13-M13+H13 -> 700 | P13: 2000 | Q13: 5000
A14: 12 | B14: LALE AYAK ÇEKYAT GEÇMELİ | F14: 500 | H14: 0 | I14: 0 | J14: 0 | K14: 0 | L14: 51 | M14: 0 | N14: =+F14-I14-J14-K14-L14-M14+H14 -> 449 | P14: 500 | Q14: 3000
A15: 13 | B15: TOKMAK | F15: 500 | H15: 0 | I15: 0 | J15: 0 | K15: 0 | L15: 0 | M15: 0 | N15: =+F15-I15-J15-K15-L15-M15+H15 -> 500 | P15: 500 | Q15: 3000
A16: 14 | B16: EKO SEKRETER KÖRÜK | C16: 350 | F16: 1650 | H16: 0 | I16: 0 | J16: 0 | K16: 0 | L16: 0 | M16: 0 | N16: =+F16-I16-J16-K16-L16-M16+H16 -> 1650 | P16: 500 | Q16: 2000
A17: 15 | B17: AHŞAP TELESKOP KÖRÜK | F17: 250 | G17: 165 | H17: 0 | I17: 0 | J17: 40 | K17: 40 | L17: 0 | M17: 0 | N17: =+F17-I17-J17-K17-L17-M17+H17 -> 170 | P17: 200 | Q17: 1000
A18: 16 | B18: VEGA KÖRÜK | F18: 4500 | G18: 500 | H18: 0 | I18: 0 | J18: 0 | K18: 0 | L18: 0 | M18: 0 | N18: =+F18-I18-J18-K18-L18-M18+H18 -> 4500 | P18: 2000 | Q18: 5000
A19: 17 | B19: YAZI TABLASI | F19: 66 | H19: 100 | I19: 0 | J19: 0 | K19: 30 | L19: 0 | M19: 0 | N19: =+F19-I19-J19-K19-L19-M19+H19 -> 136 | P19: 100 | Q19: 300
A20: 18 | B20: VEGA ÇAKMA KOL | F20: 50 | H20: 50 | I20: 0 | J20: 0 | K20: 70 | L20: 0 | M20: 0 | N20: =+F20-I20-J20-K20-L20-M20+H20 -> 30 | O20: TK | P20: 100 | Q20: 300
A21: 19 | F21: 0 | G21: 425 | H21: 0 | I21: 0 | J21: 0 | K21: 0 | L21: 0 | M21: 0 | N21: =+F21-I21-J21-K21-L21-M21+H21 -> 0
A22: 20 | B22: KUYRUKLU TİLK MEKANİZMA | F22: 1409 | H22: 0 | I22: 0 | J22: 32 | K22: 44 | L22: 8 | M22: 0 | N22: =+F22-I22-J22-K22-L22-M22+H22 -> 1325 | P22: 500 | Q22: 1000
A23: 21 | B23: ÇİFT KOLLU TİLK MEK. | F23: 1451 | H23: 1000 | I23: 0 | J23: 360 | K23: 240 | L23: 320 | M23: 1000 | N23: =+F23-I23-J23-K23-L23-M23+H23 -> 531 | P23: 1000 | Q23: 5000
A24: 22 | B24: VEGA KONFERANS KOL | F24: 120 | H24: 100 | I24: 0 | J24: 0 | K24: 30 | L24: 0 | M24: 0 | N24: =+F24-I24-J24-K24-L24-M24+H24 -> 190 | P24: 100 | Q24: 250
A25: 23 | B25: SİNEMA KISA KAPAK | F25: 305 | H25: 657 | I25: 150 | J25: 0 | K25: 0 | L25: 0 | M25: 0 | N25: =+F25-I25-J25-K25-L25-M25+H25 -> 812 | P25: 300 | Q25: 100
A26: 24 | B26: PİMLİ TEKER NAYLON 60 | F26: 9200 | H26: 0 | I26: 0 | J26: 600 | K26: 2400 | L26: 0 | M26: 1000 | N26: =+F26-I26-J26-K26-L26-M26+H26 -> 5200 | P26: 7500 | Q26: 15000
A27: 25 | B27: 5 cm krom ayarlı ayak | F27: 368 | H27: 0 | I27: 0 | J27: 0 | K27: 0 | L27: 30 | M27: 30 | N27: =+F27-I27-J27-K27-L27-M27+H27 -> 308 | P27: 300 | Q27: 1000
A28: 26 | G28: 0 | H28: 0 | I28: 0 | J28: 0 | K28: 0 | L28: 0 | M28: 0 | N28: 0 | Q28: 0
A29: 27 | B29: YARASA ŞASE | F29: 703 | H29: 0 | I29: 0 | J29: 4 | K29: 0 | L29: 0 | M29: 0 | N29: =+F29-I29-J29-K29-L29-M29+H29 -> 699 | P29: 200 | Q29: 750
A30: 28 | B30: TELLY KUYRUKLU ŞASE | F30: 0 | H30: 504 | I30: 0 | J30: 0 | K30: 0 | L30: 0 | M30: 0 | N30: =+F30-I30-J30-K30-L30-M30+H30 -> 504 | P30: 100 | Q30: 300
A31: 29 | B31: ZIMBA TELİ 9240 / KOLİ | F31: 5 | H31: 0 | I31: 0 | J31: 0 | K31: 0 | L31: 0 | M31: 0 | N31: =+F31-I31-J31-K31-L31-M31+H31 -> 5 | P31: 10 | Q31: 50
A32: 30 | B32: ZIMBA TELİ 8014 | F32: 0 | H32: 0 | I32: 0 | J32: 0 | K32: 0 | L32: 0 | M32: 0 | N32: =+F32-I32-J32-K32-L32-M32+H32 -> 0 | P32: 7 | Q32: 40
A33: 31 | B33: ZIMBA TELİ 8008 | F33: 2 | H33: 0 | I33: 0 | J33: 0 | K33: 0 | L33: 0 | M33: 0 | N33: =+F33-I33-J33-K33-L33-M33+H33 -> 2 | P33: 5 | Q33: 20
A34: 32 | B34: AYAK TASI KROM | F34: 450 | H34: 1000 | I34: 0 | J34: 40 | K34: 257 | L34: 153 | M34: 0 | N34: =+F34-I34-J34-K34-L34-M34+H34 -> 1000 | P34: 300 | Q34: 2000
A35: 33 | B35: AYAK TASI SİYAH | F35: 1000 | H35: 0 | I35: 0 | J35: 40 | K35: 40 | L35: 0 | M35: 0 | N35: =+F35-I35-J35-K35-L35-M35+H35 -> 920 | P35: 500 | Q35: 5000
A36: 34 | H36: 0 | I36: 0 | J36: 0 | K36: 0 | L36: 0 | M36: 0 | N36: =+F36-I36-J36-K36-L36-M36+H36 -> 0
A37: 35 | H37: 0 | I37: 0 | J37: 0 | K37: 0 | L37: 0 | M37: 0 | N37: =+F37-I37-J37-K37-L37-M37+H37 -> 0

Sheet eylül 4 hafta
A2: ÜRÜN CİNSİ | F2: devir | G2: GELEN | H2: 44830 | I2: 44831 | J2: 44832 | K2: 44833 | L2: 44834 | M2: KALAN | N2: AÇIKLAMA
A3: U BAĞLANTI DEMİRİ | E3: 10000 | G3: 0 | H3: 0 | M3: =+E3-H3-I3-J3-K3-L3+G3 -> 10000
A4: AYAK SOMUNU(BIDIK) | E4: 27238 | G4: 0 | L4: 0 | M4: =+E4-H4-I4-J4-K4-L4+G4 -> 27238
A5: M10 OYNAR BAŞLIKLI BİNGO | E5: 153 | G5: 0 | J5: 0 | M5: =+E5-H5-I5-J5-K5-L5+G5 -> 153 | N5: PLASTİK SİY.BÜYÜK
A6: M8 CİVATALI BİNGO | E6: 1644 | G6: 0 | J6: 0 | L6: 0 | M6: =+E6-H6-I6-J6-K6-L6+G6 -> 1644 | N6: PLASTİK SİY.BÜYÜK
A7: M8 OYNAR BAŞLIKLI BİNGO | E7: 400 | G7: 0 | H7: 0 | J7: 31 | K7: 26 | L7: 0 | M7: =+E7-H7-I7-J7-K7-L7+G7 -> 343 | N7: KROM
A8: M8 CİVATALI BİNGO | E8: 1656 | G8: 0 | K8: 100 | M8: =+E8-H8-I8-J8-K8-L8+G8 -> 1556 | N8: SİYAH KÜÇÜK
A9: M8 CİVATALI BİNGO_MOB. | E9: 1760 | G9: 0 | M9: =+E9-H9-I9-J9-K9-L9+G9 -> 1760 | N9: REFAKATÇI SİY.KÜÇÜK
A10: M6 SOKET | E10: 163000 | G10: 0 | J10: 0 | K10: 0 | L10: 0 | M10: =+E10-H10-I10-J10-K10-L10+G10 -> 163000
A11: PİMLİ TEKER NAYLON 50 | E11: 62380 | F11: 0 | G11: 0 | H11: 1260 | I11: 260 | J11: 620 | K11: 0 | L11: 0 | M11: =+E11-H11-I11-J11-K11-L11+G11 -> 60240
A12: SİLİKON TEKER | E12: 820 | G12: 0 | M12: =+E12-H12-I12-J12-K12-L12+G12 -> 820
A13: PİMLİ BİNGO | E13: 7430 | K13: 0 | L13: 0 | M13: =+E13-H13-I13-J13-K13-L13+G13 -> 7430
A14: LALE AYAK ÇEKYAT GEÇMELİ | E14: 0 | G14: 2000 | I14: 0 | J14: 0 | M14: =+E14-H14-I14-J14-K14-L14+G14 -> 2000
A15: TOKMAK | E15: 500 | M15: =+E15-H15-I15-J15-K15-L15+G15 -> 500
A16: SEKRETER KÖRÜK | B16: 350 | E16: 3500 | G16: 0 | M16: =+E16-H16-I16-J16-K16-L16+G16 -> 3500
A17: VEGA KÖRÜK | E17: 10000 | M17: =+E17-H17-I17-J17-K17-L17+G17 -> 10000
A18: VEGA KONFERANS KOL | E18: 300 | M18: =+E18-H18-I18-J18-K18-L18+G18 -> 300
A19: VEGA ÇAKMA KOL | E19: 400 | M19: =+E19-H19-I19-J19-K19-L19+G19 -> 400
A20: SİNEMA KAPAK KISA | E20: 500 | J20: 75 | M20: =+E20-H20-I20-J20-K20-L20+G20 -> 425

Sheet ekim 1 hafta 
A2: ÜRÜN CİNSİ | F2: devir | G2: GELEN | H2: 44837 | I2: 44838 | J2: 44839 | K2: 44840 | L2: 44841 | M2: KALAN | N2: AÇIKLAMA
A3: U BAĞLANTI DEMİRİ | E3: 10000 | G3: 0 | H3: 0 | I3: 2000 | J3: 0 | K3: 0 | L3: 0 | M3: =+E3-H3-I3-J3-K3-L3+G3 -> 8000
A4: AYAK SOMUNU(BIDIK) | E4: 27238 | G4: 0 | H4: 0 | I4: 0 | J4: 0 | K4: 0 | L4: 0 | M4: =+E4-H4-I4-J4-K4-L4+G4 -> 27238
A5: M10 OYNAR BAŞLIKLI BİNGO | E5: 153 | G5: 0 | H5: 0 | I5: 0 | J5: 0 | K5: 0 | L5: 0 | M5: =+E5-H5-I5-J5-K5-L5+G5 -> 153 | N5: PLASTİK SİY.BÜYÜK
A6: M8 CİVATALI BİNGO | E6: 1644 | G6: 0 | H6: 0 | I6: 0 | J6: 900 | K6: 0 | L6: 0 | M6: =+E6-H6-I6-J6-K6-L6+G6 -> 744 | N6: PLASTİK SİY.BÜYÜK
A7: M8 OYNAR BAŞLIKLI BİNGO | E7: 343 | G7: 0 | H7: 0 | I7: 0 | J7: 0 | K7: 0 | L7: 10 | M7: =+E7-H7-I7-J7-K7-L7+G7 -> 333 | N7: KROM
A8: M8 CİVATALI BİNGO | E8: 1556 | G8: 0 | H8: 0 | I8: 0 | J8: 0 | K8: 0 | L8: 0 | M8: =+E8-H8-I8-J8-K8-L8+G8 -> 1556 | N8: SİYAH KÜÇÜK
A9: M8 CİVATALI BİNGO_MOB. | E9: 1760 | G9: 0 | H9: 0 | I9: 0 | J9: 0 | K9: 0 | L9: 0 | M9: =+E9-H9-I9-J9-K9-L9+G9 -> 1760 | N9: REFAKATÇI SİY.KÜÇÜK
A10: M6 SOKET | E10: 163000 | G10: 0 | H10: 0 | I10: 2000 | J10: 0 | K10: 0 | L10: 0 | M10: =+E10-H10-I10-J10-K10-L10+G10 -> 161000
A11: PİMLİ TEKER NAYLON 50 | E11: 60240 | F11: 0 | G11: 0 | H11: 0 | I11: 200 | J11: 1300 | K11: 520 | L11: 1320 | M11: =+E11-H11-I11-J11-K11-L11+G11 -> 56900
A12: SİLİKON TEKER | E12: 820 | G12: 0 | H12: 0 | I12: 0 | J12: 0 | K12: 0 | L12: 0 | M12: =+E12-H12-I12-J12-K12-L12+G12 -> 820
A13: PİMLİ BİNGO | E13: 7430 | G13: 0 | H13: 0 | I13: 0 | J13: 0 | K13: 0 | L13: 0 | M13: =+E13-H13-I13-J13-K13-L13+G13 -> 7430
A14: LALE AYAK ÇEKYAT GEÇMELİ | E14: 900 | G14: 0 | H14: 0 | I14: 0 | J14: 0 | K14: 0 | L14: 0 | M14: =+E14-H14-I14-J14-K14-L14+G14 -> 900
A15: TOKMAK | E15: 500 | G15: 0 | H15: 0 | I15: 0 | J15: 0 | K15: 0 | L15: 0 | M15: =+E15-H15-I15-J15-K15-L15+G15 -> 500
A16: SEKRETER KÖRÜK | B16: 350 | E16: 3500 | G16: 0 | H16: 0 | I16: 0 | J16: 0 | K16: 0 | L16: 0 | M16: =+E16-H16-I16-J16-K16-L16+G16 -> 3500
A17: VEGA KÖRÜK | E17: 10000 | G17: 0 | H17: 0 | I17: 0 | J17: 0 | K17: 0 | L17: 0 | M17: =+E17-H17-I17-J17-K17-L17+G17 -> 10000
A18: VEGA KONFERANS KOL | E18: 300 | G18: 0 | H18: 0 | I18: 0 | J18: 0 | K18: 0 | L18: 0 | M18: =+E18-H18-I18-J18-K18-L18+G18 -> 300
A19: VEGA ÇAKMA KOL | E19: 400 | G19: 0 | H19: 0 | I19: 0 | J19: 0 | K19: 0 | L19: 0 | M19: =+E19-H19-I19-J19-K19-L19+G19 -> 400
A20: SİNEMA KAPAK KISA | E20: 425 | F20: 425 | G20: 0 | H20: 0 | I20: 0 | J20: 0 | K20: 0 | L20: 0 | M20: =+E20-H20-I20-J20-K20-L20+G20 -> 425
A21: KUYRUKLU TİLK MEKANİZMA | E21: 0 | G21: 504 | M21: =+E21-H21-I21-J21-K21-L21+G21 -> 504

Sheet ekim 2 hafta 
A2: ÜRÜN CİNSİ | F2: devir | G2: GELEN | H2: 44844 | I2: 44845 | J2: 44846 | K2: 44847 | L2: 44848 | M2: KALAN | N2: AÇIKLAMA
A3: U BAĞLANTI DEMİRİ | E3: 8000 | G3: 0 | H3: 0 | I3: 0 | J3: 0 | K3: 0 | L3: 1000 | M3: =+E3-H3-I3-J3-K3-L3+G3 -> 7000
A4: AYAK SOMUNU(BIDIK) | E4: 27238 | G4: 0 | H4: 0 | I4: 0 | J4: 0 | K4: 0 | L4: 0 | M4: =+E4-H4-I4-J4-K4-L4+G4 -> 27238
A5: M10 OYNAR BAŞLIKLI BİNGO | E5: 153 | G5: 0 | H5: 0 | I5: 0 | J5: 0 | K5: 0 | L5: 0 | M5: =+E5-H5-I5-J5-K5-L5+G5 -> 153 | N5: PLASTİK SİY.BÜYÜK
A6: M8 CİVATALI BİNGO | E6: 744 | G6: 0 | H6: 0 | I6: 0 | J6: 0 | K6: 0 | L6: 0 | M6: =+E6-H6-I6-J6-K6-L6+G6 -> 744 | N6: PLASTİK SİY.BÜYÜK
A7: M8 OYNAR BAŞLIKLI BİNGO | E7: 333 | G7: 1000 | H7: 0 | I7: 0 | J7: 0 | K7: 333 | L7: 0 | M7: =+E7-H7-I7-J7-K7-L7+G7 -> 1000 | N7: KROM
A8: M8 CİVATALI BİNGO | E8: 1556 | G8: 0 | H8: 0 | I8: 0 | J8: 0 | K8: 0 | L8: 0 | M8: =+E8-H8-I8-J8-K8-L8+G8 -> 1556 | N8: SİYAH KÜÇÜK
A9: M8 CİVATALI BİNGO_MOB. | E9: 1760 | G9: 0 | H9: 0 | I9: 0 | J9: 0 | K9: 0 | L9: 0 | M9: =+E9-H9-I9-J9-K9-L9+G9 -> 1760 | N9: REFAKATÇI SİY.KÜÇÜK
A10: M6 SOKET | E10: 161000 | G10: 0 | H10: 0 | I10: 0 | J10: 10000 | K10: 0 | L10: 10000 | M10: =+E10-H10-I10-J10-K10-L10+G10 -> 141000
A11: PİMLİ TEKER NAYLON 50 | E11: 56900 | F11: 0 | G11: 0 | H11: 1434 | I11: 780 | J11: 260 | K11: 260 | L11: 520 | M11: =+E11-H11-I11-J11-K11-L11+G11 -> 53646
A12: SİLİKON TEKER | E12: 820 | G12: 0 | H12: 0 | I12: 0 | J12: 0 | K12: 0 | L12: 0 | M12: =+E12-H12-I12-J12-K12-L12+G12 -> 820
A13: PİMLİ BİNGO | E13: 7430 | G13: 0 | H13: 0 | I13: 0 | J13: 0 | K13: 0 | L13: 0 | M13: =+E13-H13-I13-J13-K13-L13+G13 -> 7430
A14: LALE AYAK ÇEKYAT GEÇMELİ | E14: 900 | G14: 0 | H14: 0 | I14: 0 | J14: 0 | K14: 0 | L14: 0 | M14: =+E14-H14-I14-J14-K14-L14+G14 -> 900
A15: TOKMAK | E15: 500 | G15: 0 | H15: 0 | I15: 0 | J15: 0 | K15: 0 | L15: 0 | M15: =+E15-H15-I15-J15-K15-L15+G15 -> 500
A16: SEKRETER KÖRÜK | B16: 350 | E16: 3500 | G16: 0 | H16: 0 | I16: 0 | J16: 350 | K16: 0 | L16: 0 | M16: =+E16-H16-I16-J16-K16-L16+G16 -> 3150
A17: VEGA KÖRÜK | E17: 10000 | G17: 0 | H17: 0 | I17: 0 | J17: 2000 | K17: 0 | L17: 1000 | M17: =+E17-H17-I17-J17-K17-L17+G17 -> 7000
A18: VEGA KONFERANS KOL | E18: 300 | G18: 0 | H18: 0 | I18: 0 | J18: 0 | K18: 0 | L18: 0 | M18: =+E18-H18-I18-J18-K18-L18+G18 -> 300
A19: VEGA ÇAKMA KOL | E19: 400 | G19: 0 | H19: 0 | I19: 0 | J19: 0 | K19: 0 | L19: 0 | M19: =+E19-H19-I19-J19-K19-L19+G19 -> 400
A20: SİNEMA KAPAK KISA | E20: 425 | F20: 425 | G20: 0 | H20: 0 | I20: 0 | J20: 0 | K20: 0 | L20: 0 | M20: =+E20-H20-I20-J20-K20-L20+G20 -> 425
A21: KUYRUKLU TİLK MEKANİZMA | E21: 504 | G21: 0 | H21: 2 | I21: 3 | J21: 6 | K21: 6 | M21: =+E21-H21-I21-J21-K21-L21+G21 -> 487

Sheet ekim 3 hafta
A2: ÜRÜN CİNSİ | F2: devir | G2: GELEN | H2: 44851 | I2: 44852 | J2: 44853 | K2: 44854 | L2: 44855 | M2: KALAN | N2: AÇIKLAMA
A3: U BAĞLANTI DEMİRİ | E3: ='ekim 2 hafta '!M3 -> 7000 | G3: 0 | H3: 1500 | I3: 0 | J3: 0 | K3: 0 | L3: 1500 | M3: =+E3-H3-I3-J3-K3-L3+G3 -> 4000
A4: AYAK SOMUNU(BIDIK) | E4: ='ekim 2 hafta '!M4 -> 27238 | G4: 0 | H4: 5000 | I4: 0 | J4: 0 | K4: 0 | L4: 0 | M4: =+E4-H4-I4-J4-K4-L4+G4 -> 22238
A5: M10 OYNAR BAŞLIKLI BİNGO | E5: ='ekim 2 hafta '!M5 -> 153 | G5: 0 | H5: 0 | I5: 0 | J5: 0 | K5: 0 | L5: 0 | M5: =+E5-H5-I5-J5-K5-L5+G5 -> 153 | N5: PLASTİK SİY.BÜYÜK
A6: M8 CİVATALI BİNGO | E6: ='ekim 2 hafta '!M6 -> 744 | G6: 0 | H6: 0 | I6: 0 | J6: 0 | K6: 0 | L6: 0 | M6: =+E6-H6-I6-J6-K6-L6+G6 -> 744 | N6: PLASTİK SİY.BÜYÜK
A7: M8 OYNAR BAŞLIKLI BİNGO | E7: ='ekim 2 hafta '!M7 -> 1000 | G7: 0 | H7: 0 | I7: 500 | J7: 0 | K7: 0 | L7: 0 | M7: =+E7-H7-I7-J7-K7-L7+G7 -> 500 | N7: KROM
A8: M8 CİVATALI BİNGO | E8: ='ekim 2 hafta '!M8 -> 1556 | G8: 0 | H8: 500 | I8: 0 | J8: 0 | K8: 0 | L8: 0 | M8: =+E8-H8-I8-J8-K8-L8+G8 -> 1056 | N8: SİYAH KÜÇÜK
A9: M8 CİVATALI BİNGO_MOB. | E9: ='ekim 2 hafta '!M9 -> 1760 | G9: 0 | H9: 0 | I9: 0 | J9: 0 | K9: 0 | L9: 0 | M9: =+E9-H9-I9-J9-K9-L9+G9 -> 1760 | N9: REFAKATÇI SİY.KÜÇÜK
A10: M6 SOKET | E10: ='ekim 2 hafta '!M10 -> 141000 | G10: 0 | H10: 4000 | I10: 0 | J10: 0 | K10: 0 | L10: 0 | M10: =+E10-H10-I10-J10-K10-L10+G10 -> 137000
A11: PİMLİ TEKER NAYLON 50 | E11: ='ekim 2 hafta '!M11 -> 53646 | F11: 0 | G11: 0 | H11: 525 | I11: 150 | J11: 1920 | K11: 260 | L11: 0 | M11: =+E11-H11-I11-J11-K11-L11+G11 -> 50791
A12: SİLİKON TEKER | E12: ='ekim 2 hafta '!M12 -> 820 | G12: 0 | H12: 0 | I12: 0 | J12: 0 | K12: 0 | L12: 0 | M12: =+E12-H12-I12-J12-K12-L12+G12 -> 820
A13: PİMLİ BİNGO | E13: ='ekim 2 hafta '!M13 -> 7430 | G13: 0 | H13: 0 | I13: 0 | J13: 0 | K13: 0 | L13: 0 | M13: =+E13-H13-I13-J13-K13-L13+G13 -> 7430
A14: LALE AYAK ÇEKYAT GEÇMELİ | E14: ='ekim 2 hafta '!M14 -> 900 | G14: 0 | H14: 0 | I14: 0 | J14: 0 | K14: 0 | L14: 0 | M14: =+E14-H14-I14-J14-K14-L14+G14 -> 900
A15: TOKMAK | E15: 1500 | G15: 0 | H15: 0 | I15: 0 | J15: 700 | K15: 0 | L15: 0 | M15: =+E15-H15-I15-J15-K15-L15+G15 -> 800
A16: SEKRETER KÖRÜK | B16: 350 | E16: ='ekim 2 hafta '!M16 -> 3150 | G16: 0 | H16: 0 | I16: 0 | J16: 0 | K16: 0 | L16: 0 | M16: =+E16-H16-I16-J16-K16-L16+G16 -> 3150
A17: VEGA KÖRÜK | E17: ='ekim 2 hafta '!M17 -> 7000 | G17: 0 | H17: 0 | I17: 0 | J17: 0 | K17: 0 | L17: 0 | M17: =+E17-H17-I17-J17-K17-L17+G17 -> 7000
A18: VEGA KONFERANS KOL | E18: ='ekim 2 hafta '!M18 -> 300 | G18: 0 | H18: 0 | I18: 0 | J18: 0 | K18: 0 | L18: 0 | M18: =+E18-H18-I18-J18-K18-L18+G18 -> 300
A19: VEGA ÇAKMA KOL | E19: ='ekim 2 hafta '!M19 -> 400 | G19: 0 | H19: 0 | I19: 0 | J19: 0 | K19: 0 | L19: 0 | M19: =+E19-H19-I19-J19-K19-L19+G19 -> 400
A20: SİNEMA KAPAK KISA | E20: ='ekim 2 hafta '!M20 -> 425 | F20: 425 | G20: 0 | H20: 0 | I20: 0 | J20: 0 | K20: 0 | L20: 0 | M20: =+E20-H20-I20-J20-K20-L20+G20 -> 425
A21: KUYRUKLU TİLK MEKANİZMA | E21: ='ekim 2 hafta '!M21 -> 487 | G21: 0 | H21: 6 | I21: 0 | J21: 0 | K21: 0 | L21: 0 | M21: =+E21-H21-I21-J21-K21-L21+G21 -> 481
A22: AHŞAP KÖRÜK | E22: 520 | J22: 80 | M22: =+E22-H22-I22-J22-K22-L22+G22 -> 440

Sheet ekim 4 hafta 
A2: ÜRÜN CİNSİ | F2: devir | G2: GELEN | H2: 44858 | I2: 44859 | J2: 44860 | K2: 44861 | L2: 44862 | M2: KALAN | N2: AÇIKLAMA
A3: U BAĞLANTI DEMİRİ | E3: ='ekim 3 hafta'!M3 -> 4000 | G3: 0 | H3: 0 | I3: 0 | J3: 0 | K3: 0 | L3: 0 | M3: 7000
A4: AYAK SOMUNU(BIDIK) | E4: ='ekim 3 hafta'!M4 -> 22238 | G4: 0 | H4: 0 | I4: 5000 | J4: 0 | K4: 0 | L4: 0 | M4: =+E4-H4-I4-J4-K4-L4+G4 -> 17238
A5: M10 OYNAR BAŞLIKLI BİNGO | E5: ='ekim 3 hafta'!M5 -> 153 | G5: 0 | H5: 0 | I5: 0 | J5: 0 | K5: 0 | L5: 0 | M5: =+E5-H5-I5-J5-K5-L5+G5 -> 153 | N5: PLASTİK SİY.BÜYÜK
A6: M8 CİVATALI BİNGO | E6: ='ekim 3 hafta'!M6 -> 744 | G6: 0 | H6: 0 | I6: 0 | J6: 0 | K6: 0 | L6: 0 | M6: =+E6-H6-I6-J6-K6-L6+G6 -> 744 | N6: PLASTİK SİY.BÜYÜK
A7: M8 OYNAR BAŞLIKLI BİNGO | E7: ='ekim 3 hafta'!M7 -> 500 | G7: 0 | H7: 0 | I7: 0 | J7: 0 | K7: 0 | L7: 0 | M7: =+E7-H7-I7-J7-K7-L7+G7 -> 500 | N7: KROM
A8: M8 CİVATALI BİNGO | E8: ='ekim 3 hafta'!M8 -> 1056 | G8: 0 | H8: 0 | I8: 0 | J8: 0 | K8: 0 | L8: 0 | M8: =+E8-H8-I8-J8-K8-L8+G8 -> 1056 | N8: SİYAH KÜÇÜK
A9: M8 CİVATALI BİNGO_MOB. | E9: ='ekim 3 hafta'!M9 -> 1760 | G9: 0 | H9: 0 | I9: 0 | J9: 0 | K9: 0 | L9: 0 | M9: =+E9-H9-I9-J9-K9-L9+G9 -> 1760 | N9: REFAKATÇI SİY.KÜÇÜK
A10: M6 SOKET | E10: ='ekim 3 hafta'!M10 -> 137000 | G10: 0 | H10: 0 | I10: 0 | J10: 10000 | K10: 0 | L10: 0 | M10: =+E10-H10-I10-J10-K10-L10+G10 -> 127000
A11: PİMLİ TEKER NAYLON 50 | E11: ='ekim 3 hafta'!M11 -> 50791 | F11: 0 | G11: 0 | H11: 0 | I11: 260 | J11: 1180 | K11: 0 | L11: 520 | M11: =+E11-H11-I11-J11-K11-L11+G11 -> 48831
A12: SİLİKON TEKER | E12: ='ekim 3 hafta'!M12 -> 820 | G12: 0 | H12: 0 | I12: 0 | J12: 0 | K12: 0 | L12: 0 | M12: =+E12-H12-I12-J12-K12-L12+G12 -> 820
A13: PİMLİ BİNGO | E13: ='ekim 3 hafta'!M13 -> 7430 | G13: 0 | H13: 0 | I13: 300 | J13: 0 | K13: 0 | L13: 0 | M13: =+E13-H13-I13-J13-K13-L13+G13 -> 7130
A14: LALE AYAK ÇEKYAT GEÇMELİ | E14: ='ekim 3 hafta'!M14 -> 900 | G14: 0 | H14: 0 | I14: 0 | J14: 0 | K14: 0 | L14: 0 | M14: =+E14-H14-I14-J14-K14-L14+G14 -> 900
A15: TOKMAK | E15: ='ekim 3 hafta'!M15 -> 800 | G15: 0 | H15: 0 | I15: 0 | J15: 0 | K15: 0 | L15: 0 | M15: =+E15-H15-I15-J15-K15-L15+G15 -> 800
A16: SEKRETER KÖRÜK | B16: 350 | E16: ='ekim 3 hafta'!M16 -> 3150 | G16: 0 | H16: 0 | I16: 0 | J16: 0 | K16: 0 | L16: 0 | M16: =+E16-H16-I16-J16-K16-L16+G16 -> 3150
A17: VEGA KÖRÜK | E17: ='ekim 3 hafta'!M17 -> 7000 | G17: 0 | H17: 0 | I17: 0 | J17: 500 | K17: 500 | L17: 0 | M17: =+E17-H17-I17-J17-K17-L17+G17 -> 6000
A18: VEGA KONFERANS KOL | E18: ='ekim 3 hafta'!M18 -> 300 | G18: 0 | H18: 0 | I18: 0 | J18: 0 | K18: 0 | L18: 0 | M18: =+E18-H18-I18-J18-K18-L18+G18 -> 300
A19: VEGA ÇAKMA KOL | E19: ='ekim 3 hafta'!M19 -> 400 | G19: 0 | H19: 0 | I19: 0 | J19: 0 | K19: 0 | L19: 0 | M19: =+E19-H19-I19-J19-K19-L19+G19 -> 400
A20: SİNEMA KAPAK KISA | E20: ='ekim 3 hafta'!M20 -> 425 | F20: 425 | G20: 0 | H20: 0 | I20: 0 | J20: 0 | K20: 0 | L20: 0 | M20: =+E20-H20-I20-J20-K20-L20+G20 -> 425
A21: KUYRUKLU TİLK MEKANİZMA | E21: ='ekim 3 hafta'!M21 -> 481 | G21: 0 | H21: 15 | I21: 24 | J21: 6 | K21: 0 | L21: 1 | M21: =+E21-H21-I21-J21-K21-L21+G21 -> 435
A22: 5 cm krom ayarlı ayak | E22: 2100 | M22: =+E22-H22-I22-J22-K22-L22+G22 -> 2100

Sheet KASIM 1 HAFTA
A2: ÜRÜN CİNSİ | F2: devir | G2: GELEN | H2: 44865 | I2: 44866 | J2: 44867 | K2: 44868 | L2: 44869 | M2: KALAN | N2: AÇIKLAMA
A3: U BAĞLANTI DEMİRİ | E3: ='ekim 4 hafta '!M3 -> 7000 | G3: 0 | H3: 0 | I3: 0 | J3: 0 | K3: 1000 | L3: 0 | M3: 7000
A4: AYAK SOMUNU(BIDIK) | E4: ='ekim 4 hafta '!M4 -> 17238 | G4: 0 | H4: 0 | I4: 0 | J4: 0 | K4: 0 | L4: 0 | M4: =+E4-H4-I4-J4-K4-L4+G4 -> 17238
A5: M10 OYNAR BAŞLIKLI BİNGO | E5: ='ekim 4 hafta '!M5 -> 153 | G5: 0 | H5: 0 | I5: 0 | J5: 0 | K5: 0 | L5: 0 | M5: =+E5-H5-I5-J5-K5-L5+G5 -> 153 | N5: PLASTİK SİY.BÜYÜK
A6: M8 CİVATALI BİNGO | E6: ='ekim 4 hafta '!M6 -> 744 | G6: 0 | H6: 0 | I6: 0 | J6: 0 | K6: 0 | L6: 0 | M6: =+E6-H6-I6-J6-K6-L6+G6 -> 744 | N6: PLASTİK SİY.BÜYÜK
A7: M8 OYNAR BAŞLIKLI BİNGO | E7: ='ekim 4 hafta '!M7 -> 500 | G7: 0 | H7: 0 | I7: 0 | J7: 0 | K7: 0 | L7: 0 | M7: =+E7-H7-I7-J7-K7-L7+G7 -> 500 | N7: KROM
A8: M8 CİVATALI BİNGO | E8: ='ekim 4 hafta '!M8 -> 1056 | G8: 0 | H8: 0 | I8: 0 | J8: 0 | K8: 0 | L8: 0 | M8: =+E8-H8-I8-J8-K8-L8+G8 -> 1056 | N8: SİYAH KÜÇÜK
A9: M8 CİVATALI BİNGO_MOB. | E9: ='ekim 4 hafta '!M9 -> 1760 | G9: 0 | H9: 0 | I9: 0 | J9: 0 | K9: 0 | L9: 0 | M9: =+E9-H9-I9-J9-K9-L9+G9 -> 1760 | N9: REFAKATÇI SİY.KÜÇÜK
A10: M6 SOKET | E10: ='ekim 4 hafta '!M10 -> 127000 | G10: 0 | H10: 0 | I10: 0 | J10: 0 | K10: 0 | L10: 0 | M10: =+E10-H10-I10-J10-K10-L10+G10 -> 127000
A11: PİMLİ TEKER NAYLON 50 | E11: ='ekim 4 hafta '!M11 -> 48831 | F11: 0 | G11: 0 | H11: 500 | I11: 0 | J11: 500 | K11: 0 | L11: 0 | M11: =+E11-H11-I11-J11-K11-L11+G11 -> 47831
A12: SİLİKON TEKER | E12: ='ekim 4 hafta '!M12 -> 820 | G12: 0 | H12: 0 | I12: 0 | J12: 0 | K12: 0 | L12: 0 | M12: =+E12-H12-I12-J12-K12-L12+G12 -> 820
A13: PİMLİ BİNGO | E13: ='ekim 4 hafta '!M13 -> 7130 | G13: 0 | H13: 0 | I13: 0 | J13: 0 | K13: 0 | L13: 0 | M13: =+E13-H13-I13-J13-K13-L13+G13 -> 7130
A14: LALE AYAK ÇEKYAT GEÇMELİ | E14: ='ekim 4 hafta '!M14 -> 900 | G14: 0 | H14: 0 | I14: 0 | J14: 0 | K14: 0 | L14: 0 | M14: =+E14-H14-I14-J14-K14-L14+G14 -> 900
A15: TOKMAK | E15: ='ekim 4 hafta '!M15 -> 800 | G15: 0 | H15: 0 | I15: 0 | J15: 0 | K15: 0 | L15: 0 | M15: =+E15-H15-I15-J15-K15-L15+G15 -> 800
A16: SEKRETER KÖRÜK | B16: 350 | E16: ='ekim 4 hafta '!M16 -> 3150 | G16: 0 | H16: 0 | I16: 0 | J16: 0 | K16: 0 | L16: 0 | M16: =+E16-H16-I16-J16-K16-L16+G16 -> 3150
A17: VEGA KÖRÜK | E17: ='ekim 4 hafta '!M17 -> 6000 | G17: 0 | H17: 0 | I17: 0 | J17: 0 | K17: 0 | L17: 0 | M17: =+E17-H17-I17-J17-K17-L17+G17 -> 6000
A18: VEGA KONFERANS KOL | E18: ='ekim 4 hafta '!M18 -> 300 | G18: 0 | H18: 0 | I18: 0 | J18: 0 | K18: 0 | L18: 0 | M18: =+E18-H18-I18-J18-K18-L18+G18 -> 300
A19: VEGA ÇAKMA KOL | E19: ='ekim 4 hafta '!M19 -> 400 | G19: 0 | H19: 0 | I19: 0 | J19: 0 | K19: 0 | L19: 0 | M19: =+E19-H19-I19-J19-K19-L19+G19 -> 400
A20: SİNEMA KAPAK KISA | E20: ='ekim 4 hafta '!M20 -> 425 | F20: 425 | G20: 0 | H20: 0 | I20: 0 | J20: 0 | K20: 0 | L20: 0 | M20: =+E20-H20-I20-J20-K20-L20+G20 -> 425
A21: KUYRUKLU TİLK MEKANİZMA | E21: ='ekim 4 hafta '!M21 -> 435 | G21: 0 | H21: 0 | I21: 0 | J21: 0 | K21: 0 | L21: 0 | M21: =+E21-H21-I21-J21-K21-L21+G21 -> 435
A22: 5 cm krom ayarlı ayak | E22: ='ekim 4 hafta '!M22 -> 2100 | G22: 0 | H22: 0 | I22: 0 | J22: 0 | K22: 0 | L22: 0 | M22: =+E22-H22-I22-J22-K22-L22+G22 -> 2100

Sheet KASIM 2 HAFTA 
A2: S.NO | B2: ÜRÜN CİNSİ | G2: devir | H2: GELEN | I2: 44872 | J2: 44873 | K2: 44874 | L2: 44875 | M2: 44876 | N2: KALAN | O2: AÇIKLAMA | P2: MİNİMUN | Q2: MAKSİMUN
A3: 1 | B3: U BAĞLANTI DEMİRİ | F3: ='KASIM 1 HAFTA'!M3 -> 7000 | H3: 15000 | I3: 2000 | J3: 0 | K3: 0 | L3: 0 | M3: 0 | N3: =+F3-I3-J3-K3-L3-M3+H3 -> 20000 | P3: 1000 | Q3: 10000
A4: 2 | B4: AYAK SOMUNU(BIDIK) | F4: ='KASIM 1 HAFTA'!M4 -> 17238 | H4: 0 | I4: 2000 | J4: 0 | K4: 0 | L4: 0 | M4: 0 | N4: =+F4-I4-J4-K4-L4-M4+H4 -> 15238 | P4: 5000 | Q4: 20000
A5: 3 | B5: M10 OYNAR BAŞLIKLI BİNGO | F5: ='KASIM 1 HAFTA'!M5 -> 153 | H5: 0 | I5: 0 | J5: 0 | K5: 0 | L5: 0 | M5: 0 | N5: =+F5-I5-J5-K5-L5-M5+H5 -> 153 | O5: PLASTİK SİY.BÜYÜK | P5: 300 | Q5: 1000
A6: 4 | B6: M8 CİVATALI BİNGO | F6: ='KASIM 1 HAFTA'!M6 -> 744 | H6: 0 | I6: 0 | J6: 0 | K6: 0 | L6: 0 | M6: 0 | N6: =+F6-I6-J6-K6-L6-M6+H6 -> 744 | O6: PLASTİK SİY.BÜYÜK | P6: 0
A7: 5 | B7: M8 OYNAR BAŞLIKLI BİNGO | F7: ='KASIM 1 HAFTA'!M7 -> 500 | H7: 0 | I7: 0 | J7: 0 | K7: 0 | L7: 0 | M7: 0 | N7: =+F7-I7-J7-K7-L7-M7+H7 -> 500 | O7: KROM | P7: 300 | Q7: 1000
A8: 6 | B8: M8 CİVATALI BİNGO | F8: ='KASIM 1 HAFTA'!M8 -> 1056 | H8: 0 | I8: 0 | J8: 0 | K8: 0 | L8: 0 | M8: 0 | N8: =+F8-I8-J8-K8-L8-M8+H8 -> 1056 | O8: SİYAH KÜÇÜK | P8: 200 | Q8: 500
A9: 7 | B9: M8 CİVATALI BİNGO_MOB. | F9: ='KASIM 1 HAFTA'!M9 -> 1760 | H9: 0 | I9: 0 | J9: 1000 | K9: 0 | L9: 0 | M9: 0 | N9: =+F9-I9-J9-K9-L9-M9+H9 -> 760 | O9: REFAKATÇI SİY.KÜÇÜK | P9: 200 | Q9: 500
A10: 8 | B10: M6 SOKET | F10: 27000 | H10: 0 | I10: 0 | J10: 0 | K10: 0 | L10: 0 | M10: 5000 | N10: =+F10-I10-J10-K10-L10-M10+H10 -> 22000 | P10: 10000 | Q10: 50000
A11: 9 | B11: PİMLİ TEKER NAYLON 50 | F11: ='KASIM 1 HAFTA'!M11 -> 47831 | G11: 0 | H11: 0 | I11: 780 | J11: 400 | K11: 100 | L11: 0 | M11: 400 | N11: =+F11-I11-J11-K11-L11-M11+H11 -> 46151 | P11: 5000 | Q11: 30000
A12: 10 | B12: SİLİKON TEKER | F12: ='KASIM 1 HAFTA'!M12 -> 820 | H12: 0 | I12: 0 | J12: 0 | K12: 0 | L12: 0 | M12: 0 | N12: =+F12-I12-J12-K12-L12-M12+H12 -> 820 | P12: 0
A13: 11 | B13: PİMLİ BİNGO | F13: ='KASIM 1 HAFTA'!M13 -> 7130 | H13: 0 | I13: 0 | J13: 0 | K13: 55 | L13: 0 | M13: 0 | N13: =+F13-I13-J13-K13-L13-M13+H13 -> 7075 | P13: 1000 | Q13: 5000
A14: 12 | B14: LALE AYAK ÇEKYAT GEÇMELİ | F14: ='KASIM 1 HAFTA'!M14 -> 900 | H14: 0 | I14: 0 | J14: 0 | K14: 0 | L14: 0 | M14: 0 | N14: =+F14-I14-J14-K14-L14-M14+H14 -> 900 | P14: 250 | Q14: 1000
A15: 13 | B15: TOKMAK | F15: ='KASIM 1 HAFTA'!M15 -> 800 | H15: 0 | I15: 0 | J15: 0 | K15: 0 | L15: 0 | M15: 0 | N15: =+F15-I15-J15-K15-L15-M15+H15 -> 800 | P15: 250 | Q15: 500
A16: 14 | B16: SEKRETER KÖRÜK | C16: 350 | F16: ='KASIM 1 HAFTA'!M16 -> 3150 | H16: 0 | I16: 0 | J16: 0 | K16: 0 | L16: 0 | M16: 0 | N16: =+F16-I16-J16-K16-L16-M16+H16 -> 3150 | P16: 500 | Q16: 2000
A17: 15 | B17: AHŞAP TELESKOP KÖRÜK | F17: 300 | I17: 50 | N17: =+F17-I17-J17-K17-L17-M17+H17 -> 250 | P17: 100 | Q17: 500
A18: 16 | B18: VEGA KÖRÜK | F18: ='KASIM 1 HAFTA'!M17 -> 6000 | H18: 0 | I18: 0 | J18: 0 | K18: 0 | L18: 0 | M18: 0 | N18: =+F18-I18-J18-K18-L18-M18+H18 -> 6000 | P18: 1000 | Q18: 5000
A19: 17 | B19: VEGA KONFERANS KOL | F19: ='KASIM 1 HAFTA'!M18 -> 300 | H19: 0 | I19: 0 | J19: 0 | K19: 0 | L19: 0 | M19: 0 | N19: =+F19-I19-J19-K19-L19-M19+H19 -> 300 | P19: 100 | Q19: 300
A20: 18 | B20: VEGA ÇAKMA KOL | F20: ='KASIM 1 HAFTA'!M19 -> 400 | H20: 0 | I20: 0 | J20: 0 | K20: 0 | L20: 0 | M20: 0 | N20: =+F20-I20-J20-K20-L20-M20+H20 -> 400 | P20: 100 | Q20: 300
A21: 19 | B21: SİNEMA KAPAK KISA | F21: ='KASIM 1 HAFTA'!M20 -> 425 | G21: 425 | H21: 0 | I21: 0 | J21: 0 | K21: 0 | L21: 0 | M21: 85 | N21: =+F21-I21-J21-K21-L21-M21+H21 -> 340 | P21: 200 | Q21: 500
A22: 20 | B22: KUYRUKLU TİLK MEKANİZMA | F22: ='KASIM 1 HAFTA'!M21 -> 435 | H22: 0 | I22: 0 | J22: 0 | K22: 0 | L22: 6 | M22: 2 | N22: =+F22-I22-J22-K22-L22-M22+H22 -> 427 | P22: 100 | Q22: 300
A23: 21 | B23: 5 cm krom ayarlı ayak | F23: ='KASIM 1 HAFTA'!M22 -> 2100 | H23: 0 | I23: 0 | J23: 100 | K23: 600 | L23: 0 | M23: 0 | N23: =+F23-I23-J23-K23-L23-M23+H23 -> 1400 | P23: 100 | Q23: 500

Sheet KASIM 3 HAFTA 
A2: S.NO | B2: ÜRÜN CİNSİ | F2: DEVİR | G2: devir | H2: GELEN | I2: 44879 | J2: 44880 | K2: 44881 | L2: 44882 | M2: 44883 | N2: KALAN | O2: AÇIKLAMA | P2: MİNİMUN | Q2: MAKSİMUN
A3: 1 | B3: U BAĞLANTI DEMİRİ | F3: ='KASIM 2 HAFTA '!N3 -> 20000 | H3: 15000 | I3: 0 | J3: 500 | K3: 0 | L3: 0 | M3: 0 | N3: =+F3-I3-J3-K3-L3-M3+H3 -> 34500 | P3: 1000 | Q3: 10000
A4: 2 | B4: AYAK SOMUNU(BIDIK) | F4: ='KASIM 2 HAFTA '!N4 -> 15238 | H4: 0 | I4: 0 | J4: 0 | K4: 0 | L4: 0 | M4: 0 | N4: =+F4-I4-J4-K4-L4-M4+H4 -> 15238 | P4: 5000 | Q4: 20000
A5: 3 | B5: M10 OYNAR BAŞLIKLI BİNGO | F5: ='KASIM 2 HAFTA '!N5 -> 153 | H5: 0 | I5: 0 | J5: 0 | K5: 0 | L5: 0 | M5: 0 | N5: =+F5-I5-J5-K5-L5-M5+H5 -> 153 | O5: PLASTİK SİY.BÜYÜK | P5: 300 | Q5: 1000
A6: 4 | B6: M8 CİVATALI BİNGO | F6: ='KASIM 2 HAFTA '!N6 -> 744 | H6: 0 | I6: 0 | J6: 0 | K6: 0 | L6: 0 | M6: 0 | N6: =+F6-I6-J6-K6-L6-M6+H6 -> 744 | O6: PLASTİK SİY.BÜYÜK | P6: 0
A7: 5 | B7: M8 OYNAR BAŞLIKLI BİNGO | F7: ='KASIM 2 HAFTA '!N7 -> 500 | H7: 0 | I7: 0 | J7: 0 | K7: 0 | L7: 0 | M7: 0 | N7: =+F7-I7-J7-K7-L7-M7+H7 -> 500 | O7: KROM | P7: 300 | Q7: 1000
A8: 6 | B8: M8 CİVATALI BİNGO | F8: ='KASIM 2 HAFTA '!N8 -> 1056 | H8: 0 | I8: 0 | J8: 0 | K8: 520 | L8: 250 | M8: 0 | N8: =+F8-I8-J8-K8-L8-M8+H8 -> 286 | O8: SİYAH KÜÇÜK | P8: 200 | Q8: 500
A9: 7 | B9: M8 CİVATALI BİNGO_MOB. | F9: ='KASIM 2 HAFTA '!N9 -> 760 | H9: 0 | I9: 0 | J9: 0 | K9: 0 | L9: 0 | M9: 0 | N9: =+F9-I9-J9-K9-L9-M9+H9 -> 760 | O9: REFAKATÇI SİY.KÜÇÜK | P9: 200 | Q9: 500
A10: 8 | B10: M6 SOKET | F10: ='KASIM 2 HAFTA '!N10 -> 22000 | H10: 0 | I10: 0 | J10: 0 | K10: 0 | L10: 0 | M10: 0 | N10: =+F10-I10-J10-K10-L10-M10+H10 -> 22000 | P10: 10000 | Q10: 50000
A11: 9 | B11: PİMLİ TEKER NAYLON 50 | F11: ='KASIM 2 HAFTA '!N11 -> 46151 | G11: 0 | H11: 0 | I11: 100 | J11: 400 | K11: 0 | L11: 260 | M11: 260 | N11: =+F11-I11-J11-K11-L11-M11+H11 -> 45131 | P11: 5000 | Q11: 30000
A12: 10 | B12: SİLİKON TEKER | F12: ='KASIM 2 HAFTA '!N12 -> 820 | H12: 0 | I12: 0 | J12: 0 | K12: 0 | L12: 0 | M12: 0 | N12: =+F12-I12-J12-K12-L12-M12+H12 -> 820 | P12: 0
A13: 11 | B13: PİMLİ BİNGO | F13: ='KASIM 2 HAFTA '!N13 -> 7075 | H13: 0 | I13: 0 | J13: 0 | K13: 0 | L13: 0 | M13: 0 | N13: =+F13-I13-J13-K13-L13-M13+H13 -> 7075 | P13: 1000 | Q13: 5000
A14: 12 | B14: LALE AYAK ÇEKYAT GEÇMELİ | F14: ='KASIM 2 HAFTA '!N14 -> 900 | H14: 0 | I14: 0 | J14: 0 | K14: 0 | L14: 0 | M14: 0 | N14: =+F14-I14-J14-K14-L14-M14+H14 -> 900 | P14: 250 | Q14: 1000
A15: 13 | B15: TOKMAK | F15: ='KASIM 2 HAFTA '!N15 -> 800 | H15: 0 | I15: 0 | J15: 0 | K15: 0 | L15: 0 | M15: 0 | N15: =+F15-I15-J15-K15-L15-M15+H15 -> 800 | P15: 250 | Q15: 500
A16: 14 | B16: SEKRETER KÖRÜK | C16: 350 | F16: ='KASIM 2 HAFTA '!N16 -> 3150 | H16: 0 | I16: 0 | J16: 0 | K16: 0 | L16: 0 | M16: 0 | N16: =+F16-I16-J16-K16-L16-M16+H16 -> 3150 | P16: 500 | Q16: 2000
A17: 15 | B17: AHŞAP TELESKOP KÖRÜK | F17: ='KASIM 2 HAFTA '!N17 -> 250 | H17: 220 | J17: 250 | N17: =+F17-I17-J17-K17-L17-M17+H17 -> 220 | P17: 100 | Q17: 500
A18: 16 | B18: VEGA KÖRÜK | F18: ='KASIM 2 HAFTA '!N18 -> 6000 | H18: 0 | I18: 0 | J18: 0 | K18: 0 | L18: 0 | M18: 500 | N18: =+F18-I18-J18-K18-L18-M18+H18 -> 5500 | P18: 1000 | Q18: 5000
A19: 17 | B19: VEGA KONFERANS KOL tablalı | F19: 200 | H19: 0 | I19: 0 | J19: 0 | K19: 72 | L19: 40 | M19: 0 | N19: =+F19-I19-J19-K19-L19-M19+H19 -> 88 | P19: 100 | Q19: 300
A20: 18 | B20: VEGA ÇAKMA KOL | F20: ='KASIM 2 HAFTA '!N20 -> 400 | H20: 0 | I20: 0 | J20: 0 | K20: 0 | L20: 0 | M20: 0 | N20: =+F20-I20-J20-K20-L20-M20+H20 -> 400 | P20: 100 | Q20: 300
A21: 19 | B21: SİNEMA KAPAK KISA | F21: ='KASIM 2 HAFTA '!N21 -> 340 | G21: 425 | H21: 0 | I21: 0 | J21: 0 | K21: 0 | L21: 0 | M21: 0 | N21: =+F21-I21-J21-K21-L21-M21+H21 -> 340 | P21: 200 | Q21: 500
A22: 20 | B22: KUYRUKLU TİLK MEKANİZMA | F22: ='KASIM 2 HAFTA '!N22 -> 427 | H22: 0 | I22: 0 | J22: 0 | K22: 6 | L22: 102 | M22: 0 | N22: =+F22-I22-J22-K22-L22-M22+H22 -> 319 | P22: 100 | Q22: 300
A23: 21 | B23: 5 cm krom ayarlı ayak | F23: ='KASIM 2 HAFTA '!N23 -> 1400 | H23: 300 | I23: 0 | J23: 900 | K23: 0 | L23: 0 | M23: 0 | N23: =+F23-I23-J23-K23-L23-M23+H23 -> 800 | P23: 100 | Q23: 500
E24: ='KASIM 2 HAFTA '!N24 -> 0

Sheet KASIM 4 HAFTA 
A2: S.NO | B2: ÜRÜN CİNSİ | F2: ADET | G2: devir | H2: GELEN | I2: 44886 | J2: 44887 | K2: 44888 | L2: 44889 | M2: 44890 | N2: KALAN | O2: AÇIKLAMA | P2: MİNİMUN | Q2: MAKSİMUN
A3: 1 | B3: U BAĞLANTI DEMİRİ | F3: ='KASIM 3 HAFTA '!N3 -> 34500 | H3: 0 | I3: 0 | J3: 0 | K3: 0 | L3: 0 | M3: 0 | N3: =+F3-I3-J3-K3-L3-M3+H3 -> 34500 | P3: 1000 | Q3: 10000
A4: 2 | B4: AYAK SOMUNU(BIDIK) | F4: ='KASIM 3 HAFTA '!N4 -> 15238 | H4: 0 | I4: 0 | J4: 0 | K4: 0 | L4: 0 | M4: 0 | N4: =+F4-I4-J4-K4-L4-M4+H4 -> 15238 | P4: 5000 | Q4: 20000
A5: 3 | B5: M10 OYNAR BAŞLIKLI BİNGO | F5: ='KASIM 3 HAFTA '!N5 -> 153 | H5: 0 | I5: 0 | J5: 0 | K5: 0 | L5: 0 | M5: 0 | N5: =+F5-I5-J5-K5-L5-M5+H5 -> 153 | O5: PLASTİK SİY.BÜYÜK | P5: 300 | Q5: 1000
A6: 4 | B6: M8 CİVATALI BİNGO | F6: ='KASIM 3 HAFTA '!N6 -> 744 | H6: 0 | I6: 0 | J6: 0 | K6: 0 | L6: 500 | M6: 0 | N6: =+F6-I6-J6-K6-L6-M6+H6 -> 244 | O6: PLASTİK SİY.BÜYÜK | P6: 0
A7: 5 | B7: M8 OYNAR BAŞLIKLI BİNGO | F7: ='KASIM 3 HAFTA '!N7 -> 500 | H7: 0 | I7: 0 | J7: 0 | K7: 0 | L7: 0 | M7: 0 | N7: =+F7-I7-J7-K7-L7-M7+H7 -> 500 | O7: KROM | P7: 300 | Q7: 1000
A8: 6 | B8: M8 CİVATALI BİNGO | F8: ='KASIM 3 HAFTA '!N8 -> 286 | H8: 0 | I8: 0 | J8: 0 | K8: 0 | L8: 0 | M8: 0 | N8: =+F8-I8-J8-K8-L8-M8+H8 -> 286 | O8: SİYAH KÜÇÜK | P8: 200 | Q8: 500
A9: 7 | B9: M8 CİVATALI BİNGO_MOB. | F9: ='KASIM 3 HAFTA '!N9 -> 760 | H9: 0 | I9: 0 | J9: 0 | K9: 0 | L9: 0 | M9: 0 | N9: =+F9-I9-J9-K9-L9-M9+H9 -> 760 | O9: REFAKATÇI SİY.KÜÇÜK | P9: 200 | Q9: 500
A10: 8 | B10: M6 SOKET | F10: ='KASIM 3 HAFTA '!N10 -> 22000 | H10: 0 | I10: 0 | J10: 0 | K10: 0 | L10: 5000 | M10: 5000 | N10: =+F10-I10-J10-K10-L10-M10+H10 -> 12000 | P10: 10000 | Q10: 50000
A11: 9 | B11: PİMLİ TEKER NAYLON 50 | F11: ='KASIM 3 HAFTA '!N11 -> 45131 | G11: 0 | H11: 0 | I11: 0 | J11: 1040 | K11: 100 | L11: 200 | M11: 1020 | N11: =+F11-I11-J11-K11-L11-M11+H11 -> 42771 | P11: 5000 | Q11: 30000
A12: 10 | B12: SİLİKON TEKER | F12: ='KASIM 3 HAFTA '!N12 -> 820 | H12: 0 | I12: 0 | J12: 0 | K12: 0 | L12: 0 | M12: 0 | N12: =+F12-I12-J12-K12-L12-M12+H12 -> 820 | P12: 0
A13: 11 | B13: PİMLİ BİNGO | F13: ='KASIM 3 HAFTA '!N13 -> 7075 | H13: 0 | I13: 0 | J13: 0 | K13: 0 | L13: 0 | M13: 0 | N13: =+F13-I13-J13-K13-L13-M13+H13 -> 7075 | P13: 1000 | Q13: 5000
A14: 12 | B14: LALE AYAK ÇEKYAT GEÇMELİ | F14: 1000 | H14: 2000 | I14: 0 | J14: 0 | K14: 500 | L14: 0 | M14: 0 | N14: =+F14-I14-J14-K14-L14-M14+H14 -> 2500 | P14: 250 | Q14: 1000
A15: 13 | B15: TOKMAK | F15: ='KASIM 3 HAFTA '!N15 -> 800 | H15: 0 | I15: 0 | J15: 0 | K15: 0 | L15: 0 | M15: 0 | N15: =+F15-I15-J15-K15-L15-M15+H15 -> 800 | P15: 250 | Q15: 500
A16: 14 | B16: SEKRETER KÖRÜK | C16: 350 | F16: ='KASIM 3 HAFTA '!N16 -> 3150 | H16: 0 | I16: 0 | J16: 0 | K16: 0 | L16: 0 | M16: 0 | N16: =+F16-I16-J16-K16-L16-M16+H16 -> 3150 | P16: 500 | Q16: 2000
A17: 15 | B17: AHŞAP TELESKOP KÖRÜK | F17: ='KASIM 3 HAFTA '!N17 -> 220 | G17: 0 | H17: 280 | J17: 0 | N17: =+F17-I17-J17-K17-L17-M17+H17 -> 500 | P17: 100 | Q17: 500
A18: 16 | B18: VEGA KÖRÜK | F18: ='KASIM 3 HAFTA '!N18 -> 5500 | H18: 0 | I18: 0 | J18: 0 | K18: 0 | L18: 0 | M18: 0 | N18: =+F18-I18-J18-K18-L18-M18+H18 -> 5500 | P18: 1000 | Q18: 5000
A19: 17 | B19: VEGA KONFERANS KOL | F19: ='KASIM 3 HAFTA '!N19 -> 88 | H19: 0 | I19: 0 | J19: 0 | K19: 0 | L19: 0 | M19: 0 | N19: =+F19-I19-J19-K19-L19-M19+H19 -> 88 | P19: 100 | Q19: 300
A20: 18 | B20: VEGA ÇAKMA KOL | F20: ='KASIM 3 HAFTA '!N20 -> 400 | H20: 0 | I20: 0 | J20: 0 | K20: 0 | L20: 0 | M20: 0 | N20: =+F20-I20-J20-K20-L20-M20+H20 -> 400 | P20: 100 | Q20: 300
A21: 19 | B21: SİNEMA KAPAK KISA | F21: ='KASIM 3 HAFTA '!N21 -> 340 | G21: 425 | H21: 0 | I21: 0 | J21: 0 | K21: 0 | L21: 0 | M21: 74 | N21: =+F21-I21-J21-K21-L21-M21+H21 -> 266 | P21: 200 | Q21: 500
A22: 20 | B22: KUYRUKLU TİLK MEKANİZMA | F22: ='KASIM 3 HAFTA '!N22 -> 319 | H22: 0 | I22: 0 | J22: 6 | K22: 0 | L22: 3 | M22: 0 | N22: =+F22-I22-J22-K22-L22-M22+H22 -> 310 | P22: 100 | Q22: 300
A23: 21 | B23: 5 cm krom ayarlı ayak | F23: 800 | H23: 0 | I23: 0 | J23: 0 | K23: 50 | L23: 0 | M23: 0 | N23: =+F23-I23-J23-K23-L23-M23+H23 -> 750 | P23: 100 | Q23: 500
A24: 22 | B24: 28 MM İÇ TAKOZ | H24: 5000 | N24: =+F24-I24-J24-K24-L24-M24+H24 -> 5000
A25: 23 | B25: 19 MM İÇ TAKOZ | H25: 5000 | N25: =+F25-I25-J25-K25-L25-M25+H25 -> 5000

Sheet KASIM 5 HAFTA  
A2: S.NO | B2: ÜRÜN CİNSİ | F2: ADET | G2: devir | H2: GELEN | I2: 44893 | J2: 44894 | K2: 44895 | L2: 44896 | M2: 44897 | N2: KALAN | O2: AÇIKLAMA | P2: MİNİMUN | Q2: MAKSİMUN
A3: 1 | B3: U BAĞLANTI DEMİRİ | F3: ='KASIM 3 HAFTA '!N3 -> 34500 | H3: 0 | I3: 500 | J3: 0 | K3: 0 | L3: 0 | M3: 0 | N3: =+F3-I3-J3-K3-L3-M3+H3 -> 34000 | P3: 1000 | Q3: 10000
A4: 2 | B4: AYAK SOMUNU(BIDIK) | F4: ='KASIM 3 HAFTA '!N4 -> 15238 | H4: 0 | I4: 0 | J4: 0 | K4: 0 | L4: 0 | M4: 0 | N4: =+F4-I4-J4-K4-L4-M4+H4 -> 15238 | P4: 5000 | Q4: 20000
A5: 3 | B5: M10 OYNAR BAŞLIKLI BİNGO | F5: ='KASIM 3 HAFTA '!N5 -> 153 | H5: 0 | I5: 0 | J5: 0 | K5: 0 | L5: 0 | M5: 0 | N5: =+F5-I5-J5-K5-L5-M5+H5 -> 153 | O5: PLASTİK SİY.BÜYÜK | P5: 300 | Q5: 1000
A6: 4 | B6: M8 CİVATALI BİNGO | F6: 244 | H6: 0 | I6: 0 | J6: 0 | K6: 0 | L6: 0 | M6: 0 | N6: =+F6-I6-J6-K6-L6-M6+H6 -> 244 | O6: PLASTİK SİY.BÜYÜK | P6: 0
A7: 5 | B7: M8 OYNAR BAŞLIKLI BİNGO | F7: ='KASIM 3 HAFTA '!N7 -> 500 | H7: 0 | I7: 0 | J7: 0 | K7: 0 | L7: 0 | M7: 0 | N7: =+F7-I7-J7-K7-L7-M7+H7 -> 500 | O7: KROM | P7: 300 | Q7: 1000
A8: 6 | B8: M8 CİVATALI BİNGO | F8: ='KASIM 3 HAFTA '!N8 -> 286 | H8: 0 | I8: 0 | J8: 0 | K8: 0 | L8: 0 | M8: 0 | N8: =+F8-I8-J8-K8-L8-M8+H8 -> 286 | O8: SİYAH KÜÇÜK | P8: 200 | Q8: 500
A9: 7 | B9: M8 CİVATALI BİNGO_MOB. | F9: ='KASIM 3 HAFTA '!N9 -> 760 | H9: 0 | I9: 0 | J9: 0 | K9: 0 | L9: 0 | M9: 0 | N9: =+F9-I9-J9-K9-L9-M9+H9 -> 760 | O9: REFAKATÇI SİY.KÜÇÜK | P9: 200 | Q9: 500
A10: 8 | B10: M6 SOKET | F10: 12000 | H10: 10000 | I10: 0 | J10: 0 | K10: 0 | L10: 0 | M10: 0 | N10: =+F10-I10-J10-K10-L10-M10+H10 -> 22000 | P10: 10000 | Q10: 50000
A11: 9 | B11: PİMLİ TEKER NAYLON 50 | F11: 42771 | G11: 0 | H11: 0 | I11: 50 | J11: 200 | K11: 2160 | L11: 0 | M11: 400 | N11: =+F11-I11-J11-K11-L11-M11+H11 -> 39961 | P11: 5000 | Q11: 30000
A12: 10 | B12: SİLİKON TEKER | F12: ='KASIM 3 HAFTA '!N12 -> 820 | H12: 0 | I12: 0 | J12: 0 | K12: 0 | L12: 0 | M12: 0 | N12: =+F12-I12-J12-K12-L12-M12+H12 -> 820 | P12: 0
A13: 11 | B13: PİMLİ BİNGO | F13: ='KASIM 3 HAFTA '!N13 -> 7075 | H13: 0 | I13: 0 | J13: 0 | K13: 0 | L13: 500 | M13: 0 | N13: =+F13-I13-J13-K13-L13-M13+H13 -> 6575 | P13: 1000 | Q13: 5000
A14: 12 | B14: LALE AYAK ÇEKYAT GEÇMELİ | F14: 2500 | H14: 0 | I14: 0 | J14: 1296 | K14: 500 | L14: 0 | M14: 0 | N14: =+F14-I14-J14-K14-L14-M14+H14 -> 704 | P14: 250 | Q14: 1000
A15: 13 | B15: TOKMAK | F15: ='KASIM 3 HAFTA '!N15 -> 800 | H15: 0 | I15: 0 | J15: 0 | K15: 0 | L15: 0 | M15: 0 | N15: =+F15-I15-J15-K15-L15-M15+H15 -> 800 | P15: 250 | Q15: 500
A16: 14 | B16: SEKRETER KÖRÜK | C16: 350 | F16: ='KASIM 3 HAFTA '!N16 -> 3150 | H16: 0 | I16: 0 | J16: 0 | K16: 0 | L16: 0 | M16: 0 | N16: =+F16-I16-J16-K16-L16-M16+H16 -> 3150 | P16: 500 | Q16: 2000
A17: 15 | B17: AHŞAP TELESKOP KÖRÜK | F17: 500 | G17: 0 | H17: 0 | I17: 0 | J17: 0 | K17: 0 | L17: 0 | M17: 0 | N17: =+F17-I17-J17-K17-L17-M17+H17 -> 500 | P17: 100 | Q17: 500
A18: 16 | B18: VEGA KÖRÜK | F18: ='KASIM 3 HAFTA '!N18 -> 5500 | H18: 0 | I18: 500 | J18: 0 | K18: 0 | L18: 0 | M18: 0 | N18: =+F18-I18-J18-K18-L18-M18+H18 -> 5000 | P18: 1000 | Q18: 5000
A19: 17 | B19: VEGA KONFERANS KOL | F19: ='KASIM 3 HAFTA '!N19 -> 88 | H19: 0 | I19: 0 | J19: 0 | K19: 0 | L19: 0 | M19: 0 | N19: =+F19-I19-J19-K19-L19-M19+H19 -> 88 | P19: 100 | Q19: 300
A20: 18 | B20: VEGA ÇAKMA KOL | F20: ='KASIM 3 HAFTA '!N20 -> 400 | H20: 0 | I20: 0 | J20: 0 | K20: 0 | L20: 0 | M20: 0 | N20: =+F20-I20-J20-K20-L20-M20+H20 -> 400 | P20: 100 | Q20: 300
A21: 19 | B21: SİNEMA KAPAK KISA | F21: 266 | G21: 425 | H21: 0 | I21: 0 | J21: 0 | K21: 0 | L21: 0 | M21: 0 | N21: =+F21-I21-J21-K21-L21-M21+H21 -> 266 | P21: 200 | Q21: 500
A22: 20 | B22: KUYRUKLU TİLK MEKANİZMA | F22: 310 | H22: 0 | I22: 8 | J22: 12 | K22: 0 | L22: 12 | M22: 24 | N22: =+F22-I22-J22-K22-L22-M22+H22 -> 254 | P22: 100 | Q22: 300
A23: 21 | B23: 5 cm krom ayarlı ayak | F23: 750 | H23: 0 | I23: 0 | J23: 0 | K23: 0 | L23: 0 | M23: 0 | N23: =+F23-I23-J23-K23-L23-M23+H23 -> 750 | P23: 100 | Q23: 500
A24: 22 | B24: 28 MM İÇ TAKOZ | F24: 5000 | H24: 0 | I24: 0 | J24: 0 | K24: 0 | L24: 0 | M24: 0 | N24: =+F24-I24-J24-K24-L24-M24+H24 -> 5000
A25: 23 | B25: 19 MM İÇ TAKOZ | F25: 5000 | H25: 0 | I25: 0 | J25: 0 | K25: 0 | L25: 0 | M25: 0 | N25: =+F25-I25-J25-K25-L25-M25+H25 -> 5000

Sheet ARALIK 1 HAFTA
B1: ARALIK 1 HAFTA
A2: S.NO | B2: ÜRÜN CİNSİ | F2: ADET | G2: devir | H2: GELEN | I2: 44900 | J2: 44901 | K2: 44902 | L2: 44903 | M2: 44904 | N2: KALAN | O2: AÇIKLAMA | P2: MİNİMUN | Q2: MAKSİMUN
A3: 1 | B3: U BAĞLANTI DEMİRİ | F3: 34000 | H3: 0 | I3: 0 | J3: 0 | K3: 500 | L3: 0 | M3: 0 | N3: =+F3-I3-J3-K3-L3-M3+H3 -> 33500 | P3: 1000 | Q3: 10000
A4: 2 | B4: AYAK SOMUNU(BIDIK) | F4: ='KASIM 3 HAFTA '!N4 -> 15238 | H4: 0 | I4: 0 | J4: 0 | K4: 0 | L4: 0 | M4: 0 | N4: =+F4-I4-J4-K4-L4-M4+H4 -> 15238 | P4: 5000 | Q4: 20000
A5: 3 | B5: M10 OYNAR BAŞLIKLI BİNGO | F5: ='KASIM 3 HAFTA '!N5 -> 153 | H5: 0 | I5: 0 | J5: 0 | K5: 0 | L5: 0 | M5: 0 | N5: =+F5-I5-J5-K5-L5-M5+H5 -> 153 | O5: PLASTİK SİY.BÜYÜK | P5: 300 | Q5: 1000
A6: 4 | B6: M8 CİVATALI BİNGO | F6: 244 | H6: 0 | I6: 0 | J6: 0 | K6: 0 | L6: 0 | M6: 0 | N6: =+F6-I6-J6-K6-L6-M6+H6 -> 244 | O6: PLASTİK SİY.BÜYÜK | P6: 0
A7: 5 | B7: M8 OYNAR BAŞLIKLI BİNGO | F7: ='KASIM 3 HAFTA '!N7 -> 500 | H7: 0 | I7: 0 | J7: 0 | K7: 0 | L7: 0 | M7: 0 | N7: =+F7-I7-J7-K7-L7-M7+H7 -> 500 | O7: KROM | P7: 300 | Q7: 1000
A8: 6 | B8: M8 CİVATALI BİNGO | F8: ='KASIM 3 HAFTA '!N8 -> 286 | H8: 0 | I8: 0 | J8: 0 | K8: 0 | L8: 0 | M8: 0 | N8: =+F8-I8-J8-K8-L8-M8+H8 -> 286 | O8: SİYAH KÜÇÜK | P8: 200 | Q8: 500
A9: 7 | B9: M8 CİVATALI BİNGO_MOB. | F9: ='KASIM 3 HAFTA '!N9 -> 760 | H9: 1000 | I9: 0 | J9: 760 | K9: 0 | L9: 500 | M9: 0 | N9: =+F9-I9-J9-K9-L9-M9+H9 -> 500 | O9: REFAKATÇI SİY.KÜÇÜK | P9: 200 | Q9: 500
A10: 8 | B10: M6 SOKET | F10: 22000 | H10: 0 | I10: 0 | J10: 0 | K10: 1000 | L10: 0 | M10: 5000 | N10: =+F10-I10-J10-K10-L10-M10+H10 -> 16000 | P10: 10000 | Q10: 50000
A11: 9 | B11: PİMLİ TEKER NAYLON 50 | F11: 39961 | G11: 0 | H11: 0 | I11: 0 | J11: 260 | K11: 260 | L11: 400 | M11: 1040 | N11: =+F11-I11-J11-K11-L11-M11+H11 -> 38001 | P11: 5000 | Q11: 30000
A12: 10 | B12: SİLİKON TEKER | F12: ='KASIM 3 HAFTA '!N12 -> 820 | H12: 0 | I12: 0 | J12: 0 | K12: 0 | L12: 0 | M12: 0 | N12: =+F12-I12-J12-K12-L12-M12+H12 -> 820 | P12: 0
A13: 11 | B13: PİMLİ BİNGO | F13: 6575 | H13: 0 | I13: 0 | J13: 0 | K13: 500 | L13: 0 | M13: 0 | N13: =+F13-I13-J13-K13-L13-M13+H13 -> 6075 | P13: 1000 | Q13: 5000
A14: 12 | B14: LALE AYAK ÇEKYAT GEÇMELİ | F14: 704 | H14: 0 | I14: 0 | J14: 0 | K14: 0 | L14: 0 | M14: 0 | N14: =+F14-I14-J14-K14-L14-M14+H14 -> 704 | P14: 250 | Q14: 1000
A15: 13 | B15: TOKMAK | F15: ='KASIM 3 HAFTA '!N15 -> 800 | H15: 0 | I15: 0 | J15: 0 | K15: 0 | L15: 0 | M15: 0 | N15: =+F15-I15-J15-K15-L15-M15+H15 -> 800 | P15: 250 | Q15: 500
A16: 14 | B16: SEKRETER KÖRÜK | C16: 350 | F16: ='KASIM 3 HAFTA '!N16 -> 3150 | H16: 0 | I16: 0 | J16: 0 | K16: 0 | L16: 0 | M16: 0 | N16: =+F16-I16-J16-K16-L16-M16+H16 -> 3150 | P16: 500 | Q16: 2000
A17: 15 | B17: AHŞAP TELESKOP KÖRÜK | F17: 500 | G17: 0 | H17: 0 | I17: 0 | J17: 0 | K17: 100 | L17: 0 | M17: 0 | N17: =+F17-I17-J17-K17-L17-M17+H17 -> 400 | P17: 100 | Q17: 500
A18: 16 | B18: VEGA KÖRÜK | F18: 5000 | H18: 0 | I18: 0 | J18: 0 | K18: 500 | L18: 0 | M18: 0 | N18: =+F18-I18-J18-K18-L18-M18+H18 -> 4500 | P18: 1000 | Q18: 5000
A19: 17 | B19: VEGA KONFERANS KOL | F19: ='KASIM 3 HAFTA '!N19 -> 88 | H19: 0 | I19: 0 | J19: 0 | K19: 0 | L19: 0 | M19: 0 | N19: =+F19-I19-J19-K19-L19-M19+H19 -> 88 | P19: 100 | Q19: 300
A20: 18 | B20: VEGA ÇAKMA KOL SEHPALI | F20: ='KASIM 3 HAFTA '!N20 -> 400 | H20: 0 | I20: 0 | J20: 0 | K20: 0 | L20: 76 | M20: 0 | N20: =+F20-I20-J20-K20-L20-M20+H20 -> 324 | P20: 100 | Q20: 300
A21: 19 | B21: SİNEMA KAPAK KISA | F21: 266 | G21: 425 | H21: 500 | I21: 266 | J21: 0 | K21: 0 | L21: 0 | M21: 112 | N21: =+F21-I21-J21-K21-L21-M21+H21 -> 388 | P21: 200 | Q21: 500
A22: 20 | B22: KUYRUKLU TİLK MEKANİZMA | F22: 254 | H22: 0 | I22: 0 | J22: 12 | K22: 0 | L22: 0 | M22: 0 | N22: =+F22-I22-J22-K22-L22-M22+H22 -> 242 | P22: 100 | Q22: 300
A23: 21 | B23: 5 cm krom ayarlı ayak | F23: 750 | H23: 0 | I23: 0 | J23: 400 | K23: 150 | L23: 0 | M23: 0 | N23: =+F23-I23-J23-K23-L23-M23+H23 -> 200 | P23: 100 | Q23: 500
A24: 22 | B24: 28 MM İÇ TAKOZ | F24: 5000 | H24: 0 | I24: 0 | J24: 0 | K24: 0 | L24: 0 | M24: 1000 | N24: =+F24-I24-J24-K24-L24-M24+H24 -> 4000
A25: 23 | B25: 19 MM İÇ TAKOZ | F25: 5000 | H25: 0 | I25: 0 | J25: 5000 | K25: 0 | L25: 0 | M25: 0 | N25: =+F25-I25-J25-K25-L25-M25+H25 -> 0
A26: 24 | B26: ÇİFT KOLLU TİLK MEK. / GÖLCÜ | F26: 0 | H26: 2000 | L26: 79 | M26: 321 | N26: =+F26-I26-J26-K26-L26-M26+H26 -> 1600
A27: 25 | B27: TORNA AYAK AHŞAP | H27: 20 | N27: =+F27-I27-J27-K27-L27-M27+H27 -> 20

Sheet ARALIK 2 HAFTA 
B1: ARALIK 2 HAFTA
A2: S.NO | B2: ÜRÜN CİNSİ | F2: ADET | G2: devir | H2: GELEN | I2: 44907 | J2: 44908 | K2: 44909 | L2: 44910 | M2: 44911 | N2: KALAN | O2: AÇIKLAMA | P2: MİNİMUN | Q2: MAKSİMUN
A3: 1 | B3: U BAĞLANTI DEMİRİ | F3: 33500 | H3: 0 | I3: 500 | J3: 0 | K3: 0 | L3: 0 | M3: 0 | N3: =+F3-I3-J3-K3-L3-M3+H3 -> 33000 | P3: 1000 | Q3: 10000
A4: 2 | B4: AYAK SOMUNU(BIDIK) | F4: ='KASIM 3 HAFTA '!N4 -> 15238 | H4: 0 | I4: 0 | J4: 0 | K4: 0 | L4: 0 | M4: 0 | N4: =+F4-I4-J4-K4-L4-M4+H4 -> 15238 | P4: 5000 | Q4: 20000
A5: 3 | B5: M10 OYNAR BAŞLIKLI BİNGO | F5: ='KASIM 3 HAFTA '!N5 -> 153 | H5: 0 | I5: 0 | J5: 0 | K5: 0 | L5: 0 | M5: 0 | N5: =+F5-I5-J5-K5-L5-M5+H5 -> 153 | O5: PLASTİK SİY.BÜYÜK | P5: 300 | Q5: 1000
A6: 4 | B6: M8 CİVATALI BİNGO | F6: 244 | H6: 0 | I6: 0 | J6: 0 | K6: 0 | L6: 0 | M6: 0 | N6: =+F6-I6-J6-K6-L6-M6+H6 -> 244 | O6: PLASTİK SİY.BÜYÜK | P6: 0
A7: 5 | B7: M8 OYNAR BAŞLIKLI BİNGO | F7: ='KASIM 3 HAFTA '!N7 -> 500 | H7: 0 | I7: 0 | J7: 0 | K7: 0 | L7: 0 | M7: 0 | N7: =+F7-I7-J7-K7-L7-M7+H7 -> 500 | O7: KROM | P7: 300 | Q7: 1000
A8: 6 | B8: M8 CİVATALI BİNGO | F8: ='KASIM 3 HAFTA '!N8 -> 286 | H8: 0 | I8: 0 | J8: 0 | K8: 0 | L8: 0 | M8: 100 | N8: =+F8-I8-J8-K8-L8-M8+H8 -> 186 | O8: SİYAH KÜÇÜK | P8: 200 | Q8: 500
A9: 7 | B9: M8 CİVATALI BİNGO_MOB. | F9: 500 | H9: 0 | I9: 0 | J9: 0 | K9: 0 | L9: 0 | M9: 500 | N9: =+F9-I9-J9-K9-L9-M9+H9 -> 0 | O9: REFAKATÇI SİY.KÜÇÜK | P9: 200 | Q9: 500
A10: 8 | B10: M6 SOKET | F10: 16000 | H10: 0 | I10: 0 | J10: 0 | K10: 0 | L10: 0 | M10: 5000 | N10: =+F10-I10-J10-K10-L10-M10+H10 -> 11000 | P10: 10000 | Q10: 50000
A11: 9 | B11: PİMLİ TEKER NAYLON 50 | F11: 38000 | G11: 0 | H11: 0 | I11: 0 | J11: 400 | K11: 12700 | L11: 0 | M11: 0 | N11: =+F11-I11-J11-K11-L11-M11+H11 -> 24900 | P11: 5000 | Q11: 30000
A12: 10 | B12: SİLİKON TEKER | F12: ='KASIM 3 HAFTA '!N12 -> 820 | H12: 0 | I12: 0 | J12: 0 | K12: 0 | L12: 0 | M12: 0 | N12: =+F12-I12-J12-K12-L12-M12+H12 -> 820 | P12: 0
A13: 11 | B13: PİMLİ BİNGO | F13: 6075 | H13: 0 | I13: 0 | J13: 0 | K13: 0 | L13: 0 | M13: 0 | N13: =+F13-I13-J13-K13-L13-M13+H13 -> 6075 | P13: 1000 | Q13: 5000
A14: 12 | B14: LALE AYAK ÇEKYAT GEÇMELİ | F14: 704 | H14: 0 | I14: 0 | J14: 0 | K14: 0 | L14: 0 | M14: 0 | N14: =+F14-I14-J14-K14-L14-M14+H14 -> 704 | P14: 250 | Q14: 1000
A15: 13 | B15: TOKMAK | F15: ='KASIM 3 HAFTA '!N15 -> 800 | H15: 0 | I15: 0 | J15: 0 | K15: 0 | L15: 0 | M15: 0 | N15: =+F15-I15-J15-K15-L15-M15+H15 -> 800 | P15: 250 | Q15: 500
A16: 14 | B16: SEKRETER KÖRÜK | C16: 350 | F16: ='KASIM 3 HAFTA '!N16 -> 3150 | H16: 0 | I16: 0 | J16: 0 | K16: 0 | L16: 0 | M16: 0 | N16: =+F16-I16-J16-K16-L16-M16+H16 -> 3150 | P16: 500 | Q16: 2000
A17: 15 | B17: AHŞAP TELESKOP KÖRÜK | F17: 400 | G17: 0 | H17: 0 | I17: 0 | J17: 40 | K17: 0 | L17: 0 | M17: 0 | N17: =+F17-I17-J17-K17-L17-M17+H17 -> 360 | P17: 100 | Q17: 500
A18: 16 | B18: VEGA KÖRÜK | F18: 4500 | H18: 0 | I18: 0 | J18: 0 | K18: 1000 | L18: 0 | M18: 0 | N18: =+F18-I18-J18-K18-L18-M18+H18 -> 3500 | P18: 1000 | Q18: 5000
A19: 17 | B19: VEGA KONFERANS KOL | F19: ='KASIM 3 HAFTA '!N19 -> 88 | H19: 0 | I19: 0 | J19: 0 | K19: 0 | L19: 0 | M19: 0 | N19: =+F19-I19-J19-K19-L19-M19+H19 -> 88 | P19: 100 | Q19: 300
A20: 18 | B20: VEGA ÇAKMA KOL SEHPALI | F20: 324 | H20: 0 | I20: 0 | J20: 0 | K20: 0 | L20: 0 | M20: 0 | N20: =+F20-I20-J20-K20-L20-M20+H20 -> 324 | P20: 100 | Q20: 300
A21: 19 | B21: SİNEMA KAPAK KISA | F21: 388 | G21: 425 | H21: 0 | I21: 0 | J21: 0 | K21: 0 | L21: 0 | M21: 0 | N21: =+F21-I21-J21-K21-L21-M21+H21 -> 388 | P21: 200 | Q21: 500
A22: 20 | B22: KUYRUKLU TİLK MEKANİZMA | F22: 242 | H22: 0 | I22: 31 | J22: 6 | K22: 0 | L22: 3 | M22: 36 | N22: =+F22-I22-J22-K22-L22-M22+H22 -> 166 | P22: 100 | Q22: 300
A23: 21 | B23: 5 cm krom ayarlı ayak | F23: 200 | H23: 0 | I23: 0 | J23: 0 | K23: 0 | L23: 0 | M23: 0 | N23: =+F23-I23-J23-K23-L23-M23+H23 -> 200 | P23: 100 | Q23: 500
A24: 22 | B24: 28 MM İÇ TAKOZ | F24: 4000 | H24: 0 | I24: 0 | J24: 0 | K24: 0 | L24: 0 | M24: 0 | N24: =+F24-I24-J24-K24-L24-M24+H24 -> 4000
A25: 23 | B25: 19 MM İÇ TAKOZ | F25: 0 | H25: 0 | I25: 0 | J25: 0 | K25: 0 | L25: 0 | M25: 0 | N25: =+F25-I25-J25-K25-L25-M25+H25 -> 0
A26: 24 | B26: ÇİFT KOLLU TİLK MEK. / GÖLCÜ | F26: 1600 | H26: 2000 | I26: 0 | J26: 0 | K26: 2500 | L26: 0 | M26: 37 | N26: =+F26-I26-J26-K26-L26-M26+H26 -> 1063
A27: 25 | B27: TORNA AYAK AHŞAP | F27: 20 | H27: 0 | I27: 0 | J27: 0 | K27: 0 | L27: 0 | M27: 0 | N27: =+F27-I27-J27-K27-L27-M27+H27 -> 20
A28: 26 | B28: PİMLİ TEKER NAYLON 60 | H28: 5000 | L28: 800 | N28: =+F28-I28-J28-K28-L28-M28+H28 -> 4200

Sheet ARALIK 3 HAFTA 
B1: ARALIK 3 HAFTA
A2: S.NO | B2: ÜRÜN CİNSİ | F2: ADET | G2: devir | H2: GELEN | I2: 44914 | J2: 44915 | K2: 44916 | L2: 44917 | M2: 44918 | N2: KALAN | O2: AÇIKLAMA | P2: MİNİMUN | Q2: MAKSİMUN
A3: 1 | B3: U BAĞLANTI DEMİRİ | F3: 33000 | H3: 0 | I3: 0 | J3: 5000 | K3: 5000 | L3: 0 | M3: 0 | N3: =+F3-I3-J3-K3-L3-M3+H3 -> 23000 | P3: 1000 | Q3: 10000
A4: 2 | B4: AYAK SOMUNU(BIDIK) | F4: ='KASIM 3 HAFTA '!N4 -> 15238 | H4: 0 | I4: 0 | J4: 0 | K4: 0 | L4: 0 | M4: 0 | N4: =+F4-I4-J4-K4-L4-M4+H4 -> 15238 | P4: 5000 | Q4: 20000
A5: 3 | B5: M10 OYNAR BAŞLIKLI BİNGO | F5: ='KASIM 3 HAFTA '!N5 -> 153 | H5: 0 | I5: 0 | J5: 0 | K5: 0 | L5: 0 | M5: 0 | N5: =+F5-I5-J5-K5-L5-M5+H5 -> 153 | O5: PLASTİK SİY.BÜYÜK | P5: 300 | Q5: 1000
A6: 4 | B6: M8 CİVATALI BİNGO | F6: 244 | H6: 0 | I6: 0 | J6: 0 | K6: 0 | L6: 0 | M6: 0 | N6: =+F6-I6-J6-K6-L6-M6+H6 -> 244 | O6: PLASTİK SİY.BÜYÜK | P6: 0
A7: 5 | B7: M8 OYNAR BAŞLIKLI BİNGO | F7: ='KASIM 3 HAFTA '!N7 -> 500 | H7: 0 | I7: 0 | J7: 0 | K7: 0 | L7: 0 | M7: 0 | N7: =+F7-I7-J7-K7-L7-M7+H7 -> 500 | O7: KROM | P7: 300 | Q7: 1000
A8: 6 | B8: M8 CİVATALI BİNGO | F8: 186 | H8: 0 | I8: 0 | J8: 0 | K8: 0 | L8: 0 | M8: 0 | N8: =+F8-I8-J8-K8-L8-M8+H8 -> 186 | O8: SİYAH KÜÇÜK | P8: 200 | Q8: 500
A9: 7 | B9: M8 CİVATALI BİNGO_MOB. | F9: 0 | H9: 0 | I9: 0 | J9: 0 | K9: 0 | L9: 0 | M9: 0 | N9: =+F9-I9-J9-K9-L9-M9+H9 -> 0 | O9: REFAKATÇI SİY.KÜÇÜK | P9: 200 | Q9: 500
A10: 8 | B10: M6 SOKET | F10: 11000 | H10: 0 | I10: 5000 | J10: 0 | K10: 0 | L10: 5000 | M10: 0 | N10: =+F10-I10-J10-K10-L10-M10+H10 -> 1000 | P10: 10000 | Q10: 50000
A11: 9 | B11: PİMLİ TEKER NAYLON 50 | F11: 24900 | G11: 0 | H11: 0 | I11: 700 | J11: 20 | K11: 1700 | L11: 500 | M11: 1150 | N11: =+F11-I11-J11-K11-L11-M11+H11 -> 20830 | P11: 5000 | Q11: 30000
A12: 10 | B12: SİLİKON TEKER | F12: ='KASIM 3 HAFTA '!N12 -> 820 | H12: 0 | I12: 0 | J12: 0 | K12: 0 | L12: 0 | M12: 0 | N12: =+F12-I12-J12-K12-L12-M12+H12 -> 820 | P12: 0
A13: 11 | B13: PİMLİ BİNGO | F13: 6075 | H13: 0 | I13: 0 | J13: 0 | K13: 0 | L13: 0 | M13: 30 | N13: =+F13-I13-J13-K13-L13-M13+H13 -> 6045 | P13: 1000 | Q13: 5000
A14: 12 | B14: LALE AYAK ÇEKYAT GEÇMELİ | F14: 704 | H14: 0 | I14: 0 | J14: 0 | K14: 0 | L14: 0 | M14: 0 | N14: =+F14-I14-J14-K14-L14-M14+H14 -> 704 | P14: 250 | Q14: 1000
A15: 13 | B15: TOKMAK | F15: ='KASIM 3 HAFTA '!N15 -> 800 | H15: 0 | I15: 0 | J15: 0 | K15: 0 | L15: 0 | M15: 0 | N15: =+F15-I15-J15-K15-L15-M15+H15 -> 800 | P15: 250 | Q15: 500
A16: 14 | B16: SEKRETER KÖRÜK | C16: 350 | F16: ='KASIM 3 HAFTA '!N16 -> 3150 | H16: 0 | I16: 0 | J16: 0 | K16: 0 | L16: 0 | M16: 0 | N16: =+F16-I16-J16-K16-L16-M16+H16 -> 3150 | P16: 500 | Q16: 2000
A17: 15 | B17: AHŞAP TELESKOP KÖRÜK | F17: 360 | G17: 0 | H17: 0 | I17: 0 | J17: 40 | K17: 0 | L17: 0 | M17: 60 | N17: =+F17-I17-J17-K17-L17-M17+H17 -> 260 | P17: 100 | Q17: 500
A18: 16 | B18: VEGA KÖRÜK | F18: 3500 | H18: 0 | I18: 1000 | J18: 0 | K18: 1500 | L18: 0 | M18: 0 | N18: =+F18-I18-J18-K18-L18-M18+H18 -> 1000 | P18: 1000 | Q18: 5000
A19: 17 | B19: VEGA KONFERANS KOL | F19: ='KASIM 3 HAFTA '!N19 -> 88 | H19: 0 | I19: 0 | J19: 0 | K19: 0 | L19: 0 | M19: 2 | N19: =+F19-I19-J19-K19-L19-M19+H19 -> 86 | P19: 100 | Q19: 300
A20: 18 | B20: VEGA ÇAKMA KOL SEHPALI | F20: 324 | H20: 0 | I20: 0 | J20: 0 | K20: 0 | L20: 0 | M20: 0 | N20: =+F20-I20-J20-K20-L20-M20+H20 -> 324 | P20: 100 | Q20: 300
A21: 19 | B21: SİNEMA KAPAK KISA | F21: 388 | G21: 425 | H21: 0 | I21: 0 | J21: 0 | K21: 0 | L21: 0 | M21: 0 | N21: =+F21-I21-J21-K21-L21-M21+H21 -> 388 | P21: 200 | Q21: 500
A22: 20 | B22: KUYRUKLU TİLK MEKANİZMA | F22: 166 | H22: 49 | I22: 166 | J22: 0 | K22: 0 | L22: 0 | M22: 49 | N22: =+F22-I22-J22-K22-L22-M22+H22 -> 0 | P22: 100 | Q22: 300
A23: 21 | B23: 5 cm krom ayarlı ayak | F23: 200 | H23: 0 | I23: 0 | J23: 200 | K23: 0 | L23: 0 | M23: 0 | N23: =+F23-I23-J23-K23-L23-M23+H23 -> 0 | P23: 100 | Q23: 500
A24: 22 | B24: 28 MM İÇ TAKOZ | F24: 4000 | H24: 0 | I24: 0 | J24: 0 | K24: 0 | L24: 0 | M24: 0 | N24: =+F24-I24-J24-K24-L24-M24+H24 -> 4000
A25: 23 | B25: 19 MM İÇ TAKOZ | F25: 0 | H25: 0 | I25: 0 | J25: 0 | K25: 0 | L25: 0 | M25: 0 | N25: =+F25-I25-J25-K25-L25-M25+H25 -> 0
A26: 24 | B26: ÇİFT KOLLU TİLK MEK. / GÖLCÜ | F26: 1063 | H26: 0 | I26: 0 | J26: 0 | K26: 0 | L26: 20 | M26: 0 | N26: =+F26-I26-J26-K26-L26-M26+H26 -> 1043
A27: 25 | B27: TORNA AYAK AHŞAP | F27: 20 | H27: 0 | I27: 0 | J27: 0 | K27: 0 | L27: 0 | M27: 0 | N27: =+F27-I27-J27-K27-L27-M27+H27 -> 20
A28: 26 | B28: PİMLİ TEKER NAYLON 60 | F28: 4200 | H28: 0 | I28: 0 | J28: 0 | K28: 0 | L28: 0 | M28: 0 | N28: =+F28-I28-J28-K28-L28-M28+H28 -> 4200

Sheet ARALIK 4 HAFTA
B1: ARALIK 4 HAFTA
A2: S.NO | B2: ÜRÜN CİNSİ | F2: ADET | G2: devir | H2: GELEN | I2: 44921 | J2: 44922 | K2: 44923 | L2: 44924 | M2: 44925 | N2: KALAN | O2: AÇIKLAMA | P2: MİNİMUN | Q2: MAKSİMUN
A3: 1 | B3: U BAĞLANTI DEMİRİ | F3: 23000 | H3: 0 | I3: 0 | J3: 0 | K3: 5000 | L3: 0 | M3: 5000 | N3: =+F3-I3-J3-K3-L3-M3+H3 -> 13000 | P3: 1000 | Q3: 10000
A4: 2 | B4: AYAK SOMUNU(BIDIK) | F4: ='KASIM 3 HAFTA '!N4 -> 15238 | H4: 0 | I4: 0 | J4: 0 | K4: 0 | L4: 0 | M4: 0 | N4: =+F4-I4-J4-K4-L4-M4+H4 -> 15238 | P4: 5000 | Q4: 20000
A5: 3 | B5: M10 OYNAR BAŞLIKLI BİNGO | F5: ='KASIM 3 HAFTA '!N5 -> 153 | H5: 0 | I5: 0 | J5: 0 | K5: 0 | L5: 0 | M5: 0 | N5: =+F5-I5-J5-K5-L5-M5+H5 -> 153 | O5: PLASTİK SİY.BÜYÜK | P5: 300 | Q5: 1000
A6: 4 | B6: M8 CİVATALI BİNGO | F6: 244 | H6: 0 | I6: 0 | J6: 0 | K6: 0 | L6: 0 | M6: 0 | N6: =+F6-I6-J6-K6-L6-M6+H6 -> 244 | O6: PLASTİK SİY.BÜYÜK | P6: 0
A7: 5 | B7: M8 OYNAR BAŞLIKLI BİNGO | F7: ='KASIM 3 HAFTA '!N7 -> 500 | H7: 0 | I7: 0 | J7: 0 | K7: 0 | L7: 0 | M7: 0 | N7: =+F7-I7-J7-K7-L7-M7+H7 -> 500 | O7: KROM | P7: 300 | Q7: 1000
A8: 6 | B8: M8 CİVATALI BİNGO | F8: 186 | H8: 0 | I8: 0 | J8: 0 | K8: 0 | L8: 0 | M8: 0 | N8: =+F8-I8-J8-K8-L8-M8+H8 -> 186 | O8: SİYAH KÜÇÜK | P8: 200 | Q8: 500
A9: 7 | B9: M8 CİVATALI BİNGO_MOB. | F9: 0 | H9: 0 | I9: 0 | J9: 0 | K9: 0 | L9: 0 | M9: 0 | N9: =+F9-I9-J9-K9-L9-M9+H9 -> 0 | O9: REFAKATÇI SİY.KÜÇÜK | P9: 200 | Q9: 500
A10: 8 | B10: M6 SOKET | F10: 1000 | H10: 0 | I10: 0 | J10: 0 | K10: 0 | L10: 600 | M10: 0 | N10: =+F10-I10-J10-K10-L10-M10+H10 -> 400 | P10: 10000 | Q10: 50000
A11: 9 | B11: PİMLİ TEKER NAYLON 50 | F11: 20830 | G11: 0 | H11: 0 | I11: 200 | J11: 200 | K11: 200 | L11: 0 | M11: 0 | N11: =+F11-I11-J11-K11-L11-M11+H11 -> 20230 | P11: 5000 | Q11: 30000
A12: 10 | B12: SİLİKON TEKER | F12: ='KASIM 3 HAFTA '!N12 -> 820 | H12: 0 | I12: 0 | J12: 0 | K12: 0 | L12: 0 | M12: 0 | N12: =+F12-I12-J12-K12-L12-M12+H12 -> 820 | P12: 0
A13: 11 | B13: PİMLİ BİNGO | F13: 6045 | H13: 0 | I13: 0 | J13: 0 | K13: 0 | L13: 0 | M13: 0 | N13: =+F13-I13-J13-K13-L13-M13+H13 -> 6045 | P13: 1000 | Q13: 5000
A14: 12 | B14: LALE AYAK ÇEKYAT GEÇMELİ | F14: 704 | H14: 0 | I14: 0 | J14: 0 | K14: 0 | L14: 0 | M14: 0 | N14: =+F14-I14-J14-K14-L14-M14+H14 -> 704 | P14: 250 | Q14: 1000
A15: 13 | B15: TOKMAK | F15: ='KASIM 3 HAFTA '!N15 -> 800 | H15: 0 | I15: 0 | J15: 0 | K15: 0 | L15: 0 | M15: 0 | N15: =+F15-I15-J15-K15-L15-M15+H15 -> 800 | P15: 250 | Q15: 500
A16: 14 | B16: SEKRETER KÖRÜK | C16: 350 | F16: ='KASIM 3 HAFTA '!N16 -> 3150 | H16: 0 | I16: 0 | J16: 0 | K16: 0 | L16: 0 | M16: 0 | N16: =+F16-I16-J16-K16-L16-M16+H16 -> 3150 | P16: 500 | Q16: 2000
A17: 15 | B17: AHŞAP TELESKOP KÖRÜK | F17: 260 | G17: 0 | H17: 640 | I17: 0 | J17: 0 | K17: 0 | L17: 0 | M17: 0 | N17: =+F17-I17-J17-K17-L17-M17+H17 -> 900 | P17: 100 | Q17: 500
A18: 16 | B18: VEGA KÖRÜK | F18: 1000 | H18: 0 | I18: 0 | J18: 0 | K18: 0 | L18: 0 | M18: 0 | N18: =+F18-I18-J18-K18-L18-M18+H18 -> 1000 | P18: 1000 | Q18: 5000
A19: 17 | B19: VEGA KONFERANS KOL | F19: 86 | H19: 0 | I19: 0 | J19: 0 | K19: 0 | L19: 0 | M19: 0 | N19: =+F19-I19-J19-K19-L19-M19+H19 -> 86 | P19: 100 | Q19: 300
A20: 18 | B20: VEGA ÇAKMA KOL SEHPALI | F20: 324 | H20: 0 | I20: 0 | J20: 0 | K20: 0 | L20: 0 | M20: 0 | N20: =+F20-I20-J20-K20-L20-M20+H20 -> 324 | P20: 100 | Q20: 300
A21: 19 | B21: SİNEMA KAPAK KISA | F21: 388 | G21: 425 | H21: 0 | I21: 0 | J21: 0 | K21: 0 | L21: 0 | M21: 0 | N21: =+F21-I21-J21-K21-L21-M21+H21 -> 388 | P21: 200 | Q21: 500
A22: 20 | B22: KUYRUKLU TİLK MEKANİZMA | F22: 0 | H22: 203 | I22: 0 | J22: 0 | K22: 6 | L22: 0 | M22: 0 | N22: =+F22-I22-J22-K22-L22-M22+H22 -> 197 | P22: 100 | Q22: 300
A23: 21 | B23: 5 cm krom ayarlı ayak | F23: 11 | H23: 0 | I23: 0 | J23: 0 | K23: 0 | L23: 0 | M23: 0 | N23: =+F23-I23-J23-K23-L23-M23+H23 -> 11 | P23: 100 | Q23: 500
A24: 22 | B24: 28 MM İÇ TAKOZ | F24: 4000 | H24: 0 | I24: 0 | J24: 0 | K24: 0 | L24: 0 | M24: 0 | N24: =+F24-I24-J24-K24-L24-M24+H24 -> 4000
A25: 23 | B25: 19 MM İÇ TAKOZ | F25: 0 | H25: 0 | I25: 0 | J25: 0 | K25: 0 | L25: 0 | M25: 0 | N25: =+F25-I25-J25-K25-L25-M25+H25 -> 0
A26: 24 | B26: ÇİFT KOLLU TİLK MEK. | F26: 1043 | H26: 0 | I26: 28 | J26: 0 | K26: 14 | L26: 0 | M26: 0 | N26: =+F26-I26-J26-K26-L26-M26+H26 -> 1001
A27: 25 | B27: TORNA AYAK AHŞAP | F27: 20 | H27: 0 | I27: 0 | J27: 0 | K27: 0 | L27: 0 | M27: 0 | N27: =+F27-I27-J27-K27-L27-M27+H27 -> 20
A28: 26 | B28: PİMLİ TEKER NAYLON 60 | F28: 4200 | H28: 0 | I28: 0 | J28: 0 | K28: 0 | L28: 0 | M28: 0 | N28: =+F28-I28-J28-K28-L28-M28+H28 -> 4200

Sheet OCAK 1 HAFTA
B1: OCAK 1 HAFTA
A2: S.NO | B2: ÜRÜN CİNSİ | F2: ADET | G2: devir | H2: GELEN | I2: 44928 | J2: 44929 | K2: 44930 | L2: 44931 | M2: 44932 | N2: KALAN | O2: AÇIKLAMA | P2: MİNİMUN | Q2: MAKSİMUN
A3: 1 | B3: U BAĞLANTI DEMİRİ | F3: 13000 | H3: 0 | I3: 0 | J3: 0 | K3: 0 | L3: 0 | M3: 500 | N3: =+F3-I3-J3-K3-L3-M3+H3 -> 12500 | P3: 1000 | Q3: 10000
A4: 2 | B4: AYAK SOMUNU(BIDIK) | F4: ='KASIM 3 HAFTA '!N4 -> 15238 | H4: 0 | I4: 0 | J4: 0 | K4: 0 | L4: 0 | M4: 0 | N4: =+F4-I4-J4-K4-L4-M4+H4 -> 15238 | P4: 5000 | Q4: 20000
A5: 3 | B5: M10 OYNAR BAŞLIKLI BİNGO | F5: ='KASIM 3 HAFTA '!N5 -> 153 | H5: 0 | I5: 0 | J5: 0 | K5: 0 | L5: 0 | M5: 0 | N5: =+F5-I5-J5-K5-L5-M5+H5 -> 153 | O5: PLASTİK SİY.BÜYÜK | P5: 300 | Q5: 1000
A6: 4 | B6: M8 CİVATALI BİNGO | F6: 244 | H6: 0 | I6: 0 | J6: 0 | K6: 0 | L6: 0 | M6: 0 | N6: =+F6-I6-J6-K6-L6-M6+H6 -> 244 | O6: PLASTİK SİY.BÜYÜK | P6: 0
A7: 5 | B7: M8 OYNAR BAŞLIKLI BİNGO | F7: ='KASIM 3 HAFTA '!N7 -> 500 | H7: 0 | I7: 0 | J7: 0 | K7: 0 | L7: 0 | M7: 0 | N7: =+F7-I7-J7-K7-L7-M7+H7 -> 500 | O7: KROM | P7: 300 | Q7: 1000
A8: 6 | F8: 0 | H8: 0 | I8: 0 | J8: 0 | K8: 0 | L8: 0 | M8: 0 | N8: =+F8-I8-J8-K8-L8-M8+H8 -> 0 | P8: 200 | Q8: 500
A9: 7 | B9: M8 CİVATALI BİNGO_MOB. | F9: 0 | H9: 1000 | I9: 0 | J9: 0 | K9: 0 | L9: 0 | M9: 0 | N9: =+F9-I9-J9-K9-L9-M9+H9 -> 1000 | O9: REFAKATÇI SİY.KÜÇÜK | P9: 200 | Q9: 500
A10: 8 | B10: M6 SOKET | F10: 400 | H10: 0 | I10: 0 | J10: 0 | K10: 0 | L10: 0 | M10: 0 | N10: =+F10-I10-J10-K10-L10-M10+H10 -> 400 | P10: 10000 | Q10: 50000
A11: 9 | B11: PİMLİ TEKER NAYLON 50 | F11: 20230 | G11: 0 | H11: 12500 | I11: 600 | J11: 260 | K11: 200 | L11: 1000 | M11: 500 | N11: =+F11-I11-J11-K11-L11-M11+H11 -> 30170 | P11: 5000 | Q11: 30000
A12: 10 | B12: SİLİKON TEKER | F12: ='KASIM 3 HAFTA '!N12 -> 820 | H12: 0 | I12: 0 | J12: 0 | K12: 0 | L12: 0 | M12: 0 | N12: =+F12-I12-J12-K12-L12-M12+H12 -> 820 | P12: 0
A13: 11 | B13: PİMLİ BİNGO | F13: 6045 | H13: 0 | I13: 100 | J13: 500 | K13: 0 | L13: 0 | M13: 0 | N13: =+F13-I13-J13-K13-L13-M13+H13 -> 5445 | P13: 1000 | Q13: 5000
A14: 12 | B14: LALE AYAK ÇEKYAT GEÇMELİ | F14: 704 | H14: 0 | I14: 0 | J14: 0 | K14: 0 | L14: 0 | M14: 0 | N14: =+F14-I14-J14-K14-L14-M14+H14 -> 704 | P14: 250 | Q14: 1000
A15: 13 | B15: TOKMAK | F15: ='KASIM 3 HAFTA '!N15 -> 800 | H15: 0 | I15: 0 | J15: 0 | K15: 0 | L15: 0 | M15: 0 | N15: =+F15-I15-J15-K15-L15-M15+H15 -> 800 | P15: 250 | Q15: 500
A16: 14 | B16: SEKRETER KÖRÜK | C16: 350 | F16: ='KASIM 3 HAFTA '!N16 -> 3150 | H16: 0 | I16: 0 | J16: 0 | K16: 0 | L16: 0 | M16: 0 | N16: =+F16-I16-J16-K16-L16-M16+H16 -> 3150 | P16: 500 | Q16: 2000
A17: 15 | B17: AHŞAP TELESKOP KÖRÜK | F17: 900 | G17: 0 | H17: 0 | I17: 0 | J17: 0 | K17: 60 | L17: 60 | M17: 0 | N17: =+F17-I17-J17-K17-L17-M17+H17 -> 780 | P17: 100 | Q17: 500
A18: 16 | B18: VEGA KÖRÜK | F18: 1000 | H18: 10000 | I18: 1000 | J18: 0 | K18: 500 | L18: 0 | M18: 0 | N18: =+F18-I18-J18-K18-L18-M18+H18 -> 9500 | P18: 1000 | Q18: 5000
A19: 17 | B19: VEGA KONFERANS KOL | F19: 86 | H19: 0 | I19: 0 | J19: 0 | K19: 0 | L19: 0 | M19: 0 | N19: =+F19-I19-J19-K19-L19-M19+H19 -> 86 | P19: 100 | Q19: 300
A20: 18 | B20: VEGA ÇAKMA KOL SEHPALI | F20: 324 | H20: 0 | I20: 0 | J20: 0 | K20: 0 | L20: 0 | M20: 0 | N20: =+F20-I20-J20-K20-L20-M20+H20 -> 324 | P20: 100 | Q20: 300
A21: 19 | B21: SİNEMA KAPAK KISA | F21: 388 | G21: 425 | H21: 0 | I21: 0 | J21: 0 | K21: 0 | L21: 0 | M21: 0 | N21: =+F21-I21-J21-K21-L21-M21+H21 -> 388 | P21: 200 | Q21: 500
A22: 20 | B22: KUYRUKLU TİLK MEKANİZMA | F22: 197 | H22: 0 | I22: 0 | J22: 0 | K22: 0 | L22: 0 | M22: 0 | N22: =+F22-I22-J22-K22-L22-M22+H22 -> 197 | P22: 100 | Q22: 300
A23: 21 | B23: 5 cm krom ayarlı ayak | F23: 11 | H23: 0 | I23: 0 | J23: 0 | K23: 0 | L23: 0 | M23: 0 | N23: =+F23-I23-J23-K23-L23-M23+H23 -> 11 | P23: 100 | Q23: 500
A24: 22 | B24: 28 MM İÇ TAKOZ | F24: 4000 | H24: 0 | I24: 0 | J24: 0 | K24: 0 | L24: 0 | M24: 0 | N24: =+F24-I24-J24-K24-L24-M24+H24 -> 4000
A25: 23 | B25: 19 MM İÇ TAKOZ | F25: 0 | H25: 0 | I25: 0 | J25: 0 | K25: 0 | L25: 0 | M25: 0 | N25: =+F25-I25-J25-K25-L25-M25+H25 -> 0
A26: 24 | B26: ÇİFT KOLLU TİLK MEK. | F26: 1043 | H26: 0 | I26: 0 | J26: 0 | K26: 0 | L26: 0 | M26: 4 | N26: =+F26-I26-J26-K26-L26-M26+H26 -> 1039
A27: 25 | B27: TORNA AYAK AHŞAP | F27: 20 | H27: 0 | I27: 0 | J27: 0 | K27: 0 | L27: 0 | M27: 0 | N27: =+F27-I27-J27-K27-L27-M27+H27 -> 20
A28: 26 | B28: PİMLİ TEKER NAYLON 60 | F28: 4200 | H28: 0 | I28: 0 | J28: 0 | K28: 0 | L28: 0 | M28: 0 | N28: =+F28-I28-J28-K28-L28-M28+H28 -> 4200

Sheet OCAK 2 HAFTA 
B1: OCAK 2 HAFTA
A2: S.NO | B2: ÜRÜN CİNSİ | F2: ADET | G2: devir | H2: GELEN | I2: 44935 | J2: 44936 | K2: 44937 | L2: 44938 | M2: 44939 | N2: KALAN | O2: AÇIKLAMA | P2: MİNİMUN | Q2: MAKSİMUN
A3: 1 | B3: U BAĞLANTI DEMİRİ | F3: 12500 | H3: 0 | I3: 0 | J3: 0 | K3: 0 | L3: 0 | M3: 0 | N3: =+F3-I3-J3-K3-L3-M3+H3 -> 12500 | P3: 1000 | Q3: 10000
A4: 2 | B4: AYAK SOMUNU(BIDIK) | F4: ='KASIM 3 HAFTA '!N4 -> 15238 | H4: 0 | I4: 0 | J4: 0 | K4: 0 | L4: 0 | M4: 0 | N4: =+F4-I4-J4-K4-L4-M4+H4 -> 15238 | P4: 5000 | Q4: 20000
A5: 3 | B5: M10 OYNAR BAŞLIKLI BİNGO | F5: 500 | H5: 0 | I5: 150 | J5: 0 | K5: 0 | L5: 0 | M5: 0 | N5: =+F5-I5-J5-K5-L5-M5+H5 -> 350 | O5: BANK İÇİN | P5: 300 | Q5: 1000
A6: 4 | B6: M8 CİVATALI BİNGO | F6: 244 | H6: 0 | I6: 0 | J6: 0 | K6: 0 | L6: 0 | M6: 150 | N6: =+F6-I6-J6-K6-L6-M6+H6 -> 94 | O6: PLASTİK SİY.BÜYÜK | P6: 0
A7: 5 | B7: M8 OYNAR BAŞLIKLI BİNGO | H7: 2000 | I7: 0 | J7: 0 | K7: 500 | L7: 0 | M7: 0 | N7: =+F7-I7-J7-K7-L7-M7+H7 -> 1500 | O7: KROM | P7: 300 | Q7: 1000
A8: 6 | F8: 0 | H8: 0 | I8: 0 | J8: 0 | K8: 0 | L8: 0 | M8: 0 | N8: =+F8-I8-J8-K8-L8-M8+H8 -> 0 | P8: 200 | Q8: 500
A9: 7 | B9: M8 CİVATALI BİNGO_MOB. | F9: 1000 | H9: 0 | I9: 0 | J9: 0 | K9: 0 | L9: 0 | M9: 150 | N9: =+F9-I9-J9-K9-L9-M9+H9 -> 850 | O9: REFAKATÇI SİY.KÜÇÜK | P9: 200 | Q9: 500
A10: 8 | B10: M6 SOKET | F10: 15000 | H10: 15000 | I10: 0 | J10: 0 | K10: 0 | L10: 10000 | M10: 0 | N10: =+F10-I10-J10-K10-L10-M10+H10 -> 20000 | P10: 10000 | Q10: 50000
A11: 9 | B11: PİMLİ TEKER NAYLON 50 | F11: 30170 | G11: 0 | H11: 0 | I11: 825 | J11: 750 | K11: 100 | L11: 0 | M11: 200 | N11: =+F11-I11-J11-K11-L11-M11+H11 -> 28295 | P11: 5000 | Q11: 30000
A12: 10 | B12: SİLİKON TEKER | F12: ='KASIM 3 HAFTA '!N12 -> 820 | H12: 0 | I12: 0 | J12: 0 | K12: 0 | L12: 0 | M12: 0 | N12: =+F12-I12-J12-K12-L12-M12+H12 -> 820 | P12: 0
A13: 11 | B13: PİMLİ BİNGO | F13: 5445 | H13: 0 | I13: 0 | J13: 0 | K13: 0 | L13: 0 | M13: 0 | N13: =+F13-I13-J13-K13-L13-M13+H13 -> 5445 | P13: 1000 | Q13: 5000
A14: 12 | B14: LALE AYAK ÇEKYAT GEÇMELİ | F14: 704 | H14: 0 | I14: 0 | J14: 0 | K14: 0 | L14: 0 | M14: 0 | N14: =+F14-I14-J14-K14-L14-M14+H14 -> 704 | P14: 250 | Q14: 1000
A15: 13 | B15: TOKMAK | F15: ='KASIM 3 HAFTA '!N15 -> 800 | H15: 0 | I15: 0 | J15: 0 | K15: 0 | L15: 0 | M15: 0 | N15: =+F15-I15-J15-K15-L15-M15+H15 -> 800 | P15: 250 | Q15: 500
A16: 14 | B16: SEKRETER KÖRÜK | C16: 350 | F16: ='KASIM 3 HAFTA '!N16 -> 3150 | H16: 0 | I16: 0 | J16: 0 | K16: 0 | L16: 0 | M16: 0 | N16: =+F16-I16-J16-K16-L16-M16+H16 -> 3150 | P16: 500 | Q16: 2000
A17: 15 | B17: AHŞAP TELESKOP KÖRÜK | F17: 780 | G17: 0 | H17: 0 | I17: 0 | J17: 0 | K17: 0 | L17: 0 | M17: 60 | N17: =+F17-I17-J17-K17-L17-M17+H17 -> 720 | P17: 100 | Q17: 500
A18: 16 | B18: VEGA KÖRÜK | F18: 9500 | H18: 0 | I18: 0 | J18: 0 | K18: 1500 | L18: 0 | M18: 0 | N18: =+F18-I18-J18-K18-L18-M18+H18 -> 8000 | P18: 1000 | Q18: 5000
A19: 17 | B19: VEGA KONFERANS KOL | F19: 86 | H19: 0 | I19: 0 | J19: 0 | K19: 0 | L19: 0 | M19: 0 | N19: =+F19-I19-J19-K19-L19-M19+H19 -> 86 | P19: 100 | Q19: 300
A20: 18 | B20: VEGA ÇAKMA KOL SEHPALI | F20: 324 | H20: 0 | I20: 0 | J20: 0 | K20: 0 | L20: 0 | M20: 0 | N20: =+F20-I20-J20-K20-L20-M20+H20 -> 324 | P20: 100 | Q20: 300
A21: 19 | B21: SİNEMA KAPAK KISA | F21: 388 | G21: 425 | H21: 0 | I21: 0 | J21: 0 | K21: 0 | L21: 0 | M21: 0 | N21: =+F21-I21-J21-K21-L21-M21+H21 -> 388 | P21: 200 | Q21: 500
A22: 20 | B22: KUYRUKLU TİLK MEKANİZMA | F22: 197 | H22: 50 | I22: 0 | J22: 0 | K22: 4 | L22: 53 | M22: 0 | N22: =+F22-I22-J22-K22-L22-M22+H22 -> 190 | P22: 100 | Q22: 300
A23: 21 | B23: 5 cm krom ayarlı ayak | F23: 11 | H23: 0 | I23: 0 | J23: 0 | K23: 0 | L23: 0 | M23: 0 | N23: =+F23-I23-J23-K23-L23-M23+H23 -> 11 | P23: 100 | Q23: 500
A24: 22 | B24: 28 MM İÇ TAKOZ | F24: 4000 | H24: 0 | I24: 0 | J24: 0 | K24: 0 | L24: 0 | M24: 0 | N24: =+F24-I24-J24-K24-L24-M24+H24 -> 4000
A25: 23 | B25: 19 MM İÇ TAKOZ | F25: 0 | H25: 0 | I25: 0 | J25: 0 | K25: 0 | L25: 0 | M25: 0 | N25: =+F25-I25-J25-K25-L25-M25+H25 -> 0
A26: 24 | B26: ÇİFT KOLLU TİLK MEK. | F26: 1043 | H26: 0 | I26: 1 | J26: 0 | K26: 0 | L26: 0 | M26: 0 | N26: =+F26-I26-J26-K26-L26-M26+H26 -> 1042
A27: 25 | B27: TORNA AYAK AHŞAP | F27: 20 | H27: 0 | I27: 0 | J27: 0 | K27: 0 | L27: 0 | M27: 0 | N27: =+F27-I27-J27-K27-L27-M27+H27 -> 20
A28: 26 | B28: PİMLİ TEKER NAYLON 60 | F28: 4200 | H28: 0 | I28: 0 | J28: 0 | K28: 0 | L28: 0 | M28: 0 | N28: =+F28-I28-J28-K28-L28-M28+H28 -> 4200

Sheet OCAK 3 HAFTA 
B1: OCAK 3 HAFTA
A2: S.NO | B2: ÜRÜN CİNSİ | F2: ADET | G2: devir | H2: GELEN | I2: 44942 | J2: 44943 | K2: 44944 | L2: 45072 | M2: 44946 | N2: KALAN | O2: AÇIKLAMA | P2: MİNİMUN | Q2: MAKSİMUN
A3: 1 | B3: U BAĞLANTI DEMİRİ | F3: 15200 | H3: 0 | I3: 500 | J3: 0 | K3: 1000 | L3: 0 | M3: 0 | N3: =+F3-I3-J3-K3-L3-M3+H3 -> 13700 | P3: 1000 | Q3: 10000
A4: 2 | B4: AYAK SOMUNU(BIDIK) | F4: ='KASIM 3 HAFTA '!N4 -> 15238 | H4: 0 | I4: 5000 | J4: 0 | K4: 1000 | L4: 0 | M4: 0 | N4: =+F4-I4-J4-K4-L4-M4+H4 -> 9238 | P4: 5000 | Q4: 20000
A5: 3 | B5: M10 OYNAR BAŞLIKLI BİNGO | F5: 500 | H5: 0 | I5: 0 | J5: 0 | K5: 0 | L5: 0 | M5: 0 | N5: =+F5-I5-J5-K5-L5-M5+H5 -> 500 | O5: BANK İÇİN | P5: 300 | Q5: 1000
A6: 4 | B6: M8 CİVATALI BİNGO | F6: 200 | H6: 0 | I6: 0 | J6: 0 | K6: 0 | L6: 0 | M6: 0 | N6: =+F6-I6-J6-K6-L6-M6+H6 -> 200 | O6: PLASTİK SİY.BÜYÜK | P6: 0
A7: 5 | B7: M8 OYNAR BAŞLIKLI BİNGO | F7: 2000 | H7: 0 | I7: 0 | J7: 0 | K7: 500 | L7: 0 | M7: 0 | N7: =+F7-I7-J7-K7-L7-M7+H7 -> 1500 | O7: KROM | P7: 300 | Q7: 1000
A8: 6 | F8: 0 | H8: 0 | I8: 0 | J8: 0 | K8: 0 | L8: 0 | M8: 0 | N8: =+F8-I8-J8-K8-L8-M8+H8 -> 0 | P8: 200 | Q8: 500
A9: 7 | B9: M8 CİVATALI BİNGO_MOB. | F9: 850 | H9: 0 | I9: 0 | J9: 0 | K9: 0 | L9: 0 | M9: 0 | N9: =+F9-I9-J9-K9-L9-M9+H9 -> 850 | O9: REFAKATÇI SİY.KÜÇÜK | P9: 200 | Q9: 500
A10: 8 | B10: M6 SOKET | F10: 90000 | H10: 0 | I10: 0 | J10: 0 | K10: 10000 | L10: 0 | M10: 0 | N10: =+F10-I10-J10-K10-L10-M10+H10 -> 80000 | P10: 10000 | Q10: 50000
A11: 9 | B11: PİMLİ TEKER NAYLON 50 | F11: 28295 | G11: 0 | H11: 0 | I11: 750 | J11: 250 | K11: 3160 | L11: 0 | M11: 0 | N11: =+F11-I11-J11-K11-L11-M11+H11 -> 24135 | P11: 5000 | Q11: 30000
A12: 10 | B12: SİLİKON TEKER | F12: ='KASIM 3 HAFTA '!N12 -> 820 | H12: 0 | I12: 0 | J12: 0 | K12: 100 | L12: 0 | M12: 0 | N12: =+F12-I12-J12-K12-L12-M12+H12 -> 720 | P12: 0
A13: 11 | B13: PİMLİ BİNGO | F13: 4500 | H13: 0 | I13: 1000 | J13: 0 | K13: 500 | L13: 200 | M13: 0 | N13: =+F13-I13-J13-K13-L13-M13+H13 -> 2800 | P13: 1000 | Q13: 5000
A14: 12 | B14: LALE AYAK ÇEKYAT GEÇMELİ | F14: 150 | H14: 0 | I14: 0 | J14: 0 | K14: 0 | L14: 0 | M14: 0 | N14: =+F14-I14-J14-K14-L14-M14+H14 -> 150 | P14: 250 | Q14: 1000
A15: 13 | B15: TOKMAK | F15: ='KASIM 3 HAFTA '!N15 -> 800 | H15: 0 | I15: 0 | J15: 0 | K15: 0 | L15: 0 | M15: 0 | N15: =+F15-I15-J15-K15-L15-M15+H15 -> 800 | P15: 250 | Q15: 500
A16: 14 | B16: SEKRETER KÖRÜK | C16: 350 | F16: ='KASIM 3 HAFTA '!N16 -> 3150 | H16: 0 | I16: 0 | J16: 0 | K16: 3000 | L16: 0 | M16: 0 | N16: =+F16-I16-J16-K16-L16-M16+H16 -> 150 | P16: 500 | Q16: 2000
A17: 15 | B17: AHŞAP TELESKOP KÖRÜK | F17: 380 | G17: 0 | H17: 500 | I17: 0 | J17: 0 | K17: 350 | L17: 0 | M17: 0 | N17: =+F17-I17-J17-K17-L17-M17+H17 -> 530 | P17: 100 | Q17: 500
A18: 16 | B18: VEGA KÖRÜK | F18: 8000 | H18: 0 | I18: 0 | J18: 0 | K18: 0 | L18: 0 | M18: 0 | N18: =+F18-I18-J18-K18-L18-M18+H18 -> 8000 | P18: 1000 | Q18: 5000
A19: 17 | B19: VEGA KONFERANS KOL | F19: 150 | H19: 0 | I19: 0 | J19: 0 | K19: 25 | L19: 0 | M19: 0 | N19: =+F19-I19-J19-K19-L19-M19+H19 -> 125 | P19: 100 | Q19: 300
A20: 18 | B20: VEGA ÇAKMA KOL SEHPALI | F20: 800 | H20: 0 | I20: 0 | J20: 0 | K20: 25 | L20: 0 | M20: 0 | N20: =+F20-I20-J20-K20-L20-M20+H20 -> 775 | P20: 100 | Q20: 300
A21: 19 | B21: SİNEMA KAPAK KISA | F21: 388 | G21: 425 | H21: 0 | I21: 0 | J21: 0 | K21: 0 | L21: 0 | M21: 0 | N21: =+F21-I21-J21-K21-L21-M21+H21 -> 388 | P21: 200 | Q21: 500
A22: 20 | B22: KUYRUKLU TİLK MEKANİZMA | F22: 137 | H22: 0 | I22: 0 | J22: 0 | K22: 0 | L22: 0 | M22: 0 | N22: =+F22-I22-J22-K22-L22-M22+H22 -> 137 | P22: 100 | Q22: 300
A23: 21 | B23: 5 cm krom ayarlı ayak | F23: 10 | H23: 0 | I23: 0 | J23: 0 | K23: 0 | L23: 0 | M23: 0 | N23: =+F23-I23-J23-K23-L23-M23+H23 -> 10 | P23: 100 | Q23: 500
A24: 22 | B24: 28 MM İÇ TAKOZ | F24: 4000 | H24: 0 | I24: 0 | J24: 0 | K24: 0 | L24: 0 | M24: 0 | N24: =+F24-I24-J24-K24-L24-M24+H24 -> 4000
A25: 23 | B25: 19 MM İÇ TAKOZ | F25: 0 | H25: 0 | I25: 0 | J25: 0 | K25: 0 | L25: 0 | M25: 0 | N25: =+F25-I25-J25-K25-L25-M25+H25 -> 0
A26: 24 | B26: ÇİFT KOLLU TİLK MEK. | F26: 976 | H26: 2500 | I26: 1 | J26: 0 | K26: 510 | L26: 2500 | M26: 0 | N26: =+F26-I26-J26-K26-L26-M26+H26 -> 465
A27: 25 | B27: TORNA AYAK AHŞAP | F27: 20 | H27: 0 | I27: 0 | J27: 0 | K27: 0 | L27: 0 | M27: 0 | N27: =+F27-I27-J27-K27-L27-M27+H27 -> 20
A28: 26 | B28: PİMLİ TEKER NAYLON 60 | F28: 4000 | H28: 12500 | I28: 0 | J28: 0 | K28: 1400 | L28: 12500 | M28: 0 | N28: =+F28-I28-J28-K28-L28-M28+H28 -> 2600

Sheet HAZ-TEM.2023
B1: HAZİRAN 2023.
A2: S.NO | B2: ÜRÜN CİNSİ | F2: ADET | G2: devir | H2: GELEN | I2: 45083 | J2: 45096 | K2: 45100 | L2: 45114 | M2: 45122 | N2: KALAN | O2: AÇIKLAMA | P2: MİNİMUN | Q2: MAKSİMUN
A3: 1 | B3: U BAĞLANTI DEMİRİ | F3: 13500 | H3: 0 | I3: 1000 | J3: 0 | K3: 0 | L3: 1500 | M3: 1500 | N3: =+F3-I3-J3-K3-L3-M3+H3 -> 9500 | P3: 1000 | Q3: 10000
A4: 2 | B4: AYAK SOMUNU(BIDIK) | F4: 9200 | H4: 0 | I4: 1000 | J4: 1000 | K4: 0 | L4: 1200 | M4: 0 | N4: =+F4-I4-J4-K4-L4-M4+H4 -> 6000 | P4: 5000 | Q4: 20000
A5: 3 | B5: M10 OYNAR BAŞLIKLI BİNGO | F5: 500 | H5: 0 | I5: 0 | J5: 0 | K5: 0 | L5: 0 | M5: 0 | N5: =+F5-I5-J5-K5-L5-M5+H5 -> 500 | O5: BANK İÇİN | P5: 300 | Q5: 1000
A6: 4 | B6: M8 CİVATALI BİNGO | F6: 200 | H6: 0 | I6: 0 | J6: 0 | K6: 0 | L6: 0 | M6: 0 | N6: =+F6-I6-J6-K6-L6-M6+H6 -> 200 | O6: PLASTİK SİY.BÜYÜK | P6: 0
A7: 5 | B7: M8 OYNAR BAŞLIKLI BİNGO | F7: 1500 | H7: 0 | I7: 120 | J7: 0 | K7: 0 | L7: 0 | M7: 0 | N7: =+F7-I7-J7-K7-L7-M7+H7 -> 1380 | O7: KROM | P7: 300 | Q7: 1000
A8: 6 | F8: 0 | H8: 0 | I8: 0 | J8: 0 | K8: 0 | L8: 0 | M8: 0 | N8: =+F8-I8-J8-K8-L8-M8+H8 -> 0 | P8: 200 | Q8: 500
A9: 7 | B9: M8 CİVATALI BİNGO_MOB. | F9: 850 | H9: 0 | I9: 0 | J9: 0 | K9: 0 | L9: 0 | M9: 0 | N9: =+F9-I9-J9-K9-L9-M9+H9 -> 850 | O9: REFAKATÇI SİY.KÜÇÜK | P9: 200 | Q9: 500
A10: 8 | B10: M6 SOKET | F10: 75000 | H10: 0 | I10: 10000 | J10: 0 | K10: 0 | L10: 10000 | M10: 0 | N10: =+F10-I10-J10-K10-L10-M10+H10 -> 55000 | P10: 10000 | Q10: 50000
A11: 9 | B11: PİMLİ TEKER NAYLON 50 | F11: 24150 | G11: 0 | H11: 0 | I11: 500 | J11: 250 | K11: 500 | L11: 1000 | M11: 2000 | N11: =+F11-I11-J11-K11-L11-M11+H11 -> 19900 | P11: 5000 | Q11: 30000
A12: 10 | B12: SİLİKON TEKER | F12: 720 | H12: 0 | I12: 0 | J12: 0 | K12: 0 | L12: 0 | M12: 0 | N12: =+F12-I12-J12-K12-L12-M12+H12 -> 720 | P12: 0
A13: 11 | B13: PİMLİ BİNGO | F13: 2800 | H13: 0 | I13: 0 | J13: 0 | K13: 0 | L13: 0 | M13: 0 | N13: =+F13-I13-J13-K13-L13-M13+H13 -> 2800 | P13: 1000 | Q13: 5000
A14: 12 | B14: LALE AYAK ÇEKYAT GEÇMELİ | F14: 150 | H14: 0 | I14: 0 | J14: 10 | K14: 0 | L14: 0 | M14: 0 | N14: =+F14-I14-J14-K14-L14-M14+H14 -> 140 | P14: 250 | Q14: 1000
A15: 13 | B15: TOKMAK | F15: ='KASIM 3 HAFTA '!N15 -> 800 | H15: 0 | I15: 0 | J15: 0 | K15: 0 | L15: 0 | M15: 0 | N15: =+F15-I15-J15-K15-L15-M15+H15 -> 800 | P15: 250 | Q15: 500
A16: 14 | B16: SEKRETER KÖRÜK | C16: 350 | F16: 150 | H16: 3000 | I16: 0 | J16: 0 | K16: 0 | L16: 0 | M16: 0 | N16: =+F16-I16-J16-K16-L16-M16+H16 -> 3150 | P16: 500 | Q16: 2000
A17: 15 | B17: AHŞAP TELESKOP KÖRÜK | F17: 530 | G17: 0 | H17: 0 | I17: 50 | J17: 0 | K17: 0 | L17: 100 | M17: 0 | N17: =+F17-I17-J17-K17-L17-M17+H17 -> 380 | P17: 100 | Q17: 500
A18: 16 | B18: VEGA KÖRÜK | F18: 8000 | H18: 0 | I18: 500 | J18: 0 | K18: 1800 | L18: 1000 | M18: 0 | N18: =+F18-I18-J18-K18-L18-M18+H18 -> 4700 | P18: 1000 | Q18: 5000
A19: 17 | B19: VEGA KONFERANS KOL | F19: 125 | H19: 0 | I19: 0 | J19: 0 | K19: 0 | L19: 0 | M19: 0 | N19: =+F19-I19-J19-K19-L19-M19+H19 -> 125 | P19: 100 | Q19: 300
A20: 18 | B20: VEGA ÇAKMA KOL SEHPALI | F20: 775 | H20: 0 | I20: 0 | J20: 0 | K20: 0 | L20: 0 | M20: 0 | N20: =+F20-I20-J20-K20-L20-M20+H20 -> 775 | P20: 100 | Q20: 300
A21: 19 | B21: SİNEMA KAPAK KISA | F21: 388 | G21: 425 | H21: 0 | I21: 0 | J21: 0 | K21: 0 | L21: 0 | M21: 0 | N21: =+F21-I21-J21-K21-L21-M21+H21 -> 388 | P21: 200 | Q21: 500
A22: 20 | B22: KUYRUKLU TİLK MEKANİZMA | F22: 115 | H22: 1000 | I22: 0 | J22: 20 | K22: 0 | L22: 15 | M22: 52 | N22: =+F22-I22-J22-K22-L22-M22+H22 -> 1028 | P22: 100 | Q22: 300
A23: 21 | B23: 5 cm krom ayarlı ayak | F23: 250 | H23: 0 | I23: 16 | J23: 0 | K23: 0 | L23: 0 | M23: 0 | N23: =+F23-I23-J23-K23-L23-M23+H23 -> 234 | P23: 100 | Q23: 500
A24: 22 | B24: 28 MM İÇ TAKOZ | F24: 4000 | H24: 0 | I24: 0 | J24: 0 | K24: 0 | L24: 0 | M24: 0 | N24: =+F24-I24-J24-K24-L24-M24+H24 -> 4000
A25: 23 | B25: 19 MM İÇ TAKOZ | F25: 0 | H25: 0 | I25: 0 | J25: 0 | K25: 0 | L25: 0 | M25: 0 | N25: =+F25-I25-J25-K25-L25-M25+H25 -> 0
A26: 24 | B26: ÇİFT KOLLU TİLK MEK. | F26: 430 | H26: 2496 | I26: 0 | J26: 20 | K26: 80 | L26: 69 | M26: 0 | N26: =+F26-I26-J26-K26-L26-M26+H26 -> 2757
A27: 25 | B27: TORNA AYAK AHŞAP | F27: 20 | H27: 0 | I27: 0 | J27: 0 | K27: 0 | L27: 0 | M27: 0 | N27: =+F27-I27-J27-K27-L27-M27+H27 -> 20
A28: 26 | B28: PİMLİ TEKER NAYLON 60 | F28: 2600 | H28: 0 | I28: 0 | J28: 0 | K28: 0 | L28: 0 | M28: 0 | N28: =+F28-I28-J28-K28-L28-M28+H28 -> 2600

Sheet TEMMUZ 2023
B1: 45108
A2: S.NO | B2: ÜRÜN CİNSİ | F2: ADET | G2: devir | H2: GELEN | I2: 45128 | J2: 45133 | K2: 45130 | L2: 45132 | M2: 45138 | N2: KALAN | O2: AÇIKLAMA | P2: MİNİMUN | Q2: MAKSİMUN
A3: 1 | B3: U BAĞLANTI DEMİRİ | F3: 9500 | H3: 0 | I3: 1000 | J3: 0 | K3: 0 | L3: 0 | M3: 0 | N3: =+F3-I3-J3-K3-L3-M3+H3 -> 8500 | P3: 1000 | Q3: 10000
A4: 2 | B4: AYAK SOMUNU(BIDIK) | F4: 6000 | H4: 0 | I4: 0 | J4: 0 | K4: 0 | L4: 0 | M4: 0 | N4: =+F4-I4-J4-K4-L4-M4+H4 -> 6000 | P4: 5000 | Q4: 20000
A5: 3 | B5: M10 OYNAR BAŞLIKLI BİNGO | F5: 500 | H5: 0 | I5: 100 | J5: 0 | K5: 0 | L5: 0 | M5: 0 | N5: =+F5-I5-J5-K5-L5-M5+H5 -> 400 | O5: BANK İÇİN | P5: 300 | Q5: 1000
A6: 4 | B6: M8 CİVATALI BİNGO | F6: 200 | H6: 0 | I6: 0 | J6: 0 | K6: 0 | L6: 0 | M6: 0 | N6: =+F6-I6-J6-K6-L6-M6+H6 -> 200 | O6: PLASTİK SİY.BÜYÜK | P6: 0
A7: 5 | B7: M8 OYNAR BAŞLIKLI BİNGO | F7: 1380 | H7: 0 | I7: 0 | J7: 0 | K7: 0 | L7: 0 | M7: 0 | N7: =+F7-I7-J7-K7-L7-M7+H7 -> 1380 | O7: KROM | P7: 300 | Q7: 1000
A8: 6 | F8: 0 | H8: 0 | I8: 0 | J8: 0 | K8: 0 | L8: 0 | M8: 0 | N8: =+F8-I8-J8-K8-L8-M8+H8 -> 0 | P8: 200 | Q8: 500
A9: 7 | B9: M8 CİVATALI BİNGO_MOB. | F9: 850 | H9: 0 | I9: 150 | J9: 0 | K9: 0 | L9: 0 | M9: 0 | N9: =+F9-I9-J9-K9-L9-M9+H9 -> 700 | O9: REFAKATÇI SİY.KÜÇÜK | P9: 200 | Q9: 500
A10: 8 | B10: M6 SOKET | F10: 55000 | H10: 0 | I10: 0 | J10: 0 | K10: 0 | L10: 0 | M10: 0 | N10: =+F10-I10-J10-K10-L10-M10+H10 -> 55000 | P10: 10000 | Q10: 50000
A11: 9 | B11: PİMLİ TEKER NAYLON 50 | F11: 19900 | G11: 0 | H11: 0 | I11: 500 | J11: 1050 | K11: 0 | L11: 0 | M11: 0 | N11: =+F11-I11-J11-K11-L11-M11+H11 -> 18350 | P11: 5000 | Q11: 30000
A12: 10 | B12: SİLİKON TEKER | F12: 720 | H12: 0 | I12: 0 | J12: 0 | K12: 0 | L12: 0 | M12: 0 | N12: =+F12-I12-J12-K12-L12-M12+H12 -> 720 | P12: 0
A13: 11 | B13: PİMLİ BİNGO | F13: 2800 | H13: 0 | I13: 0 | J13: 0 | K13: 0 | L13: 0 | M13: 0 | N13: =+F13-I13-J13-K13-L13-M13+H13 -> 2800 | P13: 1000 | Q13: 5000
A14: 12 | B14: LALE AYAK ÇEKYAT GEÇMELİ | F14: 140 | H14: 0 | I14: 0 | J14: 0 | K14: 0 | L14: 0 | M14: 0 | N14: =+F14-I14-J14-K14-L14-M14+H14 -> 140 | P14: 250 | Q14: 1000
A15: 13 | B15: TOKMAK | F15: ='KASIM 3 HAFTA '!N15 -> 800 | H15: 0 | I15: 0 | J15: 0 | K15: 0 | L15: 0 | M15: 0 | N15: =+F15-I15-J15-K15-L15-M15+H15 -> 800 | P15: 250 | Q15: 500
A16: 14 | B16: SEKRETER KÖRÜK | C16: 350 | F16: 3150 | H16: 0 | I16: 0 | J16: 0 | K16: 0 | L16: 0 | M16: 0 | N16: =+F16-I16-J16-K16-L16-M16+H16 -> 3150 | P16: 500 | Q16: 2000
A17: 15 | B17: AHŞAP TELESKOP KÖRÜK | F17: 280 | G17: 0 | H17: 0 | I17: 0 | J17: 184 | K17: 0 | L17: 0 | M17: 0 | N17: =+F17-I17-J17-K17-L17-M17+H17 -> 96 | P17: 100 | Q17: 500
A18: 16 | B18: VEGA KÖRÜK | F18: 4700 | H18: 0 | I18: 0 | J18: 0 | K18: 0 | L18: 0 | M18: 0 | N18: =+F18-I18-J18-K18-L18-M18+H18 -> 4700 | P18: 1000 | Q18: 5000
A19: 17 | B19: YAZI TABLASI | F19: 0 | H19: 80 | I19: 0 | J19: 0 | K19: 0 | L19: 0 | M19: 0 | N19: =+F19-I19-J19-K19-L19-M19+H19 -> 80 | P19: 100 | Q19: 300
A20: 18 | B20: VEGA ÇAKMA KOL SEHPALI | F20: 775 | H20: 0 | I20: 0 | J20: 0 | K20: 0 | L20: 0 | M20: 0 | N20: =+F20-I20-J20-K20-L20-M20+H20 -> 775 | P20: 100 | Q20: 300
A21: 19 | B21: SİNEMA KAPAK KISA | F21: 388 | G21: 425 | H21: 0 | I21: 0 | J21: 0 | K21: 0 | L21: 0 | M21: 0 | N21: =+F21-I21-J21-K21-L21-M21+H21 -> 388 | P21: 200 | Q21: 500
A22: 20 | B22: KUYRUKLU TİLK MEKANİZMA | F22: 1028 | H22: 0 | I22: 12 | J22: 48 | K22: 0 | L22: 0 | M22: 0 | N22: =+F22-I22-J22-K22-L22-M22+H22 -> 968 | P22: 100 | Q22: 300
A23: 21 | B23: 5 cm krom ayarlı ayak | F23: 234 | H23: 0 | I23: 0 | J23: 0 | K23: 0 | L23: 0 | M23: 0 | N23: =+F23-I23-J23-K23-L23-M23+H23 -> 234 | P23: 100 | Q23: 500
A24: 22 | B24: 28 MM İÇ TAKOZ | F24: 4000 | H24: 0 | I24: 0 | J24: 0 | K24: 0 | L24: 0 | M24: 0 | N24: =+F24-I24-J24-K24-L24-M24+H24 -> 4000
A25: 23 | B25: 19 MM İÇ TAKOZ | F25: 0 | H25: 0 | I25: 0 | J25: 0 | K25: 0 | L25: 0 | M25: 0 | N25: =+F25-I25-J25-K25-L25-M25+H25 -> 0
A26: 24 | B26: ÇİFT KOLLU TİLK MEK. | F26: 2750 | H26: 0 | I26: 0 | J26: 0 | K26: 0 | L26: 0 | M26: 0 | N26: =+F26-I26-J26-K26-L26-M26+H26 -> 2750 | P26: 500
A27: 25 | B27: TORNA AYAK AHŞAP | F27: 20 | H27: 0 | I27: 0 | J27: 0 | K27: 0 | L27: 0 | M27: 0 | N27: =+F27-I27-J27-K27-L27-M27+H27 -> 20
A28: 26 | B28: PİMLİ TEKER NAYLON 60 | F28: 2600 | H28: 0 | I28: 0 | J28: 0 | K28: 0 | L28: 0 | M28: 0 | N28: =+F28-I28-J28-K28-L28-M28+H28 -> 2600

Sheet AĞUSTOS 2023
B1: 45139
A2: S.NO | B2: ÜRÜN CİNSİ | F2: ADET | G2: devir | H2: GELEN | I2: 45145 | J2: 45152 | K2: 45159 | L2: 45166 | M2: 45169 | N2: KALAN | O2: AÇIKLAMA | P2: MİNİMUN | Q2: MAKSİMUN
A3: 1 | B3: U BAĞLANTI DEMİRİ | F3: 8500 | H3: 0 | I3: 0 | J3: 1000 | K3: 0 | L3: 1000 | M3: 500 | N3: =+F3-I3-J3-K3-L3-M3+H3 -> 6000 | P3: 1000 | Q3: 10000
A4: 2 | B4: AYAK SOMUNU(BIDIK) | F4: 16000 | H4: 0 | I4: 0 | J4: 1000 | K4: 0 | L4: 0 | M4: 0 | N4: =+F4-I4-J4-K4-L4-M4+H4 -> 15000 | P4: 5000 | Q4: 20000
A5: 3 | B5: M10 OYNAR BAŞLIKLI BİNGO | F5: 400 | H5: 0 | I5: 0 | J5: 0 | K5: 0 | L5: 0 | M5: 0 | N5: =+F5-I5-J5-K5-L5-M5+H5 -> 400 | O5: BANK İÇİN | P5: 300 | Q5: 1000
A6: 4 | B6: M8 CİVATALI BİNGO | F6: 150 | H6: 0 | I6: 0 | J6: 0 | K6: 0 | L6: 0 | M6: 0 | N6: =+F6-I6-J6-K6-L6-M6+H6 -> 150 | O6: PLASTİK SİY.BÜYÜK | P6: 0
A7: 5 | B7: M8 OYNAR BAŞLIKLI BİNGO | F7: 1380 | H7: 0 | I7: 0 | J7: 350 | K7: 0 | L7: 0 | M7: 0 | N7: =+F7-I7-J7-K7-L7-M7+H7 -> 1030 | O7: KROM | P7: 300 | Q7: 1000
A8: 6 | F8: 0 | H8: 0 | I8: 0 | J8: 0 | K8: 0 | L8: 0 | M8: 0 | N8: =+F8-I8-J8-K8-L8-M8+H8 -> 0 | P8: 200 | Q8: 500
A9: 7 | B9: M8 CİVATALI BİNGO_MOB. | F9: 700 | H9: 0 | I9: 0 | J9: 25 | K9: 0 | L9: 350 | M9: 0 | N9: =+F9-I9-J9-K9-L9-M9+H9 -> 325 | O9: REFAKATÇI SİY.KÜÇÜK | P9: 200 | Q9: 500
A10: 8 | B10: M6 SOKET | F10: 45000 | H10: 0 | I10: 0 | J10: 5000 | K10: 0 | L10: 0 | M10: 0 | N10: =+F10-I10-J10-K10-L10-M10+H10 -> 40000 | P10: 10000 | Q10: 50000
A11: 9 | B11: PİMLİ TEKER NAYLON 50 | F11: 18350 | G11: 0 | H11: 0 | I11: 0 | J11: 1025 | K11: 2950 | L11: 1400 | M11: 1575 | N11: =+F11-I11-J11-K11-L11-M11+H11 -> 11400 | P11: 5000 | Q11: 30000
A12: 10 | B12: SİLİKON TEKER | F12: 720 | H12: 0 | I12: 0 | J12: 0 | K12: 0 | L12: 25 | M12: 0 | N12: =+F12-I12-J12-K12-L12-M12+H12 -> 695 | P12: 0
A13: 11 | B13: PİMLİ BİNGO | F13: 2800 | H13: 0 | I13: 0 | J13: 0 | K13: 0 | L13: 200 | M13: 0 | N13: =+F13-I13-J13-K13-L13-M13+H13 -> 2600 | P13: 1000 | Q13: 5000
A14: 12 | B14: LALE AYAK ÇEKYAT GEÇMELİ | F14: 140 | H14: 0 | I14: 0 | J14: 0 | K14: 0 | L14: 0 | M14: 0 | N14: =+F14-I14-J14-K14-L14-M14+H14 -> 140 | P14: 250 | Q14: 1000
A15: 13 | B15: TOKMAK | F15: ='KASIM 3 HAFTA '!N15 -> 800 | H15: 0 | I15: 0 | J15: 0 | K15: 0 | L15: 0 | M15: 200 | N15: =+F15-I15-J15-K15-L15-M15+H15 -> 600 | P15: 250 | Q15: 500
A16: 14 | B16: SEKRETER KÖRÜK | C16: 350 | F16: 2800 | H16: 0 | I16: 0 | J16: 0 | K16: 0 | L16: 0 | M16: 0 | N16: =+F16-I16-J16-K16-L16-M16+H16 -> 2800 | P16: 500 | Q16: 2000
A17: 15 | B17: AHŞAP TELESKOP KÖRÜK | F17: 46 | G17: 0 | H17: 500 | I17: 0 | J17: 77 | K17: 0 | L17: 50 | M17: 0 | N17: =+F17-I17-J17-K17-L17-M17+H17 -> 419 | P17: 100 | Q17: 500
A18: 16 | B18: VEGA KÖRÜK | F18: 4700 | H18: 0 | I18: 0 | J18: 500 | K18: 0 | L18: 1000 | M18: 0 | N18: =+F18-I18-J18-K18-L18-M18+H18 -> 3200 | P18: 1000 | Q18: 5000
A19: 17 | B19: YAZI TABLASI | F19: 80 | H19: 0 | I19: 64 | J19: 0 | K19: 0 | L19: 0 | M19: 0 | N19: =+F19-I19-J19-K19-L19-M19+H19 -> 16 | P19: 100 | Q19: 300
A20: 18 | B20: VEGA ÇAKMA KOL SEHPALI | F20: 775 | H20: 0 | I20: 0 | J20: 0 | K20: 0 | L20: 0 | M20: 0 | N20: =+F20-I20-J20-K20-L20-M20+H20 -> 775 | P20: 100 | Q20: 300
A21: 19 | B21: SİNEMA KAPAK KISA | F21: 388 | G21: 425 | H21: 0 | I21: 0 | J21: 0 | K21: 0 | L21: 21 | M21: 30 | N21: =+F21-I21-J21-K21-L21-M21+H21 -> 337 | P21: 200 | Q21: 500
A22: 20 | B22: KUYRUKLU TİLK MEKANİZMA | F22: 968 | H22: 0 | I22: 12 | J22: 36 | K22: 0 | L22: 8 | M22: 8 | N22: =+F22-I22-J22-K22-L22-M22+H22 -> 904 | P22: 100 | Q22: 300
A23: 21 | B23: 5 cm krom ayarlı ayak | F23: 234 | H23: 0 | I23: 0 | J23: 0 | K23: 0 | L23: 0 | M23: 190 | N23: =+F23-I23-J23-K23-L23-M23+H23 -> 44 | P23: 100 | Q23: 500
A24: 22 | B24: 28 MM İÇ TAKOZ | F24: 4000 | H24: 0 | I24: 0 | J24: 0 | K24: 0 | L24: 0 | M24: 0 | N24: =+F24-I24-J24-K24-L24-M24+H24 -> 4000
A25: 23 | B25: 19 MM İÇ TAKOZ | F25: 0 | H25: 0 | I25: 0 | J25: 0 | K25: 0 | L25: 0 | M25: 0 | N25: =+F25-I25-J25-K25-L25-M25+H25 -> 0
A26: 24 | B26: ÇİFT KOLLU TİLK MEK. | F26: 2750 | H26: 0 | I26: 0 | J26: 20 | K26: 64 | L26: 80 | M26: 24 | N26: =+F26-I26-J26-K26-L26-M26+H26 -> 2562 | P26: 500
A27: 25 | B27: TORNA AYAK AHŞAP | F27: 20 | H27: 0 | I27: 0 | J27: 0 | K27: 0 | L27: 0 | M27: 0 | N27: =+F27-I27-J27-K27-L27-M27+H27 -> 20
A28: 26 | B28: PİMLİ TEKER NAYLON 60 | F28: 2600 | H28: 0 | I28: 800 | J28: 0 | K28: 0 | L28: 0 | M28: 0 | N28: =+F28-I28-J28-K28-L28-M28+H28 -> 1800

Sheet EYLÜL 2023
B1: 45170
A2: S.NO | B2: ÜRÜN CİNSİ | F2: ADET | G2: devir | H2: GELEN | I2: 45174 | J2: 45180 | K2: 45189 | L2: 45194 | M2: 45199 | N2: KALAN | O2: AÇIKLAMA | P2: MİNİMUN | Q2: MAKSİMUN
A3: 1 | B3: U BAĞLANTI DEMİRİ | F3: 8500 | H3: 8000 | I3: 1000 | J3: 1500 | K3: 0 | L3: 0 | M3: 500 | N3: =+F3-I3-J3-K3-L3-M3+H3 -> 13500 | P3: 1000 | Q3: 10000
A4: 2 | B4: AYAK SOMUNU(BIDIK) | F4: 15000 | H4: 4400 | I4: 0 | J4: 0 | K4: 0 | L4: 0 | M4: 500 | N4: =+F4-I4-J4-K4-L4-M4+H4 -> 18900 | P4: 5000 | Q4: 20000
A5: 3 | B5: M10 OYNAR BAŞLIKLI BİNGO | F5: 400 | H5: 0 | I5: 0 | J5: 0 | K5: 0 | L5: 0 | M5: 0 | N5: =+F5-I5-J5-K5-L5-M5+H5 -> 400 | O5: BANK İÇİN | P5: 300 | Q5: 1000
A6: 4 | B6: M8 CİVATALI BİNGO | F6: 212 | H6: 0 | I6: 0 | J6: 0 | K6: 0 | L6: 0 | M6: 0 | N6: =+F6-I6-J6-K6-L6-M6+H6 -> 212 | O6: PLASTİK SİY.BÜYÜK | P6: 0
A7: 5 | B7: M8 OYNAR BAŞLIKLI BİNGO | F7: 1030 | H7: 0 | I7: 270 | J7: 0 | K7: 0 | L7: 0 | M7: 0 | N7: =+F7-I7-J7-K7-L7-M7+H7 -> 760 | O7: KROM | P7: 300 | Q7: 1000
A8: 6 | B8: M8 SOKET | F8: 15000 | H8: 0 | I8: 0 | J8: 0 | K8: 0 | L8: 0 | M8: 0 | N8: =+F8-I8-J8-K8-L8-M8+H8 -> 15000 | P8: 200 | Q8: 500
A9: 7 | B9: M8 CİVATALI BİNGO_MOB. | F9: 325 | H9: 0 | I9: 0 | J9: 0 | K9: 0 | L9: 0 | M9: 100 | N9: =+F9-I9-J9-K9-L9-M9+H9 -> 225 | O9: REFAKATÇI SİY.KÜÇÜK | P9: 200 | Q9: 500
A10: 8 | B10: M6 SOKET | F10: 25000 | H10: 0 | I10: 0 | J10: 0 | K10: 5000 | L10: 0 | M10: 500 | N10: =+F10-I10-J10-K10-L10-M10+H10 -> 19500 | P10: 10000 | Q10: 50000
A11: 9 | B11: PİMLİ TEKER NAYLON 50 | F11: 21200 | G11: 0 | H11: 0 | I11: 1850 | J11: 1000 | K11: 1000 | L11: 3000 | M11: 0 | N11: =+F11-I11-J11-K11-L11-M11+H11 -> 14350 | P11: 5000 | Q11: 30000
A12: 10 | B12: SİLİKON TEKER | F12: 450 | H12: 0 | I12: 0 | J12: 0 | K12: 0 | L12: 0 | M12: 0 | N12: =+F12-I12-J12-K12-L12-M12+H12 -> 450 | P12: 0
A13: 11 | B13: PİMLİ BİNGO | F13: 2800 | H13: 0 | I13: 0 | J13: 0 | K13: 0 | L13: 200 | M13: 0 | N13: =+F13-I13-J13-K13-L13-M13+H13 -> 2600 | P13: 1000 | Q13: 5000
A14: 12 | B14: LALE AYAK ÇEKYAT GEÇMELİ | F14: 140 | H14: 0 | I14: 0 | J14: 0 | K14: 0 | L14: 0 | M14: 0 | N14: =+F14-I14-J14-K14-L14-M14+H14 -> 140 | P14: 250 | Q14: 1000
A15: 13 | B15: TOKMAK | F15: ='KASIM 3 HAFTA '!N15 -> 800 | H15: 0 | I15: 0 | J15: 0 | K15: 0 | L15: 0 | M15: 0 | N15: =+F15-I15-J15-K15-L15-M15+H15 -> 800 | P15: 250 | Q15: 500
A16: 14 | B16: SEKRETER KÖRÜK | C16: 350 | F16: 2800 | H16: 0 | I16: 0 | J16: 0 | K16: 0 | L16: 0 | M16: 0 | N16: =+F16-I16-J16-K16-L16-M16+H16 -> 2800 | P16: 500 | Q16: 2000
A17: 15 | B17: AHŞAP TELESKOP KÖRÜK | F17: 310 | G17: 0 | H17: 0 | I17: 0 | J17: 0 | K17: 40 | L17: 100 | M17: 20 | N17: =+F17-I17-J17-K17-L17-M17+H17 -> 150 | P17: 100 | Q17: 500
A18: 16 | B18: VEGA KÖRÜK | F18: 4700 | H18: 0 | I18: 500 | J18: 0 | K18: 0 | L18: 0 | M18: 500 | N18: =+F18-I18-J18-K18-L18-M18+H18 -> 3700 | P18: 1000 | Q18: 5000
A19: 17 | B19: YAZI TABLASI | F19: 66 | H19: 100 | I19: 0 | J19: 100 | K19: 5 | L19: 0 | M19: 0 | N19: =+F19-I19-J19-K19-L19-M19+H19 -> 61 | P19: 100 | Q19: 300
A20: 18 | B20: VEGA ÇAKMA KOL | F20: 775 | H20: 0 | I20: 0 | J20: 0 | K20: 0 | L20: 0 | M20: 0 | N20: =+F20-I20-J20-K20-L20-M20+H20 -> 775 | P20: 100 | Q20: 300
A21: 19 | B21: SİNEMA KAPAK KISA | F21: 300 | G21: 425 | H21: 0 | I21: 0 | J21: 0 | K21: 0 | L21: 0 | M21: 0 | N21: =+F21-I21-J21-K21-L21-M21+H21 -> 300 | P21: 200 | Q21: 500
A22: 20 | B22: KUYRUKLU TİLK MEKANİZMA | F22: 968 | H22: 0 | I22: 36 | J22: 0 | K22: 237 | L22: 42 | M22: 90 | N22: =+F22-I22-J22-K22-L22-M22+H22 -> 563 | P22: 100 | Q22: 300
A23: 21 | B23: 5 cm krom ayarlı ayak | F23: 234 | H23: 0 | I23: 0 | J23: 0 | K23: 0 | L23: 20 | M23: 0 | N23: =+F23-I23-J23-K23-L23-M23+H23 -> 214 | P23: 100 | Q23: 500
A24: 22 | B24: VEGA KONFERANS KOL | F24: 60 | H24: 100 | I24: 0 | J24: 100 | K24: 0 | L24: 0 | M24: 0 | N24: =+F24-I24-J24-K24-L24-M24+H24 -> 60
A25: 23 | B25: 19 MM İÇ TAKOZ | F25: 0 | H25: 0 | I25: 0 | J25: 0 | K25: 0 | L25: 0 | M25: 0 | N25: =+F25-I25-J25-K25-L25-M25+H25 -> 0
A26: 24 | B26: ÇİFT KOLLU TİLK MEK. | F26: 2562 | H26: 0 | I26: 582 | J26: 16 | K26: 163 | L26: 0 | M26: 40 | N26: =+F26-I26-J26-K26-L26-M26+H26 -> 1761 | P26: 500
A27: 25 | B27: TORNA AYAK AHŞAP | F27: 20 | H27: 0 | I27: 0 | J27: 0 | K27: 0 | L27: 0 | M27: 0 | N27: =+F27-I27-J27-K27-L27-M27+H27 -> 20
A28: 26 | B28: PİMLİ TEKER NAYLON 60 | F28: 2090 | H28: 0 | I28: 0 | J28: 0 | K28: 600 | L28: 0 | M28: 0 | N28: =+F28-I28-J28-K28-L28-M28+H28 -> 1490

Sheet EKİM 2023
B1: 45200
A2: S.NO | B2: ÜRÜN CİNSİ | F2: ADET | G2: devir | H2: GELEN | I2: 45203 | J2: 45209 | K2: 45213 | L2: 45222 | M2: 45229 | N2: KALAN | O2: AÇIKLAMA | P2: MİNİMUN | Q2: MAKSİMUN
A3: 1 | B3: U BAĞLANTI DEMİRİ | F3: 13500 | H3: 0 | I3: 0 | J3: 500 | K3: 0 | L3: 1000 | M3: 1000 | N3: =+F3-I3-J3-K3-L3-M3+H3 -> 11000 | P3: 1000 | Q3: 10000
A4: 2 | B4: AYAK SOMUNU(BIDIK) | F4: 18900 | H4: 0 | I4: 0 | J4: 0 | K4: 0 | L4: 1000 | M4: 5000 | N4: =+F4-I4-J4-K4-L4-M4+H4 -> 12900 | P4: 5000 | Q4: 20000
A5: 3 | B5: M10 OYNAR BAŞLIKLI BİNGO | F5: 400 | H5: 0 | I5: 0 | J5: 0 | K5: 0 | L5: 0 | M5: 0 | N5: =+F5-I5-J5-K5-L5-M5+H5 -> 400 | O5: BANK İÇİN | P5: 300 | Q5: 1000
A6: 4 | B6: M8 CİVATALI BİNGO | F6: 212 | H6: 0 | I6: 0 | J6: 0 | K6: 0 | L6: 0 | M6: 0 | N6: =+F6-I6-J6-K6-L6-M6+H6 -> 212 | O6: PLASTİK SİY.BÜYÜK | P6: 0
A7: 5 | B7: M8 OYNAR BAŞLIKLI BİNGO | F7: 760 | H7: 0 | I7: 0 | J7: 0 | K7: 0 | L7: 0 | M7: 0 | N7: =+F7-I7-J7-K7-L7-M7+H7 -> 760 | O7: KROM | P7: 300 | Q7: 1000
A8: 6 | B8: M8 SOKET | F8: 15000 | H8: 0 | I8: 0 | J8: 0 | K8: 0 | L8: 3000 | M8: 0 | N8: =+F8-I8-J8-K8-L8-M8+H8 -> 12000 | P8: 200 | Q8: 500
A9: 7 | B9: M8 CİVATALI BİNGO_MOB. | F9: 225 | H9: 0 | I9: 0 | J9: 0 | K9: 0 | L9: 0 | M9: 0 | N9: =+F9-I9-J9-K9-L9-M9+H9 -> 225 | O9: REFAKATÇI SİY.KÜÇÜK | P9: 200 | Q9: 500
A10: 8 | B10: M6 SOKET | F10: 18000 | H10: 0 | I10: 0 | J10: 0 | K10: 0 | L10: 0 | M10: 5000 | N10: =+F10-I10-J10-K10-L10-M10+H10 -> 13000 | P10: 10000 | Q10: 50000
A11: 9 | B11: PİMLİ TEKER NAYLON 50 | F11: 14350 | G11: 0 | H11: 0 | I11: 200 | J11: 400 | K11: 0 | L11: 2830 | M11: 1920 | N11: =+F11-I11-J11-K11-L11-M11+H11 -> 9000 | P11: 5000 | Q11: 30000
A12: 10 | B12: SİLİKON TEKER | F12: 450 | H12: 450 | I12: 0 | J12: 0 | K12: 0 | L12: 0 | M12: 520 | N12: =+F12-I12-J12-K12-L12-M12+H12 -> 380 | P12: 0
A13: 11 | B13: PİMLİ BİNGO | F13: 2600 | H13: 0 | I13: 0 | J13: 0 | K13: 0 | L13: 0 | M13: 0 | N13: =+F13-I13-J13-K13-L13-M13+H13 -> 2600 | P13: 1000 | Q13: 5000
A14: 12 | B14: LALE AYAK ÇEKYAT GEÇMELİ | F14: 140 | H14: 0 | I14: 0 | J14: 0 | K14: 0 | L14: 0 | M14: 0 | N14: =+F14-I14-J14-K14-L14-M14+H14 -> 140 | P14: 250 | Q14: 1000
A15: 13 | B15: TOKMAK | F15: ='KASIM 3 HAFTA '!N15 -> 800 | H15: 0 | I15: 0 | J15: 0 | K15: 0 | L15: 0 | M15: 0 | N15: =+F15-I15-J15-K15-L15-M15+H15 -> 800 | P15: 250 | Q15: 500
A16: 14 | B16: SEKRETER KÖRÜK | C16: 350 | F16: 2800 | H16: 0 | I16: 0 | J16: 0 | K16: 0 | L16: 0 | M16: 0 | N16: =+F16-I16-J16-K16-L16-M16+H16 -> 2800 | P16: 500 | Q16: 2000
A17: 15 | B17: AHŞAP TELESKOP KÖRÜK | F17: 150 | G17: 0 | H17: 500 | I17: 45 | J17: 20 | K17: 0 | L17: 0 | M17: 100 | N17: =+F17-I17-J17-K17-L17-M17+H17 -> 485 | P17: 100 | Q17: 500
A18: 16 | B18: VEGA KÖRÜK | F18: 3700 | H18: 9900 | I18: 1000 | J18: 0 | K18: 0 | L18: 1350 | M18: 0 | N18: =+F18-I18-J18-K18-L18-M18+H18 -> 11250 | P18: 1000 | Q18: 5000
A19: 17 | B19: YAZI TABLASI | F19: 61 | H19: 0 | I19: 0 | J19: 0 | K19: 0 | L19: 0 | M19: 0 | N19: =+F19-I19-J19-K19-L19-M19+H19 -> 61 | P19: 100 | Q19: 300
A20: 18 | B20: VEGA ÇAKMA KOL | F20: 775 | H20: 0 | I20: 0 | J20: 0 | K20: 0 | L20: 0 | M20: 0 | N20: =+F20-I20-J20-K20-L20-M20+H20 -> 775 | P20: 100 | Q20: 300
A21: 19 | B21: SİNEMA KAPAK KISA | F21: 300 | G21: 425 | H21: 0 | I21: 0 | J21: 0 | K21: 0 | L21: 0 | M21: 0 | N21: =+F21-I21-J21-K21-L21-M21+H21 -> 300 | P21: 200 | Q21: 500
A22: 20 | B22: KUYRUKLU TİLK MEKANİZMA | F22: 563 | H22: 0 | I22: 84 | J22: 158 | K22: 0 | L22: 77 | M22: 132 | N22: =+F22-I22-J22-K22-L22-M22+H22 -> 112 | P22: 100 | Q22: 300
A23: 21 | B23: 5 cm krom ayarlı ayak | F23: 214 | H23: 0 | I23: 0 | J23: 0 | K23: 0 | L23: 0 | M23: 0 | N23: =+F23-I23-J23-K23-L23-M23+H23 -> 214 | P23: 100 | Q23: 500
A24: 22 | B24: VEGA KONFERANS KOL | F24: 60 | H24: 0 | I24: 0 | J24: 0 | K24: 0 | L24: 0 | M24: 0 | N24: =+F24-I24-J24-K24-L24-M24+H24 -> 60
A25: 23 | B25: SENRON MEKANİZMA | F25: 110 | H25: 0 | I25: 0 | J25: 0 | K25: 0 | L25: 0 | M25: 0 | N25: =+F25-I25-J25-K25-L25-M25+H25 -> 110
A26: 24 | B26: ÇİFT KOLLU TİLK MEK. | F26: 1761 | H26: 0 | I26: 80 | J26: 96 | K26: 0 | L26: 128 | M26: 271 | N26: =+F26-I26-J26-K26-L26-M26+H26 -> 1186 | P26: 500
A27: 25 | B27: TORNA AYAK | F27: 20 | G27: 0 | H27: 0 | I27: 0 | J27: 0 | K27: 0 | L27: 0 | M27: 0 | N27: =+F27-I27-J27-K27-L27-M27+H27 -> 20
A28: 26 | B28: PİMLİ TEKER NAYLON 60 | F28: 1490 | H28: 0 | I28: 0 | J28: 0 | K28: 0 | L28: 0 | M28: 1400 | N28: =+F28-I28-J28-K28-L28-M28+H28 -> 90

Sheet KASIM 2023
B1: 45231
A2: S.NO | B2: ÜRÜN CİNSİ | F2: ADET | G2: devir | H2: GELEN | I2: 45237 | J2: 45244 | K2: 45250 | L2: 45257 | M2: 45260 | N2: KALAN | O2: AÇIKLAMA | P2: MİNİMUN | Q2: MAKSİMUN
A3: 1 | B3: U BAĞLANTI DEMİRİ | F3: 11000 | H3: 0 | I3: 500 | J3: 500 | K3: 500 | L3: 500 | M3: 0 | N3: =+F3-I3-J3-K3-L3-M3+H3 -> 9000 | P3: 1000 | Q3: 10000
A4: 2 | B4: AYAK SOMUNU(BIDIK) | F4: 12900 | H4: 0 | I4: 0 | J4: 0 | K4: 0 | L4: 0 | M4: 0 | N4: =+F4-I4-J4-K4-L4-M4+H4 -> 12900 | P4: 5000 | Q4: 20000
A5: 3 | B5: M10 OYNAR BAŞLIKLI BİNGO | F5: 2500 | H5: 0 | I5: 0 | J5: 250 | K5: 0 | L5: 0 | M5: 0 | N5: =+F5-I5-J5-K5-L5-M5+H5 -> 2250 | O5: BANK İÇİN | P5: 300 | Q5: 1000
A6: 4 | B6: M8 CİVATALI BİNGO | F6: 2500 | H6: 0 | I6: 0 | J6: 250 | K6: 0 | L6: 0 | M6: 0 | N6: =+F6-I6-J6-K6-L6-M6+H6 -> 2250 | O6: PLASTİK SİY.BÜYÜK | P6: 0
A7: 5 | B7: M8 OYNAR BAŞLIKLI BİNGO | F7: 760 | H7: 0 | I7: 0 | J7: 100 | K7: 0 | L7: 12 | M7: 0 | N7: =+F7-I7-J7-K7-L7-M7+H7 -> 648 | O7: KROM | P7: 300 | Q7: 1000
A8: 6 | B8: M8 SOKET | F8: 12000 | H8: 0 | I8: 0 | J8: 0 | K8: 0 | L8: 0 | M8: 0 | N8: =+F8-I8-J8-K8-L8-M8+H8 -> 12000 | P8: 200 | Q8: 500
A9: 7 | B9: M8 CİVATALI BİNGO_MOB. | F9: 225 | H9: 0 | I9: 0 | J9: 0 | K9: 0 | L9: 0 | M9: 0 | N9: =+F9-I9-J9-K9-L9-M9+H9 -> 225 | O9: REFAKATÇI SİY.KÜÇÜK | P9: 200 | Q9: 500
A10: 8 | B10: M6 SOKET | F10: 13000 | H10: 0 | I10: 0 | J10: 0 | K10: 0 | L10: 0 | M10: 0 | N10: =+F10-I10-J10-K10-L10-M10+H10 -> 13000 | P10: 10000 | Q10: 50000
A11: 9 | B11: PİMLİ TEKER NAYLON 50 | F11: 9000 | G11: 0 | H11: 10600 | I11: 2200 | J11: 3800 | K11: 0 | L11: 2450 | M11: 1800 | N11: =+F11-I11-J11-K11-L11-M11+H11 -> 9350 | P11: 5000 | Q11: 30000
A12: 10 | B12: SİLİKON TEKER | F12: 380 | H12: 0 | I12: 0 | J12: 0 | K12: 0 | L12: 20 | M12: 0 | N12: =+F12-I12-J12-K12-L12-M12+H12 -> 360 | P12: 0
A13: 11 | B13: PİMLİ BİNGO | F13: 2600 | H13: 0 | I13: 0 | J13: 200 | K13: 0 | L13: 0 | M13: 0 | N13: =+F13-I13-J13-K13-L13-M13+H13 -> 2400 | P13: 1000 | Q13: 5000
A14: 12 | B14: LALE AYAK ÇEKYAT GEÇMELİ | F14: 140 | H14: 0 | I14: 0 | J14: 0 | K14: 0 | L14: 0 | M14: 36 | N14: =+F14-I14-J14-K14-L14-M14+H14 -> 104 | P14: 250 | Q14: 1000
A15: 13 | B15: TOKMAK | F15: ='KASIM 3 HAFTA '!N15 -> 800 | H15: 0 | I15: 0 | J15: 0 | K15: 0 | L15: 0 | M15: 0 | N15: =+F15-I15-J15-K15-L15-M15+H15 -> 800 | P15: 250 | Q15: 500
A16: 14 | B16: SEKRETER KÖRÜK | C16: 350 | F16: 2800 | H16: 0 | I16: 0 | J16: 0 | K16: 0 | L16: 0 | M16: 0 | N16: =+F16-I16-J16-K16-L16-M16+H16 -> 2800 | P16: 500 | Q16: 2000
A17: 15 | B17: AHŞAP TELESKOP KÖRÜK | F17: 485 | G17: 0 | H17: 0 | I17: 0 | J17: 80 | K17: 60 | L17: 20 | M17: 60 | N17: =+F17-I17-J17-K17-L17-M17+H17 -> 265 | P17: 100 | Q17: 500
A18: 16 | B18: VEGA KÖRÜK | F18: 10250 | H18: 0 | I18: 0 | J18: 450 | K18: 0 | L18: 1350 | M18: 0 | N18: =+F18-I18-J18-K18-L18-M18+H18 -> 8450 | P18: 1000 | Q18: 5000
A19: 17 | B19: YAZI TABLASI | F19: 61 | H19: 0 | I19: 0 | J19: 0 | K19: 0 | L19: 0 | M19: 54 | N19: =+F19-I19-J19-K19-L19-M19+H19 -> 7 | P19: 100 | Q19: 300
A20: 18 | B20: VEGA ÇAKMA KOL | F20: 775 | H20: 0 | I20: 0 | J20: 0 | K20: 0 | L20: 0 | M20: 54 | N20: =+F20-I20-J20-K20-L20-M20+H20 -> 721 | P20: 100 | Q20: 300
A21: 19 | B21: SİNEMA KAPAK KISA | F21: 300 | G21: 425 | H21: 0 | I21: 0 | J21: 50 | K21: 0 | L21: 65 | M21: 0 | N21: =+F21-I21-J21-K21-L21-M21+H21 -> 185 | P21: 200 | Q21: 500
A22: 20 | B22: KUYRUKLU TİLK MEKANİZMA | F22: 86 | H22: 50 | I22: 2 | J22: 0 | K22: 9 | L22: 25 | M22: 37 | N22: =+F22-I22-J22-K22-L22-M22+H22 -> 63 | P22: 100 | Q22: 300
A23: 21 | B23: 5 cm krom ayarlı ayak | F23: 214 | H23: 0 | I23: 0 | J23: 0 | K23: 0 | L23: 0 | M23: 0 | N23: =+F23-I23-J23-K23-L23-M23+H23 -> 214 | P23: 100 | Q23: 500
A24: 22 | B24: VEGA KONFERANS KOL | F24: 60 | H24: 0 | I24: 0 | J24: 0 | K24: 0 | L24: 0 | M24: 0 | N24: =+F24-I24-J24-K24-L24-M24+H24 -> 60
A25: 23 | B25: SENRON MEKANİZMA | F25: 110 | H25: 0 | I25: 0 | J25: 0 | K25: 0 | L25: 0 | M25: 5 | N25: =+F25-I25-J25-K25-L25-M25+H25 -> 105
A26: 24 | B26: ÇİFT KOLLU TİLK MEK. | F26: 1086 | H26: 150 | I26: 118 | J26: 194 | K26: 138 | L26: 132 | M26: 446 | N26: =+F26-I26-J26-K26-L26-M26+H26 -> 208 | P26: 500
A27: 25 | B27: TORNA AYAK | F27: 20 | G27: 0 | H27: 0 | I27: 0 | J27: 0 | K27: 0 | L27: 0 | M27: 0 | N27: =+F27-I27-J27-K27-L27-M27+H27 -> 20
A28: 26 | B28: PİMLİ TEKER NAYLON 60 | F28: 90 | H28: 5000 | I28: 0 | J28: 0 | K28: 0 | L28: 0 | M28: 0 | N28: =+F28-I28-J28-K28-L28-M28+H28 -> 5090

Sheet ARALIK2023
B1: 45261
A2: S.NO | B2: ÜRÜN CİNSİ | F2: ADET | G2: devir | H2: GELEN | I2: 45271 | J2: 45278 | K2: 45285 | L2: 45287 | M2: 45291 | N2: KALAN | O2: AÇIKLAMA | P2: MİNİMUN | Q2: MAKSİMUN
A3: 1 | B3: U BAĞLANTI DEMİRİ | F3: 9000 | H3: 0 | I3: 0 | J3: 500 | K3: 50 | L3: 0 | M3: 500 | N3: =+F3-I3-J3-K3-L3-M3+H3 -> 7950 | P3: 1000 | Q3: 10000
A4: 2 | B4: AYAK SOMUNU(BIDIK) | F4: 12000 | H4: 0 | I4: 0 | J4: 0 | K4: 1000 | L4: 0 | M4: 1000 | N4: =+F4-I4-J4-K4-L4-M4+H4 -> 10000 | P4: 5000 | Q4: 20000
A5: 3 | B5: M10 OYNAR BAŞLIKLI BİNGO | F5: 2250 | H5: 0 | I5: 0 | J5: 0 | K5: 500 | L5: 0 | M5: 500 | N5: =+F5-I5-J5-K5-L5-M5+H5 -> 1250 | O5: BANK İÇİN | P5: 300 | Q5: 1000
A6: 4 | B6: M8 CİVATALI BİNGO | F6: 2250 | H6: 0 | I6: 500 | J6: 500 | K6: 500 | L6: 0 | M6: 500 | N6: =+F6-I6-J6-K6-L6-M6+H6 -> 250 | O6: PLASTİK SİY.BÜYÜK | P6: 0
A7: 5 | B7: M8 OYNAR BAŞLIKLI BİNGO | F7: 648 | H7: 0 | I7: 0 | J7: 0 | K7: 0 | L7: 0 | M7: 100 | N7: =+F7-I7-J7-K7-L7-M7+H7 -> 548 | O7: KROM | P7: 300 | Q7: 1000
A8: 6 | B8: M8 SOKET | F8: 12000 | H8: 0 | I8: 0 | J8: 0 | K8: 1000 | L8: 0 | M8: 1000 | N8: =+F8-I8-J8-K8-L8-M8+H8 -> 10000 | P8: 200 | Q8: 500
A9: 7 | B9: M8 CİVATALI BİNGO_MOB. | F9: 225 | H9: 0 | I9: 0 | J9: 0 | K9: 0 | L9: 0 | M9: 0 | N9: =+F9-I9-J9-K9-L9-M9+H9 -> 225 | O9: REFAKATÇI SİY.KÜÇÜK | P9: 200 | Q9: 500
A10: 8 | B10: M6 SOKET | F10: 13000 | H10: 0 | I10: 0 | J10: 0 | K10: 1000 | L10: 0 | M10: 2000 | N10: =+F10-I10-J10-K10-L10-M10+H10 -> 10000 | P10: 10000 | Q10: 50000
A11: 9 | B11: PİMLİ TEKER NAYLON 50 | F11: 9350 | G11: 0 | H11: 3400 | I11: 700 | J11: 200 | K11: 1000 | L11: 0 | M11: 1100 | N11: =+F11-I11-J11-K11-L11-M11+H11 -> 9750 | P11: 5000 | Q11: 30000
A12: 10 | B12: SİLİKON TEKER | F12: 120 | H12: 0 | I12: 0 | J12: 0 | K12: 0 | L12: 0 | M12: 0 | N12: =+F12-I12-J12-K12-L12-M12+H12 -> 120 | P12: 0
A13: 11 | B13: PİMLİ BİNGO | F13: 2400 | H13: 0 | I13: 200 | J13: 0 | K13: 200 | L13: 0 | M13: 70 | N13: =+F13-I13-J13-K13-L13-M13+H13 -> 1930 | P13: 1000 | Q13: 5000
A14: 12 | B14: LALE AYAK ÇEKYAT GEÇMELİ | F14: 104 | H14: 0 | I14: 0 | J14: 0 | K14: 0 | L14: 0 | M14: 0 | N14: =+F14-I14-J14-K14-L14-M14+H14 -> 104 | P14: 250 | Q14: 1000
A15: 13 | B15: TOKMAK | F15: ='KASIM 3 HAFTA '!N15 -> 800 | H15: 0 | I15: 0 | J15: 0 | K15: 0 | L15: 0 | M15: 0 | N15: =+F15-I15-J15-K15-L15-M15+H15 -> 800 | P15: 250 | Q15: 500
A16: 14 | B16: SEKRETER KÖRÜK | C16: 350 | F16: 2500 | H16: 0 | I16: 0 | J16: 0 | K16: 0 | L16: 0 | M16: 0 | N16: =+F16-I16-J16-K16-L16-M16+H16 -> 2500 | P16: 500 | Q16: 2000
A17: 15 | B17: AHŞAP TELESKOP KÖRÜK | F17: 165 | G17: 165 | H17: 500 | I17: 40 | J17: 50 | K17: 20 | L17: 0 | M17: 0 | N17: =+F17-I17-J17-K17-L17-M17+H17 -> 555 | P17: 100 | Q17: 500
A18: 16 | B18: VEGA KÖRÜK | F18: 8400 | H18: 0 | I18: 0 | J18: 0 | K18: 0 | L18: 0 | M18: 0 | N18: =+F18-I18-J18-K18-L18-M18+H18 -> 8400 | P18: 1000 | Q18: 5000
A19: 17 | B19: YAZI TABLASI | F19: 7 | H19: 200 | I19: 0 | J19: 0 | K19: 0 | L19: 0 | M19: 87 | N19: =+F19-I19-J19-K19-L19-M19+H19 -> 120 | P19: 100 | Q19: 300
A20: 18 | B20: VEGA ÇAKMA KOL | F20: 225 | H20: 100 | I20: 0 | J20: 0 | K20: 0 | L20: 0 | M20: 87 | N20: =+F20-I20-J20-K20-L20-M20+H20 -> 238 | P20: 100 | Q20: 300
A21: 19 | B21: SİNEMA KAPAK KISA | F21: 185 | G21: 425 | H21: 0 | I21: 0 | J21: 0 | K21: 0 | L21: 0 | M21: 0 | N21: =+F21-I21-J21-K21-L21-M21+H21 -> 185 | P21: 200 | Q21: 500
A22: 20 | B22: KUYRUKLU TİLK MEKANİZMA | F22: 40 | H22: 90 | I22: 26 | J22: 3 | K22: 0 | L22: 0 | M22: 24 | N22: =+F22-I22-J22-K22-L22-M22+H22 -> 77 | P22: 100 | Q22: 300
A23: 21 | B23: 5 cm krom ayarlı ayak | F23: 214 | H23: 0 | I23: 0 | J23: 0 | K23: 0 | L23: 0 | M23: 0 | N23: =+F23-I23-J23-K23-L23-M23+H23 -> 214 | P23: 100 | Q23: 500
A24: 22 | B24: VEGA KONFERANS KOL | F24: 60 | H24: 0 | I24: 0 | J24: 0 | K24: 0 | L24: 0 | M24: 0 | N24: =+F24-I24-J24-K24-L24-M24+H24 -> 60
A25: 23 | B25: SENRON MEKANİZMA | F25: 100 | H25: 0 | I25: 0 | J25: 0 | K25: 0 | L25: 0 | M25: 0 | N25: =+F25-I25-J25-K25-L25-M25+H25 -> 100
A26: 24 | B26: ÇİFT KOLLU TİLK MEK. | F26: 208 | H26: 390 | I26: 101 | J26: 180 | K26: 47 | L26: 0 | M26: 168 | N26: =+F26-I26-J26-K26-L26-M26+H26 -> 102 | P26: 500
A27: 25 | B27: TORNA AYAK | F27: 20 | G27: 0 | H27: 0 | I27: 0 | J27: 0 | K27: 0 | L27: 0 | M27: 0 | N27: =+F27-I27-J27-K27-L27-M27+H27 -> 20
A28: 26 | B28: PİMLİ TEKER NAYLON 60 | F28: 5090 | H28: 0 | I28: 600 | J28: 400 | K28: 600 | L28: 0 | M28: 600 | N28: =+F28-I28-J28-K28-L28-M28+H28 -> 2890 | P28: 1000

Sheet OCAK 2024
B1: 45292
A2: S.NO | B2: ÜRÜN CİNSİ | F2: ADET | G2: devir | H2: GELEN | I2: 45296 | J2: 45306 | K2: 45310 | L2: 45316 | M2: 45322 | N2: KALAN | O2: AÇIKLAMA | P2: MİNİMUN | Q2: MAKSİMUN
A3: 1 | B3: U BAĞLANTI DEMİRİ | F3: 6500 | H3: 0 | I3: 500 | J3: 500 | K3: 500 | L3: 500 | M3: 500 | N3: =+F3-I3-J3-K3-L3-M3+H3 -> 4000 | P3: 1000 | Q3: 10000
A4: 2 | B4: AYAK SOMUNU(BIDIK) | F4: 10000 | H4: 0 | I4: 1000 | J4: 0 | K4: 0 | L4: 0 | M4: 0 | N4: =+F4-I4-J4-K4-L4-M4+H4 -> 9000 | P4: 5000 | Q4: 20000
A5: 3 | B5: M10 OYNAR BAŞLIKLI BİNGO | F5: 1250 | H5: 0 | I5: 0 | J5: 0 | K5: 0 | L5: 0 | M5: 0 | N5: =+F5-I5-J5-K5-L5-M5+H5 -> 1250 | O5: BANK İÇİN | P5: 300 | Q5: 1000
A6: 4 | B6: M8 CİVATALI BİNGO | F6: 250 | H6: 0 | I6: 0 | J6: 0 | K6: 0 | L6: 0 | M6: 0 | N6: =+F6-I6-J6-K6-L6-M6+H6 -> 250 | O6: PLASTİK SİY.BÜYÜK | P6: 0
A7: 5 | B7: M8 OYNAR BAŞLIKLI BİNGO | F7: 500 | H7: 0 | I7: 0 | J7: 24 | K7: 0 | L7: 0 | M7: 0 | N7: =+F7-I7-J7-K7-L7-M7+H7 -> 476 | O7: KROM | P7: 300 | Q7: 1000
A8: 6 | B8: M8 SOKET | F8: 10000 | H8: 0 | I8: 1000 | J8: 1000 | K8: 0 | L8: 1000 | M8: 0 | N8: =+F8-I8-J8-K8-L8-M8+H8 -> 7000 | P8: 200 | Q8: 500
A9: 7 | B9: M8 CİVATALI BİNGO_MOB. | F9: 225 | H9: 0 | I9: 0 | J9: 0 | K9: 0 | L9: 0 | M9: 0 | N9: =+F9-I9-J9-K9-L9-M9+H9 -> 225 | O9: REFAKATÇI SİY.KÜÇÜK | P9: 200 | Q9: 500
A10: 8 | B10: M6 SOKET | F10: 10000 | H10: 0 | I10: 1000 | J10: 0 | K10: 0 | L10: 0 | M10: 0 | N10: =+F10-I10-J10-K10-L10-M10+H10 -> 9000 | P10: 10000 | Q10: 50000
A11: 9 | B11: PİMLİ TEKER NAYLON 50 | F11: 9750 | G11: 0 | H11: 0 | I11: 400 | J11: 1050 | K11: 1000 | L11: 1600 | M11: 75 | N11: =+F11-I11-J11-K11-L11-M11+H11 -> 5625 | P11: 5000 | Q11: 30000
A12: 10 | F12: 0 | H12: 0 | I12: 0 | J12: 0 | K12: 0 | L12: 0 | M12: 0 | N12: =+F12-I12-J12-K12-L12-M12+H12 -> 0 | P12: 0
A13: 11 | B13: PİMLİ BİNGO | F13: 2800 | H13: 0 | I13: 0 | J13: 200 | K13: 0 | L13: 400 | M13: 0 | N13: =+F13-I13-J13-K13-L13-M13+H13 -> 2200 | P13: 1000 | Q13: 5000
A14: 12 | B14: LALE AYAK ÇEKYAT GEÇMELİ | F14: 1050 | H14: 0 | I14: 0 | J14: 0 | K14: 0 | L14: 0 | M14: 0 | N14: =+F14-I14-J14-K14-L14-M14+H14 -> 1050 | P14: 250 | Q14: 1000
A15: 13 | B15: TOKMAK | F15: ='KASIM 3 HAFTA '!N15 -> 800 | H15: 0 | I15: 0 | J15: 200 | K15: 0 | L15: 0 | M15: 0 | N15: =+F15-I15-J15-K15-L15-M15+H15 -> 600 | P15: 250 | Q15: 500
A16: 14 | B16: SEKRETER KÖRÜK | C16: 350 | F16: 2500 | H16: 0 | I16: 0 | J16: 0 | K16: 0 | L16: 0 | M16: 0 | N16: =+F16-I16-J16-K16-L16-M16+H16 -> 2500 | P16: 500 | Q16: 2000
A17: 15 | B17: AHŞAP TELESKOP KÖRÜK | F17: 500 | G17: 165 | H17: 0 | I17: 40 | J17: 120 | K17: 0 | L17: 60 | M17: 60 | N17: =+F17-I17-J17-K17-L17-M17+H17 -> 220 | P17: 100 | Q17: 500
A18: 16 | B18: VEGA KÖRÜK | F18: 5850 | H18: 0 | I18: 500 | J18: 500 | K18: 500 | L18: 500 | M18: 450 | N18: =+F18-I18-J18-K18-L18-M18+H18 -> 3400 | P18: 1000 | Q18: 5000
A19: 17 | B19: YAZI TABLASI | F19: 150 | H19: 0 | I19: 6 | J19: 31 | K19: 17 | L19: 5 | M19: 0 | N19: =+F19-I19-J19-K19-L19-M19+H19 -> 91 | P19: 100 | Q19: 300
A20: 18 | B20: VEGA ÇAKMA KOL | F20: 238 | H20: 0 | I20: 0 | J20: 20 | K20: 17 | L20: 0 | M20: 0 | N20: =+F20-I20-J20-K20-L20-M20+H20 -> 201 | P20: 100 | Q20: 300
A21: 19 | B21: SİNEMA KAPAK KISA | F21: 150 | G21: 425 | H21: 390 | I21: 0 | J21: 90 | K21: 0 | L21: 75 | M21: 0 | N21: =+F21-I21-J21-K21-L21-M21+H21 -> 375 | P21: 200 | Q21: 500
A22: 20 | B22: KUYRUKLU TİLK MEKANİZMA | F22: 42 | H22: 168 | I22: 31 | J22: 29 | K22: 58 | L22: 25 | M22: 10 | N22: =+F22-I22-J22-K22-L22-M22+H22 -> 57 | P22: 100 | Q22: 300
A23: 21 | B23: ÇİFT KOLLU TİLK MEK. | F23: 72 | H23: 664 | I23: 64 | J23: 18 | K23: 60 | L23: 384 | M23: 85 | N23: =+F23-I23-J23-K23-L23-M23+H23 -> 125 | P23: 500 | Q23: 1500
A24: 22 | B24: VEGA KONFERANS KOL | F24: 60 | H24: 0 | I24: 0 | J24: 0 | K24: 0 | L24: 0 | M24: 0 | N24: =+F24-I24-J24-K24-L24-M24+H24 -> 60 | P24: 100 | Q24: 250
A25: 23 | B25: SENRON MEKANİZMA | F25: 100 | H25: 0 | I25: 0 | J25: 10 | K25: 12 | L25: 0 | M25: 0 | N25: =+F25-I25-J25-K25-L25-M25+H25 -> 78 | P25: 10 | Q25: 100
A26: 24 | B26: PİMLİ TEKER NAYLON 60 | F26: 2800 | H26: 10000 | I26: 800 | J26: 800 | K26: 650 | L26: 1000 | M26: 600 | N26: =+F26-I26-J26-K26-L26-M26+H26 -> 8950 | P26: 2000 | Q26: 10000
A27: 25 | B27: 5 cm krom ayarlı ayak | F27: 55 | H27: 0 | I27: 0 | J27: 0 | K27: 0 | L27: 0 | M27: 16 | N27: =+F27-I27-J27-K27-L27-M27+H27 -> 39 | P27: 100 | Q27: 500
A28: 26 | B28: PİMLİ TEKER 60 LIK BEYAZ | F28: 0 | G28: 0 | H28: 450 | I28: 0 | J28: 0 | K28: 0 | L28: 0 | M28: 0 | N28: =+F28-I28-J28-K28-L28-M28+H28 -> 450

Sheet ŞUBAT 2024
B1: 45323
A2: S.NO | B2: ÜRÜN CİNSİ | F2: ADET | G2: devir | H2: GELEN | I2: 45331 | J2: 45341 | K2: 45345 | L2: 45351 | M2: 0 | N2: KALAN | O2: AÇIKLAMA | P2: MİNİMUN | Q2: MAKSİMUN
A3: 1 | B3: U BAĞLANTI DEMİRİ | F3: 4000 | H3: 7500 | I3: 0 | J3: 500 | K3: 0 | L3: 500 | M3: 0 | N3: =+F3-I3-J3-K3-L3-M3+H3 -> 10500 | P3: 1000 | Q3: 10000
A4: 2 | B4: AYAK SOMUNU(BIDIK) | F4: 9000 | H4: 0 | I4: 0 | J4: 0 | K4: 0 | L4: 0 | M4: 0 | N4: =+F4-I4-J4-K4-L4-M4+H4 -> 9000 | P4: 5000 | Q4: 20000
A5: 3 | B5: M10 OYNAR BAŞLIKLI BİNGO | F5: 1150 | H5: 0 | I5: 0 | J5: 0 | K5: 0 | L5: 0 | M5: 0 | N5: =+F5-I5-J5-K5-L5-M5+H5 -> 1150 | O5: BANK İÇİN | P5: 300 | Q5: 1000
A6: 4 | B6: M8 CİVATALI BİNGO | F6: 250 | H6: 0 | I6: 0 | J6: 0 | K6: 0 | L6: 0 | M6: 0 | N6: =+F6-I6-J6-K6-L6-M6+H6 -> 250 | O6: PLASTİK SİY.BÜYÜK | P6: 0
A7: 5 | B7: M8 OYNAR BAŞLIKLI BİNGO | F7: 476 | H7: 0 | I7: 0 | J7: 0 | K7: 0 | L7: 0 | M7: 0 | N7: =+F7-I7-J7-K7-L7-M7+H7 -> 476 | O7: KROM | P7: 300 | Q7: 1000
A8: 6 | B8: M8 SOKET | F8: 7000 | H8: 0 | I8: 0 | J8: 0 | K8: 0 | L8: 0 | M8: 0 | N8: =+F8-I8-J8-K8-L8-M8+H8 -> 7000 | P8: 200 | Q8: 500
A9: 7 | B9: M8 CİVATALI BİNGO_MOB. | F9: 225 | H9: 0 | I9: 0 | J9: 0 | K9: 0 | L9: 0 | M9: 0 | N9: =+F9-I9-J9-K9-L9-M9+H9 -> 225 | O9: REFAKATÇI SİY.KÜÇÜK | P9: 200 | Q9: 500
A10: 8 | B10: M6 SOKET | F10: 9000 | H10: 0 | I10: 0 | J10: 0 | K10: 0 | L10: 0 | M10: 0 | N10: =+F10-I10-J10-K10-L10-M10+H10 -> 9000 | P10: 10000 | Q10: 50000
A11: 9 | B11: PİMLİ TEKER NAYLON 50 | F11: 5625 | G11: 0 | H11: 9700 | I11: 900 | J11: 8700 | K11: 0 | L11: 1650 | M11: 0 | N11: =+F11-I11-J11-K11-L11-M11+H11 -> 4075 | P11: 5000 | Q11: 30000
A12: 10 | B12: YARASA ŞASE KUYRUKLU | F12: 0 | H12: 252 | I12: 0 | J12: 0 | K12: 12 | L12: 0 | M12: 0 | N12: =+F12-I12-J12-K12-L12-M12+H12 -> 240 | P12: 0
A13: 11 | B13: PİMLİ BİNGO | F13: 2200 | H13: 0 | I13: 0 | J13: 0 | K13: 500 | L13: 200 | M13: 0 | N13: =+F13-I13-J13-K13-L13-M13+H13 -> 1500 | P13: 1000 | Q13: 5000
A14: 12 | B14: LALE AYAK ÇEKYAT GEÇMELİ | F14: 1050 | H14: 0 | I14: 0 | J14: 0 | K14: 0 | L14: 0 | M14: 0 | N14: =+F14-I14-J14-K14-L14-M14+H14 -> 1050 | P14: 250 | Q14: 1000
A15: 13 | B15: TOKMAK | F15: 600 | H15: 0 | I15: 0 | J15: 0 | K15: 0 | L15: 0 | M15: 0 | N15: =+F15-I15-J15-K15-L15-M15+H15 -> 600 | P15: 250 | Q15: 500
A16: 14 | B16: SEKRETER KÖRÜK | C16: 350 | F16: 2500 | H16: 0 | I16: 0 | J16: 0 | K16: 0 | L16: 0 | M16: 0 | N16: =+F16-I16-J16-K16-L16-M16+H16 -> 2500 | P16: 500 | Q16: 2000
A17: 15 | B17: AHŞAP TELESKOP KÖRÜK | F17: 220 | G17: 165 | H17: 1500 | I17: 20 | J17: 140 | K17: 100 | L17: 140 | M17: 0 | N17: =+F17-I17-J17-K17-L17-M17+H17 -> 1320 | P17: 100 | Q17: 500
A18: 16 | B18: VEGA KÖRÜK | F18: 3400 | H18: 0 | I18: 0 | J18: 0 | K18: 450 | L18: 450 | M18: 0 | N18: =+F18-I18-J18-K18-L18-M18+H18 -> 2500 | P18: 1000 | Q18: 5000
A19: 17 | B19: YAZI TABLASI | F19: 91 | H19: 100 | I19: 10 | J19: 0 | K19: 0 | L19: 50 | M19: 0 | N19: =+F19-I19-J19-K19-L19-M19+H19 -> 131 | P19: 100 | Q19: 300
A20: 18 | B20: VEGA ÇAKMA KOL | F20: 201 | H20: 0 | I20: 10 | J20: 0 | K20: 100 | L20: 50 | M20: 0 | N20: =+F20-I20-J20-K20-L20-M20+H20 -> 41 | P20: 100 | Q20: 300
A21: 19 | B21: SİNEMA KAPAK KISA | F21: 375 | G21: 425 | H21: 0 | I21: 0 | J21: 0 | K21: 93 | L21: 0 | M21: 0 | N21: =+F21-I21-J21-K21-L21-M21+H21 -> 282 | P21: 200 | Q21: 500
A22: 20 | B22: KUYRUKLU TİLK MEKANİZMA | F22: 97 | H22: 91 | I22: 30 | J22: 22 | K22: 34 | L22: 66 | M22: 0 | N22: =+F22-I22-J22-K22-L22-M22+H22 -> 36 | P22: 100 | Q22: 300
A23: 21 | B23: ÇİFT KOLLU TİLK MEK. | F23: 121 | H23: 1988 | I23: 206 | J23: 296 | K23: 338 | L23: 450 | M23: 0 | N23: =+F23-I23-J23-K23-L23-M23+H23 -> 819 | P23: 500 | Q23: 1500
A24: 22 | B24: VEGA KONFERANS KOL | F24: 60 | H24: 100 | I24: 0 | J24: 0 | K24: 100 | L24: 0 | M24: 0 | N24: =+F24-I24-J24-K24-L24-M24+H24 -> 60 | P24: 100 | Q24: 250
A25: 23 | B25: SENRON MEKANİZMA | F25: 78 | H25: 0 | I25: 0 | J25: 0 | K25: 0 | L25: 0 | M25: 0 | N25: =+F25-I25-J25-K25-L25-M25+H25 -> 78 | P25: 10 | Q25: 100
A26: 24 | B26: PİMLİ TEKER NAYLON 60 | F26: 8950 | H26: 7000 | I26: 725 | J26: 2800 | K26: 400 | L26: 0 | M26: 0 | N26: =+F26-I26-J26-K26-L26-M26+H26 -> 12025 | P26: 2000 | Q26: 10000
A27: 25 | B27: 5 cm krom ayarlı ayak | F27: 39 | H27: 0 | I27: 0 | J27: 0 | K27: 0 | L27: 0 | M27: 0 | N27: =+F27-I27-J27-K27-L27-M27+H27 -> 39 | P27: 100 | Q27: 500
A28: 26 | B28: PİMLİ TEKER 60 LIK BEYAZ | F28: 450 | G28: 0 | H28: 0 | I28: 0 | J28: 0 | K28: 0 | L28: 450 | M28: 0 | N28: =+F28-I28-J28-K28-L28-M28+H28 -> 0
A29: 27 | B29: YARASA ŞASE | H29: 240 | K29: 8 | N29: =+F29-I29-J29-K29-L29-M29+H29 -> 232

Sheet MART 2024
B1: 45352
A2: S.NO | B2: ÜRÜN CİNSİ | F2: ADET | G2: devir | H2: GELEN | I2: 45359 | J2: 45366 | K2: 45373 | L2: 45379 | M2: 45382 | N2: KALAN | O2: AÇIKLAMA | P2: MİNİMUN | Q2: MAKSİMUN
A3: 1 | B3: U BAĞLANTI DEMİRİ | F3: 10500 | H3: 0 | I3: 500 | J3: 500 | K3: 500 | L3: 1000 | M3: 0 | N3: =+F3-I3-J3-K3-L3-M3+H3 -> 8000 | P3: 1000 | Q3: 10000
A4: 2 | B4: AYAK SOMUNU(BIDIK) | F4: 9000 | H4: 0 | I4: 0 | J4: 0 | K4: 0 | L4: 0 | M4: 0 | N4: =+F4-I4-J4-K4-L4-M4+H4 -> 9000 | P4: 5000 | Q4: 20000
A5: 3 | B5: M10 OYNAR BAŞLIKLI BİNGO | F5: 1150 | H5: 0 | I5: 0 | J5: 0 | K5: 0 | L5: 0 | M5: 0 | N5: =+F5-I5-J5-K5-L5-M5+H5 -> 1150 | O5: BANK İÇİN | P5: 300 | Q5: 1000
A6: 4 | B6: M8 CİVATALI BİNGO | F6: 250 | H6: 0 | I6: 0 | J6: 0 | K6: 0 | L6: 0 | M6: 0 | N6: =+F6-I6-J6-K6-L6-M6+H6 -> 250 | O6: PLASTİK SİY.BÜYÜK | P6: 0
A7: 5 | B7: M8 OYNAR BAŞLIKLI BİNGO | F7: 476 | H7: 0 | I7: 0 | J7: 0 | K7: 0 | L7: 0 | M7: 0 | N7: =+F7-I7-J7-K7-L7-M7+H7 -> 476 | O7: KROM | P7: 300 | Q7: 1000
A8: 6 | B8: M8 SOKET | F8: 7000 | H8: 0 | I8: 0 | J8: 0 | K8: 0 | L8: 0 | M8: 0 | N8: =+F8-I8-J8-K8-L8-M8+H8 -> 7000 | P8: 200 | Q8: 500
A9: 7 | B9: M8 CİVATALI BİNGO_MOB. | F9: 225 | H9: 0 | I9: 0 | J9: 0 | K9: 0 | L9: 0 | M9: 0 | N9: =+F9-I9-J9-K9-L9-M9+H9 -> 225 | O9: REFAKATÇI SİY.KÜÇÜK | P9: 200 | Q9: 500
A10: 8 | B10: M6 SOKET | F10: 9000 | H10: 0 | I10: 1000 | J10: 0 | K10: 0 | L10: 0 | M10: 0 | N10: =+F10-I10-J10-K10-L10-M10+H10 -> 8000 | P10: 10000 | Q10: 50000
A11: 9 | B11: PİMLİ TEKER NAYLON 50 | F11: 4075 | G11: 0 | H11: 10000 | I11: 1200 | J11: 800 | K11: 0 | L11: 3400 | M11: 0 | N11: =+F11-I11-J11-K11-L11-M11+H11 -> 8675 | P11: 5000 | Q11: 30000
A12: 10 | B12: YARASA ŞASE KUYRUKLU | F12: 240 | H12: 0 | I12: 0 | J12: 0 | K12: 12 | L12: 16 | M12: 0 | N12: =+F12-I12-J12-K12-L12-M12+H12 -> 212 | P12: 0
A13: 11 | B13: PİMLİ BİNGO | F13: 1500 | H13: 2500 | I13: 0 | J13: 0 | K13: 300 | L13: 0 | M13: 0 | N13: =+F13-I13-J13-K13-L13-M13+H13 -> 3700 | P13: 1000 | Q13: 5000
A14: 12 | B14: LALE AYAK ÇEKYAT GEÇMELİ | F14: 1050 | H14: 0 | I14: 0 | J14: 0 | K14: 0 | L14: 0 | M14: 0 | N14: =+F14-I14-J14-K14-L14-M14+H14 -> 1050 | P14: 250 | Q14: 1000
A15: 13 | B15: TOKMAK | F15: 600 | H15: 0 | I15: 0 | J15: 0 | K15: 0 | L15: 0 | M15: 0 | N15: =+F15-I15-J15-K15-L15-M15+H15 -> 600 | P15: 250 | Q15: 500
A16: 14 | B16: SEKRETER KÖRÜK | C16: 350 | F16: 2500 | H16: 750 | I16: 0 | J16: 0 | K16: 0 | L16: 0 | M16: 0 | N16: =+F16-I16-J16-K16-L16-M16+H16 -> 3250 | P16: 500 | Q16: 2000
A17: 15 | B17: AHŞAP TELESKOP KÖRÜK | F17: 1320 | G17: 165 | H17: 0 | I17: 80 | J17: 80 | K17: 40 | L17: 40 | M17: 0 | N17: =+F17-I17-J17-K17-L17-M17+H17 -> 1080 | P17: 100 | Q17: 500
A18: 16 | B18: VEGA KÖRÜK | F18: 2500 | H18: 2500 | I18: 0 | J18: 0 | K18: 0 | L18: 0 | M18: 0 | N18: =+F18-I18-J18-K18-L18-M18+H18 -> 5000 | P18: 1000 | Q18: 5000
A19: 17 | B19: YAZI TABLASI | F19: 25 | H19: 100 | I19: 0 | J19: 0 | K19: 0 | L19: 0 | M19: 0 | N19: =+F19-I19-J19-K19-L19-M19+H19 -> 125 | P19: 100 | Q19: 300
A20: 18 | B20: VEGA ÇAKMA KOL | F20: 550 | H20: 0 | I20: 0 | J20: 0 | K20: 0 | L20: 0 | M20: 0 | N20: =+F20-I20-J20-K20-L20-M20+H20 -> 550 | P20: 100 | Q20: 300
A21: 19 | B21: SİNEMA KAPAK KISA | F21: 282 | G21: 425 | H21: 0 | I21: 158 | J21: 0 | K21: 0 | L21: 0 | M21: 0 | N21: =+F21-I21-J21-K21-L21-M21+H21 -> 124 | P21: 200 | Q21: 500
A22: 20 | B22: KUYRUKLU TİLK MEKANİZMA | F22: 36 | H22: 601 | I22: 27 | J22: 127 | K22: 13 | L22: 0 | M22: 0 | N22: =+F22-I22-J22-K22-L22-M22+H22 -> 470 | P22: 100 | Q22: 300
A23: 21 | B23: ÇİFT KOLLU TİLK MEK. | F23: 1200 | H23: 1000 | I23: 10 | J23: 110 | K23: 160 | L23: 264 | M23: 1000 | N23: =+F23-I23-J23-K23-L23-M23+H23 -> 656 | P23: 500 | Q23: 1500
A24: 22 | B24: VEGA KONFERANS KOL | F24: 25 | H24: 100 | I24: 0 | J24: 0 | K24: 0 | L24: 0 | M24: 0 | N24: =+F24-I24-J24-K24-L24-M24+H24 -> 125 | P24: 100 | Q24: 250
A25: 23 | F25: 0 | H25: 0 | I25: 0 | J25: 0 | K25: 0 | L25: 0 | M25: 0 | N25: =+F25-I25-J25-K25-L25-M25+H25 -> 0 | P25: 10 | Q25: 100
A26: 24 | B26: PİMLİ TEKER NAYLON 60 | F26: 12025 | H26: 10000 | I26: 0 | J26: 400 | K26: 400 | L26: 400 | M26: 5000 | N26: =+F26-I26-J26-K26-L26-M26+H26 -> 15825 | P26: 2000 | Q26: 10000
A27: 25 | B27: 5 cm krom ayarlı ayak | F27: 39 | H27: 0 | I27: 0 | J27: 0 | K27: 0 | L27: 0 | M27: 0 | N27: =+F27-I27-J27-K27-L27-M27+H27 -> 39 | P27: 100 | Q27: 500
A28: 26 | B28: PİMLİ TEKER 60 LIK BEYAZ | F28: 0 | G28: 0 | H28: 0 | I28: 0 | J28: 0 | K28: 0 | L28: 0 | M28: 0 | N28: =+F28-I28-J28-K28-L28-M28+H28 -> 0
A29: 27 | B29: YARASA ŞASE | F29: 232 | H29: 216 | I29: 20 | K29: 8 | N29: =+F29-I29-J29-K29-L29-M29+H29 -> 420

Sheet NİSAN 2024
B1: 45383
A2: S.NO | B2: ÜRÜN CİNSİ | F2: ADET | G2: devir | H2: GELEN | I2: 45387 | J2: 45394 | K2: 45401 | L2: 45408 | M2: 45412 | N2: KALAN | O2: AÇIKLAMA | P2: MİNİMUN | Q2: MAKSİMUN
A3: 1 | B3: U BAĞLANTI DEMİRİ | F3: 8000 | H3: 0 | I3: 0 | J3: 1000 | K3: 500 | L3: 0 | M3: 500 | N3: =+F3-I3-J3-K3-L3-M3+H3 -> 6000 | P3: 1000 | Q3: 10000
A4: 2 | B4: AYAK SOMUNU(BIDIK) | F4: 9000 | H4: 0 | I4: 0 | J4: 0 | K4: 1000 | L4: 0 | M4: 1000 | N4: =+F4-I4-J4-K4-L4-M4+H4 -> 7000 | P4: 5000 | Q4: 20000
A5: 3 | B5: M10 OYNAR BAŞLIKLI BİNGO | F5: 1150 | H5: 0 | I5: 1000 | J5: 0 | K5: 0 | L5: 0 | M5: 0 | N5: =+F5-I5-J5-K5-L5-M5+H5 -> 150 | O5: BANK İÇİN | P5: 300 | Q5: 1000
A6: 4 | B6: M8 CİVATALI BİNGO | F6: 250 | H6: 0 | I6: 0 | J6: 0 | K6: 0 | L6: 0 | M6: 0 | N6: =+F6-I6-J6-K6-L6-M6+H6 -> 250 | O6: PLASTİK SİY.BÜYÜK | P6: 0
A7: 5 | B7: M8 OYNAR BAŞLIKLI BİNGO | F7: 476 | H7: 0 | I7: 0 | J7: 0 | K7: 0 | L7: 0 | M7: 0 | N7: =+F7-I7-J7-K7-L7-M7+H7 -> 476 | O7: KROM | P7: 300 | Q7: 1000
A8: 6 | B8: M8 SOKET | F8: 7000 | H8: 0 | I8: 0 | J8: 0 | K8: 0 | L8: 0 | M8: 0 | N8: =+F8-I8-J8-K8-L8-M8+H8 -> 7000 | P8: 200 | Q8: 500
A9: 7 | B9: M8 CİVATALI BİNGO_MOB. | F9: 225 | H9: 0 | I9: 0 | J9: 0 | K9: 0 | L9: 0 | M9: 0 | N9: =+F9-I9-J9-K9-L9-M9+H9 -> 225 | O9: REFAKATÇI SİY.KÜÇÜK | P9: 200 | Q9: 500
A10: 8 | B10: M6 SOKET | F10: 8000 | H10: 0 | I10: 0 | J10: 0 | K10: 1000 | L10: 0 | M10: 0 | N10: =+F10-I10-J10-K10-L10-M10+H10 -> 7000 | P10: 10000 | Q10: 50000
A11: 9 | B11: PİMLİ TEKER NAYLON 50 | F11: 8675 | G11: 0 | H11: 0 | I11: 1000 | J11: 200 | K11: 400 | L11: 0 | M11: 3800 | N11: =+F11-I11-J11-K11-L11-M11+H11 -> 3275 | P11: 5000 | Q11: 30000
A12: 10 | B12: YARASA ŞASE KUYRUKLU | F12: 212 | H12: 0 | I12: 0 | J12: 20 | K12: 0 | L12: 0 | M12: 0 | N12: =+F12-I12-J12-K12-L12-M12+H12 -> 192 | P12: 0
A13: 11 | B13: PİMLİ BİNGO | F13: 3700 | H13: 0 | I13: 0 | J13: 0 | K13: 0 | L13: 0 | M13: 0 | N13: =+F13-I13-J13-K13-L13-M13+H13 -> 3700 | P13: 1000 | Q13: 5000
A14: 12 | B14: LALE AYAK ÇEKYAT GEÇMELİ | F14: 1050 | H14: 0 | I14: 0 | J14: 0 | K14: 26 | L14: 0 | M14: 0 | N14: =+F14-I14-J14-K14-L14-M14+H14 -> 1024 | P14: 250 | Q14: 1000
A15: 13 | B15: TOKMAK | F15: 660 | H15: 0 | I15: 0 | J15: 0 | K15: 0 | L15: 0 | M15: 0 | N15: =+F15-I15-J15-K15-L15-M15+H15 -> 660 | P15: 250 | Q15: 500
A16: 14 | B16: SEKRETER KÖRÜK | C16: 350 | F16: 3250 | H16: 0 | I16: 0 | J16: 0 | K16: 0 | L16: 0 | M16: 0 | N16: =+F16-I16-J16-K16-L16-M16+H16 -> 3250 | P16: 500 | Q16: 2000
A17: 15 | B17: AHŞAP TELESKOP KÖRÜK | F17: 1080 | G17: 165 | H17: 1000 | I17: 340 | J17: 1060 | K17: 60 | L17: 0 | M17: 20 | N17: =+F17-I17-J17-K17-L17-M17+H17 -> 600 | P17: 100 | Q17: 500
A18: 16 | B18: VEGA KÖRÜK | F18: 5000 | H18: 0 | I18: 0 | J18: 0 | K18: 400 | L18: 0 | M18: 600 | N18: =+F18-I18-J18-K18-L18-M18+H18 -> 4000 | P18: 1000 | Q18: 5000
A19: 17 | B19: YAZI TABLASI | F19: 125 | H19: 0 | I19: 0 | J19: 0 | K19: 0 | L19: 0 | M19: 0 | N19: =+F19-I19-J19-K19-L19-M19+H19 -> 125 | P19: 100 | Q19: 300
A20: 18 | B20: VEGA ÇAKMA KOL | F20: 550 | H20: 0 | I20: 0 | J20: 0 | K20: 0 | L20: 0 | M20: 0 | N20: =+F20-I20-J20-K20-L20-M20+H20 -> 550 | P20: 100 | Q20: 300
A21: 19 | B21: SİNEMA KAPAK KISA | F21: 124 | G21: 425 | H21: 0 | I21: 0 | J21: 0 | K21: 0 | L21: 0 | M21: 0 | N21: =+F21-I21-J21-K21-L21-M21+H21 -> 124 | P21: 200 | Q21: 500
A22: 20 | B22: KUYRUKLU TİLK MEKANİZMA | F22: 470 | H22: 0 | I22: 21 | J22: 85 | K22: 28 | L22: 0 | M22: 7 | N22: =+F22-I22-J22-K22-L22-M22+H22 -> 329 | P22: 100 | Q22: 300
A23: 21 | B23: ÇİFT KOLLU TİLK MEK. | F23: 656 | H23: 1000 | I23: 124 | J23: 325 | K23: 207 | L23: 0 | M23: 600 | N23: =+F23-I23-J23-K23-L23-M23+H23 -> 400 | P23: 500 | Q23: 1500
A24: 22 | B24: VEGA KONFERANS KOL | F24: 125 | H24: 0 | I24: 0 | J24: 0 | K24: 0 | L24: 0 | M24: 0 | N24: =+F24-I24-J24-K24-L24-M24+H24 -> 125 | P24: 100 | Q24: 250
A25: 23 | F25: 0 | H25: 0 | I25: 0 | J25: 0 | K25: 0 | L25: 0 | M25: 0 | N25: =+F25-I25-J25-K25-L25-M25+H25 -> 0 | P25: 10 | Q25: 100
A26: 24 | B26: PİMLİ TEKER NAYLON 60 | F26: 15825 | H26: 5000 | I26: 0 | J26: 1200 | K26: 1200 | L26: 0 | M26: 1000 | N26: =+F26-I26-J26-K26-L26-M26+H26 -> 17425 | P26: 2000 | Q26: 10000
A27: 25 | B27: 5 cm krom ayarlı ayak | F27: 39 | H27: 200 | I27: 0 | J27: 0 | K27: 0 | L27: 0 | M27: 0 | N27: =+F27-I27-J27-K27-L27-M27+H27 -> 239 | P27: 100 | Q27: 500
A28: 26 | B28: PİMLİ TEKER 60 LIK BEYAZ | F28: 0 | G28: 0 | H28: 0 | I28: 0 | J28: 0 | K28: 0 | L28: 0 | M28: 0 | N28: =+F28-I28-J28-K28-L28-M28+H28 -> 0
A29: 27 | B29: YARASA ŞASE | F29: 420 | H29: 0 | I29: 0 | J29: 0 | K29: 0 | L29: 0 | M29: 0 | N29: =+F29-I29-J29-K29-L29-M29+H29 -> 420

Sheet mayıs 2024
B1: 45413
A2: S.NO | B2: ÜRÜN CİNSİ | F2: ADET | G2: devir | H2: GELEN | I2: 45415 | J2: 45422 | K2: 45429 | L2: 45436 | M2: 45443 | N2: KALAN | O2: AÇIKLAMA | P2: MİNİMUN | Q2: MAKSİMUN
A3: 1 | B3: U BAĞLANTI DEMİRİ | F3: 6000 | H3: 0 | I3: 500 | J3: 500 | K3: 0 | L3: 0 | M3: 500 | N3: =+F3-I3-J3-K3-L3-M3+H3 -> 4500 | P3: 1000 | Q3: 10000
A4: 2 | B4: AYAK SOMUNU(BIDIK) | F4: 7000 | H4: 0 | I4: 500 | J4: 1000 | K4: 0 | L4: 0 | M4: 500 | N4: =+F4-I4-J4-K4-L4-M4+H4 -> 5000 | P4: 5000 | Q4: 20000
A5: 3 | B5: M10 OYNAR BAŞLIKLI BİNGO | F5: 150 | H5: 0 | I5: 0 | J5: 0 | K5: 0 | L5: 0 | M5: 0 | N5: =+F5-I5-J5-K5-L5-M5+H5 -> 150 | O5: BANK İÇİN | P5: 300 | Q5: 1000
A6: 4 | B6: M8 CİVATALI BİNGO | F6: 250 | H6: 0 | I6: 0 | J6: 0 | K6: 0 | L6: 0 | M6: 0 | N6: =+F6-I6-J6-K6-L6-M6+H6 -> 250 | O6: PLASTİK SİY.BÜYÜK | P6: 0
A7: 5 | B7: M8 OYNAR BAŞLIKLI BİNGO | F7: 476 | H7: 0 | I7: 0 | J7: 0 | K7: 0 | L7: 0 | M7: 0 | N7: =+F7-I7-J7-K7-L7-M7+H7 -> 476 | O7: KROM | P7: 300 | Q7: 1000
A8: 6 | B8: M8 SOKET | F8: 5000 | H8: 0 | I8: 0 | J8: 0 | K8: 0 | L8: 0 | M8: 500 | N8: =+F8-I8-J8-K8-L8-M8+H8 -> 4500 | P8: 200 | Q8: 500
A9: 7 | B9: M8 CİVATALI BİNGO_MOB. | F9: 225 | H9: 0 | I9: 0 | J9: 0 | K9: 0 | L9: 0 | M9: 0 | N9: =+F9-I9-J9-K9-L9-M9+H9 -> 225 | O9: REFAKATÇI SİY.KÜÇÜK | P9: 200 | Q9: 500
A10: 8 | B10: M6 SOKET | F10: 7000 | H10: 0 | I10: 0 | J10: 0 | K10: 0 | L10: 0 | M10: 500 | N10: =+F10-I10-J10-K10-L10-M10+H10 -> 6500 | P10: 10000 | Q10: 50000
A11: 9 | B11: PİMLİ TEKER NAYLON 50 | F11: 3275 | G11: 0 | H11: 2000 | I11: 750 | J11: 400 | K11: 500 | L11: 0 | M11: 0 | N11: =+F11-I11-J11-K11-L11-M11+H11 -> 3625 | P11: 5000 | Q11: 30000
A12: 10 | B12: YARASA ŞASE KUYRUKLU | F12: 192 | H12: 0 | I12: 0 | J12: 0 | K12: 0 | L12: 0 | M12: 0 | N12: =+F12-I12-J12-K12-L12-M12+H12 -> 192 | P12: 0
A13: 11 | B13: PİMLİ BİNGO | F13: 3700 | H13: 0 | I13: 0 | J13: 0 | K13: 0 | L13: 0 | M13: 0 | N13: =+F13-I13-J13-K13-L13-M13+H13 -> 3700 | P13: 1000 | Q13: 5000
A14: 12 | B14: LALE AYAK ÇEKYAT GEÇMELİ | F14: 1024 | H14: 0 | I14: 500 | J14: 0 | K14: 0 | L14: 0 | M14: 0 | N14: =+F14-I14-J14-K14-L14-M14+H14 -> 524 | P14: 250 | Q14: 1000
A15: 13 | B15: TOKMAK | F15: 660 | H15: 0 | I15: 0 | J15: 0 | K15: 0 | L15: 0 | M15: 0 | N15: =+F15-I15-J15-K15-L15-M15+H15 -> 660 | P15: 250 | Q15: 500
A16: 14 | B16: SEKRETER KÖRÜK | C16: 350 | F16: 3250 | H16: 0 | I16: 0 | J16: 0 | K16: 0 | L16: 0 | M16: 0 | N16: =+F16-I16-J16-K16-L16-M16+H16 -> 3250 | P16: 500 | Q16: 2000
A17: 15 | B17: AHŞAP TELESKOP KÖRÜK | F17: 600 | G17: 165 | H17: 0 | I17: 83 | J17: 40 | K17: 0 | L17: 0 | M17: 60 | N17: =+F17-I17-J17-K17-L17-M17+H17 -> 417 | P17: 100 | Q17: 500
A18: 16 | B18: VEGA KÖRÜK | F18: 4000 | H18: 0 | I18: 0 | J18: 500 | K18: 0 | L18: 0 | M18: 0 | N18: =+F18-I18-J18-K18-L18-M18+H18 -> 3500 | P18: 1000 | Q18: 5000
A19: 17 | B19: YAZI TABLASI | F19: 125 | H19: 0 | I19: 0 | J19: 0 | K19: 0 | L19: 0 | M19: 0 | N19: =+F19-I19-J19-K19-L19-M19+H19 -> 125 | P19: 100 | Q19: 300
A20: 18 | B20: VEGA ÇAKMA KOL | F20: 550 | H20: 0 | I20: 0 | J20: 0 | K20: 0 | L20: 0 | M20: 0 | N20: =+F20-I20-J20-K20-L20-M20+H20 -> 550 | P20: 100 | Q20: 300
A21: 19 | B21: SİNEMA KAPAK KISA | F21: 124 | G21: 425 | H21: 0 | I21: 0 | J21: 0 | K21: 0 | L21: 0 | M21: 30 | N21: =+F21-I21-J21-K21-L21-M21+H21 -> 94 | P21: 200 | Q21: 500
A22: 20 | B22: KUYRUKLU TİLK MEKANİZMA | F22: 329 | H22: 500 | I22: 0 | J22: 101 | K22: 7 | L22: 0 | M22: 14 | N22: =+F22-I22-J22-K22-L22-M22+H22 -> 707 | P22: 100 | Q22: 300
A23: 21 | B23: ÇİFT KOLLU TİLK MEK. | F23: 400 | H23: 100 | I23: 225 | J23: 100 | K23: 0 | L23: 0 | M23: 94 | N23: =+F23-I23-J23-K23-L23-M23+H23 -> 81 | P23: 500 | Q23: 1500
A24: 22 | B24: VEGA KONFERANS KOL | F24: 125 | H24: 0 | I24: 0 | J24: 0 | K24: 0 | L24: 0 | M24: 0 | N24: =+F24-I24-J24-K24-L24-M24+H24 -> 125 | P24: 100 | Q24: 250
A25: 23 | F25: 0 | H25: 0 | I25: 0 | J25: 0 | K25: 0 | L25: 0 | M25: 0 | N25: =+F25-I25-J25-K25-L25-M25+H25 -> 0 | P25: 10 | Q25: 100
A26: 24 | B26: PİMLİ TEKER NAYLON 60 | F26: 17425 | H26: 0 | I26: 15 | J26: 800 | K26: 400 | L26: 0 | M26: 800 | N26: =+F26-I26-J26-K26-L26-M26+H26 -> 15410 | P26: 2000 | Q26: 10000
A27: 25 | B27: 5 cm krom ayarlı ayak | F27: 239 | H27: 0 | I27: 30 | J27: 0 | K27: 0 | L27: 0 | M27: 0 | N27: =+F27-I27-J27-K27-L27-M27+H27 -> 209 | P27: 100 | Q27: 500
A28: 26 | B28: PİMLİ TEKER 60 LIK BEYAZ | F28: 0 | G28: 0 | H28: 0 | I28: 0 | J28: 0 | K28: 0 | L28: 0 | M28: 0 | N28: =+F28-I28-J28-K28-L28-M28+H28 -> 0
A29: 27 | B29: YARASA ŞASE | F29: 420 | H29: 0 | I29: 0 | J29: 0 | K29: 0 | L29: 0 | M29: 0 | N29: =+F29-I29-J29-K29-L29-M29+H29 -> 420

Sheet HAZİRAN 2024
B1: 45444
A2: S.NO | B2: ÜRÜN CİNSİ | F2: ADET | G2: devir | H2: GELEN | I2: 45450 | J2: 45457 | K2: 45461 | L2: 45467 | M2: 45473 | N2: KALAN | O2: AÇIKLAMA | P2: MİNİMUN | Q2: MAKSİMUN
A3: 1 | B3: U BAĞLANTI DEMİRİ | F3: 4500 | H3: 15000 | I3: 500 | J3: 500 | K3: 0 | L3: 0 | M3: 1000 | N3: =+F3-I3-J3-K3-L3-M3+H3 -> 17500 | P3: 1000 | Q3: 10000
A4: 2 | B4: AYAK SOMUNU(BIDIK) | F4: 5000 | H4: 0 | I4: 500 | J4: 0 | K4: 0 | L4: 0 | M4: 0 | N4: =+F4-I4-J4-K4-L4-M4+H4 -> 4500 | P4: 5000 | Q4: 20000
A5: 3 | B5: M10 OYNAR BAŞLIKLI BİNGO | F5: 150 | H5: 0 | I5: 0 | J5: 0 | K5: 0 | L5: 0 | M5: 0 | N5: =+F5-I5-J5-K5-L5-M5+H5 -> 150 | O5: BANK İÇİN | P5: 300 | Q5: 1000
A6: 4 | B6: M8 CİVATALI BİNGO | F6: 250 | H6: 0 | I6: 0 | J6: 0 | K6: 0 | L6: 0 | M6: 0 | N6: =+F6-I6-J6-K6-L6-M6+H6 -> 250 | O6: PLASTİK SİY.BÜYÜK | P6: 0
A7: 5 | B7: M8 OYNAR BAŞLIKLI BİNGO | F7: 476 | H7: 0 | I7: 150 | J7: 0 | K7: 0 | L7: 0 | M7: 0 | N7: =+F7-I7-J7-K7-L7-M7+H7 -> 326 | O7: KROM | P7: 300 | Q7: 1000
A8: 6 | B8: M8 SOKET | F8: 4500 | H8: 0 | I8: 0 | J8: 0 | K8: 0 | L8: 0 | M8: 500 | N8: =+F8-I8-J8-K8-L8-M8+H8 -> 4000 | P8: 200 | Q8: 500
A9: 7 | B9: M8 CİVATALI BİNGO_MOB. | F9: 225 | H9: 0 | I9: 0 | J9: 0 | K9: 0 | L9: 0 | M9: 0 | N9: =+F9-I9-J9-K9-L9-M9+H9 -> 225 | O9: REFAKATÇI SİY.KÜÇÜK | P9: 200 | Q9: 500
A10: 8 | B10: M6 SOKET | F10: 6500 | H10: 0 | I10: 500 | J10: 500 | K10: 0 | L10: 0 | M10: 500 | N10: =+F10-I10-J10-K10-L10-M10+H10 -> 5000 | P10: 10000 | Q10: 50000
A11: 9 | B11: PİMLİ TEKER NAYLON 50 | F11: 3625 | G11: 0 | H11: 1600 | I11: 1500 | J11: 2765 | K11: 0 | L11: 0 | M11: 600 | N11: =+F11-I11-J11-K11-L11-M11+H11 -> 360 | P11: 5000 | Q11: 30000
A12: 10 | B12: YARASA ŞASE KUYRUKLU | F12: 192 | H12: 1000 | I12: 0 | J12: 0 | K12: 0 | L12: 0 | M12: 0 | N12: =+F12-I12-J12-K12-L12-M12+H12 -> 1192 | P12: 0
A13: 11 | B13: PİMLİ BİNGO | F13: 3700 | H13: 0 | I13: 0 | J13: 200 | K13: 0 | L13: 0 | M13: 1200 | N13: =+F13-I13-J13-K13-L13-M13+H13 -> 2300 | P13: 1000 | Q13: 5000
A14: 12 | B14: LALE AYAK ÇEKYAT GEÇMELİ | F14: 524 | H14: 0 | I14: 0 | J14: 0 | K14: 0 | L14: 0 | M14: 0 | N14: =+F14-I14-J14-K14-L14-M14+H14 -> 524 | P14: 250 | Q14: 1000
A15: 13 | B15: TOKMAK | F15: 660 | H15: 0 | I15: 0 | J15: 0 | K15: 0 | L15: 0 | M15: 0 | N15: =+F15-I15-J15-K15-L15-M15+H15 -> 660 | P15: 250 | Q15: 500
A16: 14 | B16: SEKRETER KÖRÜK | C16: 350 | F16: 3250 | H16: 0 | I16: 0 | J16: 0 | K16: 0 | L16: 0 | M16: 0 | N16: =+F16-I16-J16-K16-L16-M16+H16 -> 3250 | P16: 500 | Q16: 2000
A17: 15 | B17: AHŞAP TELESKOP KÖRÜK | F17: 417 | G17: 165 | H17: 0 | I17: 40 | J17: 20 | K17: 0 | L17: 0 | M17: 180 | N17: =+F17-I17-J17-K17-L17-M17+H17 -> 177 | P17: 100 | Q17: 500
A18: 16 | B18: VEGA KÖRÜK | F18: 3500 | H18: 0 | I18: 500 | J18: 0 | K18: 0 | L18: 0 | M18: 0 | N18: =+F18-I18-J18-K18-L18-M18+H18 -> 3000 | P18: 1000 | Q18: 5000
A19: 17 | B19: YAZI TABLASI | F19: 125 | H19: 0 | I19: 0 | J19: 0 | K19: 0 | L19: 0 | M19: 100 | N19: =+F19-I19-J19-K19-L19-M19+H19 -> 25 | P19: 100 | Q19: 300
A20: 18 | B20: VEGA ÇAKMA KOL | F20: 550 | H20: 0 | I20: 0 | J20: 0 | K20: 0 | L20: 0 | M20: 0 | N20: =+F20-I20-J20-K20-L20-M20+H20 -> 550 | P20: 100 | Q20: 300
A21: 19 | B21: SİNEMA KAPAK KISA | F21: 94 | G21: 425 | H21: 0 | I21: 13 | J21: 14 | K21: 0 | L21: 0 | M21: 0 | N21: =+F21-I21-J21-K21-L21-M21+H21 -> 67 | P21: 200 | Q21: 500
A22: 20 | B22: KUYRUKLU TİLK MEKANİZMA | F22: 707 | H22: 1504 | I22: 19 | J22: 0 | K22: 0 | L22: 0 | M22: 2 | N22: =+F22-I22-J22-K22-L22-M22+H22 -> 2190 | P22: 100 | Q22: 300
A23: 21 | B23: ÇİFT KOLLU TİLK MEK. | F23: 81 | H23: 4264 | I23: 360 | J23: 80 | K23: 0 | L23: 0 | M23: 200 | N23: =+F23-I23-J23-K23-L23-M23+H23 -> 3705 | P23: 500 | Q23: 1500
A24: 22 | B24: VEGA KONFERANS KOL | F24: 125 | H24: 0 | I24: 0 | J24: 0 | K24: 0 | L24: 0 | M24: 0 | N24: =+F24-I24-J24-K24-L24-M24+H24 -> 125 | P24: 100 | Q24: 250
A25: 23 | F25: 0 | H25: 0 | I25: 0 | J25: 0 | K25: 0 | L25: 0 | M25: 0 | N25: =+F25-I25-J25-K25-L25-M25+H25 -> 0 | P25: 10 | Q25: 100
A26: 24 | B26: PİMLİ TEKER NAYLON 60 | F26: 13250 | H26: 0 | I26: 1400 | J26: 1150 | K26: 0 | L26: 0 | M26: 6400 | N26: =+F26-I26-J26-K26-L26-M26+H26 -> 4300 | P26: 2000 | Q26: 10000
A27: 25 | B27: 5 cm krom ayarlı ayak | F27: 209 | H27: 0 | I27: 15 | J27: 0 | K27: 0 | L27: 0 | M27: 20 | N27: =+F27-I27-J27-K27-L27-M27+H27 -> 174 | P27: 100 | Q27: 500
A28: 26 | B28: PİMLİ TEKER 60 LIK BEYAZ | F28: 0 | G28: 0 | H28: 0 | I28: 0 | J28: 0 | K28: 0 | L28: 0 | M28: 0 | N28: =+F28-I28-J28-K28-L28-M28+H28 -> 0
A29: 27 | B29: YARASA ŞASE | F29: 420 | H29: 748 | I29: 0 | J29: 0 | K29: 0 | L29: 0 | M29: 100 | N29: =+F29-I29-J29-K29-L29-M29+H29 -> 1068

Sheet TEMMUZ 2024
B1: 45474
A2: S.NO | B2: ÜRÜN CİNSİ | F2: ADET | G2: devir | H2: GELEN | I2: 45478 | J2: 45485 | K2: 45492 | L2: 45499 | M2: 45504 | N2: KALAN | O2: AÇIKLAMA | P2: MİNİMUN | Q2: MAKSİMUN
A3: 1 | B3: U BAĞLANTI DEMİRİ | F3: 17500 | H3: 0 | I3: 1000 | J3: 1000 | K3: 1000 | L3: 500 | M3: 1000 | N3: =+F3-I3-J3-K3-L3-M3+H3 -> 13000 | P3: 1000 | Q3: 10000
A4: 2 | B4: AYAK SOMUNU(BIDIK) | F4: 4500 | H4: 0 | I4: 0 | J4: 0 | K4: 0 | L4: 500 | M4: 500 | N4: =+F4-I4-J4-K4-L4-M4+H4 -> 3500 | P4: 5000 | Q4: 20000
A5: 3 | B5: M10 OYNAR BAŞLIKLI BİNGO | F5: 150 | H5: 0 | I5: 0 | J5: 0 | K5: 0 | L5: 0 | M5: 150 | N5: =+F5-I5-J5-K5-L5-M5+H5 -> 0 | O5: BANK İÇİN | P5: 300 | Q5: 1000
A6: 4 | B6: M8 CİVATALI BİNGO | F6: 250 | H6: 0 | I6: 0 | J6: 0 | K6: 0 | L6: 0 | M6: 0 | N6: =+F6-I6-J6-K6-L6-M6+H6 -> 250 | O6: PLASTİK SİY.BÜYÜK | P6: 0
A7: 5 | B7: M8 OYNAR BAŞLIKLI BİNGO | F7: 326 | H7: 0 | I7: 0 | J7: 0 | K7: 0 | L7: 0 | M7: 50 | N7: =+F7-I7-J7-K7-L7-M7+H7 -> 276 | O7: KROM | P7: 300 | Q7: 1000
A8: 6 | B8: M8 SOKET | F8: 4000 | H8: 0 | I8: 0 | J8: 0 | K8: 0 | L8: 0 | M8: 0 | N8: =+F8-I8-J8-K8-L8-M8+H8 -> 4000 | P8: 200 | Q8: 500
A9: 7 | B9: M8 CİVATALI BİNGO_MOB. | F9: 225 | H9: 0 | I9: 0 | J9: 0 | K9: 0 | L9: 0 | M9: 120 | N9: =+F9-I9-J9-K9-L9-M9+H9 -> 105 | O9: REFAKATÇI SİY.KÜÇÜK | P9: 200 | Q9: 500
A10: 8 | B10: M6 SOKET | F10: 5000 | H10: 0 | I10: 500 | J10: 0 | K10: 0 | L10: 0 | M10: 1000 | N10: =+F10-I10-J10-K10-L10-M10+H10 -> 3500 | P10: 10000 | Q10: 50000
A11: 9 | B11: PİMLİ TEKER NAYLON 50 | F11: 360 | G11: 0 | H11: 15000 | I11: 200 | J11: 160 | K11: 200 | L11: 1700 | M11: 2000 | N11: =+F11-I11-J11-K11-L11-M11+H11 -> 11100 | P11: 5000 | Q11: 30000
A12: 10 | B12: YARASA ŞASE KUYRUKLU | F12: 1192 | H12: 0 | I12: 0 | J12: 0 | K12: 0 | L12: 0 | M12: 0 | N12: =+F12-I12-J12-K12-L12-M12+H12 -> 1192 | P12: 0
A13: 11 | B13: PİMLİ BİNGO | F13: 2300 | H13: 2000 | I13: 0 | J13: 0 | K13: 0 | L13: 0 | M13: 0 | N13: =+F13-I13-J13-K13-L13-M13+H13 -> 4300 | P13: 1000 | Q13: 5000
A14: 12 | B14: LALE AYAK ÇEKYAT GEÇMELİ | F14: 524 | H14: 0 | I14: 0 | J14: 0 | K14: 0 | L14: 0 | M14: 0 | N14: =+F14-I14-J14-K14-L14-M14+H14 -> 524 | P14: 250 | Q14: 1000
A15: 13 | B15: TOKMAK | F15: 660 | H15: 0 | I15: 0 | J15: 0 | K15: 0 | L15: 0 | M15: 0 | N15: =+F15-I15-J15-K15-L15-M15+H15 -> 660 | P15: 250 | Q15: 500
A16: 14 | B16: SEKRETER KÖRÜK | C16: 350 | F16: 3250 | H16: 960 | I16: 0 | J16: 0 | K16: 0 | L16: 0 | M16: 0 | N16: =+F16-I16-J16-K16-L16-M16+H16 -> 4210 | P16: 500 | Q16: 2000
A17: 15 | B17: AHŞAP TELESKOP KÖRÜK | F17: 177 | G17: 165 | H17: 1000 | I17: 0 | J17: 191 | K17: 566 | L17: 120 | M17: 100 | N17: =+F17-I17-J17-K17-L17-M17+H17 -> 200 | P17: 100 | Q17: 500
A18: 16 | B18: VEGA KÖRÜK | F18: 3000 | H18: 0 | I18: 0 | J18: 450 | K18: 450 | L18: 0 | M18: 0 | N18: =+F18-I18-J18-K18-L18-M18+H18 -> 2100 | P18: 1000 | Q18: 5000
A19: 17 | B19: YAZI TABLASI | F19: 25 | H19: 100 | I19: 0 | J19: 0 | K19: 0 | L19: 0 | M19: 0 | N19: =+F19-I19-J19-K19-L19-M19+H19 -> 125 | P19: 100 | Q19: 300
A20: 18 | B20: VEGA ÇAKMA KOL | F20: 550 | H20: 0 | I20: 0 | J20: 0 | K20: 0 | L20: 0 | M20: 0 | N20: =+F20-I20-J20-K20-L20-M20+H20 -> 550 | P20: 100 | Q20: 300
A21: 19 | B21: SİNEMA KAPAK KISA | F21: 67 | G21: 425 | H21: 400 | I21: 0 | J21: 0 | K21: 0 | L21: 0 | M21: 160 | N21: =+F21-I21-J21-K21-L21-M21+H21 -> 307 | P21: 200 | Q21: 500
A22: 20 | B22: KUYRUKLU TİLK MEKANİZMA | F22: 2190 | H22: 0 | I22: 4 | J22: 15 | K22: 12 | L22: 0 | M22: 8 | N22: =+F22-I22-J22-K22-L22-M22+H22 -> 2151 | P22: 100 | Q22: 300
A23: 21 | B23: ÇİFT KOLLU TİLK MEK. | F23: 3705 | H23: 744 | I23: 394 | J23: 40 | K23: 0 | L23: 189 | M23: 355 | N23: =+F23-I23-J23-K23-L23-M23+H23 -> 3471 | P23: 500 | Q23: 1500
A24: 22 | B24: VEGA KONFERANS KOL | F24: 125 | H24: 0 | I24: 0 | J24: 0 | K24: 0 | L24: 0 | M24: 0 | N24: =+F24-I24-J24-K24-L24-M24+H24 -> 125 | P24: 100 | Q24: 250
A25: 23 | F25: 0 | H25: 0 | I25: 0 | J25: 0 | K25: 0 | L25: 0 | M25: 0 | N25: =+F25-I25-J25-K25-L25-M25+H25 -> 0 | P25: 10 | Q25: 100
A26: 24 | B26: PİMLİ TEKER NAYLON 60 | F26: 4300 | H26: 0 | I26: 0 | J26: 0 | K26: 0 | L26: 0 | M26: 0 | N26: =+F26-I26-J26-K26-L26-M26+H26 -> 4300 | P26: 2000 | Q26: 10000
A27: 25 | B27: 5 cm krom ayarlı ayak | F27: 174 | H27: 0 | I27: 0 | J27: 0 | K27: 0 | L27: 0 | M27: 0 | N27: =+F27-I27-J27-K27-L27-M27+H27 -> 174 | P27: 100 | Q27: 500
A28: 26 | B28: PİMLİ TEKER 60 LIK BEYAZ | F28: 0 | G28: 0 | H28: 0 | I28: 0 | J28: 0 | K28: 0 | L28: 0 | M28: 0 | N28: =+F28-I28-J28-K28-L28-M28+H28 -> 0
A29: 27 | B29: YARASA ŞASE | F29: 1068 | H29: 0 | I29: 0 | J29: 120 | K29: 0 | L29: 116 | M29: 56 | N29: =+F29-I29-J29-K29-L29-M29+H29 -> 776

Sheet AĞUSTOS 2024
B1: 45505
A2: S.NO | B2: ÜRÜN CİNSİ | F2: ADET | G2: devir | H2: GELEN | I2: 45509 | J2: 45516 | K2: 45527 | L2: 45530 | M2: 45534 | N2: KALAN | O2: AÇIKLAMA | P2: MİNİMUN | Q2: MAKSİMUN
A3: 1 | B3: U BAĞLANTI DEMİRİ | F3: 13000 | H3: 0 | I3: 1000 | J3: 1000 | K3: 500 | L3: 0 | M3: 1000 | N3: =+F3-I3-J3-K3-L3-M3+H3 -> 9500 | P3: 1000 | Q3: 10000
A4: 2 | B4: AYAK SOMUNU(BIDIK) | F4: 3500 | H4: 0 | I4: 0 | J4: 0 | K4: 0 | L4: 0 | M4: 0 | N4: =+F4-I4-J4-K4-L4-M4+H4 -> 3500 | P4: 5000 | Q4: 20000
A5: 3 | B5: M10 OYNAR BAŞLIKLI BİNGO | F5: 0 | H5: 0 | I5: 0 | J5: 0 | K5: 0 | L5: 0 | M5: 0 | N5: =+F5-I5-J5-K5-L5-M5+H5 -> 0 | O5: BANK İÇİN | P5: 300 | Q5: 1000
A6: 4 | B6: M8 CİVATALI BİNGO | F6: 250 | H6: 1000 | I6: 0 | J6: 0 | K6: 0 | L6: 0 | M6: 250 | N6: =+F6-I6-J6-K6-L6-M6+H6 -> 1000 | O6: PLASTİK SİY.BÜYÜK | P6: 0
A7: 5 | B7: M8 OYNAR BAŞLIKLI BİNGO | F7: 276 | H7: 0 | I7: 0 | J7: 0 | K7: 155 | L7: 0 | M7: 0 | N7: =+F7-I7-J7-K7-L7-M7+H7 -> 121 | O7: KROM | P7: 300 | Q7: 1000
A8: 6 | B8: M8 SOKET | F8: 4000 | H8: 0 | I8: 0 | J8: 500 | K8: 0 | L8: 0 | M8: 500 | N8: =+F8-I8-J8-K8-L8-M8+H8 -> 3000 | P8: 200 | Q8: 500
A9: 7 | B9: M8 CİVATALI BİNGO_MOB. | F9: 105 | H9: 0 | I9: 0 | J9: 0 | K9: 0 | L9: 0 | M9: 0 | N9: =+F9-I9-J9-K9-L9-M9+H9 -> 105 | O9: REFAKATÇI SİY.KÜÇÜK | P9: 200 | Q9: 500
A10: 8 | B10: M6 SOKET | F10: 3500 | H10: 0 | I10: 0 | J10: 500 | K10: 0 | L10: 0 | M10: 0 | N10: =+F10-I10-J10-K10-L10-M10+H10 -> 3000 | P10: 10000 | Q10: 50000
A11: 9 | B11: PİMLİ TEKER NAYLON 50 | F11: 11100 | G11: 0 | H11: 5000 | I11: 0 | J11: 0 | K11: 0 | L11: 0 | M11: 800 | N11: =+F11-I11-J11-K11-L11-M11+H11 -> 15300 | P11: 5000 | Q11: 30000
A12: 10 | B12: YARASA ŞASE KUYRUKLU | F12: 1192 | H12: 0 | I12: 0 | J12: 0 | K12: 0 | L12: 0 | M12: 0 | N12: =+F12-I12-J12-K12-L12-M12+H12 -> 1192 | P12: 0
A13: 11 | B13: PİMLİ BİNGO | F13: 4300 | H13: 0 | I13: 0 | J13: 0 | K13: 0 | L13: 0 | M13: 0 | N13: =+F13-I13-J13-K13-L13-M13+H13 -> 4300 | P13: 1000 | Q13: 5000
A14: 12 | B14: LALE AYAK ÇEKYAT GEÇMELİ | F14: 524 | H14: 0 | I14: 0 | J14: 0 | K14: 0 | L14: 0 | M14: 0 | N14: =+F14-I14-J14-K14-L14-M14+H14 -> 524 | P14: 250 | Q14: 1000
A15: 13 | B15: TOKMAK | F15: 660 | H15: 0 | I15: 0 | J15: 0 | K15: 0 | L15: 0 | M15: 0 | N15: =+F15-I15-J15-K15-L15-M15+H15 -> 660 | P15: 250 | Q15: 500
A16: 14 | B16: SEKRETER KÖRÜK | C16: 350 | F16: 3670 | H16: 0 | I16: 0 | J16: 0 | K16: 0 | L16: 0 | M16: 0 | N16: =+F16-I16-J16-K16-L16-M16+H16 -> 3670 | P16: 500 | Q16: 2000
A17: 15 | B17: AHŞAP TELESKOP KÖRÜK | F17: 200 | G17: 165 | H17: 1000 | I17: 120 | J17: 20 | K17: 0 | L17: 0 | M17: 60 | N17: =+F17-I17-J17-K17-L17-M17+H17 -> 1000 | P17: 100 | Q17: 500
A18: 16 | B18: VEGA KÖRÜK | F18: 4500 | H18: 0 | I18: 450 | J18: 0 | K18: 1350 | L18: 0 | M18: 0 | N18: =+F18-I18-J18-K18-L18-M18+H18 -> 2700 | P18: 1000 | Q18: 5000
A19: 17 | B19: YAZI TABLASI | F19: 25 | H19: 0 | I19: 0 | J19: 0 | K19: 0 | L19: 0 | M19: 0 | N19: =+F19-I19-J19-K19-L19-M19+H19 -> 25 | P19: 100 | Q19: 300
A20: 18 | B20: VEGA ÇAKMA KOL | F20: 550 | H20: 0 | I20: 0 | J20: 0 | K20: 0 | L20: 0 | M20: 0 | N20: =+F20-I20-J20-K20-L20-M20+H20 -> 550 | P20: 100 | Q20: 300
A21: 19 | B21: SİNEMA KAPAK KISA | F21: 290 | G21: 425 | H21: 0 | I21: 0 | J21: 0 | K21: 0 | L21: 0 | M21: 0 | N21: =+F21-I21-J21-K21-L21-M21+H21 -> 290 | P21: 200 | Q21: 500
A22: 20 | B22: KUYRUKLU TİLK MEKANİZMA | F22: 2151 | H22: 0 | I22: 28 | J22: 4 | K22: 8 | L22: 0 | M22: 20 | N22: =+F22-I22-J22-K22-L22-M22+H22 -> 2091 | P22: 100 | Q22: 300
A23: 21 | B23: ÇİFT KOLLU TİLK MEK. | F23: 3471 | H23: 336 | I23: 91 | J23: 144 | K23: 292 | L23: 0 | M23: 26 | N23: =+F23-I23-J23-K23-L23-M23+H23 -> 3254 | P23: 500 | Q23: 1500
A24: 22 | B24: VEGA KONFERANS KOL | F24: 125 | H24: 0 | I24: 0 | J24: 0 | K24: 0 | L24: 0 | M24: 0 | N24: =+F24-I24-J24-K24-L24-M24+H24 -> 125 | P24: 100 | Q24: 250
A25: 23 | F25: 0 | H25: 0 | I25: 0 | J25: 0 | K25: 0 | L25: 0 | M25: 0 | N25: =+F25-I25-J25-K25-L25-M25+H25 -> 0 | P25: 10 | Q25: 100
A26: 24 | B26: PİMLİ TEKER NAYLON 60 | F26: 4300 | H26: 5000 | I26: 0 | J26: 0 | K26: 2200 | L26: 0 | M26: 1000 | N26: =+F26-I26-J26-K26-L26-M26+H26 -> 6100 | P26: 2000 | Q26: 10000
A27: 25 | B27: 5 cm krom ayarlı ayak | F27: 174 | H27: 0 | I27: 0 | J27: 0 | K27: 0 | L27: 0 | M27: 0 | N27: =+F27-I27-J27-K27-L27-M27+H27 -> 174 | P27: 100 | Q27: 500
A28: 26 | B28: PİMLİ TEKER 50 LIK SLİKONLU | F28: 0 | G28: 0 | H28: 5000 | I28: 0 | J28: 0 | K28: 0 | L28: 0 | M28: 0 | N28: =+F28-I28-J28-K28-L28-M28+H28 -> 5000
A29: 27 | B29: YARASA ŞASE | F29: 776 | H29: 0 | I29: 28 | J29: 0 | K29: 0 | L29: 0 | M29: 0 | N29: =+F29-I29-J29-K29-L29-M29+H29 -> 748

Sheet EYLÜL 2024
B1: 45536
A2: S.NO | B2: ÜRÜN CİNSİ | F2: ADET | G2: devir | H2: GELEN | I2: 45541 | J2: 45548 | K2: 45555 | L2: 45562 | M2: 45565 | N2: KALAN | O2: AÇIKLAMA | P2: MİNİMUN | Q2: MAKSİMUN
A3: 1 | B3: U BAĞLANTI DEMİRİ | F3: 9500 | H3: 8000 | I3: 1000 | J3: 1000 | K3: 500 | L3: 1000 | M3: 0 | N3: =+F3-I3-J3-K3-L3-M3+H3 -> 14000 | P3: 1000 | Q3: 10000
A4: 2 | B4: AYAK SOMUNU(BIDIK) | F4: 3500 | H4: 0 | I4: 0 | J4: 0 | K4: 0 | L4: 0 | M4: 0 | N4: =+F4-I4-J4-K4-L4-M4+H4 -> 3500 | P4: 5000 | Q4: 20000
A5: 3 | B5: M10 OYNAR BAŞLIKLI BİNGO | F5: 0 | H5: 0 | I5: 0 | J5: 0 | K5: 0 | L5: 0 | M5: 0 | N5: =+F5-I5-J5-K5-L5-M5+H5 -> 0 | O5: BANK İÇİN | P5: 300 | Q5: 1000
A6: 4 | B6: M8 CİVATALI BİNGO | F6: 800 | H6: 2200 | I6: 750 | J6: 0 | K6: 250 | L6: 250 | M6: 0 | N6: =+F6-I6-J6-K6-L6-M6+H6 -> 1750 | O6: PLASTİK SİY.BÜYÜK | P6: 0
A7: 5 | B7: M8 OYNAR BAŞLIKLI BİNGO | F7: 121 | H7: 0 | I7: 0 | J7: 0 | K7: 0 | L7: 0 | M7: 0 | N7: =+F7-I7-J7-K7-L7-M7+H7 -> 121 | O7: KROM | P7: 300 | Q7: 1000
A8: 6 | B8: M8 SOKET | F8: 3000 | H8: 0 | I8: 1000 | J8: 0 | K8: 0 | L8: 0 | M8: 0 | N8: =+F8-I8-J8-K8-L8-M8+H8 -> 2000 | P8: 200 | Q8: 500
A9: 7 | B9: M8 CİVATALI BİNGO_MOB. | F9: 105 | H9: 0 | I9: 0 | J9: 0 | K9: 0 | L9: 0 | M9: 0 | N9: =+F9-I9-J9-K9-L9-M9+H9 -> 105 | O9: REFAKATÇI SİY.KÜÇÜK | P9: 200 | Q9: 500
A10: 8 | B10: M6 SOKET | F10: 3000 | H10: 0 | I10: 0 | J10: 0 | K10: 0 | L10: 500 | M10: 0 | N10: =+F10-I10-J10-K10-L10-M10+H10 -> 2500 | P10: 10000 | Q10: 50000
A11: 9 | B11: PİMLİ TEKER NAYLON 50 | F11: 15300 | G11: 0 | H11: 0 | I11: 250 | J11: 1000 | K11: 825 | L11: 0 | M11: 0 | N11: =+F11-I11-J11-K11-L11-M11+H11 -> 13225 | P11: 5000 | Q11: 30000
A12: 10 | B12: YARASA ŞASE KUYRUKLU | F12: 1192 | H12: 0 | I12: 0 | J12: 0 | K12: 0 | L12: 0 | M12: 0 | N12: =+F12-I12-J12-K12-L12-M12+H12 -> 1192 | P12: 0
A13: 11 | B13: PİMLİ BİNGO | F13: 4300 | H13: 0 | I13: 0 | J13: 0 | K13: 0 | L13: 0 | M13: 0 | N13: =+F13-I13-J13-K13-L13-M13+H13 -> 4300 | P13: 1000 | Q13: 5000
A14: 12 | B14: LALE AYAK ÇEKYAT GEÇMELİ | F14: 524 | H14: 0 | I14: 0 | J14: 0 | K14: 0 | L14: 200 | M14: 0 | N14: =+F14-I14-J14-K14-L14-M14+H14 -> 324 | P14: 250 | Q14: 1000
A15: 13 | B15: TOKMAK | F15: 660 | H15: 0 | I15: 0 | J15: 0 | K15: 0 | L15: 0 | M15: 0 | N15: =+F15-I15-J15-K15-L15-M15+H15 -> 660 | P15: 250 | Q15: 500
A16: 14 | B16: SEKRETER KÖRÜK | C16: 350 | F16: 3670 | H16: 0 | I16: 0 | J16: 0 | K16: 0 | L16: 0 | M16: 0 | N16: =+F16-I16-J16-K16-L16-M16+H16 -> 3670 | P16: 500 | Q16: 2000
A17: 15 | B17: AHŞAP TELESKOP KÖRÜK | F17: 1000 | G17: 165 | H17: 0 | I17: 80 | J17: 0 | K17: 40 | L17: 20 | M17: 0 | N17: =+F17-I17-J17-K17-L17-M17+H17 -> 860 | P17: 100 | Q17: 500
A18: 16 | B18: VEGA KÖRÜK | F18: 2700 | H18: 4050 | I18: 1000 | J18: 800 | K18: 450 | L18: 900 | M18: 0 | N18: =+F18-I18-J18-K18-L18-M18+H18 -> 3600 | P18: 1000 | Q18: 5000
A19: 17 | B19: YAZI TABLASI | F19: 125 | H19: 0 | I19: 25 | J19: 25 | K19: 0 | L19: 0 | M19: 0 | N19: =+F19-I19-J19-K19-L19-M19+H19 -> 75 | P19: 100 | Q19: 300
A20: 18 | B20: VEGA ÇAKMA KOL | F20: 550 | H20: 0 | I20: 0 | J20: 0 | K20: 0 | L20: 0 | M20: 0 | N20: =+F20-I20-J20-K20-L20-M20+H20 -> 550 | P20: 100 | Q20: 300
A21: 19 | B21: SİNEMA KAPAK KISA | F21: 290 | G21: 425 | H21: 435 | I21: 200 | J21: 0 | K21: 90 | L21: 52 | M21: 0 | N21: =+F21-I21-J21-K21-L21-M21+H21 -> 383 | P21: 200 | Q21: 500
A22: 20 | B22: KUYRUKLU TİLK MEKANİZMA | F22: 2091 | H22: 0 | I22: 1 | J22: 100 | K22: 30 | L22: 0 | M22: 0 | N22: =+F22-I22-J22-K22-L22-M22+H22 -> 1960 | P22: 100 | Q22: 300
A23: 21 | B23: ÇİFT KOLLU TİLK MEK. | F23: 3254 | H23: 1024 | I23: 176 | J23: 387 | K23: 148 | L23: 140 | M23: 0 | N23: =+F23-I23-J23-K23-L23-M23+H23 -> 3427 | P23: 500 | Q23: 1500
A24: 22 | B24: VEGA KONFERANS KOL | F24: 125 | H24: 0 | I24: 0 | J24: 25 | K24: 0 | L24: 0 | M24: 0 | N24: =+F24-I24-J24-K24-L24-M24+H24 -> 100 | P24: 100 | Q24: 250
A25: 23 | F25: 0 | H25: 0 | I25: 0 | J25: 0 | K25: 0 | L25: 0 | M25: 0 | N25: =+F25-I25-J25-K25-L25-M25+H25 -> 0 | P25: 10 | Q25: 100
A26: 24 | B26: PİMLİ TEKER NAYLON 60 | F26: 6100 | H26: 10000 | I26: 800 | J26: 800 | K26: 1025 | L26: 1000 | M26: 0 | N26: =+F26-I26-J26-K26-L26-M26+H26 -> 12475 | P26: 2000 | Q26: 10000
A27: 25 | B27: 5 cm krom ayarlı ayak | F27: 174 | H27: 0 | I27: 0 | J27: 0 | K27: 0 | L27: 0 | M27: 0 | N27: =+F27-I27-J27-K27-L27-M27+H27 -> 174 | P27: 100 | Q27: 500
A28: 26 | B28: PİMLİ TEKER 50 LIK SLİKONLU | F28: 5000 | G28: 0 | H28: 0 | I28: 0 | J28: 0 | K28: 0 | L28: 0 | M28: 0 | N28: =+F28-I28-J28-K28-L28-M28+H28 -> 5000
A29: 27 | B29: YARASA ŞASE | F29: 748 | H29: 0 | I29: 0 | J29: 0 | K29: 0 | L29: 0 | M29: 0 | N29: =+F29-I29-J29-K29-L29-M29+H29 -> 748

Sheet EKİM 2024
B1: 45566
A2: S.NO | B2: ÜRÜN CİNSİ | F2: ADET | G2: devir | H2: GELEN | I2: 45569 | J2: 45576 | K2: 45583 | L2: 45590 | M2: 45596 | N2: KALAN | O2: AÇIKLAMA | P2: MİNİMUN | Q2: MAKSİMUN
A3: 1 | B3: U BAĞLANTI DEMİRİ | F3: 14000 | H3: 0 | I3: 1000 | J3: 1000 | K3: 1000 | L3: 1000 | M3: 1000 | N3: =+F3-I3-J3-K3-L3-M3+H3 -> 9000 | P3: 1000 | Q3: 10000
A4: 2 | B4: AYAK SOMUNU(BIDIK) | F4: 3500 | H4: 0 | I4: 0 | J4: 0 | K4: 0 | L4: 0 | M4: 0 | N4: =+F4-I4-J4-K4-L4-M4+H4 -> 3500 | P4: 5000 | Q4: 20000
A5: 3 | B5: M10 OYNAR BAŞLIKLI BİNGO | F5: 0 | H5: 0 | I5: 0 | J5: 0 | K5: 0 | L5: 0 | M5: 0 | N5: =+F5-I5-J5-K5-L5-M5+H5 -> 0 | O5: BANK İÇİN | P5: 300 | Q5: 1000
A6: 4 | B6: M8 CİVATALI BİNGO | F6: 1750 | H6: 0 | I6: 250 | J6: 0 | K6: 250 | L6: 0 | M6: 0 | N6: =+F6-I6-J6-K6-L6-M6+H6 -> 1250 | O6: PLASTİK SİY.BÜYÜK | P6: 0
A7: 5 | B7: M8 OYNAR BAŞLIKLI BİNGO | F7: 121 | H7: 0 | I7: 0 | J7: 0 | K7: 0 | L7: 0 | M7: 0 | N7: =+F7-I7-J7-K7-L7-M7+H7 -> 121 | O7: KROM | P7: 300 | Q7: 1000
A8: 6 | B8: M8 SOKET | F8: 2000 | H8: 0 | I8: 0 | J8: 0 | K8: 500 | L8: 0 | M8: 0 | N8: =+F8-I8-J8-K8-L8-M8+H8 -> 1500 | P8: 200 | Q8: 500
A9: 7 | B9: M8 CİVATALI BİNGO_MOB. | F9: 105 | H9: 0 | I9: 0 | J9: 0 | K9: 0 | L9: 0 | M9: 0 | N9: =+F9-I9-J9-K9-L9-M9+H9 -> 105 | O9: REFAKATÇI SİY.KÜÇÜK | P9: 200 | Q9: 500
A10: 8 | B10: M6 SOKET | F10: 2500 | H10: 0 | I10: 0 | J10: 0 | K10: 500 | L10: 0 | M10: 0 | N10: =+F10-I10-J10-K10-L10-M10+H10 -> 2000 | P10: 10000 | Q10: 50000
A11: 9 | B11: PİMLİ TEKER NAYLON 50 | F11: 13225 | G11: 0 | H11: 0 | I11: 500 | J11: 500 | K11: 1000 | L11: 1300 | M11: 500 | N11: =+F11-I11-J11-K11-L11-M11+H11 -> 9425 | P11: 5000 | Q11: 30000
A12: 10 | B12: YARASA ŞASE KUYRUKLU | F12: 1192 | H12: 0 | I12: 0 | J12: 0 | K12: 0 | L12: 0 | M12: 0 | N12: =+F12-I12-J12-K12-L12-M12+H12 -> 1192 | P12: 0
A13: 11 | B13: PİMLİ BİNGO | F13: 4300 | H13: 0 | I13: 0 | J13: 0 | K13: 0 | L13: 0 | M13: 0 | N13: =+F13-I13-J13-K13-L13-M13+H13 -> 4300 | P13: 1000 | Q13: 5000
A14: 12 | B14: LALE AYAK ÇEKYAT GEÇMELİ | F14: 324 | H14: 0 | I14: 0 | J14: 0 | K14: 0 | L14: 0 | M14: 0 | N14: =+F14-I14-J14-K14-L14-M14+H14 -> 324 | P14: 250 | Q14: 1000
A15: 13 | B15: TOKMAK | F15: 660 | H15: 0 | I15: 0 | J15: 0 | K15: 0 | L15: 0 | M15: 0 | N15: =+F15-I15-J15-K15-L15-M15+H15 -> 660 | P15: 250 | Q15: 500
A16: 14 | B16: SEKRETER KÖRÜK | C16: 350 | F16: 3200 | H16: 0 | I16: 0 | J16: 0 | K16: 0 | L16: 0 | M16: 450 | N16: =+F16-I16-J16-K16-L16-M16+H16 -> 2750 | P16: 500 | Q16: 2000
A17: 15 | B17: AHŞAP TELESKOP KÖRÜK | F17: 860 | G17: 165 | H17: 0 | I17: 40 | J17: 60 | K17: 21 | L17: 60 | M17: 120 | N17: =+F17-I17-J17-K17-L17-M17+H17 -> 559 | P17: 100 | Q17: 500
A18: 16 | B18: VEGA KÖRÜK | F18: 3600 | H18: 4950 | I18: 450 | J18: 3100 | K18: 1300 | L18: 450 | M18: 450 | N18: =+F18-I18-J18-K18-L18-M18+H18 -> 2800 | P18: 1000 | Q18: 5000
A19: 17 | B19: YAZI TABLASI | F19: 75 | H19: 200 | I19: 5 | J19: 0 | K19: 170 | L19: 16 | M19: 0 | N19: =+F19-I19-J19-K19-L19-M19+H19 -> 84 | P19: 100 | Q19: 300
A20: 18 | B20: VEGA ÇAKMA KOL | F20: 550 | H20: 0 | I20: 0 | J20: 0 | K20: 0 | L20: 0 | M20: 0 | N20: =+F20-I20-J20-K20-L20-M20+H20 -> 550 | P20: 100 | Q20: 300
A21: 19 | B21: SİNEMA KAPAK KISA | F21: 383 | G21: 425 | H21: 500 | I21: 300 | J21: 0 | K21: 200 | L21: 45 | M21: 0 | N21: =+F21-I21-J21-K21-L21-M21+H21 -> 338 | P21: 200 | Q21: 500
A22: 20 | B22: KUYRUKLU TİLK MEKANİZMA | F22: 1960 | H22: 0 | I22: 80 | J22: 0 | K22: 8 | L22: 40 | M22: 0 | N22: =+F22-I22-J22-K22-L22-M22+H22 -> 1832 | P22: 100 | Q22: 300
A23: 21 | B23: ÇİFT KOLLU TİLK MEK. | F23: 3427 | H23: 680 | I23: 140 | J23: 97 | K23: 330 | L23: 166 | M23: 576 | N23: =+F23-I23-J23-K23-L23-M23+H23 -> 2798 | P23: 500 | Q23: 1500
A24: 22 | B24: VEGA KONFERANS KOL | F24: 100 | H24: 100 | I24: 0 | J24: 0 | K24: 100 | L24: 0 | M24: 0 | N24: =+F24-I24-J24-K24-L24-M24+H24 -> 100 | P24: 100 | Q24: 250
A25: 23 | F25: 0 | H25: 0 | I25: 0 | J25: 0 | K25: 0 | L25: 0 | M25: 0 | N25: =+F25-I25-J25-K25-L25-M25+H25 -> 0 | P25: 10 | Q25: 100
A26: 24 | B26: PİMLİ TEKER NAYLON 60 | F26: 12475 | H26: 0 | I26: 600 | J26: 0 | K26: 900 | L26: 600 | M26: 400 | N26: =+F26-I26-J26-K26-L26-M26+H26 -> 9975 | P26: 2000 | Q26: 10000
A27: 25 | B27: 5 cm krom ayarlı ayak | F27: 174 | H27: 0 | I27: 0 | J27: 0 | K27: 0 | L27: 0 | M27: 0 | N27: =+F27-I27-J27-K27-L27-M27+H27 -> 174 | P27: 100 | Q27: 500
A28: 26 | B28: PİMLİ TEKER 50 LIK SLİKONLU | F28: 5000 | G28: 0 | H28: 0 | I28: 0 | J28: 0 | K28: 0 | L28: 0 | M28: 0 | N28: =+F28-I28-J28-K28-L28-M28+H28 -> 5000
A29: 27 | B29: YARASA ŞASE | F29: 748 | H29: 0 | I29: 0 | J29: 0 | K29: 0 | L29: 8 | M29: 0 | N29: =+F29-I29-J29-K29-L29-M29+H29 -> 740

Sheet KASIM 2024
B1: 45597
A2: S.NO | B2: ÜRÜN CİNSİ | F2: ADET | G2: devir | H2: GELEN | I2: 45604 | J2: 45611 | K2: 45618 | L2: 45625 | M2: 0 | N2: KALAN | O2: AÇIKLAMA | P2: MİNİMUN | Q2: MAKSİMUN
A3: 1 | B3: U BAĞLANTI DEMİRİ | F3: 9000 | H3: 0 | I3: 500 | J3: 1000 | K3: 1000 | L3: 500 | M3: 0 | N3: =+F3-I3-J3-K3-L3-M3+H3 -> 6000 | P3: 1000 | Q3: 10000
A4: 2 | B4: AYAK SOMUNU(BIDIK) | F4: 3500 | H4: 0 | I4: 0 | J4: 0 | K4: 0 | L4: 1000 | M4: 0 | N4: =+F4-I4-J4-K4-L4-M4+H4 -> 2500 | P4: 5000 | Q4: 20000
A5: 3 | B5: M10 OYNAR BAŞLIKLI BİNGO | F5: 0 | H5: 0 | I5: 0 | J5: 0 | K5: 0 | L5: 0 | M5: 0 | N5: =+F5-I5-J5-K5-L5-M5+H5 -> 0 | O5: BANK İÇİN | P5: 300 | Q5: 1000
A6: 4 | B6: M8 CİVATALI BİNGO | F6: 1250 | H6: 0 | I6: 0 | J6: 0 | K6: 0 | L6: 0 | M6: 0 | N6: =+F6-I6-J6-K6-L6-M6+H6 -> 1250 | O6: PLASTİK SİY.BÜYÜK | P6: 0
A7: 5 | B7: M8 OYNAR BAŞLIKLI BİNGO | F7: 121 | H7: 0 | I7: 0 | J7: 0 | K7: 0 | L7: 0 | M7: 0 | N7: =+F7-I7-J7-K7-L7-M7+H7 -> 121 | O7: KROM | P7: 300 | Q7: 1000
A8: 6 | B8: M8 SOKET | F8: 1500 | H8: 0 | I8: 200 | J8: 200 | K8: 200 | L8: 0 | M8: 0 | N8: =+F8-I8-J8-K8-L8-M8+H8 -> 900 | P8: 200 | Q8: 500
A9: 7 | B9: M8 CİVATALI BİNGO_MOB. | F9: 105 | H9: 0 | I9: 0 | J9: 0 | K9: 0 | L9: 0 | M9: 0 | N9: =+F9-I9-J9-K9-L9-M9+H9 -> 105 | O9: REFAKATÇI SİY.KÜÇÜK | P9: 200 | Q9: 500
A10: 8 | B10: M6 SOKET | F10: 2000 | H10: 0 | I10: 250 | J10: 0 | K10: 500 | L10: 0 | M10: 0 | N10: =+F10-I10-J10-K10-L10-M10+H10 -> 1250 | P10: 10000 | Q10: 50000
A11: 9 | B11: PİMLİ TEKER NAYLON 50 | F11: 9425 | G11: 0 | H11: 0 | I11: 750 | J11: 0 | K11: 15 | L11: 1000 | M11: 0 | N11: =+F11-I11-J11-K11-L11-M11+H11 -> 7660 | P11: 5000 | Q11: 30000
A12: 10 | B12: YARASA ŞASE KUYRUKLU | F12: 1192 | H12: 0 | I12: 0 | J12: 0 | K12: 0 | L12: 0 | M12: 0 | N12: =+F12-I12-J12-K12-L12-M12+H12 -> 1192 | P12: 0
A13: 11 | B13: PİMLİ BİNGO | F13: 4300 | H13: 0 | I13: 0 | J13: 0 | K13: 0 | L13: 0 | M13: 0 | N13: =+F13-I13-J13-K13-L13-M13+H13 -> 4300 | P13: 1000 | Q13: 5000
A14: 12 | B14: LALE AYAK ÇEKYAT GEÇMELİ | F14: 324 | H14: 0 | I14: 0 | J14: 0 | K14: 0 | L14: 0 | M14: 0 | N14: =+F14-I14-J14-K14-L14-M14+H14 -> 324 | P14: 250 | Q14: 1000
A15: 13 | B15: TOKMAK | F15: 660 | H15: 0 | I15: 0 | J15: 0 | K15: 0 | L15: 0 | M15: 0 | N15: =+F15-I15-J15-K15-L15-M15+H15 -> 660 | P15: 250 | Q15: 500
A16: 14 | B16: SEKRETER KÖRÜK | C16: 350 | F16: 2750 | H16: 0 | I16: 0 | J16: 0 | K16: 0 | L16: 0 | M16: 0 | N16: =+F16-I16-J16-K16-L16-M16+H16 -> 2750 | P16: 500 | Q16: 2000
A17: 15 | B17: AHŞAP TELESKOP KÖRÜK | F17: 559 | G17: 165 | H17: 0 | I17: 20 | J17: 120 | K17: 60 | L17: 20 | M17: 0 | N17: =+F17-I17-J17-K17-L17-M17+H17 -> 339 | P17: 100 | Q17: 500
A18: 16 | B18: VEGA KÖRÜK | F18: 2800 | H18: 0 | I18: 0 | J18: 0 | K18: 0 | L18: 0 | M18: 0 | N18: =+F18-I18-J18-K18-L18-M18+H18 -> 2800 | P18: 1000 | Q18: 5000
A19: 17 | B19: YAZI TABLASI | F19: 84 | H19: 100 | I19: 0 | J19: 95 | K19: 0 | L19: 0 | M19: 0 | N19: =+F19-I19-J19-K19-L19-M19+H19 -> 89 | P19: 100 | Q19: 300
A20: 18 | B20: VEGA ÇAKMA KOL | F20: 110 | H20: 0 | I20: 0 | J20: 0 | K20: 0 | L20: 110 | M20: 0 | N20: =+F20-I20-J20-K20-L20-M20+H20 -> 0 | O20: TK | P20: 100 | Q20: 300
A21: 19 | B21: SİNEMA KAPAK KISA | F21: 338 | G21: 425 | H21: 0 | I21: 55 | J21: 50 | K21: 0 | L21: 0 | M21: 0 | N21: =+F21-I21-J21-K21-L21-M21+H21 -> 233 | P21: 200 | Q21: 500
A22: 20 | B22: KUYRUKLU TİLK MEKANİZMA | F22: 1832 | H22: 0 | I22: 20 | J22: 8 | K22: 0 | L22: 6 | M22: 0 | N22: =+F22-I22-J22-K22-L22-M22+H22 -> 1798 | P22: 100 | Q22: 300
A23: 21 | B23: ÇİFT KOLLU TİLK MEK. | F23: 2798 | H23: 968 | I23: 161 | J23: 0 | K23: 1 | L23: 80 | M23: 0 | N23: =+F23-I23-J23-K23-L23-M23+H23 -> 3524 | P23: 500 | Q23: 1500
A24: 22 | B24: VEGA KONFERANS KOL | F24: 100 | H24: 100 | I24: 0 | J24: 95 | K24: 0 | L24: 10 | M24: 0 | N24: =+F24-I24-J24-K24-L24-M24+H24 -> 95 | P24: 100 | Q24: 250
A25: 23 | B25: YENİ SİNM. KISA KAPAK | F25: 0 | H25: 1000 | I25: 0 | J25: 126 | K25: 135 | L25: 270 | M25: 0 | N25: =+F25-I25-J25-K25-L25-M25+H25 -> 469 | P25: 10 | Q25: 100
A26: 24 | B26: PİMLİ TEKER NAYLON 60 | F26: 9975 | H26: 0 | I26: 400 | J26: 800 | K26: 2200 | L26: 1200 | M26: 0 | N26: =+F26-I26-J26-K26-L26-M26+H26 -> 5375 | P26: 2000 | Q26: 10000
A27: 25 | B27: 5 cm krom ayarlı ayak | F27: 174 | H27: 0 | I27: 0 | J27: 0 | K27: 0 | L27: 0 | M27: 0 | N27: =+F27-I27-J27-K27-L27-M27+H27 -> 174 | P27: 100 | Q27: 500
A28: 26 | B28: PİMLİ TEKER 50 LIK SLİKONLU | F28: 5000 | G28: 0 | H28: 0 | I28: 0 | J28: 0 | K28: 0 | L28: 0 | M28: 0 | N28: =+F28-I28-J28-K28-L28-M28+H28 -> 5000
A29: 27 | B29: YARASA ŞASE | F29: 740 | H29: 0 | I29: 0 | J29: 0 | K29: 0 | L29: 2 | M29: 0 | N29: =+F29-I29-J29-K29-L29-M29+H29 -> 738

Sheet OCAK 2025
B1: 45658 | Q1: 45656
A2: S.NO | B2: ÜRÜN CİNSİ | F2: ADET | G2: devir | H2: GELEN | I2: 45660 | J2: 45667 | K2: 45674 | L2: 45681 | M2: 45688 | N2: KALAN | O2: AÇIKLAMA | P2: MİNİMUN | Q2: MAKSİMUN
A3: 1 | B3: U BAĞLANTI DEMİRİ | F3: 15000 | H3: 0 | I3: 2000 | J3: 500 | K3: 1500 | L3: 500 | M3: 1000 | N3: =+F3-I3-J3-K3-L3-M3+H3 -> 9500 | P3: 1000 | Q3: 10000
A4: 2 | B4: AYAK SOMUNU(BIDIK) | F4: 1500 | H4: 0 | I4: 0 | J4: 500 | K4: 0 | L4: 0 | M4: 0 | N4: =+F4-I4-J4-K4-L4-M4+H4 -> 1000 | P4: 5000 | Q4: 20000
A5: 3 | B5: M10 OYNAR BAŞLIKLI BİNGO | F5: 0 | H5: 0 | I5: 0 | J5: 0 | K5: 0 | L5: 0 | M5: 0 | N5: =+F5-I5-J5-K5-L5-M5+H5 -> 0 | O5: BANK İÇİN | P5: 300 | Q5: 1000
A6: 4 | B6: M8 CİVATALI BİNGO | F6: 750 | H6: 5000 | I6: 750 | J6: 750 | K6: 0 | L6: 0 | M6: 0 | N6: =+F6-I6-J6-K6-L6-M6+H6 -> 4250 | O6: PLASTİK SİY.BÜYÜK | P6: 0
A7: 5 | B7: M8 OYNAR BAŞLIKLI BİNGO | F7: 121 | H7: 0 | I7: 0 | J7: 0 | K7: 0 | L7: 0 | M7: 0 | N7: =+F7-I7-J7-K7-L7-M7+H7 -> 121 | O7: KROM | P7: 300 | Q7: 1000
A8: 6 | B8: M8 SOKET | F8: 4000 | H8: 0 | I8: 0 | J8: 0 | K8: 0 | L8: 0 | M8: 0 | N8: =+F8-I8-J8-K8-L8-M8+H8 -> 4000 | P8: 200 | Q8: 500
A9: 7 | B9: M8 CİVATALI BİNGO_MOB. | F9: 105 | H9: 0 | I9: 0 | J9: 0 | K9: 0 | L9: 0 | M9: 0 | N9: =+F9-I9-J9-K9-L9-M9+H9 -> 105 | O9: REFAKATÇI SİY.KÜÇÜK | P9: 200 | Q9: 500
A10: 8 | B10: M6 SOKET | F10: 15000 | H10: 0 | I10: 1000 | J10: 1000 | K10: 0 | L10: 0 | M10: 1000 | N10: =+F10-I10-J10-K10-L10-M10+H10 -> 12000 | P10: 10000 | Q10: 50000
A11: 9 | B11: PİMLİ TEKER NAYLON 50 | F11: 1500 | G11: 0 | H11: 6000 | I11: 1800 | J11: 0 | K11: 400 | L11: 1000 | M11: 465 | N11: =+F11-I11-J11-K11-L11-M11+H11 -> 3835 | P11: 5000 | Q11: 30000
A12: 10 | B12: YARASA ŞASE KUYRUKLU | F12: 1192 | H12: 0 | I12: 0 | J12: 0 | K12: 0 | L12: 0 | M12: 0 | N12: =+F12-I12-J12-K12-L12-M12+H12 -> 1192 | P12: 0
A13: 11 | B13: PİMLİ BİNGO | F13: 4200 | H13: 0 | I13: 0 | J13: 0 | K13: 0 | L13: 0 | M13: 0 | N13: =+F13-I13-J13-K13-L13-M13+H13 -> 4200 | P13: 1000 | Q13: 5000
A14: 12 | B14: LALE AYAK ÇEKYAT GEÇMELİ | F14: 300 | H14: 0 | I14: 0 | J14: 0 | K14: 0 | L14: 0 | M14: 0 | N14: =+F14-I14-J14-K14-L14-M14+H14 -> 300 | P14: 250 | Q14: 1000
A15: 13 | B15: TOKMAK | F15: 600 | H15: 0 | I15: 0 | J15: 0 | K15: 0 | L15: 0 | M15: 0 | N15: =+F15-I15-J15-K15-L15-M15+H15 -> 600 | P15: 250 | Q15: 500
A16: 14 | B16: SEKRETER KÖRÜK | C16: 350 | F16: 2090 | H16: 0 | I16: 0 | J16: 0 | K16: 200 | L16: 0 | M16: 0 | N16: =+F16-I16-J16-K16-L16-M16+H16 -> 1890 | P16: 500 | Q16: 2000
A17: 15 | B17: AHŞAP TELESKOP KÖRÜK | F17: 240 | G17: 165 | H17: 1000 | I17: 60 | J17: 100 | K17: 60 | L17: 120 | M17: 40 | N17: =+F17-I17-J17-K17-L17-M17+H17 -> 860 | P17: 100 | Q17: 500
A18: 16 | B18: VEGA KÖRÜK | F18: 6500 | G18: 500 | H18: 0 | I18: 0 | J18: 500 | K18: 900 | L18: 0 | M18: 0 | N18: =+F18-I18-J18-K18-L18-M18+H18 -> 5100 | P18: 1000 | Q18: 5000
A19: 17 | B19: YAZI TABLASI | F19: 110 | H19: 0 | I19: 0 | J19: 0 | K19: 0 | L19: 0 | M19: 0 | N19: =+F19-I19-J19-K19-L19-M19+H19 -> 110 | P19: 100 | Q19: 300
A20: 18 | B20: VEGA ÇAKMA KOL | F20: 0 | H20: 100 | I20: 0 | J20: 0 | K20: 0 | L20: 13 | M20: 0 | N20: =+F20-I20-J20-K20-L20-M20+H20 -> 87 | O20: TK | P20: 100 | Q20: 300
A21: 19 | B21: SİNEMA KAPAK KISA | F21: 230 | G21: 425 | H21: 0 | I21: 0 | J21: 0 | K21: 0 | L21: 0 | M21: 0 | N21: =+F21-I21-J21-K21-L21-M21+H21 -> 230 | P21: 200 | Q21: 500
A22: 20 | B22: KUYRUKLU TİLK MEKANİZMA | F22: 1525 | H22: 152 | I22: 0 | J22: 0 | K22: 16 | L22: 28 | M22: 0 | N22: =+F22-I22-J22-K22-L22-M22+H22 -> 1633 | P22: 100 | Q22: 300
A23: 21 | B23: ÇİFT KOLLU TİLK MEK. | F23: 2898 | H23: 2080 | I23: 85 | J23: 141 | K23: 792 | L23: 28 | M23: 417 | N23: =+F23-I23-J23-K23-L23-M23+H23 -> 3515 | P23: 500 | Q23: 1500
A24: 22 | B24: VEGA KONFERANS KOL | F24: 150 | H24: 0 | I24: 0 | J24: 0 | K24: 0 | L24: 0 | M24: 0 | N24: =+F24-I24-J24-K24-L24-M24+H24 -> 150 | P24: 100 | Q24: 250
A25: 23 | B25: YENİ SİNM. KISA KAPAK | F25: 1010 | H25: 0 | I25: 40 | J25: 90 | K25: 70 | L25: 0 | M25: 16 | N25: =+F25-I25-J25-K25-L25-M25+H25 -> 794 | P25: 10 | Q25: 100
A26: 24 | B26: PİMLİ TEKER NAYLON 60 | F26: 1400 | H26: 5000 | I26: 600 | J26: 325 | K26: 655 | L26: 1000 | M26: 1000 | N26: =+F26-I26-J26-K26-L26-M26+H26 -> 2820 | P26: 2000 | Q26: 10000
A27: 25 | B27: 5 cm krom ayarlı ayak | F27: 20 | H27: 700 | I27: 80 | J27: 0 | K27: 0 | L27: 112 | M27: 0 | N27: =+F27-I27-J27-K27-L27-M27+H27 -> 528 | P27: 100 | Q27: 500
A28: 26 | B28: PİMLİ TEKER 50 LIK SLİKONLU | F28: 5000 | G28: 0 | H28: 0 | I28: 0 | J28: 600 | K28: 0 | L28: 0 | M28: 0 | N28: =+F28-I28-J28-K28-L28-M28+H28 -> 4400
A29: 27 | B29: YARASA ŞASE | F29: 738 | H29: 0 | I29: 0 | J29: 0 | K29: 0 | L29: 0 | M29: 0 | N29: =+F29-I29-J29-K29-L29-M29+H29 -> 738
A30: 28 | B30: TELLY KUYRUKLU ŞASE | F30: 212 | H30: 300 | I30: 49 | J30: 0 | K30: 0 | L30: 0 | M30: 262 | N30: =+F30-I30-J30-K30-L30-M30+H30 -> 201
A31: 29 | B31: ZIMBA TELİ 9240 / KOLİ | F31: 0 | H31: 15 | I31: 0 | J31: 2 | K31: 0 | L31: 0 | M31: 10 | N31: =+F31-I31-J31-K31-L31-M31+H31 -> 3
A32: 30 | B32: ZIMBA TELİ 8014 | F32: 2 | H32: 14 | I32: 0 | J32: 2 | K32: 0 | L32: 0 | M32: 7 | N32: =+F32-I32-J32-K32-L32-M32+H32 -> 7
A33: 31 | B33: ZIMBA TELİ 8008 | F33: 5 | H33: 10 | I33: 0 | J33: 3 | K33: 0 | L33: 0 | M33: 4 | N33: =+F33-I33-J33-K33-L33-M33+H33 -> 8

Sheet ŞUBAT 2025
B1: 45689 | Q1: 45656
A2: S.NO | B2: ÜRÜN CİNSİ | F2: ADET | G2: devir | H2: GELEN | I2: 45695 | J2: 45702 | K2: 45709 | L2: 45716 | M2: 0 | N2: KALAN | O2: AÇIKLAMA | P2: MİNİMUN | Q2: MAKSİMUN
A3: 1 | B3: U BAĞLANTI DEMİRİ | F3: 9500 | H3: 0 | I3: 1000 | J3: 500 | K3: 500 | L3: 500 | M3: 0 | N3: =+F3-I3-J3-K3-L3-M3+H3 -> 7000 | P3: 1000 | Q3: 10000
A4: 2 | B4: AYAK SOMUNU(BIDIK) | F4: 5000 | H4: 0 | I4: 0 | J4: 0 | K4: 0 | L4: 1000 | M4: 0 | N4: =+F4-I4-J4-K4-L4-M4+H4 -> 4000 | P4: 5000 | Q4: 20000
A5: 3 | B5: M10 OYNAR BAŞLIKLI BİNGO | F5: 0 | H5: 0 | I5: 0 | J5: 0 | K5: 0 | L5: 0 | M5: 0 | N5: =+F5-I5-J5-K5-L5-M5+H5 -> 0 | O5: BANK İÇİN | P5: 300 | Q5: 1000
A6: 4 | B6: M8 CİVATALI BİNGO | F6: 4250 | H6: 0 | I6: 750 | J6: 0 | K6: 0 | L6: 550 | M6: 0 | N6: =+F6-I6-J6-K6-L6-M6+H6 -> 2950 | O6: PLASTİK SİY.BÜYÜK | P6: 0
A7: 5 | B7: M8 OYNAR BAŞLIKLI BİNGO | F7: 121 | H7: 0 | I7: 0 | J7: 0 | K7: 0 | L7: 0 | M7: 0 | N7: =+F7-I7-J7-K7-L7-M7+H7 -> 121 | O7: KROM | P7: 300 | Q7: 1000
A8: 6 | B8: M8 SOKET | F8: 4000 | H8: 0 | I8: 500 | J8: 500 | K8: 0 | L8: 500 | M8: 0 | N8: =+F8-I8-J8-K8-L8-M8+H8 -> 2500 | P8: 200 | Q8: 500
A9: 7 | B9: M8 CİVATALI BİNGO_MOB. | F9: 105 | H9: 0 | I9: 0 | J9: 0 | K9: 0 | L9: 0 | M9: 0 | N9: =+F9-I9-J9-K9-L9-M9+H9 -> 105 | O9: REFAKATÇI SİY.KÜÇÜK | P9: 200 | Q9: 500
A10: 8 | B10: M6 SOKET | F10: 12000 | H10: 0 | I10: 1000 | J10: 1000 | K10: 1000 | L10: 1000 | M10: 0 | N10: =+F10-I10-J10-K10-L10-M10+H10 -> 8000 | P10: 10000 | Q10: 50000
A11: 9 | B11: PİMLİ TEKER NAYLON 50 | F11: 3835 | G11: 0 | H11: 2000 | I11: 1800 | J11: 1600 | K11: 0 | L11: 220 | M11: 0 | N11: =+F11-I11-J11-K11-L11-M11+H11 -> 2215 | P11: 5000 | Q11: 30000
A12: 10 | B12: YARASA ŞASE KUYRUKLU | F12: 1192 | H12: 0 | I12: 0 | J12: 0 | K12: 0 | L12: 0 | M12: 0 | N12: =+F12-I12-J12-K12-L12-M12+H12 -> 1192 | P12: 150 | Q12: 1500
A13: 11 | B13: PİMLİ BİNGO | F13: 4200 | H13: 0 | I13: 0 | J13: 0 | K13: 0 | L13: 0 | M13: 0 | N13: =+F13-I13-J13-K13-L13-M13+H13 -> 4200 | P13: 1000 | Q13: 5000
A14: 12 | B14: LALE AYAK ÇEKYAT GEÇMELİ | F14: 300 | H14: 0 | I14: 0 | J14: 0 | K14: 0 | L14: 0 | M14: 0 | N14: =+F14-I14-J14-K14-L14-M14+H14 -> 300 | P14: 250 | Q14: 1000
A15: 13 | B15: TOKMAK | F15: 600 | H15: 0 | I15: 0 | J15: 0 | K15: 100 | L15: 0 | M15: 0 | N15: =+F15-I15-J15-K15-L15-M15+H15 -> 500 | P15: 250 | Q15: 500
A16: 14 | B16: SEKRETER KÖRÜK | C16: 350 | F16: 1890 | H16: 0 | I16: 750 | J16: 0 | K16: 500 | L16: 0 | M16: 0 | N16: =+F16-I16-J16-K16-L16-M16+H16 -> 640 | P16: 500 | Q16: 2000
A17: 15 | B17: AHŞAP TELESKOP KÖRÜK | F17: 860 | G17: 165 | H17: 0 | I17: 80 | J17: 100 | K17: 60 | L17: 100 | M17: 0 | N17: =+F17-I17-J17-K17-L17-M17+H17 -> 520 | P17: 100 | Q17: 500
A18: 16 | B18: VEGA KÖRÜK | F18: 5100 | G18: 500 | H18: 0 | I18: 450 | J18: 450 | K18: 900 | L18: 0 | M18: 0 | N18: =+F18-I18-J18-K18-L18-M18+H18 -> 3300 | P18: 1000 | Q18: 5000
A19: 17 | B19: YAZI TABLASI | F19: 110 | H19: 0 | I19: 0 | J19: 0 | K19: 0 | L19: 0 | M19: 0 | N19: =+F19-I19-J19-K19-L19-M19+H19 -> 110 | P19: 100 | Q19: 300
A20: 18 | B20: VEGA ÇAKMA KOL | F20: 87 | H20: 0 | I20: 0 | J20: 0 | K20: 0 | L20: 0 | M20: 0 | N20: =+F20-I20-J20-K20-L20-M20+H20 -> 87 | O20: TK | P20: 100 | Q20: 300
A21: 19 | B21: SİNEMA KAPAK KISA | F21: 230 | G21: 425 | H21: 0 | I21: 0 | J21: 0 | K21: 0 | L21: 0 | M21: 0 | N21: =+F21-I21-J21-K21-L21-M21+H21 -> 230 | P21: 200 | Q21: 500
A22: 20 | B22: KUYRUKLU TİLK MEKANİZMA | F22: 1633 | H22: 0 | I22: 2 | J22: 0 | K22: 18 | L22: 0 | M22: 0 | N22: =+F22-I22-J22-K22-L22-M22+H22 -> 1613 | P22: 100 | Q22: 300
A23: 21 | B23: ÇİFT KOLLU TİLK MEK. | F23: 3515 | H23: 0 | I23: 0 | J23: 0 | K23: 0 | L23: 88 | M23: 0 | N23: =+F23-I23-J23-K23-L23-M23+H23 -> 3427 | P23: 500 | Q23: 1500
A24: 22 | B24: VEGA KONFERANS KOL | F24: 150 | H24: 0 | I24: 0 | J24: 0 | K24: 0 | L24: 0 | M24: 0 | N24: =+F24-I24-J24-K24-L24-M24+H24 -> 150 | P24: 100 | Q24: 250
A25: 23 | B25: YENİ SİNM. KISA KAPAK | F25: 620 | H25: 0 | I25: 280 | J25: 0 | K25: 200 | L25: 90 | M25: 0 | N25: =+F25-I25-J25-K25-L25-M25+H25 -> 50 | P25: 10 | Q25: 100
A26: 24 | B26: PİMLİ TEKER NAYLON 60 | F26: 2400 | H26: 5400 | I26: 600 | J26: 1000 | K26: 1000 | L26: 2400 | M26: 0 | N26: =+F26-I26-J26-K26-L26-M26+H26 -> 2800 | P26: 2000 | Q26: 10000
A27: 25 | B27: 5 cm krom ayarlı ayak | F27: 528 | H27: 0 | I27: 180 | J27: 50 | K27: 5 | L27: 0 | M27: 0 | N27: =+F27-I27-J27-K27-L27-M27+H27 -> 293 | P27: 100 | Q27: 500
A28: 26 | B28: PİMLİ TEKER 50 LIK SLİKONLU | F28: 4250 | G28: 0 | H28: 0 | I28: 0 | J28: 0 | K28: 1490 | L28: 0 | M28: 0 | N28: =+F28-I28-J28-K28-L28-M28+H28 -> 2760 | P28: 500 | Q28: 5000
A29: 27 | B29: YARASA ŞASE | F29: 738 | H29: 0 | I29: 0 | J29: 4 | K29: 0 | L29: 0 | M29: 0 | N29: =+F29-I29-J29-K29-L29-M29+H29 -> 734 | P29: 100 | Q29: 750
A30: 28 | B30: TELLY KUYRUKLU ŞASE | F30: 201 | H30: 0 | I30: 0 | J30: 12 | K30: 0 | L30: 0 | M30: 0 | N30: =+F30-I30-J30-K30-L30-M30+H30 -> 189 | P30: 100 | Q30: 300
A31: 29 | B31: ZIMBA TELİ 9240 / KOLİ | F31: 0 | H31: 15 | I31: 5 | J31: 0 | K31: 0 | L31: 2 | M31: 0 | N31: =+F31-I31-J31-K31-L31-M31+H31 -> 8 | P31: 10 | Q31: 50
A32: 30 | B32: ZIMBA TELİ 8014 | F32: 7 | H32: 15 | I32: 3 | J32: 0 | K32: 5 | L32: 3 | M32: 0 | N32: =+F32-I32-J32-K32-L32-M32+H32 -> 11 | P32: 7 | Q32: 40
A33: 31 | B33: ZIMBA TELİ 8008 | F33: 8 | H33: 3 | I33: 1 | J33: 0 | K33: 8 | L33: 1 | M33: 0 | N33: =+F33-I33-J33-K33-L33-M33+H33 -> 1 | P33: 5 | Q33: 20

Sheet MART 2025
B1: 45717 | Q1: 45656
A2: S.NO | B2: ÜRÜN CİNSİ | F2: ADET | G2: devir | H2: GELEN | I2: 45723 | J2: 45730 | K2: 45737 | L2: 45744 | M2: 0 | N2: KALAN | O2: AÇIKLAMA | P2: MİNİMUN | Q2: MAKSİMUN
A3: 1 | B3: U BAĞLANTI DEMİRİ | F3: 7000 | H3: 0 | I3: 500 | J3: 500 | K3: 0 | L3: 500 | M3: 0 | N3: =+F3-I3-J3-K3-L3-M3+H3 -> 5500 | P3: 3000 | Q3: 10000
A4: 2 | B4: AYAK SOMUNU(BIDIK) | F4: 4000 | H4: 10000 | I4: 500 | J4: 1000 | K4: 0 | L4: 0 | M4: 0 | N4: =+F4-I4-J4-K4-L4-M4+H4 -> 12500 | P4: 7500 | Q4: 20000
A5: 3 | B5: AMT. SEKRETER KÖRÜK | F5: 1000 | G5: 1000 | H5: 0 | I5: 0 | J5: 0 | K5: 0 | L5: 0 | M5: 0 | N5: =+F5-I5-J5-K5-L5-M5+H5 -> 1000 | P5: 500 | Q5: 2000
A6: 4 | B6: M8 CİVATALI BİNGO | F6: 2950 | H6: 0 | I6: 0 | J6: 0 | K6: 0 | L6: 0 | M6: 0 | N6: =+F6-I6-J6-K6-L6-M6+H6 -> 2950 | O6: PLASTİK SİY.BÜYÜK | P6: 250 | Q6: 1000
A7: 5 | B7: M8 OYNAR BAŞLIKLI BİNGO | F7: 121 | H7: 0 | I7: 0 | J7: 0 | K7: 0 | L7: 0 | M7: 0 | N7: =+F7-I7-J7-K7-L7-M7+H7 -> 121 | O7: KROM | P7: 500 | Q7: 1000
A8: 6 | B8: M8 SOKET | F8: 2500 | H8: 0 | I8: 0 | J8: 0 | K8: 0 | L8: 0 | M8: 0 | N8: =+F8-I8-J8-K8-L8-M8+H8 -> 2500 | P8: 3000 | Q8: 15000
A9: 7 | B9: M8 CİVATALI BİNGO_MOB. | F9: 105 | H9: 0 | I9: 0 | J9: 0 | K9: 0 | L9: 0 | M9: 0 | N9: =+F9-I9-J9-K9-L9-M9+H9 -> 105 | O9: REFAKATÇI SİY.KÜÇÜK | P9: 1000 | Q9: 3000
A10: 8 | B10: M6 SOKET | F10: 8000 | H10: 20000 | I10: 1000 | J10: 1000 | K10: 0 | L10: 500 | M10: 0 | N10: =+F10-I10-J10-K10-L10-M10+H10 -> 25500 | P10: 10000 | Q10: 50000
A11: 9 | B11: PİMLİ TEKER NAYLON 50 | F11: 2215 | G11: 0 | H11: 12410 | I11: 0 | J11: 200 | K11: 0 | L11: 1000 | M11: 0 | N11: =+F11-I11-J11-K11-L11-M11+H11 -> 13425 | P11: 7500 | Q11: 30000
A12: 10 | B12: YARASA ŞASE KUYRUKLU | F12: 1192 | H12: 0 | I12: 0 | J12: 0 | K12: 0 | L12: 0 | M12: 0 | N12: =+F12-I12-J12-K12-L12-M12+H12 -> 1192 | P12: 200 | Q12: 1500
A13: 11 | B13: PİMLİ BİNGO | F13: 4200 | H13: 0 | I13: 0 | J13: 0 | K13: 0 | L13: 0 | M13: 0 | N13: =+F13-I13-J13-K13-L13-M13+H13 -> 4200 | P13: 2000 | Q13: 5000
A14: 12 | B14: LALE AYAK ÇEKYAT GEÇMELİ | F14: 300 | H14: 0 | I14: 0 | J14: 0 | K14: 0 | L14: 0 | M14: 0 | N14: =+F14-I14-J14-K14-L14-M14+H14 -> 300 | P14: 500 | Q14: 3000
A15: 13 | B15: TOKMAK | F15: 500 | H15: 0 | I15: 0 | J15: 0 | K15: 0 | L15: 0 | M15: 0 | N15: =+F15-I15-J15-K15-L15-M15+H15 -> 500 | P15: 500 | Q15: 3000
A16: 14 | B16: EKO SEKRETER KÖRÜK | C16: 350 | F16: 640 | H16: 1050 | I16: 0 | J16: 0 | K16: 250 | L16: 0 | M16: 0 | N16: =+F16-I16-J16-K16-L16-M16+H16 -> 1440 | P16: 500 | Q16: 2000
A17: 15 | B17: AHŞAP TELESKOP KÖRÜK | F17: 520 | G17: 165 | H17: 0 | I17: 60 | J17: 40 | K17: 20 | L17: 40 | M17: 0 | N17: =+F17-I17-J17-K17-L17-M17+H17 -> 360 | P17: 200 | Q17: 1000
A18: 16 | B18: VEGA KÖRÜK | F18: 3300 | G18: 500 | H18: 5000 | I18: 900 | J18: 450 | K18: 450 | L18: 500 | M18: 0 | N18: =+F18-I18-J18-K18-L18-M18+H18 -> 6000 | P18: 2000 | Q18: 5000
A19: 17 | B19: YAZI TABLASI | F19: 110 | H19: 0 | I19: 0 | J19: 0 | K19: 0 | L19: 0 | M19: 0 | N19: =+F19-I19-J19-K19-L19-M19+H19 -> 110 | P19: 100 | Q19: 300
A20: 18 | B20: VEGA ÇAKMA KOL | F20: 87 | H20: 0 | I20: 0 | J20: 0 | K20: 0 | L20: 0 | M20: 0 | N20: =+F20-I20-J20-K20-L20-M20+H20 -> 87 | O20: TK | P20: 100 | Q20: 300
A21: 19 | B21: SİNEMA KAPAK KISA | F21: 230 | G21: 425 | H21: 0 | I21: 0 | J21: 0 | K21: 0 | L21: 10 | M21: 0 | N21: =+F21-I21-J21-K21-L21-M21+H21 -> 220
A22: 20 | B22: KUYRUKLU TİLK MEKANİZMA | F22: 1613 | H22: 0 | I22: 17 | J22: 72 | K22: 0 | L22: 0 | M22: 0 | N22: =+F22-I22-J22-K22-L22-M22+H22 -> 1524 | P22: 500 | Q22: 1000
A23: 21 | B23: ÇİFT KOLLU TİLK MEK. | F23: 3427 | H23: 0 | I23: 110 | J23: 88 | K23: 104 | L23: 0 | M23: 0 | N23: =+F23-I23-J23-K23-L23-M23+H23 -> 3125 | P23: 1000 | Q23: 5000
A24: 22 | B24: VEGA KONFERANS KOL | F24: 150 | H24: 0 | I24: 0 | J24: 0 | K24: 0 | L24: 0 | M24: 0 | N24: =+F24-I24-J24-K24-L24-M24+H24 -> 150 | P24: 100 | Q24: 250
A25: 23 | B25: YENİ SİNM. KISA KAPAK | F25: 50 | H25: 2000 | I25: 0 | J25: 0 | K25: 0 | L25: 10 | M25: 0 | N25: =+F25-I25-J25-K25-L25-M25+H25 -> 2040 | P25: 300 | Q25: 100
A26: 24 | B26: PİMLİ TEKER NAYLON 60 | F26: 2800 | H26: 15000 | I26: 2400 | J26: 400 | K26: 400 | L26: 50 | M26: 0 | N26: =+F26-I26-J26-K26-L26-M26+H26 -> 14550 | P26: 7500 | Q26: 15000
A27: 25 | B27: 5 cm krom ayarlı ayak | F27: 293 | H27: 500 | I27: 0 | J27: 13 | K27: 418 | L27: 0 | M27: 0 | N27: =+F27-I27-J27-K27-L27-M27+H27 -> 362 | P27: 300 | Q27: 1000
A28: 26 | G28: 0 | H28: 0 | I28: 0 | J28: 0 | K28: 0 | L28: 0 | M28: 0 | N28: 0 | Q28: 0
A29: 27 | B29: YARASA ŞASE | F29: 734 | H29: 0 | I29: 12 | J29: 0 | K29: 0 | L29: 1 | M29: 0 | N29: =+F29-I29-J29-K29-L29-M29+H29 -> 721 | P29: 200 | Q29: 750
A30: 28 | B30: TELLY KUYRUKLU ŞASE | F30: 189 | H30: 0 | I30: 3 | J30: 8 | K30: 4 | L30: 21 | M30: 0 | N30: =+F30-I30-J30-K30-L30-M30+H30 -> 153 | P30: 100 | Q30: 300
A31: 29 | B31: ZIMBA TELİ 9240 / KOLİ | F31: 8 | H31: 0 | I31: 3 | J31: 0 | K31: 0 | L31: 0 | M31: 0 | N31: =+F31-I31-J31-K31-L31-M31+H31 -> 5 | P31: 10 | Q31: 50
A32: 30 | B32: ZIMBA TELİ 8014 | F32: 11 | H32: 0 | I32: 4 | J32: 0 | K32: 0 | L32: 0 | M32: 0 | N32: =+F32-I32-J32-K32-L32-M32+H32 -> 7 | P32: 7 | Q32: 40
A33: 31 | B33: ZIMBA TELİ 8008 | F33: 1 | H33: 0 | I33: 0 | J33: 0 | K33: 0 | L33: 0 | M33: 0 | N33: =+F33-I33-J33-K33-L33-M33+H33 -> 1 | P33: 5 | Q33: 20
A34: 32 | B34: AYAK TASI KROM | H34: 800 | I34: 200 | L34: 50 | N34: =+F34-I34-J34-K34-L34-M34+H34 -> 550 | P34: 500 | Q34: 2000
A35: 33 | B35: AYAK TASI SİYAH | F35: 2000 | N35: =+F35-I35-J35-K35-L35-M35+H35 -> 2000 | P35: 500 | Q35: 5000
A36: 34 | N36: =+F36-I36-J36-K36-L36-M36+H36 -> 0
A37: 35 | N37: =+F37-I37-J37-K37-L37-M37+H37 -> 0

Sheet NİSAN 2025
B1: NİSAN | Q1: 45656
A2: S.NO | B2: ÜRÜN CİNSİ | F2: ADET | G2: devir | H2: GELEN | I2: 45751 | J2: 45758 | K2: 45765 | L2: 45772 | M2: 45777 | N2: KALAN | O2: AÇIKLAMA | P2: MİNİMUN | Q2: MAKSİMUN
A3: 1 | B3: U BAĞLANTI DEMİRİ | F3: 5500 | H3: 0 | I3: 500 | J3: 500 | K3: 500 | L3: 580 | M3: 500 | N3: =+F3-I3-J3-K3-L3-M3+H3 -> 2920 | P3: 3000 | Q3: 10000
A4: 2 | B4: AYAK SOMUNU(BIDIK) | F4: 12500 | H4: 0 | I4: 1500 | J4: 1000 | K4: 1000 | L4: 1000 | M4: 1000 | N4: =+F4-I4-J4-K4-L4-M4+H4 -> 7000 | P4: 7500 | Q4: 20000
A5: 3 | B5: AMT. SEKRETER KÖRÜK | F5: 1000 | G5: 1000 | H5: 0 | I5: 0 | J5: 0 | K5: 130 | L5: 0 | M5: 0 | N5: =+F5-I5-J5-K5-L5-M5+H5 -> 870 | P5: 500 | Q5: 2000
A6: 4 | B6: M8 CİVATALI BİNGO | F6: 2950 | H6: 0 | I6: 0 | J6: 0 | K6: 500 | L6: 0 | M6: 0 | N6: =+F6-I6-J6-K6-L6-M6+H6 -> 2450 | O6: PLASTİK SİY.BÜYÜK | P6: 250 | Q6: 1000
A7: 5 | B7: M8 OYNAR BAŞLIKLI BİNGO | F7: 121 | H7: 0 | I7: 0 | J7: 0 | K7: 0 | L7: 0 | M7: 0 | N7: =+F7-I7-J7-K7-L7-M7+H7 -> 121 | O7: KROM | P7: 500 | Q7: 1000
A8: 6 | B8: M8 SOKET | F8: 2500 | H8: 0 | I8: 0 | J8: 0 | K8: 0 | L8: 0 | M8: 0 | N8: =+F8-I8-J8-K8-L8-M8+H8 -> 2500 | P8: 3000 | Q8: 15000
A9: 7 | B9: M8 CİVATALI BİNGO_MOB. | F9: 105 | H9: 2000 | I9: 0 | J9: 0 | K9: 0 | L9: 0 | M9: 0 | N9: =+F9-I9-J9-K9-L9-M9+H9 -> 2105 | O9: REFAKATÇI SİY.KÜÇÜK | P9: 1000 | Q9: 3000
A10: 8 | B10: M6 SOKET | F10: 25500 | H10: 0 | I10: 1000 | J10: 0 | K10: 1000 | L10: 0 | M10: 5000 | N10: =+F10-I10-J10-K10-L10-M10+H10 -> 18500 | P10: 10000 | Q10: 50000
A11: 9 | B11: PİMLİ TEKER NAYLON 50 | F11: 13425 | G11: 0 | H11: 0 | I11: 200 | J11: 400 | K11: 400 | L11: 1200 | M11: 600 | N11: =+F11-I11-J11-K11-L11-M11+H11 -> 10625 | P11: 7500 | Q11: 30000
A12: 10 | B12: YARASA ŞASE KUYRUKLU | F12: 1192 | H12: 0 | I12: 0 | J12: 1 | K12: 4 | L12: 0 | M12: 0 | N12: =+F12-I12-J12-K12-L12-M12+H12 -> 1187 | P12: 200 | Q12: 1500
A13: 11 | B13: PİMLİ BİNGO | F13: 2200 | H13: 0 | I13: 0 | J13: 0 | K13: 0 | L13: 0 | M13: 1500 | N13: =+F13-I13-J13-K13-L13-M13+H13 -> 700 | P13: 2000 | Q13: 5000
A14: 12 | B14: LALE AYAK ÇEKYAT GEÇMELİ | F14: 500 | H14: 0 | I14: 0 | J14: 0 | K14: 0 | L14: 0 | M14: 300 | N14: =+F14-I14-J14-K14-L14-M14+H14 -> 200 | P14: 500 | Q14: 3000
A15: 13 | B15: TOKMAK | F15: 500 | H15: 0 | I15: 0 | J15: 0 | K15: 0 | L15: 0 | M15: 0 | N15: =+F15-I15-J15-K15-L15-M15+H15 -> 500 | P15: 500 | Q15: 3000
A16: 14 | B16: EKO SEKRETER KÖRÜK | C16: 350 | F16: 1440 | H16: 0 | I16: 0 | J16: 20 | K16: 0 | L16: 0 | M16: 0 | N16: =+F16-I16-J16-K16-L16-M16+H16 -> 1420 | P16: 500 | Q16: 2000
A17: 15 | B17: AHŞAP TELESKOP KÖRÜK | F17: 170 | G17: 165 | H17: 500 | I17: 40 | J17: 20 | K17: 80 | L17: 100 | M17: 0 | N17: =+F17-I17-J17-K17-L17-M17+H17 -> 430 | P17: 200 | Q17: 1000
A18: 16 | B18: VEGA KÖRÜK | F18: 7200 | G18: 500 | H18: 0 | I18: 0 | J18: 450 | K18: 450 | L18: 200 | M18: 0 | N18: =+F18-I18-J18-K18-L18-M18+H18 -> 6100 | P18: 2000 | Q18: 5000
A19: 17 | B19: YAZI TABLASI | F19: 110 | H19: 0 | I19: 0 | J19: 0 | K19: 0 | L19: 0 | M19: 0 | N19: =+F19-I19-J19-K19-L19-M19+H19 -> 110 | P19: 100 | Q19: 300
A20: 18 | B20: VEGA ÇAKMA KOL | F20: 87 | H20: 0 | I20: 0 | J20: 0 | K20: 0 | L20: 0 | M20: 0 | N20: =+F20-I20-J20-K20-L20-M20+H20 -> 87 | O20: TK | P20: 100 | Q20: 300
A21: 19 | B21: SİNEMA KAPAK KISA | F21: 220 | G21: 425 | H21: 0 | I21: 0 | J21: 0 | K21: 0 | L21: 0 | M21: 0 | N21: =+F21-I21-J21-K21-L21-M21+H21 -> 220
A22: 20 | B22: KUYRUKLU TİLK MEKANİZMA | F22: 1524 | H22: 0 | I22: 0 | J22: 20 | K22: 28 | L22: 0 | M22: 0 | N22: =+F22-I22-J22-K22-L22-M22+H22 -> 1476 | P22: 500 | Q22: 1000
A23: 21 | B23: ÇİFT KOLLU TİLK MEK. | F23: 3125 | H23: 504 | I23: 16 | J23: 224 | K23: 633 | L23: 152 | M23: 40 | N23: =+F23-I23-J23-K23-L23-M23+H23 -> 2564 | P23: 1000 | Q23: 5000
A24: 22 | B24: VEGA KONFERANS KOL | F24: 150 | H24: 0 | I24: 0 | J24: 0 | K24: 0 | L24: 0 | M24: 0 | N24: =+F24-I24-J24-K24-L24-M24+H24 -> 150 | P24: 100 | Q24: 250
A25: 23 | B25: YENİ SİNM. KISA KAPAK | F25: 2040 | H25: 0 | I25: 0 | J25: 180 | K25: 465 | L25: 0 | M25: 0 | N25: =+F25-I25-J25-K25-L25-M25+H25 -> 1395 | P25: 300 | Q25: 100
A26: 24 | B26: PİMLİ TEKER NAYLON 60 | F26: 14550 | H26: 0 | I26: 0 | J26: 800 | K26: 800 | L26: 600 | M26: 1000 | N26: =+F26-I26-J26-K26-L26-M26+H26 -> 11350 | P26: 7500 | Q26: 15000
A27: 25 | B27: 5 cm krom ayarlı ayak | F27: 362 | H27: 0 | I27: 0 | J27: 0 | K27: 56 | L27: 205 | M27: 25 | N27: =+F27-I27-J27-K27-L27-M27+H27 -> 76 | P27: 300 | Q27: 1000
A28: 26 | G28: 0 | H28: 0 | I28: 0 | J28: 0 | K28: 0 | L28: 0 | M28: 0 | N28: 0 | Q28: 0
A29: 27 | B29: YARASA ŞASE | F29: 721 | H29: 0 | I29: 0 | J29: 12 | K29: 0 | L29: 0 | M29: 0 | N29: =+F29-I29-J29-K29-L29-M29+H29 -> 709 | P29: 200 | Q29: 750
A30: 28 | B30: TELLY KUYRUKLU ŞASE | F30: 160 | H30: 0 | I30: 10 | J30: 102 | K30: 0 | L30: 0 | M30: 1 | N30: =+F30-I30-J30-K30-L30-M30+H30 -> 47 | P30: 100 | Q30: 300
A31: 29 | B31: ZIMBA TELİ 9240 / KOLİ | F31: 5 | H31: 0 | I31: 0 | J31: 0 | K31: 0 | L31: 0 | M31: 0 | N31: =+F31-I31-J31-K31-L31-M31+H31 -> 5 | P31: 10 | Q31: 50
A32: 30 | B32: ZIMBA TELİ 8014 | F32: 7 | H32: 0 | I32: 0 | J32: 0 | K32: 0 | L32: 0 | M32: 0 | N32: =+F32-I32-J32-K32-L32-M32+H32 -> 7 | P32: 7 | Q32: 40
A33: 31 | B33: ZIMBA TELİ 8008 | F33: 1 | H33: 0 | I33: 0 | J33: 0 | K33: 0 | L33: 0 | M33: 0 | N33: =+F33-I33-J33-K33-L33-M33+H33 -> 1 | P33: 5 | Q33: 20
A34: 32 | B34: AYAK TASI KROM | F34: 550 | H34: 0 | I34: 0 | J34: 0 | K34: 100 | L34: 0 | M34: 0 | N34: =+F34-I34-J34-K34-L34-M34+H34 -> 450 | P34: 300 | Q34: 2000
A35: 33 | B35: AYAK TASI SİYAH | F35: 2000 | H35: 0 | I35: 0 | J35: 0 | K35: 200 | L35: 0 | M35: 0 | N35: =+F35-I35-J35-K35-L35-M35+H35 -> 1800 | P35: 500 | Q35: 5000
A36: 34 | H36: 0 | I36: 0 | J36: 0 | K36: 0 | L36: 0 | M36: 0 | N36: =+F36-I36-J36-K36-L36-M36+H36 -> 0
A37: 35 | H37: 0 | I37: 0 | J37: 0 | K37: 0 | L37: 0 | M37: 0 | N37: =+F37-I37-J37-K37-L37-M37+H37 -> 0

Sheet MAYIS 2025
B1: MAYIS | Q1: 45656
A2: S.NO | B2: ÜRÜN CİNSİ | F2: ADET | G2: devir | H2: GELEN | I2: 45786 | J2: 45793 | K2: 45800 | L2: 45807 | M2: 0 | N2: KALAN | O2: AÇIKLAMA | P2: MİNİMUN | Q2: MAKSİMUN
A3: 1 | B3: U BAĞLANTI DEMİRİ | F3: 2920 | H3: 0 | I3: 0 | J3: 0 | K3: 0 | L3: 0 | M3: 0 | N3: =+F3-I3-J3-K3-L3-M3+H3 -> 2920 | P3: 3000 | Q3: 10000
A4: 2 | B4: AYAK SOMUNU(BIDIK) | F4: 7000 | H4: 0 | I4: 1000 | J4: 0 | K4: 0 | L4: 1000 | M4: 0 | N4: =+F4-I4-J4-K4-L4-M4+H4 -> 5000 | P4: 7500 | Q4: 20000
A5: 3 | B5: AMT. SEKRETER KÖRÜK | F5: 870 | G5: 1000 | H5: 0 | I5: 0 | J5: 0 | K5: 0 | L5: 0 | M5: 0 | N5: =+F5-I5-J5-K5-L5-M5+H5 -> 870 | P5: 500 | Q5: 2000
A6: 4 | B6: M8 CİVATALI BİNGO | F6: 2450 | H6: 0 | I6: 290 | J6: 100 | K6: 0 | L6: 0 | M6: 0 | N6: =+F6-I6-J6-K6-L6-M6+H6 -> 2060 | O6: PLASTİK SİY.BÜYÜK | P6: 250 | Q6: 1000
A7: 5 | B7: M8 OYNAR BAŞLIKLI BİNGO | F7: 121 | H7: 0 | I7: 0 | J7: 0 | K7: 0 | L7: 0 | M7: 0 | N7: =+F7-I7-J7-K7-L7-M7+H7 -> 121 | O7: KROM | P7: 500 | Q7: 1000
A8: 6 | B8: M8 SOKET | F8: 2500 | H8: 0 | I8: 0 | J8: 0 | K8: 0 | L8: 0 | M8: 0 | N8: =+F8-I8-J8-K8-L8-M8+H8 -> 2500 | P8: 3000 | Q8: 15000
A9: 7 | B9: M8 CİVATALI BİNGO_MOB. | F9: 2105 | H9: 0 | I9: 150 | J9: 0 | K9: 0 | L9: 0 | M9: 0 | N9: =+F9-I9-J9-K9-L9-M9+H9 -> 1955 | O9: REFAKATÇI SİY.KÜÇÜK | P9: 1000 | Q9: 3000
A10: 8 | B10: M6 SOKET | F10: 18500 | H10: 0 | I10: 5000 | J10: 5000 | K10: 0 | L10: 0 | M10: 0 | N10: =+F10-I10-J10-K10-L10-M10+H10 -> 8500 | P10: 10000 | Q10: 50000
A11: 9 | B11: PİMLİ TEKER NAYLON 50 | F11: 10625 | G11: 0 | H11: 0 | I11: 600 | J11: 200 | K11: 1400 | L11: 600 | M11: 0 | N11: =+F11-I11-J11-K11-L11-M11+H11 -> 7825 | P11: 7500 | Q11: 30000
A12: 10 | B12: YARASA ŞASE KUYRUKLU | F12: 1187 | H12: 0 | I12: 0 | J12: 0 | K12: 0 | L12: 0 | M12: 0 | N12: =+F12-I12-J12-K12-L12-M12+H12 -> 1187 | P12: 200 | Q12: 1500
A13: 11 | B13: PİMLİ BİNGO | F13: 700 | H13: 0 | I13: 0 | J13: 0 | K13: 0 | L13: 0 | M13: 0 | N13: =+F13-I13-J13-K13-L13-M13+H13 -> 700 | P13: 2000 | Q13: 5000
A14: 12 | B14: LALE AYAK ÇEKYAT GEÇMELİ | F14: 200 | H14: 0 | I14: 0 | J14: 0 | K14: 0 | L14: 90 | M14: 0 | N14: =+F14-I14-J14-K14-L14-M14+H14 -> 110 | P14: 500 | Q14: 3000
A15: 13 | B15: TOKMAK | F15: 500 | H15: 0 | I15: 0 | J15: 0 | K15: 0 | L15: 0 | M15: 0 | N15: =+F15-I15-J15-K15-L15-M15+H15 -> 500 | P15: 500 | Q15: 3000
A16: 14 | B16: EKO SEKRETER KÖRÜK | C16: 350 | F16: 1420 | H16: 0 | I16: 0 | J16: 0 | K16: 0 | L16: 0 | M16: 0 | N16: =+F16-I16-J16-K16-L16-M16+H16 -> 1420 | P16: 500 | Q16: 2000
A17: 15 | B17: AHŞAP TELESKOP KÖRÜK | F17: 430 | G17: 165 | H17: 0 | I17: 120 | J17: 40 | K17: 60 | L17: 40 | M17: 0 | N17: =+F17-I17-J17-K17-L17-M17+H17 -> 170 | P17: 200 | Q17: 1000
A18: 16 | B18: VEGA KÖRÜK | F18: 6100 | G18: 500 | H18: 0 | I18: 450 | J18: 0 | K18: 0 | L18: 400 | M18: 0 | N18: =+F18-I18-J18-K18-L18-M18+H18 -> 5250 | P18: 2000 | Q18: 5000
A19: 17 | B19: YAZI TABLASI | F19: 110 | H19: 0 | I19: 0 | J19: 30 | K19: 1 | L19: 0 | M19: 0 | N19: =+F19-I19-J19-K19-L19-M19+H19 -> 79 | P19: 100 | Q19: 300
A20: 18 | B20: VEGA ÇAKMA KOL | F20: 87 | H20: 0 | I20: 0 | J20: 30 | K20: 0 | L20: 0 | M20: 0 | N20: =+F20-I20-J20-K20-L20-M20+H20 -> 57 | O20: TK | P20: 100 | Q20: 300
A21: 19 | B21: SİNEMA KAPAK KISA | F21: 220 | G21: 425 | H21: 0 | I21: 0 | J21: 0 | K21: 0 | L21: 0 | M21: 0 | N21: =+F21-I21-J21-K21-L21-M21+H21 -> 220
A22: 20 | B22: KUYRUKLU TİLK MEKANİZMA | F22: 1476 | H22: 0 | I22: 0 | J22: 0 | K22: 0 | L22: 0 | M22: 0 | N22: =+F22-I22-J22-K22-L22-M22+H22 -> 1476 | P22: 500 | Q22: 1000
A23: 21 | B23: ÇİFT KOLLU TİLK MEK. | F23: 2564 | H23: 504 | I23: 47 | J23: 24 | K23: 44 | L23: 504 | M23: 0 | N23: =+F23-I23-J23-K23-L23-M23+H23 -> 2449 | P23: 1000 | Q23: 5000
A24: 22 | B24: VEGA KONFERANS KOL | F24: 150 | H24: 0 | I24: 0 | J24: 0 | K24: 0 | L24: 0 | M24: 0 | N24: =+F24-I24-J24-K24-L24-M24+H24 -> 150 | P24: 100 | Q24: 250
A25: 23 | B25: YENİ SİNM. KISA KAPAK | F25: 1395 | H25: 0 | I25: 0 | J25: 0 | K25: 0 | L25: 0 | M25: 0 | N25: =+F25-I25-J25-K25-L25-M25+H25 -> 1395 | P25: 300 | Q25: 100
A26: 24 | B26: PİMLİ TEKER NAYLON 60 | F26: 11350 | H26: 0 | I26: 800 | J26: 600 | K26: 1200 | L26: 600 | M26: 0 | N26: =+F26-I26-J26-K26-L26-M26+H26 -> 8150 | P26: 7500 | Q26: 15000
A27: 25 | B27: 5 cm krom ayarlı ayak | F27: 76 | H27: 500 | I27: 41 | J27: 10 | K27: 34 | L27: 10 | M27: 0 | N27: =+F27-I27-J27-K27-L27-M27+H27 -> 481 | P27: 300 | Q27: 1000
A28: 26 | G28: 0 | H28: 0 | I28: 0 | J28: 0 | K28: 0 | L28: 0 | M28: 0 | N28: 0 | Q28: 0
A29: 27 | B29: YARASA ŞASE | F29: 709 | H29: 0 | I29: 0 | J29: 0 | K29: 0 | L29: 0 | M29: 0 | N29: =+F29-I29-J29-K29-L29-M29+H29 -> 709 | P29: 200 | Q29: 750
A30: 28 | B30: TELLY KUYRUKLU ŞASE | F30: 47 | H30: 120 | I30: 8 | J30: 0 | K30: 26 | L30: 18 | M30: 0 | N30: =+F30-I30-J30-K30-L30-M30+H30 -> 115 | P30: 100 | Q30: 300
A31: 29 | B31: ZIMBA TELİ 9240 / KOLİ | F31: 5 | H31: 0 | I31: 0 | J31: 0 | K31: 0 | L31: 0 | M31: 0 | N31: =+F31-I31-J31-K31-L31-M31+H31 -> 5 | P31: 10 | Q31: 50
A32: 30 | B32: ZIMBA TELİ 8014 | F32: 7 | H32: 0 | I32: 0 | J32: 0 | K32: 0 | L32: 0 | M32: 0 | N32: =+F32-I32-J32-K32-L32-M32+H32 -> 7 | P32: 7 | Q32: 40
A33: 31 | B33: ZIMBA TELİ 8008 | F33: 1 | H33: 0 | I33: 0 | J33: 0 | K33: 0 | L33: 0 | M33: 0 | N33: =+F33-I33-J33-K33-L33-M33+H33 -> 1 | P33: 5 | Q33: 20
A34: 32 | B34: AYAK TASI KROM | F34: 450 | H34: 0 | I34: 0 | J34: 0 | K34: 40 | L34: 40 | M34: 0 | N34: =+F34-I34-J34-K34-L34-M34+H34 -> 370 | P34: 300 | Q34: 2000
A35: 33 | B35: AYAK TASI SİYAH | F35: 1800 | H35: 0 | I35: 120 | J35: 120 | K35: 80 | L35: 0 | M35: 0 | N35: =+F35-I35-J35-K35-L35-M35+H35 -> 1480 | P35: 500 | Q35: 5000
A36: 34 | H36: 0 | I36: 0 | J36: 0 | K36: 0 | L36: 0 | M36: 0 | N36: =+F36-I36-J36-K36-L36-M36+H36 -> 0
A37: 35 | H37: 0 | I37: 0 | J37: 0 | K37: 0 | L37: 0 | M37: 0 | N37: =+F37-I37-J37-K37-L37-M37+H37 -> 0

Sheet HAZİRAN 2025
B1: HAZİRAN | Q1: 45656
A2: S.NO | B2: ÜRÜN CİNSİ | F2: ADET | G2: devir | H2: GELEN | I2: 45814 | J2: 45821 | K2: 45828 | L2: 45835 | M2: 45838 | N2: KALAN | O2: AÇIKLAMA | P2: MİNİMUN | Q2: MAKSİMUN
A3: 1 | B3: U BAĞLANTI DEMİRİ | F3: 2920 | H3: 0 | I3: 0 | J3: 500 | K3: 500 | L3: 0 | M3: 0 | N3: =+F3-I3-J3-K3-L3-M3+H3 -> 1920 | P3: 3000 | Q3: 10000
A4: 2 | B4: AYAK SOMUNU(BIDIK) | F4: 5000 | H4: 0 | I4: 0 | J4: 0 | K4: 0 | L4: 500 | M4: 0 | N4: =+F4-I4-J4-K4-L4-M4+H4 -> 4500 | P4: 7500 | Q4: 20000
A5: 3 | B5: AMT. SEKRETER KÖRÜK | F5: 870 | G5: 1000 | H5: 0 | I5: 0 | J5: 0 | K5: 0 | L5: 0 | M5: 0 | N5: =+F5-I5-J5-K5-L5-M5+H5 -> 870 | P5: 500 | Q5: 2000
A6: 4 | B6: M8 CİVATALI BİNGO | F6: 2060 | H6: 0 | I6: 0 | J6: 0 | K6: 0 | L6: 0 | M6: 0 | N6: =+F6-I6-J6-K6-L6-M6+H6 -> 2060 | O6: PLASTİK SİY.BÜYÜK | P6: 250 | Q6: 1000
A7: 5 | B7: M8 OYNAR BAŞLIKLI BİNGO | F7: 121 | H7: 0 | I7: 0 | J7: 0 | K7: 0 | L7: 0 | M7: 0 | N7: =+F7-I7-J7-K7-L7-M7+H7 -> 121 | O7: KROM | P7: 500 | Q7: 1000
A8: 6 | B8: M8 SOKET | F8: 2500 | H8: 0 | I8: 0 | J8: 500 | K8: 0 | L8: 0 | M8: 0 | N8: =+F8-I8-J8-K8-L8-M8+H8 -> 2000 | P8: 3000 | Q8: 15000
A9: 7 | B9: M8 CİVATALI BİNGO_MOB. | F9: 1955 | H9: 0 | I9: 0 | J9: 300 | K9: 0 | L9: 0 | M9: 0 | N9: =+F9-I9-J9-K9-L9-M9+H9 -> 1655 | O9: REFAKATÇI SİY.KÜÇÜK | P9: 1000 | Q9: 3000
A10: 8 | B10: M6 SOKET | F10: 8500 | H10: 0 | I10: 0 | J10: 500 | K10: 0 | L10: 0 | M10: 0 | N10: =+F10-I10-J10-K10-L10-M10+H10 -> 8000 | P10: 10000 | Q10: 50000
A11: 9 | B11: PİMLİ TEKER NAYLON 50 | F11: 7000 | G11: 0 | H11: 0 | I11: 0 | J11: 0 | K11: 200 | L11: 1000 | M11: 0 | N11: =+F11-I11-J11-K11-L11-M11+H11 -> 5800 | P11: 7500 | Q11: 30000
A12: 10 | B12: YARASA ŞASE KUYRUKLU | F12: 1187 | H12: 0 | I12: 0 | J12: 0 | K12: 0 | L12: 0 | M12: 0 | N12: =+F12-I12-J12-K12-L12-M12+H12 -> 1187 | P12: 200 | Q12: 1500
A13: 11 | B13: PİMLİ BİNGO | F13: 700 | H13: 0 | I13: 0 | J13: 0 | K13: 0 | L13: 0 | M13: 0 | N13: =+F13-I13-J13-K13-L13-M13+H13 -> 700 | P13: 2000 | Q13: 5000
A14: 12 | B14: LALE AYAK ÇEKYAT GEÇMELİ | F14: 110 | H14: 0 | I14: 0 | J14: 0 | K14: 0 | L14: 0 | M14: 0 | N14: =+F14-I14-J14-K14-L14-M14+H14 -> 110 | P14: 500 | Q14: 3000
A15: 13 | B15: TOKMAK | F15: 500 | H15: 0 | I15: 0 | J15: 0 | K15: 0 | L15: 0 | M15: 0 | N15: =+F15-I15-J15-K15-L15-M15+H15 -> 500 | P15: 500 | Q15: 3000
A16: 14 | B16: EKO SEKRETER KÖRÜK | C16: 350 | F16: 1420 | H16: 0 | I16: 0 | J16: 0 | K16: 0 | L16: 0 | M16: 0 | N16: =+F16-I16-J16-K16-L16-M16+H16 -> 1420 | P16: 500 | Q16: 2000
A17: 15 | B17: AHŞAP TELESKOP KÖRÜK | F17: 270 | G17: 165 | H17: 500 | I17: 0 | J17: 20 | K17: 0 | L17: 80 | M17: 0 | N17: =+F17-I17-J17-K17-L17-M17+H17 -> 670 | P17: 200 | Q17: 1000
A18: 16 | B18: VEGA KÖRÜK | F18: 5250 | G18: 500 | H18: 0 | I18: 0 | J18: 900 | K18: 0 | L18: 80 | M18: 0 | N18: =+F18-I18-J18-K18-L18-M18+H18 -> 4270 | P18: 2000 | Q18: 5000
A19: 17 | B19: YAZI TABLASI | F19: 79 | H19: 0 | I19: 0 | J19: 0 | K19: 0 | L19: 0 | M19: 0 | N19: =+F19-I19-J19-K19-L19-M19+H19 -> 79 | P19: 100 | Q19: 300
A20: 18 | B20: VEGA ÇAKMA KOL | F20: 57 | H20: 0 | I20: 0 | J20: 0 | K20: 0 | L20: 0 | M20: 0 | N20: =+F20-I20-J20-K20-L20-M20+H20 -> 57 | O20: TK | P20: 100 | Q20: 300
A21: 19 | B21: SİNEMA KAPAK KISA | F21: 220 | G21: 425 | H21: 0 | I21: 0 | J21: 0 | K21: 0 | L21: 0 | M21: 0 | N21: =+F21-I21-J21-K21-L21-M21+H21 -> 220
A22: 20 | B22: KUYRUKLU TİLK MEKANİZMA | F22: 1476 | H22: 0 | I22: 0 | J22: 0 | K22: 0 | L22: 0 | M22: 0 | N22: =+F22-I22-J22-K22-L22-M22+H22 -> 1476 | P22: 500 | Q22: 1000
A23: 21 | B23: ÇİFT KOLLU TİLK MEK. | F23: 2449 | H23: 1000 | I23: 0 | J23: 0 | K23: 0 | L23: 920 | M23: 0 | N23: =+F23-I23-J23-K23-L23-M23+H23 -> 2529 | P23: 1000 | Q23: 5000
A24: 22 | B24: VEGA KONFERANS KOL | F24: 150 | H24: 0 | I24: 0 | J24: 0 | K24: 0 | L24: 0 | M24: 0 | N24: =+F24-I24-J24-K24-L24-M24+H24 -> 150 | P24: 100 | Q24: 250
A25: 23 | B25: YENİ SİNM. KISA KAPAK | F25: 1395 | H25: 0 | I25: 0 | J25: 910 | K25: 20 | L25: 120 | M25: 0 | N25: =+F25-I25-J25-K25-L25-M25+H25 -> 345 | P25: 300 | Q25: 100
A26: 24 | B26: PİMLİ TEKER NAYLON 60 | F26: 5800 | H26: 9800 | I26: 0 | J26: 0 | K26: 600 | L26: 0 | M26: 0 | N26: =+F26-I26-J26-K26-L26-M26+H26 -> 15000 | P26: 7500 | Q26: 15000
A27: 25 | B27: 5 cm krom ayarlı ayak | F27: 481 | H27: 0 | I27: 0 | J27: 0 | K27: 52 | L27: 12 | M27: 0 | N27: =+F27-I27-J27-K27-L27-M27+H27 -> 417 | P27: 300 | Q27: 1000
A28: 26 | G28: 0 | H28: 0 | I28: 0 | J28: 0 | K28: 0 | L28: 0 | M28: 0 | N28: 0 | Q28: 0
A29: 27 | B29: YARASA ŞASE | F29: 709 | H29: 0 | I29: 0 | J29: 0 | K29: 0 | L29: 0 | M29: 0 | N29: =+F29-I29-J29-K29-L29-M29+H29 -> 709 | P29: 200 | Q29: 750
A30: 28 | B30: TELLY KUYRUKLU ŞASE | F30: 115 | H30: 60 | I30: 0 | J30: 14 | K30: 10 | L30: 151 | M30: 0 | N30: =+F30-I30-J30-K30-L30-M30+H30 -> 0 | P30: 100 | Q30: 300
A31: 29 | B31: ZIMBA TELİ 9240 / KOLİ | F31: 5 | H31: 0 | I31: 0 | J31: 0 | K31: 0 | L31: 0 | M31: 0 | N31: =+F31-I31-J31-K31-L31-M31+H31 -> 5 | P31: 10 | Q31: 50
A32: 30 | B32: ZIMBA TELİ 8014 | F32: 7 | H32: 0 | I32: 0 | J32: 0 | K32: 0 | L32: 0 | M32: 0 | N32: =+F32-I32-J32-K32-L32-M32+H32 -> 7 | P32: 7 | Q32: 40
A33: 31 | B33: ZIMBA TELİ 8008 | F33: 1 | H33: 0 | I33: 0 | J33: 0 | K33: 0 | L33: 0 | M33: 0 | N33: =+F33-I33-J33-K33-L33-M33+H33 -> 1 | P33: 5 | Q33: 20
A34: 32 | B34: AYAK TASI KROM | F34: 370 | H34: 0 | I34: 0 | J34: 0 | K34: 40 | L34: 0 | M34: 0 | N34: =+F34-I34-J34-K34-L34-M34+H34 -> 330 | P34: 300 | Q34: 2000
A35: 33 | B35: AYAK TASI SİYAH | F35: 1480 | H35: 0 | I35: 0 | J35: 80 | K35: 0 | L35: 0 | M35: 0 | N35: =+F35-I35-J35-K35-L35-M35+H35 -> 1400 | P35: 500 | Q35: 5000
A36: 34 | H36: 0 | I36: 0 | J36: 0 | K36: 0 | L36: 0 | M36: 0 | N36: =+F36-I36-J36-K36-L36-M36+H36 -> 0
A37: 35 | H37: 0 | I37: 0 | J37: 0 | K37: 0 | L37: 0 | M37: 0 | N37: =+F37-I37-J37-K37-L37-M37+H37 -> 0

Sheet TEMMUZ 2025
B1: TEMMUZ | Q1: 45656
A2: S.NO | B2: ÜRÜN CİNSİ | F2: ADET | G2: devir | H2: GELEN | I2: 45842 | J2: 45849 | K2: 45856 | L2: 45863 | M2: 45869 | N2: KALAN | O2: AÇIKLAMA | P2: MİNİMUN | Q2: MAKSİMUN
A3: 1 | B3: U BAĞLANTI DEMİRİ | F3: 1920 | H3: 0 | I3: 0 | J3: 0 | K3: 0 | L3: 0 | M3: 0 | N3: =+F3-I3-J3-K3-L3-M3+H3 -> 1920 | P3: 3000 | Q3: 10000
A4: 2 | B4: AYAK SOMUNU(BIDIK) | F4: 4500 | H4: 0 | I4: 0 | J4: 0 | K4: 0 | L4: 0 | M4: 0 | N4: =+F4-I4-J4-K4-L4-M4+H4 -> 4500 | P4: 7500 | Q4: 20000
A5: 3 | B5: AMT. SEKRETER KÖRÜK | F5: 870 | G5: 1000 | H5: 0 | I5: 0 | J5: 0 | K5: 0 | L5: 0 | M5: 0 | N5: =+F5-I5-J5-K5-L5-M5+H5 -> 870 | P5: 500 | Q5: 2000
A6: 4 | B6: M8 CİVATALI BİNGO | F6: 300 | H6: 600 | I6: 600 | J6: 0 | K6: 0 | L6: 0 | M6: 0 | N6: =+F6-I6-J6-K6-L6-M6+H6 -> 300 | O6: PLASTİK SİY.BÜYÜK | P6: 250 | Q6: 1000
A7: 5 | B7: M8 OYNAR BAŞLIKLI BİNGO | F7: 121 | H7: 0 | I7: 0 | J7: 0 | K7: 0 | L7: 0 | M7: 0 | N7: =+F7-I7-J7-K7-L7-M7+H7 -> 121 | O7: KROM | P7: 500 | Q7: 1000
A8: 6 | B8: M8 SOKET | F8: 2000 | H8: 0 | I8: 0 | J8: 0 | K8: 0 | L8: 0 | M8: 0 | N8: =+F8-I8-J8-K8-L8-M8+H8 -> 2000 | P8: 3000 | Q8: 15000
A9: 7 | B9: M8 CİVATALI BİNGO_MOB. | F9: 150 | H9: 0 | I9: 0 | J9: 0 | K9: 0 | L9: 0 | M9: 0 | N9: =+F9-I9-J9-K9-L9-M9+H9 -> 150 | O9: REFAKATÇI SİY.KÜÇÜK | P9: 1000 | Q9: 3000
A10: 8 | B10: M6 SOKET | F10: 8000 | H10: 0 | I10: 0 | J10: 0 | K10: 0 | L10: 0 | M10: 0 | N10: =+F10-I10-J10-K10-L10-M10+H10 -> 8000 | P10: 10000 | Q10: 50000
A11: 9 | B11: PİMLİ TEKER NAYLON 50 | F11: 5800 | G11: 0 | H11: 7700 | I11: 600 | J11: 200 | K11: 600 | L11: 600 | M11: 800 | N11: =+F11-I11-J11-K11-L11-M11+H11 -> 10700 | P11: 7500 | Q11: 30000
A12: 10 | B12: YARASA ŞASE KUYRUKLU | F12: 1187 | H12: 0 | I12: 0 | J12: 0 | K12: 0 | L12: 0 | M12: 0 | N12: =+F12-I12-J12-K12-L12-M12+H12 -> 1187 | P12: 200 | Q12: 1500
A13: 11 | B13: PİMLİ BİNGO | F13: 700 | H13: 0 | I13: 0 | J13: 0 | K13: 0 | L13: 0 | M13: 0 | N13: =+F13-I13-J13-K13-L13-M13+H13 -> 700 | P13: 2000 | Q13: 5000
A14: 12 | B14: LALE AYAK ÇEKYAT GEÇMELİ | F14: 600 | H14: 0 | I14: 160 | J14: 200 | K14: 0 | L14: 0 | M14: 0 | N14: =+F14-I14-J14-K14-L14-M14+H14 -> 240 | P14: 500 | Q14: 3000
A15: 13 | B15: TOKMAK | F15: 500 | H15: 0 | I15: 500 | J15: 0 | K15: 0 | L15: 0 | M15: 0 | N15: =+F15-I15-J15-K15-L15-M15+H15 -> 0 | P15: 500 | Q15: 3000
A16: 14 | B16: EKO SEKRETER KÖRÜK | C16: 350 | F16: 1420 | H16: 0 | I16: 0 | J16: 0 | K16: 0 | L16: 0 | M16: 0 | N16: =+F16-I16-J16-K16-L16-M16+H16 -> 1420 | P16: 500 | Q16: 2000
A17: 15 | B17: AHŞAP TELESKOP KÖRÜK | F17: 670 | G17: 165 | H17: 0 | I17: 0 | J17: 80 | K17: 80 | L17: 40 | M17: 100 | N17: =+F17-I17-J17-K17-L17-M17+H17 -> 370 | P17: 200 | Q17: 1000
A18: 16 | B18: VEGA KÖRÜK | F18: 4270 | G18: 500 | H18: 0 | I18: 70 | J18: 0 | K18: 0 | L18: 0 | M18: 0 | N18: =+F18-I18-J18-K18-L18-M18+H18 -> 4200 | P18: 2000 | Q18: 5000
A19: 17 | B19: YAZI TABLASI | F19: 79 | H19: 0 | I19: 0 | J19: 0 | K19: 0 | L19: 13 | M19: 0 | N19: =+F19-I19-J19-K19-L19-M19+H19 -> 66 | P19: 100 | Q19: 300
A20: 18 | B20: VEGA ÇAKMA KOL | F20: 57 | H20: 0 | I20: 0 | J20: 0 | K20: 0 | L20: 0 | M20: 0 | N20: =+F20-I20-J20-K20-L20-M20+H20 -> 57 | O20: TK | P20: 100 | Q20: 300
A21: 19 | B21: SİNEMA KAPAK KISA | F21: 220 | G21: 425 | H21: 0 | I21: 0 | J21: 0 | K21: 0 | L21: 0 | M21: 0 | N21: =+F21-I21-J21-K21-L21-M21+H21 -> 220
A22: 20 | B22: KUYRUKLU TİLK MEKANİZMA | F22: 1476 | H22: 0 | I22: 0 | J22: 0 | K22: 0 | L22: 62 | M22: 0 | N22: =+F22-I22-J22-K22-L22-M22+H22 -> 1414 | P22: 500 | Q22: 1000
A23: 21 | B23: ÇİFT KOLLU TİLK MEK. | F23: 2529 | H23: 0 | I23: 38 | J23: 0 | K23: 38 | L23: 0 | M23: 0 | N23: =+F23-I23-J23-K23-L23-M23+H23 -> 2453 | P23: 1000 | Q23: 5000
A24: 22 | B24: VEGA KONFERANS KOL | F24: 150 | H24: 0 | I24: 0 | J24: 0 | K24: 0 | L24: 13 | M24: 0 | N24: =+F24-I24-J24-K24-L24-M24+H24 -> 137 | P24: 100 | Q24: 250
A25: 23 | B25: YENİ SİNM. KISA KAPAK | F25: 345 | H25: 0 | I25: 0 | J25: 0 | K25: 0 | L25: 0 | M25: 0 | N25: =+F25-I25-J25-K25-L25-M25+H25 -> 345 | P25: 300 | Q25: 100
A26: 24 | B26: PİMLİ TEKER NAYLON 60 | F26: 15000 | H26: 0 | I26: 600 | J26: 400 | K26: 400 | L26: 1000 | M26: 1000 | N26: =+F26-I26-J26-K26-L26-M26+H26 -> 11600 | P26: 7500 | Q26: 15000
A27: 25 | B27: 5 cm krom ayarlı ayak | F27: 417 | H27: 0 | I27: 18 | J27: 130 | K27: 46 | L27: 65 | M27: 0 | N27: =+F27-I27-J27-K27-L27-M27+H27 -> 158 | P27: 300 | Q27: 1000
A28: 26 | G28: 0 | H28: 0 | I28: 0 | J28: 0 | K28: 0 | L28: 0 | M28: 0 | N28: 0 | Q28: 0
A29: 27 | B29: YARASA ŞASE | F29: 709 | H29: 0 | I29: 0 | J29: 0 | K29: 0 | L29: 6 | M29: 0 | N29: =+F29-I29-J29-K29-L29-M29+H29 -> 703 | P29: 200 | Q29: 750
A30: 28 | B30: TELLY KUYRUKLU ŞASE | F30: 115 | H30: 0 | I30: 39 | J30: 1 | K30: 32 | L30: 0 | M30: 0 | N30: =+F30-I30-J30-K30-L30-M30+H30 -> 43 | P30: 100 | Q30: 300
A31: 29 | B31: ZIMBA TELİ 9240 / KOLİ | F31: 5 | H31: 0 | I31: 0 | J31: 0 | K31: 0 | L31: 0 | M31: 0 | N31: =+F31-I31-J31-K31-L31-M31+H31 -> 5 | P31: 10 | Q31: 50
A32: 30 | B32: ZIMBA TELİ 8014 | F32: 7 | H32: 0 | I32: 0 | J32: 0 | K32: 0 | L32: 0 | M32: 0 | N32: =+F32-I32-J32-K32-L32-M32+H32 -> 7 | P32: 7 | Q32: 40
A33: 31 | B33: ZIMBA TELİ 8008 | F33: 1 | H33: 0 | I33: 0 | J33: 0 | K33: 0 | L33: 0 | M33: 0 | N33: =+F33-I33-J33-K33-L33-M33+H33 -> 1 | P33: 5 | Q33: 20
A34: 32 | B34: AYAK TASI KROM | F34: 370 | H34: 0 | I34: 0 | J34: 0 | K34: 0 | L34: 40 | M34: 0 | N34: =+F34-I34-J34-K34-L34-M34+H34 -> 330 | P34: 300 | Q34: 2000
A35: 33 | B35: AYAK TASI SİYAH | F35: 1480 | H35: 0 | I35: 0 | J35: 0 | K35: 0 | L35: 0 | M35: 0 | N35: =+F35-I35-J35-K35-L35-M35+H35 -> 1480 | P35: 500 | Q35: 5000
A36: 34 | H36: 0 | I36: 0 | J36: 0 | K36: 0 | L36: 0 | M36: 0 | N36: =+F36-I36-J36-K36-L36-M36+H36 -> 0
A37: 35 | H37: 0 | I37: 0 | J37: 0 | K37: 0 | L37: 0 | M37: 0 | N37: =+F37-I37-J37-K37-L37-M37+H37 -> 0

Sheet AĞUSTOS 2025
B1: AĞUSTOS | Q1: 45656
A2: S.NO | B2: ÜRÜN CİNSİ | F2: ADET | G2: devir | H2: GELEN | I2: 45877 | J2: 45884 | K2: 45891 | L2: 45898 | M2: 0 | N2: KALAN | O2: AÇIKLAMA | P2: MİNİMUN | Q2: MAKSİMUN
A3: 1 | B3: U BAĞLANTI DEMİRİ | F3: 1950 | H3: 0 | I3: 0 | J3: 0 | K3: 0 | L3: 0 | M3: 0 | N3: =+F3-I3-J3-K3-L3-M3+H3 -> 1950 | P3: 3000 | Q3: 10000
A4: 2 | B4: AYAK SOMUNU(BIDIK) | F4: 4500 | H4: 0 | I4: 0 | J4: 0 | K4: 0 | L4: 0 | M4: 0 | N4: =+F4-I4-J4-K4-L4-M4+H4 -> 4500 | P4: 7500 | Q4: 20000
A5: 3 | B5: AMT. SEKRETER KÖRÜK | F5: 870 | G5: 1000 | H5: 0 | I5: 0 | J5: 0 | K5: 0 | L5: 0 | M5: 0 | N5: =+F5-I5-J5-K5-L5-M5+H5 -> 870 | P5: 500 | Q5: 2000
A6: 4 | B6: M8 CİVATALI BİNGO | F6: 300 | H6: 0 | I6: 0 | J6: 0 | K6: 0 | L6: 0 | M6: 0 | N6: =+F6-I6-J6-K6-L6-M6+H6 -> 300 | O6: PLASTİK SİY.BÜYÜK | P6: 250 | Q6: 1000
A7: 5 | B7: M8 OYNAR BAŞLIKLI BİNGO | F7: 121 | H7: 0 | I7: 0 | J7: 0 | K7: 0 | L7: 0 | M7: 0 | N7: =+F7-I7-J7-K7-L7-M7+H7 -> 121 | O7: KROM | P7: 500 | Q7: 1000
A8: 6 | B8: M8 SOKET | F8: 2000 | H8: 0 | I8: 0 | J8: 0 | K8: 0 | L8: 0 | M8: 0 | N8: =+F8-I8-J8-K8-L8-M8+H8 -> 2000 | P8: 3000 | Q8: 15000
A9: 7 | B9: M8 CİVATALI BİNGO_MOB. | F9: 150 | H9: 0 | I9: 0 | J9: 0 | K9: 0 | L9: 0 | M9: 0 | N9: =+F9-I9-J9-K9-L9-M9+H9 -> 150 | O9: REFAKATÇI SİY.KÜÇÜK | P9: 1000 | Q9: 3000
A10: 8 | B10: M6 SOKET | F10: 8000 | H10: 0 | I10: 1000 | J10: 0 | K10: 0 | L10: 0 | M10: 0 | N10: =+F10-I10-J10-K10-L10-M10+H10 -> 7000 | P10: 10000 | Q10: 50000
A11: 9 | B11: PİMLİ TEKER NAYLON 50 | F11: 10700 | G11: 0 | H11: 0 | I11: 600 | J11: 2400 | K11: 600 | L11: 1000 | M11: 0 | N11: =+F11-I11-J11-K11-L11-M11+H11 -> 6100 | P11: 7500 | Q11: 30000
A12: 10 | B12: YARASA ŞASE KUYRUKLU | F12: 1187 | H12: 0 | I12: 0 | J12: 0 | K12: 0 | L12: 0 | M12: 0 | N12: =+F12-I12-J12-K12-L12-M12+H12 -> 1187 | P12: 200 | Q12: 1500
A13: 11 | B13: PİMLİ BİNGO | F13: 700 | H13: 0 | I13: 0 | J13: 0 | K13: 0 | L13: 0 | M13: 0 | N13: =+F13-I13-J13-K13-L13-M13+H13 -> 700 | P13: 2000 | Q13: 5000
A14: 12 | B14: LALE AYAK ÇEKYAT GEÇMELİ | F14: 240 | H14: 0 | I14: 0 | J14: 0 | K14: 0 | L14: 0 | M14: 0 | N14: =+F14-I14-J14-K14-L14-M14+H14 -> 240 | P14: 500 | Q14: 3000
A15: 13 | B15: TOKMAK | F15: 300 | H15: 0 | I15: 0 | J15: 0 | K15: 0 | L15: 0 | M15: 0 | N15: =+F15-I15-J15-K15-L15-M15+H15 -> 300 | P15: 500 | Q15: 3000
A16: 14 | B16: EKO SEKRETER KÖRÜK | C16: 350 | F16: 1420 | H16: 0 | I16: 0 | J16: 0 | K16: 0 | L16: 0 | M16: 0 | N16: =+F16-I16-J16-K16-L16-M16+H16 -> 1420 | P16: 500 | Q16: 2000
A17: 15 | B17: AHŞAP TELESKOP KÖRÜK | F17: 370 | G17: 165 | H17: 0 | I17: 0 | J17: 40 | K17: 40 | L17: 40 | M17: 0 | N17: =+F17-I17-J17-K17-L17-M17+H17 -> 250 | P17: 200 | Q17: 1000
A18: 16 | B18: VEGA KÖRÜK | F18: 4200 | G18: 500 | H18: 0 | I18: 0 | J18: 0 | K18: 0 | L18: 0 | M18: 0 | N18: =+F18-I18-J18-K18-L18-M18+H18 -> 4200 | P18: 2000 | Q18: 5000
A19: 17 | B19: YAZI TABLASI | F19: 66 | H19: 0 | I19: 0 | J19: 0 | K19: 0 | L19: 0 | M19: 0 | N19: =+F19-I19-J19-K19-L19-M19+H19 -> 66 | P19: 100 | Q19: 300
A20: 18 | B20: VEGA ÇAKMA KOL | F20: 57 | H20: 0 | I20: 0 | J20: 0 | K20: 0 | L20: 0 | M20: 0 | N20: =+F20-I20-J20-K20-L20-M20+H20 -> 57 | O20: TK | P20: 100 | Q20: 300
A21: 19 | B21: SİNEMA KAPAK KISA | F21: 220 | G21: 425 | H21: 0 | I21: 150 | J21: 0 | K21: 0 | L21: 0 | M21: 0 | N21: =+F21-I21-J21-K21-L21-M21+H21 -> 70
A22: 20 | B22: KUYRUKLU TİLK MEKANİZMA | F22: 1414 | H22: 0 | I22: 0 | J22: 0 | K22: 5 | L22: 0 | M22: 0 | N22: =+F22-I22-J22-K22-L22-M22+H22 -> 1409 | P22: 500 | Q22: 1000
A23: 21 | B23: ÇİFT KOLLU TİLK MEK. | F23: 2453 | H23: 0 | I23: 160 | J23: 232 | K23: 290 | L23: 320 | M23: 0 | N23: =+F23-I23-J23-K23-L23-M23+H23 -> 1451 | P23: 1000 | Q23: 5000
A24: 22 | B24: VEGA KONFERANS KOL | F24: 137 | H24: 0 | I24: 0 | J24: 0 | K24: 0 | L24: 0 | M24: 0 | N24: =+F24-I24-J24-K24-L24-M24+H24 -> 137 | P24: 100 | Q24: 250
A25: 23 | B25: YENİ SİNM. KISA KAPAK | F25: 0 | H25: 330 | I25: 25 | J25: 0 | K25: 0 | L25: 0 | M25: 0 | N25: =+F25-I25-J25-K25-L25-M25+H25 -> 305 | P25: 300 | Q25: 100
A26: 24 | B26: PİMLİ TEKER NAYLON 60 | F26: 11600 | H26: 0 | I26: 150 | J26: 800 | K26: 800 | L26: 400 | M26: 0 | N26: =+F26-I26-J26-K26-L26-M26+H26 -> 9450 | P26: 7500 | Q26: 15000
A27: 25 | B27: 5 cm krom ayarlı ayak | F27: 158 | H27: 330 | I27: 0 | J27: 120 | K27: 0 | L27: 0 | M27: 0 | N27: =+F27-I27-J27-K27-L27-M27+H27 -> 368 | P27: 300 | Q27: 1000
A28: 26 | G28: 0 | H28: 0 | I28: 0 | J28: 0 | K28: 0 | L28: 0 | M28: 0 | N28: 0 | Q28: 0
A29: 27 | B29: YARASA ŞASE | F29: 703 | H29: 0 | I29: 0 | J29: 0 | K29: 0 | L29: 0 | M29: 0 | N29: =+F29-I29-J29-K29-L29-M29+H29 -> 703 | P29: 200 | Q29: 750
A30: 28 | B30: TELLY KUYRUKLU ŞASE | F30: 43 | H30: 0 | I30: 27 | J30: 16 | K30: 0 | L30: 0 | M30: 0 | N30: =+F30-I30-J30-K30-L30-M30+H30 -> 0 | P30: 100 | Q30: 300
A31: 29 | B31: ZIMBA TELİ 9240 / KOLİ | F31: 5 | H31: 0 | I31: 0 | J31: 0 | K31: 0 | L31: 0 | M31: 0 | N31: =+F31-I31-J31-K31-L31-M31+H31 -> 5 | P31: 10 | Q31: 50
A32: 30 | B32: ZIMBA TELİ 8014 | F32: 7 | H32: 0 | I32: 0 | J32: 0 | K32: 0 | L32: 0 | M32: 0 | N32: =+F32-I32-J32-K32-L32-M32+H32 -> 7 | P32: 7 | Q32: 40
A33: 31 | B33: ZIMBA TELİ 8008 | F33: 1 | H33: 0 | I33: 0 | J33: 0 | K33: 0 | L33: 0 | M33: 0 | N33: =+F33-I33-J33-K33-L33-M33+H33 -> 1 | P33: 5 | Q33: 20
A34: 32 | B34: AYAK TASI KROM | F34: 330 | H34: 0 | I34: 0 | J34: 40 | K34: 0 | L34: 0 | M34: 0 | N34: =+F34-I34-J34-K34-L34-M34+H34 -> 290 | P34: 300 | Q34: 2000
A35: 33 | B35: AYAK TASI SİYAH | F35: 1400 | H35: 0 | I35: 0 | J35: 0 | K35: 0 | L35: 0 | M35: 0 | N35: =+F35-I35-J35-K35-L35-M35+H35 -> 1400 | P35: 500 | Q35: 5000
A36: 34 | H36: 0 | I36: 0 | J36: 0 | K36: 0 | L36: 0 | M36: 0 | N36: =+F36-I36-J36-K36-L36-M36+H36 -> 0
A37: 35 | H37: 0 | I37: 0 | J37: 0 | K37: 0 | L37: 0 | M37: 0 | N37: =+F37-I37-J37-K37-L37-M37+H37 -> 0

Sheet EYLÜL 2025
B1: EYLÜL | Q1: 45656
A2: S.NO | B2: ÜRÜN CİNSİ | F2: ADET | G2: devir | H2: GELEN | I2: 45905 | J2: 45912 | K2: 45919 | L2: 45926 | M2: 45930 | N2: KALAN | O2: AÇIKLAMA | P2: MİNİMUN | Q2: MAKSİMUN
A3: 1 | B3: U BAĞLANTI DEMİRİ | F3: 1950 | H3: 5000 | I3: 0 | J3: 0 | K3: 500 | L3: 500 | M3: 500 | N3: =+F3-I3-J3-K3-L3-M3+H3 -> 5450 | P3: 3000 | Q3: 10000
A4: 2 | B4: AYAK SOMUNU(BIDIK) | F4: 6500 | H4: 0 | I4: 0 | J4: 0 | K4: 0 | L4: 0 | M4: 1500 | N4: =+F4-I4-J4-K4-L4-M4+H4 -> 5000 | P4: 7000 | Q4: 20000
A5: 3 | B5: AMT. SEKRETER KÖRÜK | F5: 750 | G5: 1000 | H5: 0 | I5: 0 | J5: 0 | K5: 0 | L5: 0 | M5: 150 | N5: =+F5-I5-J5-K5-L5-M5+H5 -> 600 | P5: 500 | Q5: 2000
A6: 4 | B6: M8 CİVATALI BİNGO | F6: 3000 | H6: 0 | I6: 0 | J6: 0 | K6: 0 | L6: 0 | M6: 500 | N6: =+F6-I6-J6-K6-L6-M6+H6 -> 2500 | O6: PLASTİK SİY.BÜYÜK | P6: 250 | Q6: 1000
