Workbook

Sheet eylül 4 hafta
A1: TAHTA SAYIMI | J1: 44809
A2: S.NO | B2: CİNSİ | C2: DEVİR | D2: GELEN | E2: 44830 | F2: 44831 | G2: 44832 | H2: 44833 | I2: 44834 | J2: KALAN
A3: 1 | B3: SANDALYE TAHTASI | C3: 37 | D3: 0 | E3: 0 | J3: =+C3-E3-F3-G3-H3-I3+D3 -> 37
A4: 2 | B4: EKO KLAS MÜDÜR TAHTASI | C4: 3 | J4: =+C4-E4-F4-G4-H4-I4+D4 -> 3
A5: 3 | B5: KESİLMEMİŞTAHTA | C5: 107 | J5: =+C5-E5-F5-G5-H5-I5+D5 -> 107
A6: 4 | B6: RECENT MİSAFİR | C6: 55 | J6: =+C6-E6-F6-G6-H6-I6+D6 -> 55
A7: 5 | B7: RECENT MÜDÜR | C7: 30 | F7: 3 | J7: =+C7-E7-F7-G7-H7-I7+D7 -> 27
A8: 6 | B8: PUFFY MİSAFİR | C8: 37 | F8: 12 | J8: =+C8-E8-F8-G8-H8-I8+D8 -> 25
A9: 6 | B9: PUFFY MÜDÜR | C9: 18 | J9: =+C9-E9-F9-G9-H9-I9+D9 -> 18
A10: 7 | B10: KESİLMEMİŞ MÜDÜR KON | C10: 44 | D10: 41 | J10: =+C10-E10-F10-G10-H10-I10+D10 -> 85
A11: 8 | B11: CEZAR MÜDÜR | C11: 242 | D11: 177 | J11: =+C11-E11-F11-G11-H11-I11+D11 -> 419
A12: 9 | B12: CEZAR MİSAFİR | C12: 322 | D12: 60 | E12: 4 | J12: =+C12-E12-F12-G12-H12-I12+D12 -> 378
A13: 10 | B13: LENUX MİSAFİR | C13: 78 | J13: =+C13-E13-F13-G13-H13-I13+D13 -> 78
A14: 11 | B14: LENUX MÜDÜR | C14: 45 | J14: =+C14-E14-F14-G14-H14-I14+D14 -> 45
A15: 12 | B15: WARLCOK MÜDÜR | C15: 141 | E15: 1 | J15: =+C15-E15-F15-G15-H15-I15+D15 -> 140
A16: 13 | B16: WARLCOK MİSAFİR | C16: 50 | E16: 2 | J16: =+C16-E16-F16-G16-H16-I16+D16 -> 48
A17: 14 | B17: VİSİON MÜDÜR | C17: 234 | D17: 57 | E17: 4 | G17: 3 | J17: =+C17-E17-F17-G17-H17-I17+D17 -> 284
A18: 15 | B18: VİSİON MİSAFİR | C18: 205 | E18: 3 | G18: 4 | J18: =+C18-E18-F18-G18-H18-I18+D18 -> 198
A19: 16 | B19: PENTA MÜDÜR | C19: 111 | D19: 30 | J19: =+C19-E19-F19-G19-H19-I19+D19 -> 141
A20: 17 | B20: PENTA MİSAFİR | C20: 8 | J20: =+C20-E20-F20-G20-H20-I20+D20 -> 8
A21: 18 | B21: ACTİON MÜDÜR | C21: 15 | G21: 1 | J21: =+C21-E21-F21-G21-H21-I21+D21 -> 14
A22: 19 | B22: YENİ MODEL OTURAK | C22: 118 | J22: =+C22-E22-F22-G22-H22-I22+D22 -> 118
A23: 20 | B23: CARENS MÜDÜR KONT | C23: 38 | J23: =+C23-E23-F23-G23-H23-I23+D23 -> 38
A24: 21 | B24: GRAFTER MÜDÜR | C24: 7 | J24: =+C24-E24-F24-G24-H24-I24+D24 -> 7
A25: 22 | B25: GRAFTER MİSAFİR | C25: 42 | J25: =+C25-E25-F25-G25-H25-I25+D25 -> 42
A26: 23 | B26: ELNORA -LEGENT MÜDÜR | C26: 483 | J26: =+C26-E26-F26-G26-H26-I26+D26 -> 483
A27: 24 | B27: LEGENT MÜDÜR UZUN | C27: 62 | J27: =+C27-E27-F27-G27-H27-I27+D27 -> 62
A28: 25 | B28: ANFİ TAHTASI | C28: 13 | J28: =+C28-E28-F28-G28-H28-I28+D28 -> 13
A29: 26 | B29: VEGA SIRT | C29: 60 | J29: =+C29-E29-F29-G29-H29-I29+D29 -> 60
A30: 26 | B30: VEGA TABAN | C30: 78 | J30: =+C30-E30-F30-G30-H30-I30+D30 -> 78
A31: 27 | B31: VENESSA MİS.KONTRASI | C31: 293 | J31: =+C31-E31-F31-G31-H31-I31+D31 -> 293
A32: 28 | B32: POLİ DABAN | C32: 217 | D32: 87 | G32: 24 | J32: =+C32-E32-F32-G32-H32-I32+D32 -> 280
A33: 29 | B33: SANDALYE SIRT | C33: 17 | J33: =+C33-E33-F33-G33-H33-I33+D33 -> 17
A34: 30 | B34: SANDALYE DABAN | C34: 45 | J34: =+C34-E34-F34-G34-H34-I34+D34 -> 45
A35: 31 | B35: MİSAFİR SIRT | C35: 166 | J35: =+C35-E35-F35-G35-H35-I35+D35 -> 166
A36: 32 | B36: MİSAFİR OTURAK | C36: 538 | J36: =+C36-E36-F36-G36-H36-I36+D36 -> 538
A37: 33 | B37: VİVA DABAN | C37: 66 | J37: =+C37-E37-F37-G37-H37-I37+D37 -> 66
A38: 34 | B38: SENS MÜDÜR SIRT | C38: 36 | J38: =+C38-E38-F38-G38-H38-I38+D38 -> 36
A39: 35 | B39: ZEUGMA | C39: 24 | J39: =+C39-E39-F39-G39-H39-I39+D39 -> 24
A40: 36 | B40: SOVRANO MİSAFİR | C40: 10 | J40: =+C40-E40-F40-G40-H40-I40+D40 -> 10
A41: 37 | B41: SOVRANO MÜDÜR | C41: 15 | F41: 1 | J41: =+C41-E41-F41-G41-H41-I41+D41 -> 14
A42: 38 | B42: POLO MİSAFİR | C42: 23 | J42: =+C42-E42-F42-G42-H42-I42+D42 -> 23
A43: 39 | B43: POLO MÜDÜR | C43: 9 | D43: 50 | J43: =+C43-E43-F43-G43-H43-I43+D43 -> 59
A44: 40 | B44: ELNORA MİSAFİR | C44: 317 | J44: =+C44-E44-F44-G44-H44-I44+D44 -> 317
A45: 41 | B45: STELL MİSAFİR | C45: 42 | J45: =+C45-E45-F45-G45-H45-I45+D45 -> 42
A46: 42 | B46: GRANADA MİSAFİR | C46: 26 | J46: =+C46-E46-F46-G46-H46-I46+D46 -> 26
A47: 43 | B47: NOWEL MİSAFİR | C47: 69 | J47: =+C47-E47-F47-G47-H47-I47+D47 -> 69
A48: 44 | B48: NOWEL MÜDÜR | C48: 29 | J48: =+C48-E48-F48-G48-H48-I48+D48 -> 29
A49: 45 | B49: NEVOL MÜDÜR KONT. | C49: 38 | J49: =+C49-E49-F49-G49-H49-I49+D49 -> 38
A50: 46 | B50: GRANADA MÜDÜR | C50: 63 | J50: =+C50-E50-F50-G50-H50-I50+D50 -> 63
A51: 47 | B51: EXPERİA OTURAK | C51: 245 | J51: =+C51-E51-F51-G51-H51-I51+D51 -> 245
A52: 48 | B52: EXPERİA MÜDÜR | C52: 79 | J52: =+C52-E52-F52-G52-H52-I52+D52 -> 79
A53: 49 | B53: EXPERİA MİSAFİR | C53: 30 | G53: 2 | J53: =+C53-E53-F53-G53-H53-I53+D53 -> 28
A54: 50 | B54: KİMENE MÜDÜR | C54: 43 | J54: =+C54-E54-F54-G54-H54-I54+D54 -> 43
A55: 51 | B55: VİENTO MİSAFİR | C55: 99 | J55: =+C55-E55-F55-G55-H55-I55+D55 -> 99
A56: 52 | B56: MAKER BERBER KOLT. | C56: 230 | J56: =+C56-E56-F56-G56-H56-I56+D56 -> 230
A57: 53 | B57: BAYAN BERBER | C57: 76 | J57: =+C57-E57-F57-G57-H57-I57+D57 -> 76
A58: 54 | B58: MUTFAK SAND. OTURAK | C58: 25 | J58: =+C58-E58-F58-G58-H58-I58+D58 -> 25
A59: 55 | B59: PİRAMİT MÜDÜR KONT. | C59: 10 | J59: =+C59-E59-F59-G59-H59-I59+D59 -> 10
A60: 56 | B60: PLAT MÜDÜR KONTRASI | C60: 10 | J60: =+C60-E60-F60-G60-H60-I60+D60 -> 10
A61: 57 | B61: TRAP MÜDÜR KONTRASI | C61: 10 | J61: =+C61-E61-F61-G61-H61-I61+D61 -> 10
A62: 58 | B62: TRAP MİSAFİR KONTRASI | C62: 50 | J62: =+C62-E62-F62-G62-H62-I62+D62 -> 50
A63: 59 | B63: CARRERA MÜDÜR | C63: 49 | J63: =+C63-E63-F63-G63-H63-I63+D63 -> 49
A64: 60 | B64: CARRERA MİSAFİR | C64: 64 | J64: =+C64-E64-F64-G64-H64-I64+D64 -> 64
A65: 61 | B65: PERA OTURAK | D65: 200 | J65: =+C65-E65-F65-G65-H65-I65+D65 -> 200
A66: 62 | B66: YENİ MODEL MÜD.SIRT | D66: 20 | J66: =+C66-E66-F66-G66-H66-I66+D66 -> 20

Sheet ekim 1 hafta 
A1: TAHTA SAYIMI | J1: 44837
A2: S.NO | B2: CİNSİ | C2: DEVİR | D2: GELEN | E2: 44837 | F2: 44838 | G2: 44839 | H2: 44840 | I2: 44841 | J2: KALAN
A3: 1 | B3: SANDALYE TAHTASI | C3: 37 | J3: =+C3-E3-F3-G3-H3-I3+D3 -> 37
A4: 2 | B4: EKO KLAS MÜDÜR TAHTASI | C4: 3 | J4: =+C4-E4-F4-G4-H4-I4+D4 -> 3
A5: 3 | B5: KESİLMEMİŞTAHTA | C5: 107 | E5: 5 | J5: =+C5-E5-F5-G5-H5-I5+D5 -> 102
A6: 4 | B6: RECENT MİSAFİR | C6: 55 | J6: =+C6-E6-F6-G6-H6-I6+D6 -> 55
A7: 5 | B7: RECENT MÜDÜR | C7: 27 | J7: =+C7-E7-F7-G7-H7-I7+D7 -> 27
A8: 6 | B8: PUFFY MİSAFİR | C8: 25 | J8: =+C8-E8-F8-G8-H8-I8+D8 -> 25
A9: 6 | B9: PUFFY MÜDÜR | C9: 18 | J9: =+C9-E9-F9-G9-H9-I9+D9 -> 18
A10: 7 | B10: KESİLMEMİŞ MÜDÜR KON | C10: 85 | G10: 2 | J10: =+C10-E10-F10-G10-H10-I10+D10 -> 83
A11: 8 | B11: CEZAR MÜDÜR | C11: 419 | E11: 50 | F11: 91 | J11: =+C11-E11-F11-G11-H11-I11+D11 -> 278
A12: 9 | B12: CEZAR MİSAFİR | C12: 378 | E12: 90 | J12: =+C12-E12-F12-G12-H12-I12+D12 -> 288
A13: 10 | B13: LENUX MİSAFİR | C13: 78 | J13: =+C13-E13-F13-G13-H13-I13+D13 -> 78
A14: 11 | B14: LENUX MÜDÜR | C14: 45 | J14: =+C14-E14-F14-G14-H14-I14+D14 -> 45
A15: 12 | B15: WARLCOK MÜDÜR | C15: 140 | H15: 4 | J15: =+C15-E15-F15-G15-H15-I15+D15 -> 136
A16: 13 | B16: WARLCOK MİSAFİR | C16: 48 | H16: 48 | J16: =+C16-E16-F16-G16-H16-I16+D16 -> 0
A17: 14 | B17: VİSİON MÜDÜR | C17: 284 | G17: 4 | J17: =+C17-E17-F17-G17-H17-I17+D17 -> 280
A18: 15 | B18: VİSİON MİSAFİR | C18: 198 | G18: 6 | J18: =+C18-E18-F18-G18-H18-I18+D18 -> 192
A19: 16 | B19: PENTA MÜDÜR | C19: 141 | E19: 11 | J19: =+C19-E19-F19-G19-H19-I19+D19 -> 130
A20: 17 | B20: PENTA MİSAFİR | C20: 8 | J20: =+C20-E20-F20-G20-H20-I20+D20 -> 8
A21: 18 | B21: ACTİON MÜDÜR | C21: 14 | H21: 2 | J21: =+C21-E21-F21-G21-H21-I21+D21 -> 12
A22: 19 | B22: ACTİON MİSAFİR | C22: 17 | H22: 2 | J22: =+C22-E22-F22-G22-H22-I22+D22 -> 15
A23: 20 | B23: YENİ MODEL OTURAK | C23: 118 | J23: =+C23-E23-F23-G23-H23-I23+D23 -> 118
A24: 21 | B24: CARENS MÜDÜR KONT | C24: 38 | J24: =+C24-E24-F24-G24-H24-I24+D24 -> 38
A25: 22 | B25: GRAFTER MÜDÜR | C25: 7 | J25: =+C25-E25-F25-G25-H25-I25+D25 -> 7
A26: 23 | B26: GRAFTER MİSAFİR | C26: 42 | J26: =+C26-E26-F26-G26-H26-I26+D26 -> 42
A27: 24 | B27: ELNORA -LEGENT MÜDÜR | C27: 483 | J27: =+C27-E27-F27-G27-H27-I27+D27 -> 483
A28: 25 | B28: LEGENT MÜDÜR UZUN | C28: 62 | J28: =+C28-E28-F28-G28-H28-I28+D28 -> 62
A29: 26 | B29: ANFİ TAHTASI | C29: 13 | J29: =+C29-E29-F29-G29-H29-I29+D29 -> 13
A30: 27 | B30: VEGA SIRT | C30: 60 | J30: =+C30-E30-F30-G30-H30-I30+D30 -> 60
A31: 28 | B31: VEGA TABAN | C31: 78 | J31: =+C31-E31-F31-G31-H31-I31+D31 -> 78
A32: 29 | B32: VENESSA MİS.KONTRASI | C32: 293 | J32: =+C32-E32-F32-G32-H32-I32+D32 -> 293
A33: 30 | B33: POLİ DABAN | C33: 280 | G33: 40 | J33: =+C33-E33-F33-G33-H33-I33+D33 -> 240
A34: 31 | B34: SANDALYE SIRT | C34: 17 | J34: =+C34-E34-F34-G34-H34-I34+D34 -> 17
A35: 32 | B35: SANDALYE DABAN | C35: 45 | J35: =+C35-E35-F35-G35-H35-I35+D35 -> 45
A36: 33 | B36: MİSAFİR SIRT | C36: 166 | J36: =+C36-E36-F36-G36-H36-I36+D36 -> 166
A37: 34 | B37: MİSAFİR OTURAK | C37: 538 | J37: =+C37-E37-F37-G37-H37-I37+D37 -> 538
A38: 35 | B38: VİVA DABAN | C38: 66 | J38: =+C38-E38-F38-G38-H38-I38+D38 -> 66
A39: 36 | B39: SENS MÜDÜR SIRT | C39: 36 | J39: =+C39-E39-F39-G39-H39-I39+D39 -> 36
A40: 37 | B40: ZEUGMA | C40: 24 | J40: =+C40-E40-F40-G40-H40-I40+D40 -> 24
A41: 38 | B41: SOVRANO MİSAFİR | C41: 10 | J41: =+C41-E41-F41-G41-H41-I41+D41 -> 10
A42: 39 | B42: SOVRANO MÜDÜR | C42: 14 | J42: =+C42-E42-F42-G42-H42-I42+D42 -> 14
A43: 40 | B43: POLO MİSAFİR | C43: 21 | E43: 21 | G43: 0 | J43: =+C43-E43-F43-G43-H43-I43+D43 -> 0
A44: 41 | B44: POLO MÜDÜR | C44: 59 | F44: 25 | G44: 1 | I44: 1 | J44: =+C44-E44-F44-G44-H44-I44+D44 -> 32
A45: 42 | B45: ELNORA MİSAFİR | C45: 317 | J45: =+C45-E45-F45-G45-H45-I45+D45 -> 317
A46: 43 | B46: STELL MİSAFİR | C46: 42 | J46: =+C46-E46-F46-G46-H46-I46+D46 -> 42
A47: 44 | B47: GRANADA MİSAFİR | C47: 26 | J47: =+C47-E47-F47-G47-H47-I47+D47 -> 26
A48: 45 | B48: NOWEL MİSAFİR | C48: 69 | J48: =+C48-E48-F48-G48-H48-I48+D48 -> 69
A49: 46 | B49: NOWEL MÜDÜR | C49: 29 | J49: =+C49-E49-F49-G49-H49-I49+D49 -> 29
A50: 47 | B50: NEVOL MÜDÜR KONT. | C50: 38 | J50: =+C50-E50-F50-G50-H50-I50+D50 -> 38
A51: 48 | B51: GRANADA MÜDÜR | C51: 63 | J51: =+C51-E51-F51-G51-H51-I51+D51 -> 63
A52: 49 | B52: EXPERİA OTURAK | C52: 245 | H52: 3 | J52: =+C52-E52-F52-G52-H52-I52+D52 -> 242
A53: 50 | B53: EXPERİA MÜDÜR | C53: 79 | J53: =+C53-E53-F53-G53-H53-I53+D53 -> 79
A54: 51 | B54: EXPERİA MİSAFİR | C54: 28 | J54: =+C54-E54-F54-G54-H54-I54+D54 -> 28
A55: 52 | B55: KİMENE MÜDÜR | C55: 43 | J55: =+C55-E55-F55-G55-H55-I55+D55 -> 43
A56: 53 | B56: VİENTO MİSAFİR | C56: 99 | J56: =+C56-E56-F56-G56-H56-I56+D56 -> 99
A57: 54 | B57: MAKER BERBER KOLT. | C57: 230 | J57: =+C57-E57-F57-G57-H57-I57+D57 -> 230
A58: 55 | B58: BAYAN BERBER | C58: 76 | J58: =+C58-E58-F58-G58-H58-I58+D58 -> 76
A59: 56 | B59: MUTFAK SAND. OTURAK | C59: 25 | J59: =+C59-E59-F59-G59-H59-I59+D59 -> 25
A60: 57 | B60: PİRAMİT MÜDÜR KONT. | C60: 10 | J60: =+C60-E60-F60-G60-H60-I60+D60 -> 10
A61: 58 | B61: PLAT MÜDÜR KONTRASI | C61: 10 | J61: =+C61-E61-F61-G61-H61-I61+D61 -> 10
A62: 59 | B62: TRAP MÜDÜR KONTRASI | C62: 10 | J62: =+C62-E62-F62-G62-H62-I62+D62 -> 10
A63: 60 | B63: TRAP MİSAFİR KONTRASI | C63: 50 | J63: =+C63-E63-F63-G63-H63-I63+D63 -> 50
A64: 61 | B64: CARRERA MÜDÜR | C64: 49 | J64: =+C64-E64-F64-G64-H64-I64+D64 -> 49
... A67: 64 | B67: YENİ MODEL MÜD.SIRT | C67: 20 | J67: =+C67-E67-F67-G67-H67-I67+D67 -> 20

Sheet ekim 2 hafta 
A1: TAHTA SAYIMI | J1: 44837
A2: S.NO | B2: CİNSİ | C2: DEVİR | D2: GELEN | E2: 44844 | F2: 44845 | G2: 44846 | H2: 44847 | I2: 44848 | J2: KALAN
A3: 1 | B3: SANDALYE TAHTASI | C3: ='ekim 1 hafta '!J3 -> 37 | J3: =+C3-E3-F3-G3-H3-I3+D3 -> 37
A4: 2 | B4: EKO KLAS MÜDÜR TAHTASI | C4: ='ekim 1 hafta '!J4 -> 3 | J4: =+C4-E4-F4-G4-H4-I4+D4 -> 3
A5: 3 | B5: KESİLMEMİŞTAHTA | C5: ='ekim 1 hafta '!J5 -> 102 | F5: 5 | J5: =+C5-E5-F5-G5-H5-I5+D5 -> 97
A6: 4 | B6: RECENT MİSAFİR | C6: ='ekim 1 hafta '!J6 -> 55 | J6: =+C6-E6-F6-G6-H6-I6+D6 -> 55
A7: 5 | B7: RECENT MÜDÜR | C7: ='ekim 1 hafta '!J7 -> 27 | G7: 1 | J7: =+C7-E7-F7-G7-H7-I7+D7 -> 26
A8: 6 | B8: PUFFY MİSAFİR | C8: ='ekim 1 hafta '!J8 -> 25 | J8: =+C8-E8-F8-G8-H8-I8+D8 -> 25
A9: 6 | B9: PUFFY MÜDÜR | C9: ='ekim 1 hafta '!J9 -> 18 | J9: =+C9-E9-F9-G9-H9-I9+D9 -> 18
A10: 7 | B10: KESİLMEMİŞ MÜDÜR KON | C10: ='ekim 1 hafta '!J10 -> 83 | J10: =+C10-E10-F10-G10-H10-I10+D10 -> 83
A11: 8 | B11: CEZAR MÜDÜR | C11: ='ekim 1 hafta '!J11 -> 278 | D11: 34 | F11: 30 | J11: =+C11-E11-F11-G11-H11-I11+D11 -> 282
A12: 9 | B12: CEZAR MİSAFİR | C12: ='ekim 1 hafta '!J12 -> 288 | D12: 428 | J12: =+C12-E12-F12-G12-H12-I12+D12 -> 716
A13: 10 | B13: LENUX MİSAFİR | C13: ='ekim 1 hafta '!J13 -> 78 | J13: =+C13-E13-F13-G13-H13-I13+D13 -> 78
A14: 11 | B14: LENUX MÜDÜR | C14: ='ekim 1 hafta '!J14 -> 45 | J14: =+C14-E14-F14-G14-H14-I14+D14 -> 45
A15: 12 | B15: WARLCOK MÜDÜR | C15: ='ekim 1 hafta '!J15 -> 136 | F15: 12 | J15: =+C15-E15-F15-G15-H15-I15+D15 -> 124
A16: 13 | B16: WARLCOK MİSAFİR | C16: ='ekim 1 hafta '!J16 -> 0 | J16: =+C16-E16-F16-G16-H16-I16+D16 -> 0
A17: 14 | B17: VİSİON MÜDÜR | C17: ='ekim 1 hafta '!J17 -> 280 | D17: 27 | E17: 18 | F17: 15 | G17: 1 | H17: 2 | I17: 10 | J17: =+C17-E17-F17-G17-H17-I17+D17 -> 261
A18: 15 | B18: VİSİON MİSAFİR | C18: ='ekim 1 hafta '!J18 -> 192 | E18: 14 | H18: 10 | J18: =+C18-E18-F18-G18-H18-I18+D18 -> 168
A19: 16 | B19: PENTA MÜDÜR | C19: ='ekim 1 hafta '!J19 -> 130 | J19: =+C19-E19-F19-G19-H19-I19+D19 -> 130
A20: 17 | B20: PENTA MİSAFİR | C20: ='ekim 1 hafta '!J20 -> 8 | D20: 30 | J20: =+C20-E20-F20-G20-H20-I20+D20 -> 38
A21: 18 | B21: ACTİON MÜDÜR | C21: ='ekim 1 hafta '!J21 -> 12 | G21: 1 | J21: =+C21-E21-F21-G21-H21-I21+D21 -> 11
A22: 19 | B22: YENİ MODEL OTURAK | C22: ='ekim 1 hafta '!J22 -> 15 | F22: 3 | J22: =+C22-E22-F22-G22-H22-I22+D22 -> 12
A23: 20 | B23: CARENS MÜDÜR KONT | C23: ='ekim 1 hafta '!J23 -> 118 | D23: 14 | J23: =+C23-E23-F23-G23-H23-I23+D23 -> 132
A24: 21 | B24: GRAFTER MÜDÜR | C24: ='ekim 1 hafta '!J24 -> 38 | J24: =+C24-E24-F24-G24-H24-I24+D24 -> 38
A25: 22 | B25: GRAFTER MİSAFİR | C25: ='ekim 1 hafta '!J25 -> 7 | J25: =+C25-E25-F25-G25-H25-I25+D25 -> 7
A26: 23 | B26: ELNORA -LEGENT MÜDÜR | C26: ='ekim 1 hafta '!J26 -> 42 | D26: 199 | F26: 6 | J26: =+C26-E26-F26-G26-H26-I26+D26 -> 235
A27: 24 | B27: LEGENT MÜDÜR UZUN | C27: ='ekim 1 hafta '!J27 -> 483 | J27: =+C27-E27-F27-G27-H27-I27+D27 -> 483
A28: 25 | B28: ANFİ TAHTASI | C28: ='ekim 1 hafta '!J28 -> 62 | J28: =+C28-E28-F28-G28-H28-I28+D28 -> 62
A29: 26 | B29: VEGA SIRT | C29: ='ekim 1 hafta '!J29 -> 13 | J29: =+C29-E29-F29-G29-H29-I29+D29 -> 13
A30: 26 | B30: VEGA TABAN | C30: ='ekim 1 hafta '!J30 -> 60 | J30: =+C30-E30-F30-G30-H30-I30+D30 -> 60
A31: 27 | B31: VENESSA MİS.KONTRASI | C31: ='ekim 1 hafta '!J31 -> 78 | J31: =+C31-E31-F31-G31-H31-I31+D31 -> 78
A32: 28 | B32: POLİ DABAN | C32: ='ekim 1 hafta '!J32 -> 293 | G32: 100 | J32: =+C32-E32-F32-G32-H32-I32+D32 -> 193
A33: 29 | B33: SANDALYE SIRT | C33: ='ekim 1 hafta '!J33 -> 240 | J33: =+C33-E33-F33-G33-H33-I33+D33 -> 240
A34: 30 | B34: SANDALYE DABAN | C34: ='ekim 1 hafta '!J34 -> 17 | J34: =+C34-E34-F34-G34-H34-I34+D34 -> 17
A35: 31 | B35: MİSAFİR SIRT | C35: ='ekim 1 hafta '!J35 -> 45 | J35: =+C35-E35-F35-G35-H35-I35+D35 -> 45
A36: 32 | B36: MİSAFİR OTURAK | C36: ='ekim 1 hafta '!J36 -> 166 | J36: =+C36-E36-F36-G36-H36-I36+D36 -> 166
A37: 33 | B37: VİVA DABAN | C37: ='ekim 1 hafta '!J37 -> 538 | G37: 1 | J37: =+C37-E37-F37-G37-H37-I37+D37 -> 537
A38: 34 | B38: SENS MÜDÜR SIRT | C38: ='ekim 1 hafta '!J38 -> 66 | J38: =+C38-E38-F38-G38-H38-I38+D38 -> 66
A39: 35 | B39: ZEUGMA | C39: ='ekim 1 hafta '!J39 -> 36 | J39: =+C39-E39-F39-G39-H39-I39+D39 -> 36
A40: 36 | B40: SOVRANO MİSAFİR | C40: ='ekim 1 hafta '!J40 -> 24 | J40: =+C40-E40-F40-G40-H40-I40+D40 -> 24
A41: 37 | B41: SOVRANO MÜDÜR | C41: ='ekim 1 hafta '!J41 -> 10 | J41: =+C41-E41-F41-G41-H41-I41+D41 -> 10
A42: 38 | B42: POLO MİSAFİR | C42: ='ekim 1 hafta '!J42 -> 14 | D42: 24 | J42: =+C42-E42-F42-G42-H42-I42+D42 -> 38
A43: 39 | B43: POLO MÜDÜR | C43: 35 | I43: 3 | J43: =+C43-E43-F43-G43-H43-I43+D43 -> 32
A44: 40 | B44: ELNORA MİSAFİR | C44: 112 | I44: 42 | J44: =+C44-E44-F44-G44-H44-I44+D44 -> 70
A45: 41 | B45: STELL MİSAFİR | C45: ='ekim 1 hafta '!J45 -> 317 | G45: 1 | J45: =+C45-E45-F45-G45-H45-I45+D45 -> 316
A46: 42 | B46: GRANADA MİSAFİR | C46: ='ekim 1 hafta '!J46 -> 42 | J46: =+C46-E46-F46-G46-H46-I46+D46 -> 42
A47: 43 | B47: NOWEL MİSAFİR | C47: ='ekim 1 hafta '!J47 -> 26 | J47: =+C47-E47-F47-G47-H47-I47+D47 -> 26
A48: 44 | B48: NOWEL MÜDÜR | C48: ='ekim 1 hafta '!J48 -> 69 | J48: =+C48-E48-F48-G48-H48-I48+D48 -> 69
A49: 45 | B49: NEVOL MÜDÜR KONT. | C49: ='ekim 1 hafta '!J49 -> 29 | J49: =+C49-E49-F49-G49-H49-I49+D49 -> 29
A50: 46 | B50: GRANADA MÜDÜR | C50: ='ekim 1 hafta '!J50 -> 38 | J50: =+C50-E50-F50-G50-H50-I50+D50 -> 38
A51: 47 | B51: EXPERİA OTURAK | C51: ='ekim 1 hafta '!J51 -> 63 | E51: 3 | H51: 1 | J51: =+C51-E51-F51-G51-H51-I51+D51 -> 59
A52: 48 | B52: EXPERİA MÜDÜR | C52: ='ekim 1 hafta '!J52 -> 242 | E52: 0 | G52: 1 | J52: =+C52-E52-F52-G52-H52-I52+D52 -> 241
A53: 49 | B53: EXPERİA MİSAFİR | C53: ='ekim 1 hafta '!J53 -> 79 | E53: 3 | J53: =+C53-E53-F53-G53-H53-I53+D53 -> 76
A54: 50 | B54: KİMENE MÜDÜR | C54: ='ekim 1 hafta '!J54 -> 28 | J54: =+C54-E54-F54-G54-H54-I54+D54 -> 28
A55: 51 | B55: VİENTO MİSAFİR | C55: ='ekim 1 hafta '!J55 -> 43 | J55: =+C55-E55-F55-G55-H55-I55+D55 -> 43
A56: 52 | B56: MAKER BERBER KOLT. | C56: ='ekim 1 hafta '!J56 -> 99 | J56: =+C56-E56-F56-G56-H56-I56+D56 -> 99
A57: 53 | B57: BAYAN BERBER | C57: ='ekim 1 hafta '!J57 -> 230 | J57: =+C57-E57-F57-G57-H57-I57+D57 -> 230
A58: 54 | B58: MUTFAK SAND. OTURAK | C58: ='ekim 1 hafta '!J58 -> 76 | J58: =+C58-E58-F58-G58-H58-I58+D58 -> 76
A59: 55 | B59: PİRAMİT MÜDÜR KONT. | C59: ='ekim 1 hafta '!J59 -> 25 | J59: =+C59-E59-F59-G59-H59-I59+D59 -> 25
A60: 56 | B60: PLAT MÜDÜR KONTRASI | C60: ='ekim 1 hafta '!J60 -> 10 | H60: 2 | J60: =+C60-E60-F60-G60-H60-I60+D60 -> 8
A61: 57 | B61: TRAP MÜDÜR KONTRASI | C61: ='ekim 1 hafta '!J61 -> 10 | H61: 2 | J61: =+C61-E61-F61-G61-H61-I61+D61 -> 8
A62: 58 | B62: TRAP MİSAFİR KONTRASI | C62: ='ekim 1 hafta '!J62 -> 10 | H62: 2 | J62: =+C62-E62-F62-G62-H62-I62+D62 -> 8
A63: 59 | B63: CARRERA MÜDÜR | C63: ='ekim 1 hafta '!J63 -> 50 | J63: =+C63-E63-F63-G63-H63-I63+D63 -> 50
A64: 60 | B64: CARRERA MİSAFİR | C64: ='ekim 1 hafta '!J64 -> 49 | J64: =+C64-E64-F64-G64-H64-I64+D64 -> 49
A65: 61 | B65: PERA OTURAK | C65: ='ekim 1 hafta '!J65 -> 64 | J65: =+C65-E65-F65-G65-H65-I65+D65 -> 64
A66: 62 | B66: YENİ MODEL MÜD.SIRT | C66: ='ekim 1 hafta '!J66 -> 200 | F66: 3 | G66: 6 | H66: 3 | J66: =+C66-E66-F66-G66-H66-I66+D66 -> 188
A67: 63 | B67: BROSWAY MÜDÜR KONT. | D67: 26 | G67: 1 | J67: =+C67-E67-F67-G67-H67-I67+D67 -> 25
A68: 64 | B68: BROSWAY MİSAFİR KONT. | J68: =+C68-E68-F68-G68-H68-I68+D68 -> 0
A69: 65 | B69: CABRİO MÜDÜR KONT | D69: 30 | I69: 4 | J69: =+C69-E69-F69-G69-H69-I69+D69 -> 26

Sheet ekim 3 hafta
A1: TAHTA SAYIMI | J1: 44837
A2: S.NO | B2: CİNSİ | C2: DEVİR | D2: GELEN | E2: 44851 | F2: 44852 | G2: 44853 | H2: 44854 | I2: 44855 | J2: KALAN
A3: 1 | B3: SANDALYE TAHTASI | C3: 37 | J3: =+C3-E3-F3-G3-H3-I3+D3 -> 37
A4: 2 | B4: EKO KLAS MÜDÜR TAHTASI | C4: 3 | J4: =+C4-E4-F4-G4-H4-I4+D4 -> 3
A5: 3 | B5: KESİLMEMİŞTAHTA | C5: 107 | J5: =+C5-E5-F5-G5-H5-I5+D5 -> 107
A6: 4 | B6: RECENT MİSAFİR | C6: 55 | J6: =+C6-E6-F6-G6-H6-I6+D6 -> 55
A7: 5 | B7: RECENT MÜDÜR | C7: 27 | J7: =+C7-E7-F7-G7-H7-I7+D7 -> 27
A8: 6 | B8: PUFFY MİSAFİR | C8: 25 | J8: =+C8-E8-F8-G8-H8-I8+D8 -> 25
A9: 6 | B9: PUFFY MÜDÜR | C9: 18 | J9: =+C9-E9-F9-G9-H9-I9+D9 -> 18
A10: 7 | B10: KESİLMEMİŞ MÜDÜR KON | C10: 83 | J10: =+C10-E10-F10-G10-H10-I10+D10 -> 83
A11: 8 | B11: CEZAR MÜDÜR | C11: 282 | I11: 50 | J11: =+C11-E11-F11-G11-H11-I11+D11 -> 232
A12: 9 | B12: CEZAR MİSAFİR | C12: 716 | E12: 23 | H12: 6 | I12: 54 | J12: =+C12-E12-F12-G12-H12-I12+D12 -> 633
A13: 10 | B13: LENUX MİSAFİR | C13: 78 | J13: =+C13-E13-F13-G13-H13-I13+D13 -> 78
A14: 11 | B14: LENUX MÜDÜR | C14: 45 | J14: =+C14-E14-F14-G14-H14-I14+D14 -> 45
A15: 12 | B15: WARLCOK MÜDÜR | C15: 124 | H15: 1 | J15: =+C15-E15-F15-G15-H15-I15+D15 -> 123
A16: 13 | B16: WARLCOK MİSAFİR | C16: 0 | J16: =+C16-E16-F16-G16-H16-I16+D16 -> 0
A17: 14 | B17: VİSİON MÜDÜR | C17: 261 | E17: 7 | F17: 5 | H17: 2 | I17: 1 | J17: =+C17-E17-F17-G17-H17-I17+D17 -> 246
A18: 15 | B18: VİSİON MİSAFİR | C18: 168 | F18: 4 | J18: =+C18-E18-F18-G18-H18-I18+D18 -> 164
A19: 16 | B19: PENTA MÜDÜR | C19: 130 | J19: =+C19-E19-F19-G19-H19-I19+D19 -> 130
A20: 17 | B20: PENTA MİSAFİR | C20: 38 | J20: =+C20-E20-F20-G20-H20-I20+D20 -> 38
A21: 18 | B21: ACTİON MÜDÜR | C21: 11 | F21: 2 | H21: 2 | I21: 1 | J21: =+C21-E21-F21-G21-H21-I21+D21 -> 6
A22: 19 | B22: YENİ MODEL OTURAK | C22: 12 | F22: 4 | H22: 6 | J22: =+C22-E22-F22-G22-H22-I22+D22 -> 2
A23: 20 | B23: CARENS MÜDÜR KONT | C23: 132 | H23: 1 | I23: 1 | J23: =+C23-E23-F23-G23-H23-I23+D23 -> 130
A24: 21 | B24: GRAFTER MÜDÜR | C24: 38 | J24: =+C24-E24-F24-G24-H24-I24+D24 -> 38
A25: 22 | B25: GRAFTER MİSAFİR | C25: 7 | J25: =+C25-E25-F25-G25-H25-I25+D25 -> 7
A26: 23 | B26: ELNORA -LEGENT MÜDÜR | C26: 235 | J26: =+C26-E26-F26-G26-H26-I26+D26 -> 235
A27: 24 | B27: LEGENT MÜDÜR UZUN | C27: 483 | J27: =+C27-E27-F27-G27-H27-I27+D27 -> 483
A28: 25 | B28: ANFİ TAHTASI | C28: 62 | J28: =+C28-E28-F28-G28-H28-I28+D28 -> 62
A29: 26 | B29: VEGA SIRT | C29: 13 | J29: =+C29-E29-F29-G29-H29-I29+D29 -> 13
A30: 26 | B30: VEGA TABAN | C30: 60 | J30: =+C30-E30-F30-G30-H30-I30+D30 -> 60
A31: 27 | B31: VENESSA MİS.KONTRASI | C31: 78 | J31: =+C31-E31-F31-G31-H31-I31+D31 -> 78
A32: 28 | B32: POLİ DABAN | C32: 193 | J32: =+C32-E32-F32-G32-H32-I32+D32 -> 193
A33: 29 | B33: SANDALYE SIRT | C33: 240 | J33: =+C33-E33-F33-G33-H33-I33+D33 -> 240
A34: 30 | B34: SANDALYE DABAN | C34: 17 | J34: =+C34-E34-F34-G34-H34-I34+D34 -> 17
A35: 31 | B35: MİSAFİR SIRT | C35: 45 | J35: =+C35-E35-F35-G35-H35-I35+D35 -> 45
... A40: 36 | B40: SOVRANO MİSAFİR | C40: 24 | J40: =+C40-E40-F40-G40-H40-I40+D40 -> 24
A41: 37 | B41: SOVRANO MÜDÜR | C41: 10 | I41: 1 | J41: =+C41-E41-F41-G41-H41-I41+D41 -> 9
A42: 38 | B42: POLO MİSAFİR | C42: 38 | E42: 2 | J42: =+C42-E42-F42-G42-H42-I42+D42 -> 36
A43: 39 | B43: POLO MÜDÜR | C43: 32 | E43: 2 | H43: 1 | I43: 1 | J43: =+C43-E43-F43-G43-H43-I43+D43 -> 28
A44: 40 | B44: ELNORA MİSAFİR | C44: 70 | H44: 3 | J44: =+C44-E44-F44-G44-H44-I44+D44 -> 67
A45: 41 | B45: STELL MİSAFİR | C45: 316 | J45: =+C45-E45-F45-G45-H45-I45+D45 -> 316
A46: 42 | B46: GRANADA MİSAFİR | C46: 42 | J46: =+C46-E46-F46-G46-H46-I46+D46 -> 42
A47: 43 | B47: NOWEL MİSAFİR | C47: 26 | J47: =+C47-E47-F47-G47-H47-I47+D47 -> 26
A48: 44 | B48: NOWEL MÜDÜR | C48: 69 | E48: 1 | I48: 1 | J48: =+C48-E48-F48-G48-H48-I48+D48 -> 67
A49: 45 | B49: NEVOL MÜDÜR KONT. | C49: 29 | J49: =+C49-E49-F49-G49-H49-I49+D49 -> 29
A50: 46 | B50: GRANADA MÜDÜR | C50: 38 | H50: 0 | J50: =+C50-E50-F50-G50-H50-I50+D50 -> 38
A51: 47 | B51: EXPERİA OTURAK | C51: 59 | H51: 2 | J51: =+C51-E51-F51-G51-H51-I51+D51 -> 57
A52: 48 | B52: EXPERİA MÜDÜR | C52: 241 | H52: 2 | J52: =+C52-E52-F52-G52-H52-I52+D52 -> 239
A53: 49 | B53: EXPERİA MİSAFİR | C53: 76 | J53: =+C53-E53-F53-G53-H53-I53+D53 -> 76
A54: 50 | B54: KİMENE MÜDÜR | C54: 28 | E54: 1 | J54: =+C54-E54-F54-G54-H54-I54+D54 -> 27
A55: 51 | B55: VİENTO MİSAFİR | C55: 43 | J55: =+C55-E55-F55-G55-H55-I55+D55 -> 43
A56: 52 | B56: MAKER BERBER KOLT. | C56: 99 | J56: =+C56-E56-F56-G56-H56-I56+D56 -> 99
A57: 53 | B57: BAYAN BERBER | C57: 230 | J57: =+C57-E57-F57-G57-H57-I57+D57 -> 230
A58: 54 | B58: MUTFAK SAND. OTURAK | C58: 76 | J58: =+C58-E58-F58-G58-H58-I58+D58 -> 76
A59: 55 | B59: PİRAMİT MÜDÜR KONT. | C59: 25 | F59: 3 | J59: =+C59-E59-F59-G59-H59-I59+D59 -> 22
A60: 56 | B60: PLAT MÜDÜR KONTRASI | C60: 8 | H60: 5 | J60: =+C60-E60-F60-G60-H60-I60+D60 -> 3
A61: 57 | B61: TRAP MÜDÜR KONTRASI | C61: 8 | H61: 5 | J61: =+C61-E61-F61-G61-H61-I61+D61 -> 3
A62: 58 | B62: TRAP MİSAFİR KONTRASI | C62: 8 | F62: 3 | H62: 2 | J62: =+C62-E62-F62-G62-H62-I62+D62 -> 3
A63: 59 | B63: CARRERA MÜDÜR | C63: 50 | J63: =+C63-E63-F63-G63-H63-I63+D63 -> 50
A64: 60 | B64: CARRERA MİSAFİR | C64: 49 | J64: =+C64-E64-F64-G64-H64-I64+D64 -> 49
A65: 61 | B65: PERA OTURAK | C65: 64 | I65: 2 | J65: =+C65-E65-F65-G65-H65-I65+D65 -> 62
A66: 62 | B66: YENİ MODEL MÜD.SIRT | C66: 188 | F66: 2 | H66: 2 | J66: =+C66-E66-F66-G66-H66-I66+D66 -> 184
A67: 63 | B67: BROSWAY MÜDÜR KONT. | C67: 25 | D67: 0 | G67: 0 | J67: =+C67-E67-F67-G67-H67-I67+D67 -> 25
A68: 64 | B68: BROSWAY MİSAFİR KONT. | C68: 0 | J68: =+C68-E68-F68-G68-H68-I68+D68 -> 0
A69: 65 | B69: CABRİO MÜDÜR KONT | C69: 26 | D69: 0 | E69: 6 | I69: 0 | J69: =+C69-E69-F69-G69-H69-I69+D69 -> 20

Sheet ekim 4 hafta 
A1: TAHTA SAYIMI | J1: 44837
A2: S.NO | B2: CİNSİ | C2: DEVİR | D2: GELEN | E2: 44858 | F2: 44859 | G2: 44860 | H2: 44861 | I2: 44862 | J2: KALAN
A3: 1 | B3: SANDALYE TAHTASI | C3: ='ekim 3 hafta'!J3 -> 37 | J3: =+C3-E3-F3-G3-H3-I3+D3 -> 37
A4: 2 | B4: EKO KLAS MÜDÜR TAHTASI | C4: ='ekim 3 hafta'!J4 -> 3 | J4: =+C4-E4-F4-G4-H4-I4+D4 -> 3
A5: 3 | B5: KESİLMEMİŞTAHTA | C5: ='ekim 3 hafta'!J5 -> 107 | F5: 2 | J5: =+C5-E5-F5-G5-H5-I5+D5 -> 105
A6: 4 | B6: RECENT MİSAFİR | C6: ='ekim 3 hafta'!J6 -> 55 | J6: =+C6-E6-F6-G6-H6-I6+D6 -> 55
A7: 5 | B7: RECENT MÜDÜR | C7: ='ekim 3 hafta'!J7 -> 27 | J7: =+C7-E7-F7-G7-H7-I7+D7 -> 27
A8: 6 | B8: PUFFY MİSAFİR | C8: ='ekim 3 hafta'!J8 -> 25 | I8: 4 | J8: =+C8-E8-F8-G8-H8-I8+D8 -> 21
A9: 6 | B9: PUFFY MÜDÜR | C9: ='ekim 3 hafta'!J9 -> 18 | I9: 2 | J9: =+C9-E9-F9-G9-H9-I9+D9 -> 16
A10: 7 | B10: KESİLMEMİŞ MÜDÜR KON | C10: ='ekim 3 hafta'!J10 -> 83 | J10: =+C10-E10-F10-G10-H10-I10+D10 -> 83
A11: 8 | B11: CEZAR MÜDÜR | C11: 122 | E11: 48 | J11: =+C11-E11-F11-G11-H11-I11+D11 -> 74
A12: 9 | B12: CEZAR MİSAFİR | C12: ='ekim 3 hafta'!J12 -> 633 | F12: 50 | J12: =+C12-E12-F12-G12-H12-I12+D12 -> 583
A13: 10 | B13: LENUX MİSAFİR | C13: ='ekim 3 hafta'!J13 -> 78 | J13: =+C13-E13-F13-G13-H13-I13+D13 -> 78
A14: 11 | B14: LENUX MÜDÜR | C14: ='ekim 3 hafta'!J14 -> 45 | J14: =+C14-E14-F14-G14-H14-I14+D14 -> 45
A15: 12 | B15: WARLCOK MÜDÜR | C15: 85 | J15: =+C15-E15-F15-G15-H15-I15+D15 -> 85
A16: 13 | B16: WARLCOK MİSAFİR | C16: ='ekim 3 hafta'!J16 -> 0 | D16: 28 | J16: =+C16-E16-F16-G16-H16-I16+D16 -> 28
A17: 14 | B17: VİSİON MÜDÜR | C17: ='ekim 3 hafta'!J17 -> 246 | E17: 5 | H17: 2 | I17: 1 | J17: =+C17-E17-F17-G17-H17-I17+D17 -> 238
A18: 15 | B18: VİSİON MİSAFİR | C18: 124 | H18: 4 | J18: =+C18-E18-F18-G18-H18-I18+D18 -> 120
A19: 16 | B19: PENTA MÜDÜR | C19: 120 | E19: 2 | J19: =+C19-E19-F19-G19-H19-I19+D19 -> 118
A20: 17 | B20: PENTA MİSAFİR | C20: ='ekim 3 hafta'!J20 -> 38 | D20: 35 | J20: =+C20-E20-F20-G20-H20-I20+D20 -> 73
A21: 18 | B21: ACTİON MÜDÜR | C21: ='ekim 3 hafta'!J21 -> 6 | G21: 2 | H21: 2 | I21: 2 | J21: =+C21-E21-F21-G21-H21-I21+D21 -> 0
A22: 19 | B22: YENİ MODEL OTURAK | C22: ='ekim 3 hafta'!J22 -> 2 | I22: 1 | J22: =+C22-E22-F22-G22-H22-I22+D22 -> 1
A23: 20 | B23: CARENS MÜDÜR KONT | C23: ='ekim 3 hafta'!J23 -> 130 | J23: =+C23-E23-F23-G23-H23-I23+D23 -> 130
A24: 21 | B24: GRAFTER MÜDÜR | C24: ='ekim 3 hafta'!J24 -> 38 | J24: =+C24-E24-F24-G24-H24-I24+D24 -> 38
A25: 22 | B25: GRAFTER MİSAFİR | C25: ='ekim 3 hafta'!J25 -> 7 | J25: =+C25-E25-F25-G25-H25-I25+D25 -> 7
A26: 23 | B26: ELNORA -LEGENT MÜDÜR | C26: ='ekim 3 hafta'!J26 -> 235 | E26: 12 | J26: =+C26-E26-F26-G26-H26-I26+D26 -> 223
A27: 24 | B27: LEGENT MÜDÜR UZUN | C27: ='ekim 3 hafta'!J27 -> 483 | J27: =+C27-E27-F27-G27-H27-I27+D27 -> 483
A28: 25 | B28: ANFİ TAHTASI | C28: ='ekim 3 hafta'!J28 -> 62 | J28: =+C28-E28-F28-G28-H28-I28+D28 -> 62
A29: 26 | B29: VEGA SIRT | C29: ='ekim 3 hafta'!J29 -> 13 | J29: =+C29-E29-F29-G29-H29-I29+D29 -> 13
A30: 26 | B30: VEGA TABAN | C30: ='ekim 3 hafta'!J30 -> 60 | J30: =+C30-E30-F30-G30-H30-I30+D30 -> 60
A31: 27 | B31: VENESSA MİS.KONTRASI | C31: ='ekim 3 hafta'!J31 -> 78 | J31: =+C31-E31-F31-G31-H31-I31+D31 -> 78
A32: 28 | B32: POLİ DABAN | C32: ='ekim 3 hafta'!J32 -> 193 | D32: 515 | E32: 70 | J32: =+C32-E32-F32-G32-H32-I32+D32 -> 638
A33: 29 | B33: SANDALYE SIRT | C33: ='ekim 3 hafta'!J33 -> 240 | J33: =+C33-E33-F33-G33-H33-I33+D33 -> 240
A34: 30 | B34: SANDALYE DABAN | C34: ='ekim 3 hafta'!J34 -> 17 | J34: =+C34-E34-F34-G34-H34-I34+D34 -> 17
A35: 31 | B35: MİSAFİR SIRT | C35: ='ekim 3 hafta'!J35 -> 45 | E35: 16 | J35: =+C35-E35-F35-G35-H35-I35+D35 -> 29
A36: 32 | B36: MİSAFİR OTURAK | C36: ='ekim 3 hafta'!J36 -> 166 | J36: =+C36-E36-F36-G36-H36-I36+D36 -> 166
A37: 33 | B37: VİVA DABAN | C37: ='ekim 3 hafta'!J37 -> 537 | J37: =+C37-E37-F37-G37-H37-I37+D37 -> 537
A38: 34 | B38: SENS MÜDÜR SIRT | C38: ='ekim 3 hafta'!J38 -> 66 | J38: =+C38-E38-F38-G38-H38-I38+D38 -> 66
A39: 35 | B39: ZEUGMA | C39: ='ekim 3 hafta'!J39 -> 36 | J39: =+C39-E39-F39-G39-H39-I39+D39 -> 36
A40: 36 | B40: SOVRANO MİSAFİR | C40: ='ekim 3 hafta'!J40 -> 24 | J40: =+C40-E40-F40-G40-H40-I40+D40 -> 24
A41: 37 | B41: SOVRANO MÜDÜR | C41: ='ekim 3 hafta'!J41 -> 9 | J41: =+C41-E41-F41-G41-H41-I41+D41 -> 9
A42: 38 | B42: POLO MİSAFİR | C42: 23 | D42: 35 | J42: =+C42-E42-F42-G42-H42-I42+D42 -> 58
A43: 39 | B43: POLO MÜDÜR | C43: 42 | J43: =+C43-E43-F43-G43-H43-I43+D43 -> 42
A44: 40 | B44: ELNORA MİSAFİR | C44: ='ekim 3 hafta'!J44 -> 67 | J44: =+C44-E44-F44-G44-H44-I44+D44 -> 67
A45: 41 | B45: STELL MİSAFİR | C45: 150 | J45: =+C45-E45-F45-G45-H45-I45+D45 -> 150
A46: 42 | B46: GRANADA MİSAFİR | C46: ='ekim 3 hafta'!J46 -> 42 | J46: =+C46-E46-F46-G46-H46-I46+D46 -> 42
A47: 43 | B47: NOWEL MİSAFİR | C47: 67 | J47: =+C47-E47-F47-G47-H47-I47+D47 -> 67
A48: 44 | B48: NOWEL MÜDÜR | C48: 25 | E48: 1 | J48: =+C48-E48-F48-G48-H48-I48+D48 -> 24
A49: 45 | B49: NEVOL MÜDÜR KONT. | C49: ='ekim 3 hafta'!J49 -> 29 | J49: =+C49-E49-F49-G49-H49-I49+D49 -> 29
A50: 46 | B50: GRANADA MÜDÜR | C50: ='ekim 3 hafta'!J50 -> 38 | J50: =+C50-E50-F50-G50-H50-I50+D50 -> 38
A51: 47 | B51: EXPERİA OTURAK | C51: ='ekim 3 hafta'!J51 -> 57 | E51: 6 | H51: 2 | I51: 1 | J51: =+C51-E51-F51-G51-H51-I51+D51 -> 48
A52: 48 | B52: EXPERİA MÜDÜR | C52: ='ekim 3 hafta'!J52 -> 239 | E52: 6 | J52: =+C52-E52-F52-G52-H52-I52+D52 -> 233
A53: 49 | B53: EXPERİA MİSAFİR | C53: ='ekim 3 hafta'!J53 -> 76 | J53: =+C53-E53-F53-G53-H53-I53+D53 -> 76
A54: 50 | B54: KİMENE MÜDÜR | C54: ='ekim 3 hafta'!J54 -> 27 | H54: 1 | J54: =+C54-E54-F54-G54-H54-I54+D54 -> 26
A55: 51 | B55: VİENTO MİSAFİR | C55: ='ekim 3 hafta'!J55 -> 43 | J55: =+C55-E55-F55-G55-H55-I55+D55 -> 43
A56: 52 | B56: MAKER BERBER KOLT. | C56: ='ekim 3 hafta'!J56 -> 99 | J56: =+C56-E56-F56-G56-H56-I56+D56 -> 99
A57: 53 | B57: BAYAN BERBER | C57: ='ekim 3 hafta'!J57 -> 230 | J57: =+C57-E57-F57-G57-H57-I57+D57 -> 230
A58: 54 | B58: MUTFAK SAND. OTURAK | C58: ='ekim 3 hafta'!J58 -> 76 | J58: =+C58-E58-F58-G58-H58-I58+D58 -> 76
A59: 55 | B59: PİRAMİT MÜDÜR KONT. | C59: ='ekim 3 hafta'!J59 -> 22 | J59: =+C59-E59-F59-G59-H59-I59+D59 -> 22
A60: 56 | B60: PLAT MÜDÜR KONTRASI | C60: ='ekim 3 hafta'!J60 -> 3 | J60: =+C60-E60-F60-G60-H60-I60+D60 -> 3
A61: 57 | B61: TRAP MÜDÜR KONTRASI | C61: ='ekim 3 hafta'!J61 -> 3 | I61: 1 | J61: =+C61-E61-F61-G61-H61-I61+D61 -> 2
A62: 58 | B62: TRAP MİSAFİR KONTRASI | C62: ='ekim 3 hafta'!J62 -> 3 | J62: =+C62-E62-F62-G62-H62-I62+D62 -> 3
A63: 59 | B63: CARRERA MÜDÜR | C63: ='ekim 3 hafta'!J63 -> 50 | E63: 3 | J63: =+C63-E63-F63-G63-H63-I63+D63 -> 47
A64: 60 | B64: CARRERA MİSAFİR | C64: ='ekim 3 hafta'!J64 -> 49 | J64: =+C64-E64-F64-G64-H64-I64+D64 -> 49
A65: 61 | B65: PERA OTURAK | C65: 170 | E65: 8 | G65: 15 | J65: =+C65-E65-F65-G65-H65-I65+D65 -> 147
A66: 62 | B66: YENİ MODEL MÜD.SIRT | C66: 148 | E66: 4 | I66: 2 | J66: =+C66-E66-F66-G66-H66-I66+D66 -> 142
A67: 63 | B67: RUBY MÜDÜR KONTRASI | D67: 8 | J67: =+C67-E67-F67-G67-H67-I67+D67 -> 8
A68: 64 | B68: RUBY MİSAFİR KONTRASI | D68: 25 | J68: =+C68-E68-F68-G68-H68-I68+D68 -> 25
A69: 65 | B69: LUTZ MÜDÜR KONTRASI | D69: 15 | I69: 4 | J69: =+C69-E69-F69-G69-H69-I69+D69 -> 11
A70: 66 | B70: LUTZ MİSAFİR KONTRASI | D70: 25 | J70: =+C70-E70-F70-G70-H70-I70+D70 -> 25
A71: 67 | B71: CLAYTON MÜDÜR KONTRAS | D71: 10 | I71: 2 | J71: =+C71-E71-F71-G71-H71-I71+D71 -> 8
A72: 68 | B72: CLAYTON MİSAFİR KONTRAS | D72: 25 | J72: =+C72-E72-F72-G72-H72-I72+D72 -> 25
A73: 69 | B73: CABRIO MÜDÜR KONTRASI | C73: 25 | H73: 1 | J73: =+C73-E73-F73-G73-H73-I73+D73 -> 24
A74: 70 | B74: CABRIO MİSAFİR KONTRASI | C74: 8 | D74: 30 | J74: =+C74-E74-F74-G74-H74-I74+D74 -> 38

Sheet KASIM 1 HAFTA
A1: TAHTA SAYIMI | J1: 44837
A2: S.NO | B2: CİNSİ | C2: DEVİR | D2: GELEN | E2: 44865 | F2: 44866 | G2: 44867 | H2: 44868 | I2: 44869 | J2: KALAN
A3: 1 | B3: SANDALYE TAHTASI | C3: ='ekim 4 hafta '!J3 -> 37 | J3: =+C3-E3-F3-G3-H3-I3+D3 -> 37
A4: 2 | B4: EKO KLAS MÜDÜR TAHTASI | C4: ='ekim 4 hafta '!J4 -> 3 | J4: =+C4-E4-F4-G4-H4-I4+D4 -> 3
A5: 3 | B5: KESİLMEMİŞTAHTA | C5: ='ekim 4 hafta '!J5 -> 105 | J5: =+C5-E5-F5-G5-H5-I5+D5 -> 105
A6: 4 | B6: RECENT MİSAFİR | C6: ='ekim 4 hafta '!J6 -> 55 | J6: =+C6-E6-F6-G6-H6-I6+D6 -> 55
A7: 5 | B7: RECENT MÜDÜR | C7: ='ekim 4 hafta '!J7 -> 27 | J7: =+C7-E7-F7-G7-H7-I7+D7 -> 27
A8: 6 | B8: PUFFY MİSAFİR | C8: ='ekim 4 hafta '!J8 -> 21 | J8: =+C8-E8-F8-G8-H8-I8+D8 -> 21
A9: 6 | B9: PUFFY MÜDÜR | C9: ='ekim 4 hafta '!J9 -> 16 | J9: =+C9-E9-F9-G9-H9-I9+D9 -> 16
A10: 7 | B10: KESİLMEMİŞ MÜDÜR KON | C10: ='ekim 4 hafta '!J10 -> 83 | J10: =+C10-E10-F10-G10-H10-I10+D10 -> 83
A11: 8 | B11: CEZAR MÜDÜR | C11: ='ekim 4 hafta '!J11 -> 74 | F11: 10 | J11: =+C11-E11-F11-G11-H11-I11+D11 -> 64
A12: 9 | B12: CEZAR MİSAFİR | C12: ='ekim 4 hafta '!J12 -> 583 | F12: 25 | J12: =+C12-E12-F12-G12-H12-I12+D12 -> 558
A13: 10 | B13: LENUX MİSAFİR | C13: ='ekim 4 hafta '!J13 -> 78 | J13: =+C13-E13-F13-G13-H13-I13+D13 -> 78
A14: 11 | B14: LENUX MÜDÜR | C14: ='ekim 4 hafta '!J14 -> 45 | H14: 3 | J14: =+C14-E14-F14-G14-H14-I14+D14 -> 42
A15: 12 | B15: WARLCOK MÜDÜR | C15: ='ekim 4 hafta '!J15 -> 85 | J15: =+C15-E15-F15-G15-H15-I15+D15 -> 85
A16: 13 | B16: WARLCOK MİSAFİR | C16: ='ekim 4 hafta '!J16 -> 28 | J16: =+C16-E16-F16-G16-H16-I16+D16 -> 28
A17: 14 | B17: VİSİON MÜDÜR | C17: ='ekim 4 hafta '!J17 -> 238 | F17: 15 | H17: 5 | J17: =+C17-E17-F17-G17-H17-I17+D17 -> 218
A18: 15 | B18: VİSİON MİSAFİR | C18: ='ekim 4 hafta '!J18 -> 120 | F18: 25 | J18: =+C18-E18-F18-G18-H18-I18+D18 -> 95
A19: 16 | B19: PENTA MÜDÜR | C19: ='ekim 4 hafta '!J19 -> 118 | H19: 10 | J19: =+C19-E19-F19-G19-H19-I19+D19 -> 108
A20: 17 | B20: PENTA MİSAFİR | C20: ='ekim 4 hafta '!J20 -> 73 | H20: 6 | J20: =+C20-E20-F20-G20-H20-I20+D20 -> 67
A21: 18 | B21: ACTİON MÜDÜR | C21: ='ekim 4 hafta '!J21 -> 0 | J21: =+C21-E21-F21-G21-H21-I21+D21 -> 0
A22: 19 | B22: YENİ MODEL OTURAK | C22: ='ekim 4 hafta '!J22 -> 1 | J22: =+C22-E22-F22-G22-H22-I22+D22 -> 1
A23: 20 | B23: CARENS MÜDÜR KONT | C23: ='ekim 4 hafta '!J23 -> 130 | J23: =+C23-E23-F23-G23-H23-I23+D23 -> 130
A24: 21 | B24: GRAFTER MÜDÜR | C24: ='ekim 4 hafta '!J24 -> 38 | J24: =+C24-E24-F24-G24-H24-I24+D24 -> 38
A25: 22 | B25: GRAFTER MİSAFİR | C25: ='ekim 4 hafta '!J25 -> 7 | J25: =+C25-E25-F25-G25-H25-I25+D25 -> 7
A26: 23 | B26: ELNORA -LEGENT MÜDÜR | C26: ='ekim 4 hafta '!J26 -> 223 | J26: =+C26-E26-F26-G26-H26-I26+D26 -> 223
A27: 24 | B27: LEGENT MÜDÜR UZUN | C27: ='ekim 4 hafta '!J27 -> 483 | J27: =+C27-E27-F27-G27-H27-I27+D27 -> 483
A28: 25 | B28: ANFİ TAHTASI | C28: ='ekim 4 hafta '!J28 -> 62 | J28: =+C28-E28-F28-G28-H28-I28+D28 -> 62
A29: 26 | B29: VEGA SIRT | C29: ='ekim 4 hafta '!J29 -> 13 | J29: =+C29-E29-F29-G29-H29-I29+D29 -> 13
A30: 26 | B30: VEGA TABAN | C30: ='ekim 4 hafta '!J30 -> 60 | J30: =+C30-E30-F30-G30-H30-I30+D30 -> 60
A31: 27 | B31: VENESSA MİS.KONTRASI | C31: ='ekim 4 hafta '!J31 -> 78 | J31: =+C31-E31-F31-G31-H31-I31+D31 -> 78
A32: 28 | B32: POLİ DABAN | C32: ='ekim 4 hafta '!J32 -> 638 | J32: =+C32-E32-F32-G32-H32-I32+D32 -> 638
... A40: 36 | B40: SOVRANO MİSAFİR | C40: ='ekim 4 hafta '!J40 -> 24 | J40: =+C40-E40-F40-G40-H40-I40+D40 -> 24
A41: 37 | B41: SOVRANO MÜDÜR | C41: ='ekim 4 hafta '!J41 -> 9 | H41: 9 | J41: =+C41-E41-F41-G41-H41-I41+D41 -> 0
A42: 38 | B42: POLO MİSAFİR | C42: ='ekim 4 hafta '!J42 -> 58 | J42: =+C42-E42-F42-G42-H42-I42+D42 -> 58
A43: 39 | B43: POLO MÜDÜR | C43: ='ekim 4 hafta '!J43 -> 42 | H43: 11 | J43: =+C43-E43-F43-G43-H43-I43+D43 -> 31
A44: 40 | B44: ELNORA MİSAFİR | C44: ='ekim 4 hafta '!J44 -> 67 | J44: =+C44-E44-F44-G44-H44-I44+D44 -> 67
A45: 41 | B45: STELL MİSAFİR | C45: ='ekim 4 hafta '!J45 -> 150 | J45: =+C45-E45-F45-G45-H45-I45+D45 -> 150
A46: 42 | B46: GRANADA MİSAFİR | C46: ='ekim 4 hafta '!J46 -> 42 | J46: =+C46-E46-F46-G46-H46-I46+D46 -> 42
A47: 43 | B47: NOWEL MİSAFİR | C47: ='ekim 4 hafta '!J47 -> 67 | J47: =+C47-E47-F47-G47-H47-I47+D47 -> 67
A48: 44 | B48: NOWEL MÜDÜR | C48: ='ekim 4 hafta '!J48 -> 24 | J48: =+C48-E48-F48-G48-H48-I48+D48 -> 24
A49: 45 | B49: NEVOL MÜDÜR KONT. | C49: ='ekim 4 hafta '!J49 -> 29 | J49: =+C49-E49-F49-G49-H49-I49+D49 -> 29
A50: 46 | B50: GRANADA MÜDÜR | C50: ='ekim 4 hafta '!J50 -> 38 | J50: =+C50-E50-F50-G50-H50-I50+D50 -> 38
A51: 47 | B51: EXPERİA OTURAK | C51: ='ekim 4 hafta '!J51 -> 48 | J51: =+C51-E51-F51-G51-H51-I51+D51 -> 48
A52: 48 | B52: EXPERİA MÜDÜR | C52: ='ekim 4 hafta '!J52 -> 233 | J52: =+C52-E52-F52-G52-H52-I52+D52 -> 233
A53: 49 | B53: EXPERİA MİSAFİR | C53: ='ekim 4 hafta '!J53 -> 76 | J53: =+C53-E53-F53-G53-H53-I53+D53 -> 76
A54: 50 | B54: KİMENE MÜDÜR | C54: ='ekim 4 hafta '!J54 -> 26 | J54: =+C54-E54-F54-G54-H54-I54+D54 -> 26
A55: 51 | B55: VİENTO MİSAFİR | C55: ='ekim 4 hafta '!J55 -> 43 | J55: =+C55-E55-F55-G55-H55-I55+D55 -> 43
... A68: 64 | B68: RUBY MİSAFİR KONTRASI | C68: ='ekim 4 hafta '!J68 -> 25 | J68: =+C68-E68-F68-G68-H68-I68+D68 -> 25
A69: 65 | B69: LUTZ MÜDÜR KONTRASI | C69: ='ekim 4 hafta '!J69 -> 11 | F69: 1 | J69: =+C69-E69-F69-G69-H69-I69+D69 -> 10
A70: 66 | B70: LUTZ MİSAFİR KONTRASI | C70: ='ekim 4 hafta '!J70 -> 25 | F70: 2 | J70: =+C70-E70-F70-G70-H70-I70+D70 -> 23
A71: 67 | B71: CLAYTON MÜDÜR KONTRAS | C71: ='ekim 4 hafta '!J71 -> 8 | J71: =+C71-E71-F71-G71-H71-I71+D71 -> 8
A72: 68 | B72: CLAYTON MİSAFİR KONTRAS | C72: ='ekim 4 hafta '!J72 -> 25 | J72: =+C72-E72-F72-G72-H72-I72+D72 -> 25
A73: 69 | B73: CABRIO MÜDÜR KONTRASI | C73: ='ekim 4 hafta '!J73 -> 24 | H73: 3 | J73: =+C73-E73-F73-G73-H73-I73+D73 -> 21
A74: 70 | B74: CABRIO MİSAFİR KONTRASI | C74: ='ekim 4 hafta '!J74 -> 38 | J74: =+C74-E74-F74-G74-H74-I74+D74 -> 38

Sheet KASIM 2 HAFTA 
A1: TAHTA SAYIMI | J1: 44837
A2: S.NO | B2: CİNSİ | C2: DEVİR | D2: GELEN | E2: 44872 | F2: 44873 | G2: 44874 | H2: 44875 | I2: 44876 | J2: KALAN | K2: MİNİMUN | L2: MAXSİMUN
A3: 1 | B3: SANDALYE TAHTASI | C3: ='KASIM 1 HAFTA'!J3 -> 37 | J3: =+C3-E3-F3-G3-H3-I3+D3 -> 37 | K3: 0
A4: 2 | B4: EKO KLAS MÜDÜR TAHTASI | C4: ='KASIM 1 HAFTA'!J4 -> 3 | J4: =+C4-E4-F4-G4-H4-I4+D4 -> 3 | K4: 0
A5: 3 | B5: KESİLMEMİŞTAHTA | C5: ='KASIM 1 HAFTA'!J5 -> 105 | J5: =+C5-E5-F5-G5-H5-I5+D5 -> 105 | K5: 0
A6: 4 | B6: RECENT MİSAFİR | C6: ='KASIM 1 HAFTA'!J6 -> 55 | J6: =+C6-E6-F6-G6-H6-I6+D6 -> 55 | K6: 30 | L6: 100
A7: 5 | B7: RECENT MÜDÜR | C7: ='KASIM 1 HAFTA'!J7 -> 27 | F7: 3 | J7: =+C7-E7-F7-G7-H7-I7+D7 -> 24 | K7: 30 | L7: 100
A8: 6 | B8: PUFFY MİSAFİR | C8: ='KASIM 1 HAFTA'!J8 -> 21 | J8: =+C8-E8-F8-G8-H8-I8+D8 -> 21 | K8: 15 | L8: 50
A9: 7 | B9: PUFFY MÜDÜR | C9: ='KASIM 1 HAFTA'!J9 -> 16 | H9: 2 | J9: =+C9-E9-F9-G9-H9-I9+D9 -> 14 | K9: 15 | L9: 30
A10: 8 | B10: KESİLMEMİŞ MÜDÜR KON | C10: ='KASIM 1 HAFTA'!J10 -> 83 | J10: =+C10-E10-F10-G10-H10-I10+D10 -> 83 | K10: 0
A11: 9 | B11: CEZAR MÜDÜR | C11: ='KASIM 1 HAFTA'!J11 -> 64 | D11: 3 | J11: =+C11-E11-F11-G11-H11-I11+D11 -> 67 | K11: 150 | L11: 500
A12: 10 | B12: CEZAR MİSAFİR | C12: ='KASIM 1 HAFTA'!J12 -> 558 | J12: =+C12-E12-F12-G12-H12-I12+D12 -> 558 | K12: 200 | L12: 750
A13: 11 | B13: LENUX MİSAFİR | C13: ='KASIM 1 HAFTA'!J13 -> 78 | J13: =+C13-E13-F13-G13-H13-I13+D13 -> 78 | K13: 10 | L13: 30
A14: 12 | B14: LENUX MÜDÜR | C14: ='KASIM 1 HAFTA'!J14 -> 42 | J14: =+C14-E14-F14-G14-H14-I14+D14 -> 42 | K14: 10 | L14: 20
A15: 13 | B15: WARLCOK MÜDÜR | C15: ='KASIM 1 HAFTA'!J15 -> 85 | D15: 32 | G15: 1 | H15: 18 | J15: =+C15-E15-F15-G15-H15-I15+D15 -> 98 | K15: 10 | L15: 20
A16: 14 | B16: WARLCOK MİSAFİR | C16: ='KASIM 1 HAFTA'!J16 -> 28 | H16: 28 | J16: =+C16-E16-F16-G16-H16-I16+D16 -> 0 | K16: 10 | L16: 20
A17: 15 | B17: VİSİON MÜDÜR | C17: ='KASIM 1 HAFTA'!J17 -> 218 | D17: 22 | E17: 7 | F17: 3 | G17: 4 | J17: =+C17-E17-F17-G17-H17-I17+D17 -> 226 | K17: 50 | L17: 200
A18: 16 | B18: VİSİON MİSAFİR | C18: ='KASIM 1 HAFTA'!J18 -> 95 | D18: 6 | I18: 8 | J18: =+C18-E18-F18-G18-H18-I18+D18 -> 93 | K18: 50 | L18: 150
A19: 17 | B19: PENTA MÜDÜR | C19: ='KASIM 1 HAFTA'!J19 -> 108 | G19: 1 | J19: =+C19-E19-F19-G19-H19-I19+D19 -> 107 | K19: 30 | L19: 100
A20: 18 | B20: PENTA MİSAFİR | C20: ='KASIM 1 HAFTA'!J20 -> 67 | G20: 1 | J20: =+C20-E20-F20-G20-H20-I20+D20 -> 66 | K20: 30 | L20: 100
A21: 19 | B21: ACTİON MÜDÜR | C21: ='KASIM 1 HAFTA'!J21 -> 0 | D21: 20 | H21: 1 | J21: =+C21-E21-F21-G21-H21-I21+D21 -> 19 | K21: 20 | L21: 50
A22: 20 | B22: TELLY OTURAK TAHTASI | C22: 0 | D22: 143 | H22: 3 | J22: =+C22-E22-F22-G22-H22-I22+D22 -> 140 | K22: 100 | L22: 300
A23: 21 | B23: CARENS MÜDÜR KONT | C23: ='KASIM 1 HAFTA'!J23 -> 130 | J23: =+C23-E23-F23-G23-H23-I23+D23 -> 130 | K23: 5 | L23: 10
A24: 22 | B24: GRAFTER MÜDÜR | C24: ='KASIM 1 HAFTA'!J24 -> 38 | J24: =+C24-E24-F24-G24-H24-I24+D24 -> 38 | K24: 5 | L24: 10
A25: 23 | B25: GRAFTER MİSAFİR | C25: ='KASIM 1 HAFTA'!J25 -> 7 | J25: =+C25-E25-F25-G25-H25-I25+D25 -> 7 | K25: 5 | L25: 10
A26: 24 | B26: ELNORA -LEGENT MÜDÜR | C26: ='KASIM 1 HAFTA'!J26 -> 223 | J26: =+C26-E26-F26-G26-H26-I26+D26 -> 223 | K26: 100 | L26: 200
A27: 25 | B27: LEGENT MÜDÜR UZUN | C27: ='KASIM 1 HAFTA'!J27 -> 483 | J27: =+C27-E27-F27-G27-H27-I27+D27 -> 483 | K27: 0
A28: 26 | B28: ANFİ TAHTASI | C28: ='KASIM 1 HAFTA'!J28 -> 62 | J28: =+C28-E28-F28-G28-H28-I28+D28 -> 62 | K28: 0
A29: 27 | B29: VEGA SIRT | C29: ='KASIM 1 HAFTA'!J29 -> 13 | J29: =+C29-E29-F29-G29-H29-I29+D29 -> 13 | K29: 0
A30: 28 | B30: VEGA TABAN | C30: ='KASIM 1 HAFTA'!J30 -> 60 | J30: =+C30-E30-F30-G30-H30-I30+D30 -> 60 | K30: 0
A31: 29 | B31: VENESSA MİS.KONTRASI | C31: 290 | E31: 290 | J31: =+C31-E31-F31-G31-H31-I31+D31 -> 0 | K31: 0
A32: 30 | B32: POLİ DABAN | C32: ='KASIM 1 HAFTA'!J32 -> 638 | J32: =+C32-E32-F32-G32-H32-I32+D32 -> 638 | K32: 200 | L32: 400
A33: 31 | B33: SANDALYE SIRT | C33: ='KASIM 1 HAFTA'!J33 -> 240 | J33: =+C33-E33-F33-G33-H33-I33+D33 -> 240 | K33: 0
A34: 32 | B34: SANDALYE DABAN | C34: ='KASIM 1 HAFTA'!J34 -> 17 | J34: =+C34-E34-F34-G34-H34-I34+D34 -> 17 | K34: 0
A35: 33 | B35: MİSAFİR SIRT | C35: ='KASIM 1 HAFTA'!J35 -> 29 | J35: =+C35-E35-F35-G35-H35-I35+D35 -> 29 | K35: 0
A36: 34 | B36: VİVA DABAN | C36: ='KASIM 1 HAFTA'!J37 -> 537 | J36: =+C36-E36-F36-G36-H36-I36+D36 -> 537 | K36: 0
A37: 35 | B37: SENS MÜDÜR SIRT | C37: ='KASIM 1 HAFTA'!J38 -> 66 | D37: 67 | J37: =+C37-E37-F37-G37-H37-I37+D37 -> 133 | K37: 10 | L37: 30
A38: 36 | B38: ZEUGMA | C38: ='KASIM 1 HAFTA'!J39 -> 36 | J38: =+C38-E38-F38-G38-H38-I38+D38 -> 36 | K38: 10 | L38: 20
A39: 37 | B39: SOVRANO MİSAFİR | C39: ='KASIM 1 HAFTA'!J40 -> 24 | J39: =+C39-E39-F39-G39-H39-I39+D39 -> 24 | K39: 10 | L39: 30
A40: 38 | B40: SOVRANO MÜDÜR | C40: ='KASIM 1 HAFTA'!J41 -> 0 | D40: 94 | E40: 46 | F40: 1 | J40: =+C40-E40-F40-G40-H40-I40+D40 -> 47 | K40: 20 | L40: 40
A41: 39 | B41: POLO MİSAFİR | C41: ='KASIM 1 HAFTA'!J42 -> 58 | G41: 1 | J41: =+C41-E41-F41-G41-H41-I41+D41 -> 57 | K41: 20 | L41: 50
A42: 40 | B42: POLO MÜDÜR | C42: ='KASIM 1 HAFTA'!J43 -> 31 | H42: 19 | J42: =+C42-E42-F42-G42-H42-I42+D42 -> 12 | K42: 20 | L42: 50
A43: 41 | B43: ELNORA MİSAFİR | C43: ='KASIM 1 HAFTA'!J44 -> 67 | D43: 270 | H43: 12 | J43: =+C43-E43-F43-G43-H43-I43+D43 -> 325 | K43: 200 | L43: 400
A44: 42 | B44: STELL MİSAFİR | C44: ='KASIM 1 HAFTA'!J45 -> 150 | G44: 1 | J44: =+C44-E44-F44-G44-H44-I44+D44 -> 149 | K44: 5 | L44: 10
A45: 43 | B45: GRANADA MİSAFİR | C45: ='KASIM 1 HAFTA'!J46 -> 42 | J45: =+C45-E45-F45-G45-H45-I45+D45 -> 42 | K45: 10 | L45: 20
A46: 44 | B46: NOWEL MİSAFİR | C46: ='KASIM 1 HAFTA'!J47 -> 67 | J46: =+C46-E46-F46-G46-H46-I46+D46 -> 67 | K46: 15 | L46: 30
A47: 45 | B47: NOWEL MÜDÜR | C47: ='KASIM 1 HAFTA'!J48 -> 24 | J47: =+C47-E47-F47-G47-H47-I47+D47 -> 24 | K47: 15 | L47: 30
A48: 46 | B48: NEVOL MÜDÜR KONT. | C48: ='KASIM 1 HAFTA'!J49 -> 29 | J48: =+C48-E48-F48-G48-H48-I48+D48 -> 29 | K48: 15 | L48: 30
A49: 47 | B49: GRANADA MÜDÜR | C49: ='KASIM 1 HAFTA'!J50 -> 38 | J49: =+C49-E49-F49-G49-H49-I49+D49 -> 38 | K49: 10 | L49: 20
A50: 48 | B50: EXPERİA OTURAK | C50: ='KASIM 1 HAFTA'!J51 -> 48 | G50: 4 | J50: =+C50-E50-F50-G50-H50-I50+D50 -> 44 | K50: 50 | L50: 100
A51: 49 | B51: EXPERİA MÜDÜR | C51: ='KASIM 1 HAFTA'!J52 -> 233 | G51: 2 | J51: =+C51-E51-F51-G51-H51-I51+D51 -> 231 | K51: 10 | L51: 20
A52: 50 | B52: EXPERİA MİSAFİR | C52: ='KASIM 1 HAFTA'!J53 -> 76 | J52: =+C52-E52-F52-G52-H52-I52+D52 -> 76 | K52: 10 | L52: 20
A53: 51 | B53: KİMENE MÜDÜR | C53: ='KASIM 1 HAFTA'!J54 -> 26 | J53: =+C53-E53-F53-G53-H53-I53+D53 -> 26 | K53: 10 | L53: 20
A54: 52 | B54: VİENTO MİSAFİR | C54: ='KASIM 1 HAFTA'!J55 -> 43 | J54: =+C54-E54-F54-G54-H54-I54+D54 -> 43 | K54: 0
A55: 53 | B55: BERBER KOTRASI. | C55: ='KASIM 1 HAFTA'!J56 -> 99 | F55: 22 | J55: =+C55-E55-F55-G55-H55-I55+D55 -> 77 | K55: 0
A56: 54 | B56: BAYAN BERBER | C56: ='KASIM 1 HAFTA'!J57 -> 230 | J56: =+C56-E56-F56-G56-H56-I56+D56 -> 230 | K56: 0
A57: 55 | B57: MUTFAK SAND. OTURAK | C57: ='KASIM 1 HAFTA'!J58 -> 76 | J57: =+C57-E57-F57-G57-H57-I57+D57 -> 76 | K57: 0
A58: 56 | B58: PİRAMİT MÜDÜR KONT. | C58: ='KASIM 1 HAFTA'!J59 -> 22 | J58: =+C58-E58-F58-G58-H58-I58+D58 -> 22 | K58: 10 | L58: 20
A59: 57 | B59: PLAT MÜDÜR KONTRASI | C59: ='KASIM 1 HAFTA'!J60 -> 3 | J59: =+C59-E59-F59-G59-H59-I59+D59 -> 3 | K59: 10 | L59: 20
A60: 58 | B60: TRAP MÜDÜR KONTRASI | C60: ='KASIM 1 HAFTA'!J61 -> 2 | J60: =+C60-E60-F60-G60-H60-I60+D60 -> 2 | K60: 10 | L60: 20
A61: 59 | B61: TRAP MİSAFİR KONTRASI | C61: ='KASIM 1 HAFTA'!J62 -> 3 | J61: =+C61-E61-F61-G61-H61-I61+D61 -> 3 | K61: 10 | L61: 20
A62: 60 | B62: CARRERA MÜDÜR | C62: ='KASIM 1 HAFTA'!J63 -> 47 | J62: =+C62-E62-F62-G62-H62-I62+D62 -> 47 | K62: 20 | L62: 50
A63: 61 | B63: CARRERA MİSAFİR | C63: ='KASIM 1 HAFTA'!J64 -> 49 | J63: =+C63-E63-F63-G63-H63-I63+D63 -> 49 | K63: 20 | L63: 50
A64: 62 | B64: PERA OTURAK | C64: ='KASIM 1 HAFTA'!J65 -> 147 | H64: 15 | J64: =+C64-E64-F64-G64-H64-I64+D64 -> 132 | K64: 50 | L64: 100
A65: 63 | B65: YENİ MODEL MÜD.SIRT | C65: ='KASIM 1 HAFTA'!J66 -> 142 | J65: =+C65-E65-F65-G65-H65-I65+D65 -> 142
A66: 64 | B66: RUBY MÜDÜR KONTRASI | C66: ='KASIM 1 HAFTA'!J67 -> 8 | F66: 2 | J66: =+C66-E66-F66-G66-H66-I66+D66 -> 6 | K66: 10 | L66: 20
A67: 65 | B67: RUBY MİSAFİR KONTRASI | C67: ='KASIM 1 HAFTA'!J68 -> 25 | F67: 2 | J67: =+C67-E67-F67-G67-H67-I67+D67 -> 23 | K67: 10 | L67: 20
A68: 66 | B68: LUTZ MÜDÜR KONTRASI | C68: ='KASIM 1 HAFTA'!J69 -> 10 | J68: =+C68-E68-F68-G68-H68-I68+D68 -> 10 | K68: 10 | L68: 20
A69: 67 | B69: LUTZ MİSAFİR KONTRASI | C69: ='KASIM 1 HAFTA'!J70 -> 23 | J69: =+C69-E69-F69-G69-H69-I69+D69 -> 23 | K69: 10 | L69: 20
A70: 68 | B70: CLAYTON MÜDÜR KONTRAS | C70: ='KASIM 1 HAFTA'!J71 -> 8 | J70: =+C70-E70-F70-G70-H70-I70+D70 -> 8 | K70: 10 | L70: 20
A71: 69 | B71: CLAYTON MİSAFİR KONTRAS | C71: ='KASIM 1 HAFTA'!J72 -> 25 | J71: =+C71-E71-F71-G71-H71-I71+D71 -> 25 | K71: 10 | L71: 20
A72: 70 | B72: CABRIO MÜDÜR KONTRASI | C72: ='KASIM 1 HAFTA'!J73 -> 21 | J72: =+C72-E72-F72-G72-H72-I72+D72 -> 21 | K72: 10 | L72: 20
A73: 71 | B73: CABRIO MİSAFİR KONTRASI | C73: ='KASIM 1 HAFTA'!J74 -> 38 | J73: =+C73-E73-F73-G73-H73-I73+D73 -> 38 | K73: 10 | L73: 20
A74: 72 | B74: BARTRA/FLAT/RENGO OTURAK | D74: 290 | F74: 7 | G74: 7 | I74: 3 | J74: =+C74-E74-F74-G74-H74-I74+D74 -> 273 | K74: 10 | L74: 20
A75: 73 | B75: BARTRA/FLAT/RENGO SIRT | D75: 130 | F75: 7 | G75: 4 | I75: 2 | J75: =+C75-E75-F75-G75-H75-I75+D75 -> 117 | K75: 10 | L75: 20
A76: 74 | B76: SAFİR MÜDÜR KONTRASI | D76: 61 | F76: 3 | G76: 2 | I76: 1 | J76: =+C76-E76-F76-G76-H76-I76+D76 -> 55 | K76: 10 | L76: 20
A77: 75 | B77: BARTRA MÜDÜR KONTRASI | D77: 31 | F77: 2 | G77: 2 | J77: =+C77-E77-F77-G77-H77-I77+D77 -> 27 | K77: 10 | L77: 20
A78: 76 | B78: FLAT/RENGO/TRAP MÜD.SIRT | D78: 30 | F78: 2 | G78: 2 | J78: =+C78-E78-F78-G78-H78-I78+D78 -> 26 | K78: 10 | L78: 20

Sheet KASIM 3 HAFTA 
A1: TAHTA SAYIMI | L1: 44837
A2: S.NO | B2: CİNSİ | C2: DEVİR | D2: GELEN | E2: 44879 | F2: 44880 | G2: 44881 | H2: 44882 | I2: 44883 | J2: KALAN | K2: MİNİMUN | L2: MAXSİMUN
A3: 1 | B3: SANDALYE TAHTASI | C3: ='KASIM 2 HAFTA '!J3 -> 37 | J3: =+C3-E3-F3-G3-H3-I3+D3 -> 37 | K3: 0
A4: 2 | B4: EKO KLAS MÜDÜR TAHTASI | C4: ='KASIM 2 HAFTA '!J4 -> 3 | J4: =+C4-E4-F4-G4-H4-I4+D4 -> 3 | K4: 0
A5: 3 | B5: KESİLMEMİŞTAHTA | C5: ='KASIM 2 HAFTA '!J5 -> 105 | J5: =+C5-E5-F5-G5-H5-I5+D5 -> 105 | K5: 0
A6: 4 | B6: RECENT MİSAFİR | C6: ='KASIM 2 HAFTA '!J6 -> 55 | J6: =+C6-E6-F6-G6-H6-I6+D6 -> 55 | K6: 30 | L6: 100
A7: 5 | B7: RECENT MÜDÜR | C7: ='KASIM 2 HAFTA '!J7 -> 24 | E7: 7 | J7: =+C7-E7-F7-G7-H7-I7+D7 -> 17 | K7: 30 | L7: 100
A8: 6 | B8: PUFFY MİSAFİR | C8: ='KASIM 2 HAFTA '!J8 -> 21 | J8: =+C8-E8-F8-G8-H8-I8+D8 -> 21 | K8: 15 | L8: 50
A9: 7 | B9: PUFFY MÜDÜR | C9: ='KASIM 2 HAFTA '!J9 -> 14 | H9: 2 | J9: =+C9-E9-F9-G9-H9-I9+D9 -> 12 | K9: 15 | L9: 30
A10: 8 | B10: KESİLMEMİŞ MÜDÜR KON | C10: ='KASIM 2 HAFTA '!J10 -> 83 | J10: =+C10-E10-F10-G10-H10-I10+D10 -> 83 | K10: 0
A11: 9 | B11: CEZAR MÜDÜR | C11: ='KASIM 2 HAFTA '!J11 -> 67 | H11: 5 | I11: 30 | J11: =+C11-E11-F11-G11-H11-I11+D11 -> 32 | K11: 150 | L11: 500
A12: 10 | B12: CEZAR MİSAFİR | C12: ='KASIM 2 HAFTA '!J12 -> 558 | J12: =+C12-E12-F12-G12-H12-I12+D12 -> 558 | K12: 200 | L12: 750
A13: 11 | B13: LENUX MİSAFİR | C13: ='KASIM 2 HAFTA '!J13 -> 78 | J13: =+C13-E13-F13-G13-H13-I13+D13 -> 78 | K13: 10 | L13: 30
A14: 12 | B14: LENUX MÜDÜR | C14: ='KASIM 2 HAFTA '!J14 -> 42 | J14: =+C14-E14-F14-G14-H14-I14+D14 -> 42 | K14: 10 | L14: 20
A15: 13 | B15: WARLCOK MÜDÜR | C15: ='KASIM 2 HAFTA '!J15 -> 98 | J15: =+C15-E15-F15-G15-H15-I15+D15 -> 98 | K15: 10 | L15: 20
A16: 14 | B16: WARLCOK MİSAFİR | C16: ='KASIM 2 HAFTA '!J16 -> 0 | J16: =+C16-E16-F16-G16-H16-I16+D16 -> 0 | K16: 10 | L16: 20
A17: 15 | B17: VİSİON MÜDÜR | C17: ='KASIM 2 HAFTA '!J17 -> 226 | F17: 44 | H17: 2 | I17: 24 | J17: =+C17-E17-F17-G17-H17-I17+D17 -> 156 | K17: 50 | L17: 200
A18: 16 | B18: VİSİON MİSAFİR | C18: ='KASIM 2 HAFTA '!J18 -> 93 | F18: 42 | I18: 16 | J18: =+C18-E18-F18-G18-H18-I18+D18 -> 35 | K18: 50 | L18: 150
A19: 17 | B19: PENTA MÜDÜR | C19: ='KASIM 2 HAFTA '!J19 -> 107 | E19: 13 | J19: =+C19-E19-F19-G19-H19-I19+D19 -> 94 | K19: 30 | L19: 100
A20: 18 | B20: PENTA MİSAFİR | C20: ='KASIM 2 HAFTA '!J20 -> 66 | E20: 6 | J20: =+C20-E20-F20-G20-H20-I20+D20 -> 60 | K20: 30 | L20: 100
A21: 19 | B21: ACTİON MÜDÜR | C21: ='KASIM 2 HAFTA '!J21 -> 19 | H21: 2 | I21: 1 | J21: =+C21-E21-F21-G21-H21-I21+D21 -> 16 | K21: 20 | L21: 50
A22: 20 | B22: TELLY OTURAK TAHTASI | C22: ='KASIM 2 HAFTA '!J22 -> 140 | J22: =+C22-E22-F22-G22-H22-I22+D22 -> 140 | K22: 100 | L22: 300
A23: 21 | B23: CARENS MÜDÜR KONT | C23: ='KASIM 2 HAFTA '!J23 -> 130 | J23: =+C23-E23-F23-G23-H23-I23+D23 -> 130 | K23: 5 | L23: 10
A24: 22 | B24: GRAFTER MÜDÜR | C24: ='KASIM 2 HAFTA '!J24 -> 38 | J24: =+C24-E24-F24-G24-H24-I24+D24 -> 38 | K24: 5 | L24: 10
A25: 23 | B25: GRAFTER MİSAFİR | C25: ='KASIM 2 HAFTA '!J25 -> 7 | J25: =+C25-E25-F25-G25-H25-I25+D25 -> 7 | K25: 5 | L25: 10
A26: 24 | B26: ELNORA -LEGENT MÜDÜR | C26: ='KASIM 2 HAFTA '!J26 -> 223 | J26: =+C26-E26-F26-G26-H26-I26+D26 -> 223 | K26: 100 | L26: 200
A27: 25 | B27: LEGENT MÜDÜR UZUN | C27: ='KASIM 2 HAFTA '!J27 -> 483 | J27: =+C27-E27-F27-G27-H27-I27+D27 -> 483 | K27: 0
A28: 26 | B28: ANFİ TAHTASI | C28: ='KASIM 2 HAFTA '!J28 -> 62 | J28: =+C28-E28-F28-G28-H28-I28+D28 -> 62 | K28: 0
A29: 27 | B29: VEGA SIRT | C29: ='KASIM 2 HAFTA '!J29 -> 13 | J29: =+C29-E29-F29-G29-H29-I29+D29 -> 13 | K29: 0
A30: 28 | B30: VEGA TABAN | C30: ='KASIM 2 HAFTA '!J30 -> 60 | J30: =+C30-E30-F30-G30-H30-I30+D30 -> 60 | K30: 0
A31: 29 | B31: VENESSA MİS.KONTRASI | C31: ='KASIM 2 HAFTA '!J31 -> 0 | J31: =+C31-E31-F31-G31-H31-I31+D31 -> 0 | K31: 0
A32: 30 | B32: POLİ DABAN | C32: ='KASIM 2 HAFTA '!J32 -> 638 | J32: =+C32-E32-F32-G32-H32-I32+D32 -> 638 | K32: 200 | L32: 400
A33: 31 | B33: SANDALYE SIRT | C33: ='KASIM 2 HAFTA '!J33 -> 240 | J33: =+C33-E33-F33-G33-H33-I33+D33 -> 240 | K33: 0
A34: 32 | B34: SANDALYE DABAN | C34: ='KASIM 2 HAFTA '!J34 -> 17 | J34: =+C34-E34-F34-G34-H34-I34+D34 -> 17 | K34: 0
A35: 33 | B35: MİSAFİR SIRT | C35: ='KASIM 2 HAFTA '!J35 -> 29 | J35: =+C35-E35-F35-G35-H35-I35+D35 -> 29 | K35: 0
A36: 34 | B36: VİVA DABAN | C36: ='KASIM 2 HAFTA '!J36 -> 537 | J36: =+C36-E36-F36-G36-H36-I36+D36 -> 537 | K36: 0
A37: 35 | B37: SENS MÜDÜR SIRT | C37: ='KASIM 2 HAFTA '!J37 -> 133 | E37: 6 | J37: =+C37-E37-F37-G37-H37-I37+D37 -> 127 | K37: 10 | L37: 30
A38: 36 | B38: ZEUGMA | C38: ='KASIM 2 HAFTA '!J38 -> 36 | J38: =+C38-E38-F38-G38-H38-I38+D38 -> 36 | K38: 10 | L38: 20
A39: 37 | B39: SOVRANO MİSAFİR | C39: ='KASIM 2 HAFTA '!J39 -> 24 | J39: =+C39-E39-F39-G39-H39-I39+D39 -> 24 | K39: 10 | L39: 30
A40: 38 | B40: SOVRANO MÜDÜR | C40: ='KASIM 2 HAFTA '!J40 -> 47 | F40: 10 | J40: =+C40-E40-F40-G40-H40-I40+D40 -> 37 | K40: 20 | L40: 40
A41: 39 | B41: POLO MİSAFİR | C41: ='KASIM 2 HAFTA '!J41 -> 57 | I41: 6 | J41: =+C41-E41-F41-G41-H41-I41+D41 -> 51 | K41: 20 | L41: 50
A42: 40 | B42: POLO MÜDÜR | C42: ='KASIM 2 HAFTA '!J42 -> 12 | I42: 5 | J42: =+C42-E42-F42-G42-H42-I42+D42 -> 7 | K42: 20 | L42: 50
A43: 41 | B43: ELNORA MİSAFİR | C43: ='KASIM 2 HAFTA '!J43 -> 325 | H43: 12 | J43: =+C43-E43-F43-G43-H43-I43+D43 -> 313 | K43: 200 | L43: 400
A44: 42 | B44: STELL MİSAFİR | C44: ='KASIM 2 HAFTA '!J44 -> 149 | J44: =+C44-E44-F44-G44-H44-I44+D44 -> 149 | K44: 5 | L44: 10
A45: 43 | B45: GRANADA MİSAFİR | C45: ='KASIM 2 HAFTA '!J45 -> 42 | J45: =+C45-E45-F45-G45-H45-I45+D45 -> 42 | K45: 10 | L45: 20
A46: 44 | B46: NOWEL MİSAFİR | C46: ='KASIM 2 HAFTA '!J46 -> 67 | E46: 5 | J46: =+C46-E46-F46-G46-H46-I46+D46 -> 62 | K46: 15 | L46: 30
A47: 45 | B47: NOWEL MÜDÜR | C47: ='KASIM 2 HAFTA '!J47 -> 24 | J47: =+C47-E47-F47-G47-H47-I47+D47 -> 24 | K47: 15 | L47: 30
A48: 46 | B48: NEVOL MÜDÜR KONT. | C48: ='KASIM 2 HAFTA '!J48 -> 29 | J48: =+C48-E48-F48-G48-H48-I48+D48 -> 29 | K48: 15 | L48: 30
A49: 47 | B49: GRANADA MÜDÜR | C49: ='KASIM 2 HAFTA '!J49 -> 38 | J49: =+C49-E49-F49-G49-H49-I49+D49 -> 38 | K49: 10 | L49: 20
A50: 48 | B50: EXPERİA OTURAK | C50: ='KASIM 2 HAFTA '!J50 -> 44 | I50: 10 | J50: =+C50-E50-F50-G50-H50-I50+D50 -> 34 | K50: 50 | L50: 100
A51: 49 | B51: EXPERİA MÜDÜR | C51: ='KASIM 2 HAFTA '!J51 -> 231 | I51: 2 | J51: =+C51-E51-F51-G51-H51-I51+D51 -> 229 | K51: 10 | L51: 20
A52: 50 | B52: EXPERİA MİSAFİR | C52: ='KASIM 2 HAFTA '!J52 -> 76 | I52: 8 | J52: =+C52-E52-F52-G52-H52-I52+D52 -> 68 | K52: 10 | L52: 20
A53: 51 | B53: KİMERA MÜDÜR | C53: ='KASIM 2 HAFTA '!J53 -> 26 | J53: =+C53-E53-F53-G53-H53-I53+D53 -> 26 | K53: 10 | L53: 20
A54: 52 | B54: VİENTO MİSAFİR | C54: ='KASIM 2 HAFTA '!J54 -> 43 | J54: =+C54-E54-F54-G54-H54-I54+D54 -> 43 | K54: 0
A55: 53 | B55: MAKER BERBER KOLT. | C55: ='KASIM 2 HAFTA '!J55 -> 77 | J55: =+C55-E55-F55-G55-H55-I55+D55 -> 77 | K55: 0
A56: 54 | B56: BAYAN BERBER | C56: ='KASIM 2 HAFTA '!J56 -> 230 | J56: =+C56-E56-F56-G56-H56-I56+D56 -> 230 | K56: 0
A57: 55 | B57: MUTFAK SAND. OTURAK | C57: ='KASIM 2 HAFTA '!J57 -> 76 | J57: =+C57-E57-F57-G57-H57-I57+D57 -> 76 | K57: 0
A58: 56 | B58: PİRAMİT MÜDÜR KONT. | C58: ='KASIM 2 HAFTA '!J58 -> 22 | J58: =+C58-E58-F58-G58-H58-I58+D58 -> 22 | K58: 10 | L58: 20
A59: 57 | B59: PLAT MÜDÜR KONTRASI | C59: ='KASIM 2 HAFTA '!J59 -> 3 | J59: =+C59-E59-F59-G59-H59-I59+D59 -> 3 | K59: 10 | L59: 20
A60: 58 | B60: TRAP MÜDÜR KONTRASI | C60: ='KASIM 2 HAFTA '!J60 -> 2 | J60: =+C60-E60-F60-G60-H60-I60+D60 -> 2 | K60: 10 | L60: 20
A61: 59 | B61: TRAP MİSAFİR KONTRASI | C61: ='KASIM 2 HAFTA '!J61 -> 3 | J61: =+C61-E61-F61-G61-H61-I61+D61 -> 3 | K61: 10 | L61: 20
A62: 60 | B62: CARRERA MÜDÜR | C62: ='KASIM 2 HAFTA '!J62 -> 47 | J62: =+C62-E62-F62-G62-H62-I62+D62 -> 47 | K62: 20 | L62: 50
A63: 61 | B63: CARRERA MİSAFİR | C63: ='KASIM 2 HAFTA '!J63 -> 49 | J63: =+C63-E63-F63-G63-H63-I63+D63 -> 49 | K63: 20 | L63: 50
A64: 62 | B64: PERA OTURAK | C64: ='KASIM 2 HAFTA '!J64 -> 132 | J64: =+C64-E64-F64-G64-H64-I64+D64 -> 132 | K64: 50 | L64: 100
A65: 63 | B65: YENİ MODEL MÜD.SIRT | C65: ='KASIM 2 HAFTA '!J65 -> 142 | J65: =+C65-E65-F65-G65-H65-I65+D65 -> 142
A66: 64 | B66: RUBY MÜDÜR KONTRASI | C66: ='KASIM 2 HAFTA '!J66 -> 6 | J66: =+C66-E66-F66-G66-H66-I66+D66 -> 6 | K66: 10 | L66: 20
A67: 65 | B67: RUBY MİSAFİR KONTRASI | C67: ='KASIM 2 HAFTA '!J67 -> 23 | J67: =+C67-E67-F67-G67-H67-I67+D67 -> 23 | K67: 10 | L67: 20
A68: 66 | B68: LUTZ MÜDÜR KONTRASI | C68: ='KASIM 2 HAFTA '!J68 -> 10 | J68: =+C68-E68-F68-G68-H68-I68+D68 -> 10 | K68: 10 | L68: 20
A69: 67 | B69: LUTZ MİSAFİR KONTRASI | C69: ='KASIM 2 HAFTA '!J69 -> 23 | J69: =+C69-E69-F69-G69-H69-I69+D69 -> 23 | K69: 10 | L69: 20
A70: 68 | B70: CLAYTON MÜDÜR KONTRAS | C70: ='KASIM 2 HAFTA '!J70 -> 8 | J70: =+C70-E70-F70-G70-H70-I70+D70 -> 8 | K70: 10 | L70: 20
A71: 69 | B71: CLAYTON MİSAFİR KONTRAS | C71: ='KASIM 2 HAFTA '!J71 -> 25 | J71: =+C71-E71-F71-G71-H71-I71+D71 -> 25 | K71: 10 | L71: 20
A72: 70 | B72: CABRIO MÜDÜR KONTRASI | C72: ='KASIM 2 HAFTA '!J72 -> 21 | E72: 3 | J72: =+C72-E72-F72-G72-H72-I72+D72 -> 18 | K72: 10 | L72: 20
A73: 71 | B73: CABRIO MİSAFİR KONTRASI | C73: ='KASIM 2 HAFTA '!J73 -> 38 | J73: =+C73-E73-F73-G73-H73-I73+D73 -> 38 | K73: 10 | L73: 20
A74: 72 | B74: BARTRA/FLAT/RENGO OTURAK | C74: ='KASIM 2 HAFTA '!J74 -> 273 | D74: 0 | F74: 0 | G74: 0 | I74: 0 | J74: =+C74-E74-F74-G74-H74-I74+D74 -> 273 | K74: 10 | L74: 20
A75: 73 | B75: BARTRA/FLAT/RENGO SIRT | C75: ='KASIM 2 HAFTA '!J75 -> 117 | D75: 0 | F75: 0 | G75: 0 | I75: 0 | J75: =+C75-E75-F75-G75-H75-I75+D75 -> 117 | K75: 10 | L75: 20
A76: 74 | B76: SAFİR MÜDÜR KONTRASI | C76: ='KASIM 2 HAFTA '!J76 -> 55 | D76: 0 | F76: 0 | G76: 0 | I76: 0 | J76: =+C76-E76-F76-G76-H76-I76+D76 -> 55 | K76: 10 | L76: 20
A77: 75 | B77: BARTRA MÜDÜR KONTRASI | C77: ='KASIM 2 HAFTA '!J77 -> 27 | D77: 0 | F77: 0 | G77: 0 | I77: 0 | J77: =+C77-E77-F77-G77-H77-I77+D77 -> 27 | K77: 10 | L77: 20
A78: 76 | B78: FLAT/RENGO/TRAP MÜD.SIRT | C78: ='KASIM 2 HAFTA '!J78 -> 26 | D78: 0 | F78: 0 | G78: 0 | J78: =+C78-E78-F78-G78-H78-I78+D78 -> 26 | K78: 10 | L78: 20

Sheet KASIM 4 HAFTA 
A1: TAHTA SAYIMI | L1: 44837
A2: S.NO | B2: CİNSİ | C2: DEVİR | D2: GELEN | E2: 44886 | F2: 44887 | G2: 44888 | H2: 44889 | I2: 44890 | J2: KALAN | K2: MİNİMUN | L2: MAXSİMUN
A3: 1 | B3: SANDALYE TAHTASI | C3: ='KASIM 3 HAFTA '!J3 -> 37 | J3: =+C3-E3-F3-G3-H3-I3+D3 -> 37 | K3: 0
A4: 2 | B4: EKO KLAS MÜDÜR TAHTASI | C4: ='KASIM 3 HAFTA '!J4 -> 3 | G4: 3 | J4: =+C4-E4-F4-G4-H4-I4+D4 -> 0 | K4: 0
A5: 3 | B5: KESİLMEMİŞTAHTA | C5: ='KASIM 3 HAFTA '!J5 -> 105 | E5: 6 | H5: 5 | J5: =+C5-E5-F5-G5-H5-I5+D5 -> 94 | K5: 0
A6: 4 | B6: RECENT MİSAFİR | C6: ='KASIM 3 HAFTA '!J6 -> 55 | J6: =+C6-E6-F6-G6-H6-I6+D6 -> 55 | K6: 30 | L6: 100
A7: 5 | B7: RECENT MÜDÜR | C7: ='KASIM 3 HAFTA '!J7 -> 17 | E7: 2 | J7: =+C7-E7-F7-G7-H7-I7+D7 -> 15 | K7: 30 | L7: 100
A8: 6 | B8: PUFFY MİSAFİR | C8: ='KASIM 3 HAFTA '!J8 -> 21 | J8: =+C8-E8-F8-G8-H8-I8+D8 -> 21 | K8: 15 | L8: 50
A9: 7 | B9: PUFFY MÜDÜR | C9: ='KASIM 3 HAFTA '!J9 -> 12 | J9: =+C9-E9-F9-G9-H9-I9+D9 -> 12 | K9: 15 | L9: 30
A10: 8 | B10: KESİLMEMİŞ MÜDÜR KON | C10: ='KASIM 3 HAFTA '!J10 -> 83 | G10: 8 | J10: =+C10-E10-F10-G10-H10-I10+D10 -> 75 | K10: 0
A11: 9 | B11: CEZAR MÜDÜR | C11: ='KASIM 3 HAFTA '!J11 -> 32 | I11: 1 | J11: =+C11-E11-F11-G11-H11-I11+D11 -> 31 | K11: 150 | L11: 500
A12: 10 | B12: CEZAR MİSAFİR | C12: ='KASIM 3 HAFTA '!J12 -> 558 | E12: 500 | F12: 58 | J12: =+C12-E12-F12-G12-H12-I12+D12 -> 0 | K12: 200 | L12: 750
A13: 11 | B13: LENUX MİSAFİR | C13: ='KASIM 3 HAFTA '!J13 -> 78 | J13: =+C13-E13-F13-G13-H13-I13+D13 -> 78 | K13: 10 | L13: 30
A14: 12 | B14: LENUX MÜDÜR | C14: ='KASIM 3 HAFTA '!J14 -> 42 | J14: =+C14-E14-F14-G14-H14-I14+D14 -> 42 | K14: 10 | L14: 20
A15: 13 | B15: WARLCOK MÜDÜR | C15: ='KASIM 3 HAFTA '!J15 -> 98 | J15: =+C15-E15-F15-G15-H15-I15+D15 -> 98 | K15: 10 | L15: 20
A16: 14 | B16: WARLCOK MİSAFİR | C16: ='KASIM 3 HAFTA '!J16 -> 0 | J16: =+C16-E16-F16-G16-H16-I16+D16 -> 0 | K16: 10 | L16: 20
A17: 15 | B17: VİSİON MÜDÜR | C17: ='KASIM 3 HAFTA '!J17 -> 156 | E17: 1 | I17: 10 | J17: =+C17-E17-F17-G17-H17-I17+D17 -> 145 | K17: 50 | L17: 200
A18: 16 | B18: VİSİON MİSAFİR | C18: ='KASIM 3 HAFTA '!J18 -> 35 | I18: 35 | J18: =+C18-E18-F18-G18-H18-I18+D18 -> 0 | K18: 50 | L18: 150
A19: 17 | B19: PENTA MÜDÜR | C19: ='KASIM 3 HAFTA '!J19 -> 94 | F19: 1 | J19: =+C19-E19-F19-G19-H19-I19+D19 -> 93 | K19: 30 | L19: 100
A20: 18 | B20: PENTA MİSAFİR | C20: ='KASIM 3 HAFTA '!J20 -> 60 | J20: =+C20-E20-F20-G20-H20-I20+D20 -> 60 | K20: 30 | L20: 100
A21: 19 | B21: ACTİON MÜDÜR | C21: ='KASIM 3 HAFTA '!J21 -> 16 | F21: 3 | J21: =+C21-E21-F21-G21-H21-I21+D21 -> 13 | K21: 20 | L21: 50
A22: 20 | B22: TELLY OTURAK TAHTASI | C22: ='KASIM 3 HAFTA '!J22 -> 140 | J22: =+C22-E22-F22-G22-H22-I22+D22 -> 140 | K22: 100 | L22: 300
A23: 21 | B23: CARENS MÜDÜR KONT | C23: ='KASIM 3 HAFTA '!J23 -> 130 | J23: =+C23-E23-F23-G23-H23-I23+D23 -> 130 | K23: 5 | L23: 10
A24: 22 | B24: GRAFTER MÜDÜR | C24: ='KASIM 3 HAFTA '!J24 -> 38 | J24: =+C24-E24-F24-G24-H24-I24+D24 -> 38 | K24: 5 | L24: 10
A25: 23 | B25: GRAFTER MİSAFİR | C25: ='KASIM 3 HAFTA '!J25 -> 7 | J25: =+C25-E25-F25-G25-H25-I25+D25 -> 7 | K25: 5 | L25: 10
A26: 24 | B26: ELNORA -LEGENT MÜDÜR | C26: ='KASIM 3 HAFTA '!J26 -> 223 | J26: =+C26-E26-F26-G26-H26-I26+D26 -> 223 | K26: 100 | L26: 200
A27: 25 | B27: LEGENT MÜDÜR UZUN | C27: ='KASIM 3 HAFTA '!J27 -> 483 | J27: =+C27-E27-F27-G27-H27-I27+D27 -> 483 | K27: 0
A28: 26 | B28: ANFİ TAHTASI | C28: ='KASIM 3 HAFTA '!J28 -> 62 | J28: =+C28-E28-F28-G28-H28-I28+D28 -> 62 | K28: 0
A29: 27 | B29: VEGA SIRT | C29: ='KASIM 3 HAFTA '!J29 -> 13 | J29: =+C29-E29-F29-G29-H29-I29+D29 -> 13 | K29: 0
A30: 28 | B30: VEGA TABAN | C30: ='KASIM 3 HAFTA '!J30 -> 60 | J30: =+C30-E30-F30-G30-H30-I30+D30 -> 60 | K30: 0
A31: 29 | B31: VENESSA MİS.KONTRASI | C31: ='KASIM 3 HAFTA '!J31 -> 0 | J31: =+C31-E31-F31-G31-H31-I31+D31 -> 0 | K31: 0
A32: 30 | B32: POLİ DABAN | C32: ='KASIM 3 HAFTA '!J32 -> 638 | F32: 35 | J32: =+C32-E32-F32-G32-H32-I32+D32 -> 603 | K32: 200 | L32: 400
A33: 31 | B33: SANDALYE SIRT | C33: ='KASIM 3 HAFTA '!J33 -> 240 | J33: =+C33-E33-F33-G33-H33-I33+D33 -> 240 | K33: 0
A34: 32 | B34: SANDALYE DABAN | C34: ='KASIM 3 HAFTA '!J34 -> 17 | J34: =+C34-E34-F34-G34-H34-I34+D34 -> 17 | K34: 0
A35: 33 | B35: MİSAFİR SIRT | C35: ='KASIM 3 HAFTA '!J35 -> 29 | J35: =+C35-E35-F35-G35-H35-I35+D35 -> 29 | K35: 0
A36: 34 | B36: VİVA DABAN | C36: ='KASIM 3 HAFTA '!J36 -> 537 | J36: =+C36-E36-F36-G36-H36-I36+D36 -> 537 | K36: 0
A37: 35 | B37: SENS MÜDÜR SIRT | C37: ='KASIM 3 HAFTA '!J37 -> 127 | E37: 2 | J37: =+C37-E37-F37-G37-H37-I37+D37 -> 125 | K37: 10 | L37: 30
A38: 36 | B38: ZEUGMA | C38: ='KASIM 3 HAFTA '!J38 -> 36 | J38: =+C38-E38-F38-G38-H38-I38+D38 -> 36 | K38: 10 | L38: 20
A39: 37 | B39: SOVRANO MİSAFİR | C39: ='KASIM 3 HAFTA '!J39 -> 24 | J39: =+C39-E39-F39-G39-H39-I39+D39 -> 24 | K39: 10 | L39: 30
A40: 38 | B40: SOVRANO MÜDÜR | C40: ='KASIM 3 HAFTA '!J40 -> 37 | F40: 2 | J40: =+C40-E40-F40-G40-H40-I40+D40 -> 35 | K40: 20 | L40: 40
A41: 39 | B41: POLO MİSAFİR | C41: ='KASIM 3 HAFTA '!J41 -> 51 | I41: 40 | J41: =+C41-E41-F41-G41-H41-I41+D41 -> 11 | K41: 20 | L41: 50
A42: 40 | B42: POLO MÜDÜR | C42: ='KASIM 3 HAFTA '!J42 -> 7 | E42: 2 | F42: 2 | J42: =+C42-E42-F42-G42-H42-I42+D42 -> 3 | K42: 20 | L42: 50
A43: 41 | B43: ELNORA MİSAFİR | C43: ='KASIM 3 HAFTA '!J43 -> 313 | E43: 85 | J43: =+C43-E43-F43-G43-H43-I43+D43 -> 228 | K43: 200 | L43: 400
A44: 42 | B44: STELL MİSAFİR | C44: ='KASIM 3 HAFTA '!J44 -> 149 | J44: =+C44-E44-F44-G44-H44-I44+D44 -> 149 | K44: 5 | L44: 10
A45: 43 | B45: GRANADA MİSAFİR | C45: ='KASIM 3 HAFTA '!J45 -> 42 | J45: =+C45-E45-F45-G45-H45-I45+D45 -> 42 | K45: 10 | L45: 20
A46: 44 | B46: NOWEL MİSAFİR | C46: ='KASIM 3 HAFTA '!J46 -> 62 | F46: 2 | J46: =+C46-E46-F46-G46-H46-I46+D46 -> 60 | K46: 15 | L46: 30
A47: 45 | B47: NOWEL MÜDÜR | C47: ='KASIM 3 HAFTA '!J47 -> 24 | J47: =+C47-E47-F47-G47-H47-I47+D47 -> 24 | K47: 15 | L47: 30
A48: 46 | B48: NEVOL MÜDÜR KONT. | C48: ='KASIM 3 HAFTA '!J48 -> 29 | J48: =+C48-E48-F48-G48-H48-I48+D48 -> 29 | K48: 15 | L48: 30
A49: 47 | B49: GRANADA MÜDÜR | C49: ='KASIM 3 HAFTA '!J49 -> 38 | J49: =+C49-E49-F49-G49-H49-I49+D49 -> 38 | K49: 10 | L49: 20
A50: 48 | B50: EXPERİA OTURAK | C50: ='KASIM 3 HAFTA '!J50 -> 34 | I50: 10 | J50: =+C50-E50-F50-G50-H50-I50+D50 -> 24 | K50: 50 | L50: 100
A51: 49 | B51: EXPERİA MÜDÜR | C51: ='KASIM 3 HAFTA '!J51 -> 229 | G51: 2 | J51: =+C51-E51-F51-G51-H51-I51+D51 -> 227 | K51: 10 | L51: 20
A52: 50 | B52: EXPERİA MİSAFİR | C52: ='KASIM 3 HAFTA '!J52 -> 68 | I52: 2 | J52: =+C52-E52-F52-G52-H52-I52+D52 -> 66 | K52: 10 | L52: 20
A53: 51 | B53: KİMENE MÜDÜR | C53: ='KASIM 3 HAFTA '!J53 -> 26 | J53: =+C53-E53-F53-G53-H53-I53+D53 -> 26 | K53: 10 | L53: 20
A54: 52 | B54: VİENTO MİSAFİR | C54: ='KASIM 3 HAFTA '!J54 -> 43 | J54: =+C54-E54-F54-G54-H54-I54+D54 -> 43 | K54: 0
A55: 53 | B55: MAKER BERBER KOLT. | C55: ='KASIM 3 HAFTA '!J55 -> 77 | J55: =+C55-E55-F55-G55-H55-I55+D55 -> 77 | K55: 0
A56: 54 | B56: BAYAN BERBER | C56: ='KASIM 3 HAFTA '!J56 -> 230 | J56: =+C56-E56-F56-G56-H56-I56+D56 -> 230 | K56: 0
A57: 55 | B57: MUTFAK SAND. OTURAK | C57: ='KASIM 3 HAFTA '!J57 -> 76 | J57: =+C57-E57-F57-G57-H57-I57+D57 -> 76 | K57: 0
A58: 56 | B58: PİRAMİT MÜDÜR KONT. | C58: ='KASIM 3 HAFTA '!J58 -> 22 | H58: 6 | J58: =+C58-E58-F58-G58-H58-I58+D58 -> 16 | K58: 10 | L58: 20
A59: 57 | B59: PLAT MÜDÜR KONTRASI | C59: ='KASIM 3 HAFTA '!J59 -> 3 | J59: =+C59-E59-F59-G59-H59-I59+D59 -> 3 | K59: 10 | L59: 20
A60: 58 | B60: TRAP MÜDÜR KONTRASI | C60: ='KASIM 3 HAFTA '!J60 -> 2 | J60: =+C60-E60-F60-G60-H60-I60+D60 -> 2 | K60: 10 | L60: 20
A61: 59 | B61: TRAP MİSAFİR KONTRASI | C61: ='KASIM 3 HAFTA '!J61 -> 3 | J61: =+C61-E61-F61-G61-H61-I61+D61 -> 3 | K61: 10 | L61: 20
A62: 60 | B62: CARRERA MÜDÜR | C62: ='KASIM 3 HAFTA '!J62 -> 47 | J62: =+C62-E62-F62-G62-H62-I62+D62 -> 47 | K62: 20 | L62: 50
A63: 61 | B63: CARRERA MİSAFİR | C63: ='KASIM 3 HAFTA '!J63 -> 49 | J63: =+C63-E63-F63-G63-H63-I63+D63 -> 49 | K63: 20 | L63: 50
A64: 62 | B64: PERA OTURAK | C64: ='KASIM 3 HAFTA '!J64 -> 132 | J64: =+C64-E64-F64-G64-H64-I64+D64 -> 132 | K64: 50 | L64: 100
A65: 63 | B65: YENİ MODEL MÜD.SIRT | C65: ='KASIM 3 HAFTA '!J65 -> 142 | G65: 2 | J65: =+C65-E65-F65-G65-H65-I65+D65 -> 140
A66: 64 | B66: RUBY MÜDÜR KONTRASI | C66: ='KASIM 3 HAFTA '!J66 -> 6 | J66: =+C66-E66-F66-G66-H66-I66+D66 -> 6 | K66: 10 | L66: 20
A67: 65 | B67: RUBY MİSAFİR KONTRASI | C67: ='KASIM 3 HAFTA '!J67 -> 23 | J67: =+C67-E67-F67-G67-H67-I67+D67 -> 23 | K67: 10 | L67: 20
A68: 66 | B68: LUTZ MÜDÜR KONTRASI | C68: ='KASIM 3 HAFTA '!J68 -> 10 | G68: 2 | H68: 2 | J68: =+C68-E68-F68-G68-H68-I68+D68 -> 6 | K68: 10 | L68: 20
A69: 67 | B69: LUTZ MİSAFİR KONTRASI | C69: ='KASIM 3 HAFTA '!J69 -> 23 | J69: =+C69-E69-F69-G69-H69-I69+D69 -> 23 | K69: 10 | L69: 20
A70: 68 | B70: CLAYTON MÜDÜR KONTRAS | C70: ='KASIM 3 HAFTA '!J70 -> 8 | G70: 1 | J70: =+C70-E70-F70-G70-H70-I70+D70 -> 7 | K70: 10 | L70: 20
A71: 69 | B71: CLAYTON MİSAFİR KONTRAS | C71: ='KASIM 3 HAFTA '!J71 -> 25 | G71: 3 | J71: =+C71-E71-F71-G71-H71-I71+D71 -> 22 | K71: 10 | L71: 20
A72: 70 | B72: CABRIO MÜDÜR KONTRASI | C72: ='KASIM 3 HAFTA '!J72 -> 18 | J72: =+C72-E72-F72-G72-H72-I72+D72 -> 18 | K72: 10 | L72: 20
A73: 71 | B73: CABRIO MİSAFİR KONTRASI | C73: ='KASIM 3 HAFTA '!J73 -> 38 | J73: =+C73-E73-F73-G73-H73-I73+D73 -> 38 | K73: 10 | L73: 20
A74: 72 | B74: BARTRA/FLAT/RENGO OTURAK | C74: ='KASIM 3 HAFTA '!J74 -> 273 | D74: 0 | F74: 0 | G74: 4 | H74: 11 | I74: 11 | J74: =+C74-E74-F74-G74-H74-I74+D74 -> 247 | K74: 10 | L74: 20
A75: 73 | B75: BARTRA/FLAT/RENGO SIRT | C75: ='KASIM 3 HAFTA '!J75 -> 117 | D75: 0 | F75: 0 | G75: 4 | H75: 4 | I75: 2 | J75: =+C75-E75-F75-G75-H75-I75+D75 -> 107 | K75: 10 | L75: 20
A76: 74 | B76: SAFİR MÜDÜR KONTRASI | C76: ='KASIM 3 HAFTA '!J76 -> 55 | D76: 0 | F76: 0 | G76: 4 | I76: 2 | J76: =+C76-E76-F76-G76-H76-I76+D76 -> 49 | K76: 10 | L76: 20
A77: 75 | B77: BARTRA MÜDÜR KONTRASI | C77: ='KASIM 3 HAFTA '!J77 -> 27 | D77: 0 | F77: 0 | G77: 0 | I77: 0 | J77: =+C77-E77-F77-G77-H77-I77+D77 -> 27 | K77: 10 | L77: 20
A78: 76 | B78: FLAT/RENGO/TRAP MÜD.SIRT | C78: ='KASIM 3 HAFTA '!J78 -> 26 | D78: 0 | F78: 0 | G78: 4 | H78: 3 | I78: 2 | J78: =+C78-E78-F78-G78-H78-I78+D78 -> 17 | K78: 10 | L78: 20

Sheet KASIM 5 HAFTA 
A1: TAHTA SAYIMI | L1: 44837
A2: S.NO | B2: CİNSİ | C2: DEVİR | D2: GELEN | E2: 44893 | F2: 44894 | G2: 44895 | H2: 44896 | I2: 44897 | J2: KALAN | K2: MİNİMUN | L2: MAXSİMUN
A3: 1 | B3: SANDALYE TAHTASI | C3: ='KASIM 3 HAFTA '!J3 -> 37 | J3: =+C3-E3-F3-G3-H3-I3+D3 -> 37 | K3: 0
A4: 2 | B4: EKO KLAS MÜDÜR TAHTASI | C4: 0 | J4: =+C4-E4-F4-G4-H4-I4+D4 -> 0 | K4: 0
A5: 3 | B5: KESİLMEMİŞTAHTA | C5: 94 | H5: 13 | I5: 1 | J5: =+C5-E5-F5-G5-H5-I5+D5 -> 80 | K5: 0
A6: 4 | B6: RECENT MİSAFİR | C6: ='KASIM 3 HAFTA '!J6 -> 55 | J6: =+C6-E6-F6-G6-H6-I6+D6 -> 55 | K6: 30 | L6: 100
A7: 5 | B7: RECENT MÜDÜR | C7: 15 | J7: =+C7-E7-F7-G7-H7-I7+D7 -> 15 | K7: 30 | L7: 100
A8: 6 | B8: PUFFY MİSAFİR | C8: ='KASIM 3 HAFTA '!J8 -> 21 | J8: =+C8-E8-F8-G8-H8-I8+D8 -> 21 | K8: 15 | L8: 50
A9: 7 | B9: PUFFY MÜDÜR | C9: ='KASIM 3 HAFTA '!J9 -> 12 | J9: =+C9-E9-F9-G9-H9-I9+D9 -> 12 | K9: 15 | L9: 30
A10: 8 | B10: KESİLMEMİŞ MÜDÜR KON | C10: 75 | J10: =+C10-E10-F10-G10-H10-I10+D10 -> 75 | K10: 0
A11: 9 | B11: CEZAR MÜDÜR | C11: 31 | H11: 16 | J11: =+C11-E11-F11-G11-H11-I11+D11 -> 15 | K11: 150 | L11: 500
A12: 10 | B12: CEZAR MİSAFİR | C12: 0 | J12: =+C12-E12-F12-G12-H12-I12+D12 -> 0 | K12: 200 | L12: 750
A13: 11 | B13: LENUX MİSAFİR | C13: ='KASIM 3 HAFTA '!J13 -> 78 | J13: =+C13-E13-F13-G13-H13-I13+D13 -> 78 | K13: 10 | L13: 30
A14: 12 | B14: LENUX MÜDÜR | C14: ='KASIM 3 HAFTA '!J14 -> 42 | J14: =+C14-E14-F14-G14-H14-I14+D14 -> 42 | K14: 10 | L14: 20
A15: 13 | B15: WARLCOK MÜDÜR | C15: ='KASIM 3 HAFTA '!J15 -> 98 | H15: 5 | J15: =+C15-E15-F15-G15-H15-I15+D15 -> 93 | K15: 10 | L15: 20
A16: 14 | B16: WARLCOK MİSAFİR | C16: ='KASIM 3 HAFTA '!J16 -> 0 | J16: =+C16-E16-F16-G16-H16-I16+D16 -> 0 | K16: 10 | L16: 20
A17: 15 | B17: VİSİON MÜDÜR | C17: 145 | E17: 15 | J17: =+C17-E17-F17-G17-H17-I17+D17 -> 130 | K17: 50 | L17: 200
A18: 16 | B18: VİSİON MİSAFİR | C18: 0 | J18: =+C18-E18-F18-G18-H18-I18+D18 -> 0 | K18: 50 | L18: 150
A19: 17 | B19: PENTA MÜDÜR | C19: 93 | F19: 5 | J19: =+C19-E19-F19-G19-H19-I19+D19 -> 88 | K19: 30 | L19: 100
A20: 18 | B20: PENTA MİSAFİR | C20: ='KASIM 3 HAFTA '!J20 -> 60 | F20: 4 | J20: =+C20-E20-F20-G20-H20-I20+D20 -> 56 | K20: 30 | L20: 100
A21: 19 | B21: ACTİON MÜDÜR | C21: 13 | J21: =+C21-E21-F21-G21-H21-I21+D21 -> 13 | K21: 20 | L21: 50
A22: 20 | B22: TELLY OTURAK TAHTASI | C22: ='KASIM 3 HAFTA '!J22 -> 140 | I22: 6 | J22: =+C22-E22-F22-G22-H22-I22+D22 -> 134 | K22: 100 | L22: 300
A23: 21 | B23: CARENS MÜDÜR KONT | C23: ='KASIM 3 HAFTA '!J23 -> 130 | J23: =+C23-E23-F23-G23-H23-I23+D23 -> 130 | K23: 5 | L23: 10
A24: 22 | B24: GRAFTER MÜDÜR | C24: ='KASIM 3 HAFTA '!J24 -> 38 | J24: =+C24-E24-F24-G24-H24-I24+D24 -> 38 | K24: 5 | L24: 10
A25: 23 | B25: GRAFTER MİSAFİR | C25: ='KASIM 3 HAFTA '!J25 -> 7 | J25: =+C25-E25-F25-G25-H25-I25+D25 -> 7 | K25: 5 | L25: 10
A26: 24 | B26: ELNORA -LEGENT MÜDÜR | C26: ='KASIM 3 HAFTA '!J26 -> 223 | J26: =+C26-E26-F26-G26-H26-I26+D26 -> 223 | K26: 100 | L26: 200
A27: 25 | B27: LEGENT MÜDÜR UZUN | C27: ='KASIM 3 HAFTA '!J27 -> 483 | J27: =+C27-E27-F27-G27-H27-I27+D27 -> 483 | K27: 0
A28: 26 | B28: ANFİ TAHTASI | C28: ='KASIM 3 HAFTA '!J28 -> 62 | J28: =+C28-E28-F28-G28-H28-I28+D28 -> 62 | K28: 0
A29: 27 | B29: VEGA SIRT | C29: ='KASIM 3 HAFTA '!J29 -> 13 | J29: =+C29-E29-F29-G29-H29-I29+D29 -> 13 | K29: 0
A30: 28 | B30: VEGA TABAN | C30: ='KASIM 3 HAFTA '!J30 -> 60 | J30: =+C30-E30-F30-G30-H30-I30+D30 -> 60 | K30: 0
A31: 29 | B31: VENESSA MİS.KONTRASI | C31: ='KASIM 3 HAFTA '!J31 -> 0 | J31: =+C31-E31-F31-G31-H31-I31+D31 -> 0 | K31: 0
A32: 30 | B32: POLİ DABAN | C32: 603 | I32: 6 | J32: =+C32-E32-F32-G32-H32-I32+D32 -> 597 | K32: 200 | L32: 400
A33: 31 | B33: SANDALYE SIRT | C33: ='KASIM 3 HAFTA '!J33 -> 240 | J33: =+C33-E33-F33-G33-H33-I33+D33 -> 240 | K33: 0
A34: 32 | B34: SANDALYE DABAN | C34: ='KASIM 3 HAFTA '!J34 -> 17 | J34: =+C34-E34-F34-G34-H34-I34+D34 -> 17 | K34: 0
A35: 33 | B35: MİSAFİR SIRT | C35: ='KASIM 3 HAFTA '!J35 -> 29 | J35: =+C35-E35-F35-G35-H35-I35+D35 -> 29 | K35: 0
A36: 34 | B36: VİVA DABAN | C36: ='KASIM 3 HAFTA '!J36 -> 537 | I36: 4 | J36: =+C36-E36-F36-G36-H36-I36+D36 -> 533 | K36: 0
A37: 35 | B37: SENS MÜDÜR SIRT | C37: 125 | I37: 4 | J37: =+C37-E37-F37-G37-H37-I37+D37 -> 121 | K37: 10 | L37: 30
A38: 36 | B38: ZEUGMA | C38: ='KASIM 3 HAFTA '!J38 -> 36 | J38: =+C38-E38-F38-G38-H38-I38+D38 -> 36 | K38: 10 | L38: 20
A39: 37 | B39: SOVRANO MİSAFİR | C39: ='KASIM 3 HAFTA '!J39 -> 24 | J39: =+C39-E39-F39-G39-H39-I39+D39 -> 24 | K39: 10 | L39: 30
A40: 38 | B40: SOVRANO MÜDÜR | C40: 35 | H40: 6 | I40: 14 | J40: =+C40-E40-F40-G40-H40-I40+D40 -> 15 | K40: 20 | L40: 40
A41: 39 | B41: POLO MİSAFİR | C41: 11 | J41: =+C41-E41-F41-G41-H41-I41+D41 -> 11 | K41: 20 | L41: 50
A42: 40 | B42: POLO MÜDÜR | C42: 3 | J42: =+C42-E42-F42-G42-H42-I42+D42 -> 3 | K42: 20 | L42: 50
A43: 41 | B43: ELNORA MİSAFİR | C43: 228 | E43: 11 | H43: 9 | J43: =+C43-E43-F43-G43-H43-I43+D43 -> 208 | K43: 200 | L43: 400
A44: 42 | B44: STELL MİSAFİR | C44: ='KASIM 3 HAFTA '!J44 -> 149 | J44: =+C44-E44-F44-G44-H44-I44+D44 -> 149 | K44: 5 | L44: 10
A45: 43 | B45: GRANADA MİSAFİR | C45: ='KASIM 3 HAFTA '!J45 -> 42 | J45: =+C45-E45-F45-G45-H45-I45+D45 -> 42 | K45: 10 | L45: 20
A46: 44 | B46: NOWEL MİSAFİR | C46: 60 | J46: =+C46-E46-F46-G46-H46-I46+D46 -> 60 | K46: 15 | L46: 30
A47: 45 | B47: NOWEL MÜDÜR | C47: ='KASIM 3 HAFTA '!J47 -> 24 | J47: =+C47-E47-F47-G47-H47-I47+D47 -> 24 | K47: 15 | L47: 30
A48: 46 | B48: NEVOL MÜDÜR KONT. | C48: ='KASIM 3 HAFTA '!J48 -> 29 | J48: =+C48-E48-F48-G48-H48-I48+D48 -> 29 | K48: 15 | L48: 30
A49: 47 | B49: GRANADA MÜDÜR | C49: ='KASIM 3 HAFTA '!J49 -> 38 | J49: =+C49-E49-F49-G49-H49-I49+D49 -> 38 | K49: 10 | L49: 20
A50: 48 | B50: EXPERİA OTURAK | C50: 24 | F50: 3 | G50: 3 | J50: =+C50-E50-F50-G50-H50-I50+D50 -> 18 | K50: 50 | L50: 100
A51: 49 | B51: EXPERİA MÜDÜR | C51: 227 | J51: =+C51-E51-F51-G51-H51-I51+D51 -> 227 | K51: 10 | L51: 20
A52: 50 | B52: EXPERİA MİSAFİR | C52: 66 | G52: 3 | J52: =+C52-E52-F52-G52-H52-I52+D52 -> 63 | K52: 10 | L52: 20
A53: 51 | B53: KİMERA MÜDÜR | C53: ='KASIM 3 HAFTA '!J53 -> 26 | I53: 2 | J53: =+C53-E53-F53-G53-H53-I53+D53 -> 24 | K53: 10 | L53: 20
A54: 52 | B54: VİENTO MİSAFİR | C54: ='KASIM 3 HAFTA '!J54 -> 43 | J54: =+C54-E54-F54-G54-H54-I54+D54 -> 43 | K54: 0
A55: 53 | B55: MAKER BERBER KOLT. | C55: ='KASIM 3 HAFTA '!J55 -> 77 | J55: =+C55-E55-F55-G55-H55-I55+D55 -> 77 | K55: 0
A56: 54 | B56: BAYAN BERBER | C56: ='KASIM 3 HAFTA '!J56 -> 230 | J56: =+C56-E56-F56-G56-H56-I56+D56 -> 230 | K56: 0
A57: 55 | B57: MUTFAK SAND. OTURAK | C57: ='KASIM 3 HAFTA '!J57 -> 76 | J57: =+C57-E57-F57-G57-H57-I57+D57 -> 76 | K57: 0
A58: 56 | B58: PİRAMİT MÜDÜR KONT. | C58: 16 | F58: 2 | J58: =+C58-E58-F58-G58-H58-I58+D58 -> 14 | K58: 10 | L58: 20
A59: 57 | B59: PLAT MÜDÜR KONTRASI | C59: ='KASIM 3 HAFTA '!J59 -> 3 | J59: =+C59-E59-F59-G59-H59-I59+D59 -> 3 | K59: 10 | L59: 20
A60: 58 | B60: TRAP MÜDÜR KONTRASI | C60: ='KASIM 3 HAFTA '!J60 -> 2 | J60: =+C60-E60-F60-G60-H60-I60+D60 -> 2 | K60: 10 | L60: 20
A61: 59 | B61: TRAP MİSAFİR KONTRASI | C61: ='KASIM 3 HAFTA '!J61 -> 3 | J61: =+C61-E61-F61-G61-H61-I61+D61 -> 3 | K61: 10 | L61: 20
A62: 60 | B62: CARRERA MÜDÜR | C62: ='KASIM 3 HAFTA '!J62 -> 47 | J62: =+C62-E62-F62-G62-H62-I62+D62 -> 47 | K62: 20 | L62: 50
A63: 61 | B63: CARRERA MİSAFİR | C63: ='KASIM 3 HAFTA '!J63 -> 49 | J63: =+C63-E63-F63-G63-H63-I63+D63 -> 49 | K63: 20 | L63: 50
A64: 62 | B64: PERA OTURAK | C64: ='KASIM 3 HAFTA '!J64 -> 132 | G64: 6 | J64: =+C64-E64-F64-G64-H64-I64+D64 -> 126 | K64: 50 | L64: 100
A65: 63 | B65: YENİ MODEL MÜD.SIRT | C65: 140 | J65: =+C65-E65-F65-G65-H65-I65+D65 -> 140
A66: 64 | B66: RUBY MÜDÜR KONTRASI | C66: ='KASIM 3 HAFTA '!J66 -> 6 | G66: 1 | H66: 2 | J66: =+C66-E66-F66-G66-H66-I66+D66 -> 3 | K66: 10 | L66: 20
A67: 65 | B67: RUBY MİSAFİR KONTRASI | C67: ='KASIM 3 HAFTA '!J67 -> 23 | H67: 2 | J67: =+C67-E67-F67-G67-H67-I67+D67 -> 21 | K67: 10 | L67: 20
A68: 66 | B68: LUTZ MÜDÜR KONTRASI | C68: 6 | E68: 1 | J68: =+C68-E68-F68-G68-H68-I68+D68 -> 5 | K68: 10 | L68: 20
A69: 67 | B69: LUTZ MİSAFİR KONTRASI | C69: ='KASIM 3 HAFTA '!J69 -> 23 | E69: 2 | J69: =+C69-E69-F69-G69-H69-I69+D69 -> 21 | K69: 10 | L69: 20
A70: 68 | B70: CLAYTON MÜDÜR KONTRAS | C70: 7 | E70: 1 | J70: =+C70-E70-F70-G70-H70-I70+D70 -> 6 | K70: 10 | L70: 20
A71: 69 | B71: CLAYTON MİSAFİR KONTRAS | C71: 22 | E71: 2 | J71: =+C71-E71-F71-G71-H71-I71+D71 -> 20 | K71: 10 | L71: 20
A72: 70 | B72: CABRIO MÜDÜR KONTRASI | C72: ='KASIM 3 HAFTA '!J72 -> 18 | G72: 3 | J72: =+C72-E72-F72-G72-H72-I72+D72 -> 15 | K72: 10 | L72: 20
A73: 71 | B73: CABRIO MİSAFİR KONTRASI | C73: ='KASIM 3 HAFTA '!J73 -> 38 | G73: 2 | J73: =+C73-E73-F73-G73-H73-I73+D73 -> 36 | K73: 10 | L73: 20
A74: 72 | B74: BARTRA/FLAT/RENGO OTURAK | C74: 247 | E74: 20 | F74: 4 | J74: =+C74-E74-F74-G74-H74-I74+D74 -> 223 | K74: 10 | L74: 20
A75: 73 | B75: BARTRA/FLAT/RENGO SIRT | C75: 107 | J75: =+C75-E75-F75-G75-H75-I75+D75 -> 107 | K75: 10 | L75: 20
A76: 74 | B76: SAFİR MÜDÜR KONTRASI | C76: 49 | E76: 3 | F76: 2 | J76: =+C76-E76-F76-G76-H76-I76+D76 -> 44 | K76: 10 | L76: 20
A77: 75 | B77: BARTRA MÜDÜR KONTRASI | C77: ='KASIM 3 HAFTA '!J77 -> 27 | J77: =+C77-E77-F77-G77-H77-I77+D77 -> 27 | K77: 10 | L77: 20
A78: 76 | B78: FLAT/RENGO/TRAP MÜD.SIRT | C78: 8 | J78: =+C78-E78-F78-G78-H78-I78+D78 -> 8 | K78: 10 | L78: 20

Sheet ARALIK 1 HAFTA
A1: TAHTA SAYIMI | C1: ARALIK 1 HAFTA | L1: 44837
A2: S.NO | B2: CİNSİ | C2: DEVİR | D2: GELEN | E2: 44900 | F2: 44901 | G2: 44902 | H2: 44903 | I2: 44904 | J2: KALAN | K2: MİNİMUN | L2: MAXSİMUN
A3: 1 | B3: SANDALYE TAHTASI | C3: ='KASIM 3 HAFTA '!J3 -> 37 | J3: =+C3-E3-F3-G3-H3-I3+D3 -> 37 | K3: 0
A4: 2 | B4: EKO KLAS MÜDÜR TAHTASI | C4: 0 | J4: =+C4-E4-F4-G4-H4-I4+D4 -> 0 | K4: 0
A5: 3 | B5: KESİLMEMİŞTAHTA | C5: 80 | E5: 2 | J5: =+C5-E5-F5-G5-H5-I5+D5 -> 78 | K5: 0
A6: 4 | B6: RECENT MİSAFİR | C6: ='KASIM 3 HAFTA '!J6 -> 55 | D6: 39 | J6: =+C6-E6-F6-G6-H6-I6+D6 -> 94 | K6: 30 | L6: 100
A7: 5 | B7: RECENT MÜDÜR | C7: 15 | D7: 26 | J7: =+C7-E7-F7-G7-H7-I7+D7 -> 41 | K7: 30 | L7: 100
A8: 6 | B8: PUFFY MİSAFİR | C8: ='KASIM 3 HAFTA '!J8 -> 21 | J8: =+C8-E8-F8-G8-H8-I8+D8 -> 21 | K8: 15 | L8: 50
A9: 7 | B9: PUFFY MÜDÜR | C9: ='KASIM 3 HAFTA '!J9 -> 12 | J9: =+C9-E9-F9-G9-H9-I9+D9 -> 12 | K9: 15 | L9: 30
A10: 8 | B10: KESİLMEMİŞ MÜDÜR KON | C10: 75 | J10: =+C10-E10-F10-G10-H10-I10+D10 -> 75 | K10: 0
A11: 9 | B11: CEZAR MÜDÜR | C11: 15 | E11: 6 | J11: =+C11-E11-F11-G11-H11-I11+D11 -> 9 | K11: 150 | L11: 500
A12: 10 | B12: CEZAR MİSAFİR | C12: 0 | D12: 598 | E12: 22 | I12: 22 | J12: =+C12-E12-F12-G12-H12-I12+D12 -> 554 | K12: 200 | L12: 750
A13: 11 | B13: LENUX MİSAFİR | C13: ='KASIM 3 HAFTA '!J13 -> 78 | J13: =+C13-E13-F13-G13-H13-I13+D13 -> 78 | K13: 10 | L13: 30
A14: 12 | B14: LENUX MÜDÜR | C14: ='KASIM 3 HAFTA '!J14 -> 42 | J14: =+C14-E14-F14-G14-H14-I14+D14 -> 42 | K14: 10 | L14: 20
A15: 13 | B15: WARLCOK MÜDÜR | C15: 93 | J15: =+C15-E15-F15-G15-H15-I15+D15 -> 93 | K15: 10 | L15: 20
A16: 14 | B16: WARLCOK MİSAFİR | C16: ='KASIM 3 HAFTA '!J16 -> 0 | J16: =+C16-E16-F16-G16-H16-I16+D16 -> 0 | K16: 10 | L16: 20
A17: 15 | B17: VİSİON MÜDÜR | C17: 130 | D17: 194 | E17: 25 | F17: 13 | H17: 23 | J17: =+C17-E17-F17-G17-H17-I17+D17 -> 263 | K17: 50 | L17: 200
A18: 16 | B18: VİSİON MİSAFİR | C18: 0 | J18: =+C18-E18-F18-G18-H18-I18+D18 -> 0 | K18: 50 | L18: 150
A19: 17 | B19: PENTA MÜDÜR | C19: 88 | J19: =+C19-E19-F19-G19-H19-I19+D19 -> 88 | K19: 30 | L19: 100
A20: 18 | B20: PENTA MİSAFİR | C20: 56 | J20: =+C20-E20-F20-G20-H20-I20+D20 -> 56 | K20: 30 | L20: 100
A21: 19 | B21: ACTİON MÜDÜR | C21: 13 | D21: 25 | H21: 6 | J21: =+C21-E21-F21-G21-H21-I21+D21 -> 32 | K21: 20 | L21: 50
A22: 20 | B22: TELLY(VOX)OTURAK TAHTASI | C22: 134 | D22: 324 | J22: =+C22-E22-F22-G22-H22-I22+D22 -> 458 | K22: 100 | L22: 300
A23: 21 | B23: CARENS MÜDÜR KONT | C23: ='KASIM 3 HAFTA '!J23 -> 130 | J23: =+C23-E23-F23-G23-H23-I23+D23 -> 130 | K23: 5 | L23: 10
A24: 22 | B24: GRAFTER MÜDÜR | C24: ='KASIM 3 HAFTA '!J24 -> 38 | J24: =+C24-E24-F24-G24-H24-I24+D24 -> 38 | K24: 5 | L24: 10
A25: 23 | B25: GRAFTER MİSAFİR | C25: ='KASIM 3 HAFTA '!J25 -> 7 | J25: =+C25-E25-F25-G25-H25-I25+D25 -> 7 | K25: 5 | L25: 10
A26: 24 | B26: ELNORA -LEGENT MÜDÜR | C26: ='KASIM 3 HAFTA '!J26 -> 223 | J26: =+C26-E26-F26-G26-H26-I26+D26 -> 223 | K26: 100 | L26: 200
A27: 25 | B27: LEGENT MÜDÜR UZUN | C27: ='KASIM 3 HAFTA '!J27 -> 483 | J27: =+C27-E27-F27-G27-H27-I27+D27 -> 483 | K27: 0
A28: 26 | B28: ANFİ TAHTASI | C28: ='KASIM 3 HAFTA '!J28 -> 62 | J28: =+C28-E28-F28-G28-H28-I28+D28 -> 62 | K28: 0
A29: 27 | B29: VEGA SIRT | C29: ='KASIM 3 HAFTA '!J29 -> 13 | J29: =+C29-E29-F29-G29-H29-I29+D29 -> 13 | K29: 0
A30: 28 | B30: VEGA TABAN | C30: ='KASIM 3 HAFTA '!J30 -> 60 | J30: =+C30-E30-F30-G30-H30-I30+D30 -> 60 | K30: 0
A31: 29 | B31: VENESSA MİS.KONTRASI | C31: ='KASIM 3 HAFTA '!J31 -> 0 | J31: =+C31-E31-F31-G31-H31-I31+D31 -> 0 | K31: 0
A32: 30 | B32: POLİ DABAN | C32: 597 | J32: =+C32-E32-F32-G32-H32-I32+D32 -> 597 | K32: 200 | L32: 400
A33: 31 | B33: SANDALYE SIRT | C33: ='KASIM 3 HAFTA '!J33 -> 240 | J33: =+C33-E33-F33-G33-H33-I33+D33 -> 240 | K33: 0
A34: 32 | B34: SANDALYE DABAN | C34: ='KASIM 3 HAFTA '!J34 -> 17 | J34: =+C34-E34-F34-G34-H34-I34+D34 -> 17 | K34: 0
A35: 33 | B35: MİSAFİR SIRT | C35: ='KASIM 3 HAFTA '!J35 -> 29 | J35: =+C35-E35-F35-G35-H35-I35+D35 -> 29 | K35: 0
A36: 34 | B36: VİVA DABAN | C36: 533 | J36: =+C36-E36-F36-G36-H36-I36+D36 -> 533 | K36: 0
A37: 35 | B37: SENS MÜDÜR SIRT | C37: 121 | J37: =+C37-E37-F37-G37-H37-I37+D37 -> 121 | K37: 10 | L37: 30
A38: 36 | B38: ZEUGMA | C38: ='KASIM 3 HAFTA '!J38 -> 36 | J38: =+C38-E38-F38-G38-H38-I38+D38 -> 36 | K38: 10 | L38: 20
A39: 37 | B39: SOVRANO MİSAFİR | C39: ='KASIM 3 HAFTA '!J39 -> 24 | J39: =+C39-E39-F39-G39-H39-I39+D39 -> 24 | K39: 10 | L39: 30
A40: 38 | B40: SOVRANO MÜDÜR | C40: 15 | F40: 6 | J40: =+C40-E40-F40-G40-H40-I40+D40 -> 9 | K40: 20 | L40: 40
A41: 39 | B41: POLO MİSAFİR | C41: 11 | J41: =+C41-E41-F41-G41-H41-I41+D41 -> 11 | K41: 20 | L41: 50
A42: 40 | B42: POLO MÜDÜR | C42: 3 | D42: 65 | F42: 3 | J42: =+C42-E42-F42-G42-H42-I42+D42 -> 65 | K42: 20 | L42: 50
A43: 41 | B43: ELNORA MİSAFİR | C43: 208 | D43: 296 | J43: =+C43-E43-F43-G43-H43-I43+D43 -> 504 | K43: 200 | L43: 400
A44: 42 | B44: STELL MİSAFİR | C44: ='KASIM 3 HAFTA '!J44 -> 149 | J44: =+C44-E44-F44-G44-H44-I44+D44 -> 149 | K44: 5 | L44: 10
A45: 43 | B45: GRANADA MİSAFİR | C45: ='KASIM 3 HAFTA '!J45 -> 42 | J45: =+C45-E45-F45-G45-H45-I45+D45 -> 42 | K45: 10 | L45: 20
A46: 44 | B46: NOWEL MİSAFİR | C46: 60 | J46: =+C46-E46-F46-G46-H46-I46+D46 -> 60 | K46: 15 | L46: 30
A47: 45 | B47: NOWEL MÜDÜR | C47: ='KASIM 3 HAFTA '!J47 -> 24 | J47: =+C47-E47-F47-G47-H47-I47+D47 -> 24 | K47: 15 | L47: 30
A48: 46 | B48: NEVOL MÜDÜR KONT. | C48: ='KASIM 3 HAFTA '!J48 -> 29 | J48: =+C48-E48-F48-G48-H48-I48+D48 -> 29 | K48: 15 | L48: 30
A49: 47 | B49: GRANADA MÜDÜR | C49: ='KASIM 3 HAFTA '!J49 -> 38 | J49: =+C49-E49-F49-G49-H49-I49+D49 -> 38 | K49: 10 | L49: 20
A50: 48 | B50: EXPERİA OTURAK | C50: 18 | E50: 1 | J50: =+C50-E50-F50-G50-H50-I50+D50 -> 17 | K50: 50 | L50: 100
A51: 49 | B51: EXPERİA MÜDÜR | C51: 227 | H51: 2 | J51: =+C51-E51-F51-G51-H51-I51+D51 -> 225 | K51: 10 | L51: 20
A52: 50 | B52: EXPERİA MİSAFİR | C52: 63 | J52: =+C52-E52-F52-G52-H52-I52+D52 -> 63 | K52: 10 | L52: 20
A53: 51 | B53: KİMERA MÜDÜR | C53: 24 | J53: =+C53-E53-F53-G53-H53-I53+D53 -> 24 | K53: 10 | L53: 20
A54: 52 | B54: VİENTO MİSAFİR | C54: ='KASIM 3 HAFTA '!J54 -> 43 | J54: =+C54-E54-F54-G54-H54-I54+D54 -> 43 | K54: 0
A55: 53 | B55: MAKER BERBER KOLT. | C55: ='KASIM 3 HAFTA '!J55 -> 77 | J55: =+C55-E55-F55-G55-H55-I55+D55 -> 77 | K55: 0
A56: 54 | B56: BAYAN BERBER | C56: ='KASIM 3 HAFTA '!J56 -> 230 | J56: =+C56-E56-F56-G56-H56-I56+D56 -> 230 | K56: 0
A57: 55 | B57: MUTFAK SAND. OTURAK | C57: ='KASIM 3 HAFTA '!J57 -> 76 | J57: =+C57-E57-F57-G57-H57-I57+D57 -> 76 | K57: 0
A58: 56 | B58: PİRAMİT MÜDÜR KONT. | C58: 14 | J58: =+C58-E58-F58-G58-H58-I58+D58 -> 14 | K58: 10 | L58: 20
A59: 57 | B59: PLAT MÜDÜR KONTRASI | C59: ='KASIM 3 HAFTA '!J59 -> 3 | J59: =+C59-E59-F59-G59-H59-I59+D59 -> 3 | K59: 10 | L59: 20
A60: 58 | B60: TRAP MÜDÜR KONTRASI | C60: ='KASIM 3 HAFTA '!J60 -> 2 | D60: 0 | J60: =+C60-E60-F60-G60-H60-I60+D60 -> 2 | K60: 10 | L60: 20
A61: 59 | B61: TRAP MİSAFİR KONTRASI | C61: ='KASIM 3 HAFTA '!J61 -> 3 | J61: =+C61-E61-F61-G61-H61-I61+D61 -> 3 | K61: 10 | L61: 20
A62: 60 | B62: CARRERA MÜDÜR | C62: ='KASIM 3 HAFTA '!J62 -> 47 | J62: =+C62-E62-F62-G62-H62-I62+D62 -> 47 | K62: 20 | L62: 50
A63: 61 | B63: CARRERA MİSAFİR | C63: ='KASIM 3 HAFTA '!J63 -> 49 | J63: =+C63-E63-F63-G63-H63-I63+D63 -> 49 | K63: 20 | L63: 50
A64: 62 | B64: PERA OTURAK | C64: 126 | J64: =+C64-E64-F64-G64-H64-I64+D64 -> 126 | K64: 50 | L64: 100
A65: 63 | B65: YENİ MODEL MÜD.SIRT | C65: 140 | H65: 4 | J65: =+C65-E65-F65-G65-H65-I65+D65 -> 136
A66: 64 | B66: RUBY MÜDÜR KONTRASI | C66: 3 | D66: 20 | J66: =+C66-E66-F66-G66-H66-I66+D66 -> 23 | K66: 10 | L66: 20
A67: 65 | B67: RUBY MİSAFİR KONTRASI | C67: 21 | D67: 65 | J67: =+C67-E67-F67-G67-H67-I67+D67 -> 86 | K67: 10 | L67: 20
A68: 66 | B68: LUTZ MÜDÜR KONTRASI | C68: 5 | D68: 20 | J68: =+C68-E68-F68-G68-H68-I68+D68 -> 25 | K68: 10 | L68: 20
A69: 67 | B69: LUTZ MİSAFİR KONTRASI | C69: 21 | D69: 65 | J69: =+C69-E69-F69-G69-H69-I69+D69 -> 86 | K69: 10 | L69: 20
A70: 68 | B70: CLAYTON MÜDÜR KONTRAS | C70: 6 | J70: =+C70-E70-F70-G70-H70-I70+D70 -> 6 | K70: 10 | L70: 20
A71: 69 | B71: CLAYTON MİSAFİR KONTRAS | C71: 20 | D71: 65 | J71: =+C71-E71-F71-G71-H71-I71+D71 -> 85 | K71: 10 | L71: 20
A72: 70 | B72: CABRIO MÜDÜR KONTRASI | C72: 15 | J72: =+C72-E72-F72-G72-H72-I72+D72 -> 15 | K72: 10 | L72: 20
A73: 71 | B73: CABRIO MİSAFİR KONTRASI | C73: 36 | J73: =+C73-E73-F73-G73-H73-I73+D73 -> 36 | K73: 10 | L73: 20
A74: 72 | B74: BARTRA/FLAT/RENGO OTURAK | C74: 223 | D74: 255 | H74: 19 | J74: =+C74-E74-F74-G74-H74-I74+D74 -> 459 | K74: 10 | L74: 20
A75: 73 | B75: BARTRA/FLAT/RENGO MİS.SIRT | C75: 107 | D75: 241 | J75: =+C75-E75-F75-G75-H75-I75+D75 -> 348 | K75: 10 | L75: 20
A76: 74 | B76: SAFİR MÜDÜR KONTRASI | C76: 44 | D76: 20 | H76: 2 | J76: =+C76-E76-F76-G76-H76-I76+D76 -> 62 | K76: 10 | L76: 20
A77: 75 | B77: BARTRA MÜDÜR KONTRASI | C77: ='KASIM 3 HAFTA '!J77 -> 27 | D77: 20 | H77: 2 | J77: =+C77-E77-F77-G77-H77-I77+D77 -> 45 | K77: 10 | L77: 20
A78: 76 | B78: FLAT/RENGO/TRAP MÜD.SIRT | C78: 8 | D78: 94 | H78: 2 | J78: =+C78-E78-F78-G78-H78-I78+D78 -> 100 | K78: 10 | L78: 20

Sheet ARALIK 2 HAFTA 
A1: TAHTA SAYIMI | C1: ARALIK 2 HAFTA | L1: 44837
A2: S.NO | B2: CİNSİ | C2: DEVİR | D2: GELEN | E2: 44907 | F2: 44908 | G2: 44909 | H2: 44910 | I2: 44911 | J2: KALAN | K2: MİNİMUN | L2: MAXSİMUN
A3: 1 | B3: SANDALYE TAHTASI | C3: ='KASIM 3 HAFTA '!J3 -> 37 | J3: =+C3-E3-F3-G3-H3-I3+D3 -> 37 | K3: 0
A4: 2 | B4: EKO KLAS MÜDÜR TAHTASI | C4: 0 | J4: =+C4-E4-F4-G4-H4-I4+D4 -> 0 | K4: 0
A5: 3 | B5: KESİLMEMİŞTAHTA | C5: 78 | J5: =+C5-E5-F5-G5-H5-I5+D5 -> 78 | K5: 0
A6: 4 | B6: RECENT MİSAFİR | C6: 94 | J6: =+C6-E6-F6-G6-H6-I6+D6 -> 94 | K6: 30 | L6: 100
A7: 5 | B7: RECENT MÜDÜR | C7: 41 | J7: =+C7-E7-F7-G7-H7-I7+D7 -> 41 | K7: 30 | L7: 100
A8: 6 | B8: PUFFY MİSAFİR | C8: ='KASIM 3 HAFTA '!J8 -> 21 | E8: 4 | J8: =+C8-E8-F8-G8-H8-I8+D8 -> 17 | K8: 15 | L8: 50
A9: 7 | B9: PUFFY MÜDÜR | C9: ='KASIM 3 HAFTA '!J9 -> 12 | J9: =+C9-E9-F9-G9-H9-I9+D9 -> 12 | K9: 15 | L9: 30
A10: 8 | B10: KESİLMEMİŞ MÜDÜR KON | C10: 75 | J10: =+C10-E10-F10-G10-H10-I10+D10 -> 75 | K10: 0
A11: 9 | B11: CEZAR MÜDÜR | C11: 9 | D11: 190 | H11: 20 | J11: =+C11-E11-F11-G11-H11-I11+D11 -> 179 | K11: 150 | L11: 500
A12: 10 | B12: CEZAR MİSAFİR | C12: 554 | D12: 103 | I12: 85 | J12: =+C12-E12-F12-G12-H12-I12+D12 -> 572 | K12: 200 | L12: 750
A13: 11 | B13: LENUX MİSAFİR | C13: ='KASIM 3 HAFTA '!J13 -> 78 | J13: =+C13-E13-F13-G13-H13-I13+D13 -> 78 | K13: 10 | L13: 30
A14: 12 | B14: LENUX MÜDÜR | C14: ='KASIM 3 HAFTA '!J14 -> 42 | J14: =+C14-E14-F14-G14-H14-I14+D14 -> 42 | K14: 10 | L14: 20
A15: 13 | B15: WARLCOK MÜDÜR | C15: 93 | J15: =+C15-E15-F15-G15-H15-I15+D15 -> 93 | K15: 10 | L15: 20
A16: 14 | B16: WARLCOK MİSAFİR | C16: ='KASIM 3 HAFTA '!J16 -> 0 | J16: =+C16-E16-F16-G16-H16-I16+D16 -> 0 | K16: 10 | L16: 20
A17: 15 | B17: VİSİON MÜDÜR/RETRO | C17: 263 | E17: 10 | H17: 20 | J17: =+C17-E17-F17-G17-H17-I17+D17 -> 233 | K17: 50 | L17: 200
A18: 16 | B18: VİSİON MİSAFİR | C18: 0 | D18: 84 | I18: 18 | J18: =+C18-E18-F18-G18-H18-I18+D18 -> 66 | K18: 50 | L18: 150
A19: 17 | B19: PENTA MÜDÜR | C19: 88 | F19: 8 | J19: =+C19-E19-F19-G19-H19-I19+D19 -> 80 | K19: 30 | L19: 100
A20: 18 | B20: PENTA MİSAFİR | C20: 56 | J20: =+C20-E20-F20-G20-H20-I20+D20 -> 56 | K20: 30 | L20: 100
A21: 19 | B21: ACTİON MÜDÜR | C21: 32 | G21: 2 | J21: =+C21-E21-F21-G21-H21-I21+D21 -> 30 | K21: 20 | L21: 50
A22: 20 | B22: TELLY(VOX)OTURAK TAHTASI | C22: 458 | J22: =+C22-E22-F22-G22-H22-I22+D22 -> 458 | K22: 100 | L22: 300
A23: 21 | B23: CARENS MÜDÜR KONT | C23: ='KASIM 3 HAFTA '!J23 -> 130 | E23: 5 | J23: =+C23-E23-F23-G23-H23-I23+D23 -> 125 | K23: 5 | L23: 10
A24: 22 | B24: GRAFTER MÜDÜR | C24: ='KASIM 3 HAFTA '!J24 -> 38 | J24: =+C24-E24-F24-G24-H24-I24+D24 -> 38 | K24: 5 | L24: 10
A25: 23 | B25: GRAFTER MİSAFİR | C25: ='KASIM 3 HAFTA '!J25 -> 7 | J25: =+C25-E25-F25-G25-H25-I25+D25 -> 7 | K25: 5 | L25: 10
A26: 24 | B26: ELNORA -LEGENT MÜDÜR | C26: ='KASIM 3 HAFTA '!J26 -> 223 | J26: =+C26-E26-F26-G26-H26-I26+D26 -> 223 | K26: 100 | L26: 200
A27: 25 | B27: LEGENT MÜDÜR UZUN | C27: ='KASIM 3 HAFTA '!J27 -> 483 | J27: =+C27-E27-F27-G27-H27-I27+D27 -> 483 | K27: 0
A28: 26 | B28: ANFİ TAHTASI | C28: ='KASIM 3 HAFTA '!J28 -> 62 | J28: =+C28-E28-F28-G28-H28-I28+D28 -> 62 | K28: 0
A29: 27 | B29: VEGA SIRT | C29: ='KASIM 3 HAFTA '!J29 -> 13 | J29: =+C29-E29-F29-G29-H29-I29+D29 -> 13 | K29: 0
A30: 28 | B30: VEGA TABAN | C30: ='KASIM 3 HAFTA '!J30 -> 60 | J30: =+C30-E30-F30-G30-H30-I30+D30 -> 60 | K30: 0
A31: 29 | B31: VENESSA MİS.KONTRASI | C31: ='KASIM 3 HAFTA '!J31 -> 0 | J31: =+C31-E31-F31-G31-H31-I31+D31 -> 0 | K31: 0
A32: 30 | B32: POLİ DABAN | C32: 597 | J32: =+C32-E32-F32-G32-H32-I32+D32 -> 597 | K32: 200 | L32: 400
A33: 31 | B33: SANDALYE SIRT | C33: ='KASIM 3 HAFTA '!J33 -> 240 | J33: =+C33-E33-F33-G33-H33-I33+D33 -> 240 | K33: 0
A34: 32 | B34: SANDALYE DABAN | C34: ='KASIM 3 HAFTA '!J34 -> 17 | J34: =+C34-E34-F34-G34-H34-I34+D34 -> 17 | K34: 0
A35: 33 | B35: MİSAFİR SIRT | C35: ='KASIM 3 HAFTA '!J35 -> 29 | J35: =+C35-E35-F35-G35-H35-I35+D35 -> 29 | K35: 0
A36: 34 | B36: VİVA DABAN | C36: 533 | J36: =+C36-E36-F36-G36-H36-I36+D36 -> 533 | K36: 0
A37: 35 | B37: SENS MÜDÜR SIRT | C37: 121 | G37: 2 | J37: =+C37-E37-F37-G37-H37-I37+D37 -> 119 | K37: 10 | L37: 30
A38: 36 | B38: ZEUGMA | C38: ='KASIM 3 HAFTA '!J38 -> 36 | J38: =+C38-E38-F38-G38-H38-I38+D38 -> 36 | K38: 10 | L38: 20
A39: 37 | B39: SOVRANO MİSAFİR | C39: ='KASIM 3 HAFTA '!J39 -> 24 | J39: =+C39-E39-F39-G39-H39-I39+D39 -> 24 | K39: 10 | L39: 30
A40: 38 | B40: SOVRANO MÜDÜR | C40: 9 | J40: =+C40-E40-F40-G40-H40-I40+D40 -> 9 | K40: 20 | L40: 40
A41: 39 | B41: POLO MİSAFİR | C41: 11 | E41: 4 | I41: 2 | J41: =+C41-E41-F41-G41-H41-I41+D41 -> 5 | K41: 20 | L41: 50
A42: 40 | B42: POLO MÜDÜR | C42: 65 | I42: 2 | J42: =+C42-E42-F42-G42-H42-I42+D42 -> 63 | K42: 20 | L42: 50
A43: 41 | B43: ELNORA MİSAFİR | C43: 504 | E43: 265 | H43: 135 | I43: 12 | J43: =+C43-E43-F43-G43-H43-I43+D43 -> 92 | K43: 200 | L43: 400
A44: 42 | B44: STELL MİSAFİR | C44: ='KASIM 3 HAFTA '!J44 -> 149 | J44: =+C44-E44-F44-G44-H44-I44+D44 -> 149 | K44: 5 | L44: 10
A45: 43 | B45: GRANADA MİSAFİR | C45: ='KASIM 3 HAFTA '!J45 -> 42 | J45: =+C45-E45-F45-G45-H45-I45+D45 -> 42 | K45: 10 | L45: 20
A46: 44 | B46: NOWEL MİSAFİR | C46: 60 | J46: =+C46-E46-F46-G46-H46-I46+D46 -> 60 | K46: 15 | L46: 30
A47: 45 | B47: NOWEL MÜDÜR | C47: ='KASIM 3 HAFTA '!J47 -> 24 | F47: 3 | J47: =+C47-E47-F47-G47-H47-I47+D47 -> 21 | K47: 15 | L47: 30
A48: 46 | B48: NEVOL MÜDÜR KONT. | C48: ='KASIM 3 HAFTA '!J48 -> 29 | J48: =+C48-E48-F48-G48-H48-I48+D48 -> 29 | K48: 15 | L48: 30
A49: 47 | B49: GRANADA MÜDÜR | C49: ='KASIM 3 HAFTA '!J49 -> 38 | J49: =+C49-E49-F49-G49-H49-I49+D49 -> 38 | K49: 10 | L49: 20
A50: 48 | B50: EXPERİA OTURAK | C50: 17 | G50: 5 | J50: =+C50-E50-F50-G50-H50-I50+D50 -> 12 | K50: 50 | L50: 100
A51: 49 | B51: EXPERİA MÜDÜR | C51: 225 | J51: =+C51-E51-F51-G51-H51-I51+D51 -> 225 | K51: 10 | L51: 20
A52: 50 | B52: EXPERİA MİSAFİR | C52: 63 | J52: =+C52-E52-F52-G52-H52-I52+D52 -> 63 | K52: 10 | L52: 20
A53: 51 | B53: KİMERA MÜDÜR | C53: 24 | J53: =+C53-E53-F53-G53-H53-I53+D53 -> 24 | K53: 10 | L53: 20
A54: 52 | B54: VİENTO MİSAFİR | C54: ='KASIM 3 HAFTA '!J54 -> 43 | J54: =+C54-E54-F54-G54-H54-I54+D54 -> 43 | K54: 0
A55: 53 | B55: MAKER BERBER KOLT. | C55: ='KASIM 3 HAFTA '!J55 -> 77 | I55: 2 | J55: =+C55-E55-F55-G55-H55-I55+D55 -> 75 | K55: 0
A56: 54 | B56: BAYAN BERBER | C56: ='KASIM 3 HAFTA '!J56 -> 230 | J56: =+C56-E56-F56-G56-H56-I56+D56 -> 230 | K56: 0
A57: 55 | B57: MUTFAK SAND. OTURAK | C57: ='KASIM 3 HAFTA '!J57 -> 76 | J57: =+C57-E57-F57-G57-H57-I57+D57 -> 76 | K57: 0
A58: 56 | B58: PİRAMİT MÜDÜR KONT. | C58: 14 | J58: =+C58-E58-F58-G58-H58-I58+D58 -> 14 | K58: 10 | L58: 20
A59: 57 | B59: PLAT MÜDÜR KONTRASI | C59: ='KASIM 3 HAFTA '!J59 -> 3 | J59: =+C59-E59-F59-G59-H59-I59+D59 -> 3 | K59: 10 | L59: 20
A60: 58 | B60: TRAP MÜDÜR KONTRASI | C60: ='KASIM 3 HAFTA '!J60 -> 2 | J60: =+C60-E60-F60-G60-H60-I60+D60 -> 2 | K60: 10 | L60: 20
A61: 59 | B61: TRAP MİSAFİR KONTRASI | C61: ='KASIM 3 HAFTA '!J61 -> 3 | J61: =+C61-E61-F61-G61-H61-I61+D61 -> 3 | K61: 10 | L61: 20
A62: 60 | B62: CARRERA MÜDÜR | C62: ='KASIM 3 HAFTA '!J62 -> 47 | J62: =+C62-E62-F62-G62-H62-I62+D62 -> 47 | K62: 20 | L62: 50
A63: 61 | B63: CARRERA MİSAFİR | C63: ='KASIM 3 HAFTA '!J63 -> 49 | J63: =+C63-E63-F63-G63-H63-I63+D63 -> 49 | K63: 20 | L63: 50
A64: 62 | B64: PERA OTURAK | C64: 126 | J64: =+C64-E64-F64-G64-H64-I64+D64 -> 126 | K64: 50 | L64: 100
A65: 63 | B65: YENİ MODEL MÜD.SIRT | C65: 136 | F65: 0 | J65: =+C65-E65-F65-G65-H65-I65+D65 -> 136
A66: 64 | B66: RUBY MÜDÜR KONTRASI | C66: 23 | D66: 30 | J66: =+C66-E66-F66-G66-H66-I66+D66 -> 53 | K66: 10 | L66: 20
A67: 65 | B67: RUBY MİSAFİR KONTRASI | C67: 86 | J67: =+C67-E67-F67-G67-H67-I67+D67 -> 86 | K67: 10 | L67: 20
A68: 66 | B68: LUTZ MÜDÜR KONTRASI | C68: 25 | F68: 6 | J68: =+C68-E68-F68-G68-H68-I68+D68 -> 19 | K68: 10 | L68: 20
A69: 67 | B69: LUTZ MİSAFİR KONTRASI | C69: 86 | J69: =+C69-E69-F69-G69-H69-I69+D69 -> 86 | K69: 10 | L69: 20
A70: 68 | B70: CLAYTON MÜDÜR KONTRAS | C70: 6 | J70: =+C70-E70-F70-G70-H70-I70+D70 -> 6 | K70: 10 | L70: 20
A71: 69 | B71: CLAYTON MİSAFİR KONTRAS | C71: 85 | J71: =+C71-E71-F71-G71-H71-I71+D71 -> 85 | K71: 10 | L71: 20
A72: 70 | B72: CABRIO MÜDÜR KONTRASI | C72: 15 | J72: =+C72-E72-F72-G72-H72-I72+D72 -> 15 | K72: 10 | L72: 20
A73: 71 | B73: CABRIO MİSAFİR KONTRASI | C73: 36 | J73: =+C73-E73-F73-G73-H73-I73+D73 -> 36 | K73: 10 | L73: 20
A74: 72 | B74: BARTRA/FLAT/RENGO OTURAK | C74: 459 | F74: 76 | H74: 14 | I74: 24 | J74: =+C74-E74-F74-G74-H74-I74+D74 -> 345 | K74: 10 | L74: 20
A75: 73 | B75: BARTRA/FLAT/RENGO MİS.SIRT | C75: 348 | I75: 20 | J75: =+C75-E75-F75-G75-H75-I75+D75 -> 328 | K75: 10 | L75: 20
A76: 74 | B76: SAFİR MÜDÜR KONTRASI | C76: 62 | J76: =+C76-E76-F76-G76-H76-I76+D76 -> 62 | K76: 10 | L76: 20
A77: 75 | B77: BARTRA MÜDÜR KONTRASI | C77: 45 | F77: 0 | J77: =+C77-E77-F77-G77-H77-I77+D77 -> 45 | K77: 10 | L77: 20
A78: 76 | B78: FLAT/RENGO/TRAP MÜD.SIRT | C78: 100 | G78: 23 | J78: =+C78-E78-F78-G78-H78-I78+D78 -> 77 | K78: 10 | L78: 20

Sheet ARALIK 3 HAFTA 
A1: TAHTA SAYIMI | C1: ARALIK 3. HAFTA | L1: 44837
A2: S.NO | B2: CİNSİ | C2: DEVİR | D2: GELEN | E2: 44914 | F2: 44915 | G2: 44916 | H2: 44917 | I2: 44918 | J2: KALAN | K2: MİNİMUN | L2: MAXSİMUN
A3: 1 | B3: SANDALYE TAHTASI | C3: ='KASIM 3 HAFTA '!J3 -> 37 | J3: =+C3-E3-F3-G3-H3-I3+D3 -> 37 | K3: 0
A4: 2 | B4: EKO KLAS MÜDÜR TAHTASI | C4: 0 | J4: =+C4-E4-F4-G4-H4-I4+D4 -> 0 | K4: 0
A5: 3 | B5: KESİLMEMİŞTAHTA | C5: 78 | J5: =+C5-E5-F5-G5-H5-I5+D5 -> 78 | K5: 0
A6: 4 | B6: RECENT MİSAFİR | C6: 94 | J6: =+C6-E6-F6-G6-H6-I6+D6 -> 94 | K6: 30 | L6: 100
A7: 5 | B7: RECENT MÜDÜR | C7: 41 | E7: 12 | H7: 1 | I7: 5 | J7: =+C7-E7-F7-G7-H7-I7+D7 -> 23 | K7: 30 | L7: 100
A8: 6 | B8: PUFFY MİSAFİR | C8: 17 | I8: 4 | J8: =+C8-E8-F8-G8-H8-I8+D8 -> 13 | K8: 15 | L8: 50
A9: 7 | B9: PUFFY MÜDÜR | C9: ='KASIM 3 HAFTA '!J9 -> 12 | J9: =+C9-E9-F9-G9-H9-I9+D9 -> 12 | K9: 15 | L9: 30
A10: 8 | B10: KESİLMEMİŞ MÜDÜR KON | C10: 75 | J10: =+C10-E10-F10-G10-H10-I10+D10 -> 75 | K10: 0
A11: 9 | B11: CEZAR MÜDÜR | C11: 179 | E11: 54 | F11: 0 | I11: 45 | J11: =+C11-E11-F11-G11-H11-I11+D11 -> 80 | K11: 150 | L11: 500
A12: 10 | B12: CEZAR MİSAFİR | C12: 572 | F12: 80 | G12: 50 | J12: =+C12-E12-F12-G12-H12-I12+D12 -> 442 | K12: 200 | L12: 750
A13: 11 | B13: LENUX MİSAFİR | C13: ='KASIM 3 HAFTA '!J13 -> 78 | J13: =+C13-E13-F13-G13-H13-I13+D13 -> 78 | K13: 10 | L13: 30
A14: 12 | B14: LENUX MÜDÜR | C14: ='KASIM 3 HAFTA '!J14 -> 42 | J14: =+C14-E14-F14-G14-H14-I14+D14 -> 42 | K14: 10 | L14: 20
A15: 13 | B15: WARLCOK MÜDÜR | C15: 93 | J15: =+C15-E15-F15-G15-H15-I15+D15 -> 93 | K15: 10 | L15: 20
A16: 14 | B16: WARLCOK MİSAFİR | C16: ='KASIM 3 HAFTA '!J16 -> 0 | J16: =+C16-E16-F16-G16-H16-I16+D16 -> 0 | K16: 10 | L16: 20
A17: 15 | B17: VİSİON MÜDÜR/RETRO | C17: 233 | D17: 42 | E17: 4 | G17: 13 | H17: 1 | J17: =+C17-E17-F17-G17-H17-I17+D17 -> 257 | K17: 50 | L17: 200
A18: 16 | B18: VİSİON MİSAFİR | C18: 66 | D18: 102 | E18: 2 | G18: 6 | H18: 4 | J18: =+C18-E18-F18-G18-H18-I18+D18 -> 156 | K18: 50 | L18: 150
A19: 17 | B19: PENTA MÜDÜR | C19: 80 | J19: =+C19-E19-F19-G19-H19-I19+D19 -> 80 | K19: 30 | L19: 100
A20: 18 | B20: PENTA MİSAFİR | C20: 56 | J20: =+C20-E20-F20-G20-H20-I20+D20 -> 56 | K20: 30 | L20: 100
A21: 19 | B21: ACTİON MÜDÜR | C21: 30 | E21: 6 | J21: =+C21-E21-F21-G21-H21-I21+D21 -> 24 | K21: 20 | L21: 50
A22: 20 | B22: TELLY(VOX)OTURAK TAHTASI | C22: 458 | H22: 13 | J22: =+C22-E22-F22-G22-H22-I22+D22 -> 445 | K22: 100 | L22: 300
A23: 21 | B23: CARENS MÜDÜR KONT | C23: 125 | H23: 1 | J23: =+C23-E23-F23-G23-H23-I23+D23 -> 124 | K23: 5 | L23: 10
A24: 22 | B24: GRAFTER MÜDÜR | C24: ='KASIM 3 HAFTA '!J24 -> 38 | J24: =+C24-E24-F24-G24-H24-I24+D24 -> 38 | K24: 5 | L24: 10
A25: 23 | B25: GRAFTER MİSAFİR | C25: ='KASIM 3 HAFTA '!J25 -> 7 | J25: =+C25-E25-F25-G25-H25-I25+D25 -> 7 | K25: 5 | L25: 10
A26: 24 | B26: ELNORA -LEGENT MÜDÜR | C26: ='KASIM 3 HAFTA '!J26 -> 223 | J26: =+C26-E26-F26-G26-H26-I26+D26 -> 223 | K26: 100 | L26: 200
A27: 25 | B27: LEGENT MÜDÜR UZUN | C27: ='KASIM 3 HAFTA '!J27 -> 483 | J27: =+C27-E27-F27-G27-H27-I27+D27 -> 483 | K27: 0
A28: 26 | B28: ANFİ TAHTASI | C28: ='KASIM 3 HAFTA '!J28 -> 62 | J28: =+C28-E28-F28-G28-H28-I28+D28 -> 62 | K28: 0
A29: 27 | B29: VEGA SIRT | C29: ='KASIM 3 HAFTA '!J29 -> 13 | J29: =+C29-E29-F29-G29-H29-I29+D29 -> 13 | K29: 0
A30: 28 | B30: VEGA TABAN | C30: ='KASIM 3 HAFTA '!J30 -> 60 | J30: =+C30-E30-F30-G30-H30-I30+D30 -> 60 | K30: 0
A31: 29 | B31: VENESSA MİS.KONTRASI | C31: ='KASIM 3 HAFTA '!J31 -> 0 | J31: =+C31-E31-F31-G31-H31-I31+D31 -> 0 | K31: 0
A32: 30 | B32: POLİ DABAN | C32: 597 | G32: 5 | H32: 50 | J32: =+C32-E32-F32-G32-H32-I32+D32 -> 542 | K32: 200 | L32: 400
A33: 31 | B33: SANDALYE SIRT | C33: ='KASIM 3 HAFTA '!J33 -> 240 | J33: =+C33-E33-F33-G33-H33-I33+D33 -> 240 | K33: 0
A34: 32 | B34: SANDALYE DABAN | C34: ='KASIM 3 HAFTA '!J34 -> 17 | J34: =+C34-E34-F34-G34-H34-I34+D34 -> 17 | K34: 0
A35: 33 | B35: MİSAFİR SIRT | C35: ='KASIM 3 HAFTA '!J35 -> 29 | J35: =+C35-E35-F35-G35-H35-I35+D35 -> 29 | K35: 0
A36: 34 | B36: VİVA DABAN | C36: 533 | J36: =+C36-E36-F36-G36-H36-I36+D36 -> 533 | K36: 0
A37: 35 | B37: SENS MÜDÜR SIRT | C37: 119 | J37: =+C37-E37-F37-G37-H37-I37+D37 -> 119 | K37: 10 | L37: 30
A38: 36 | B38: ZEUGMA | C38: ='KASIM 3 HAFTA '!J38 -> 36 | J38: =+C38-E38-F38-G38-H38-I38+D38 -> 36 | K38: 10 | L38: 20
A39: 37 | B39: SOVRANO MİSAFİR | C39: ='KASIM 3 HAFTA '!J39 -> 24 | J39: =+C39-E39-F39-G39-H39-I39+D39 -> 24 | K39: 10 | L39: 30
A40: 38 | B40: SOVRANO MÜDÜR | C40: 9 | J40: =+C40-E40-F40-G40-H40-I40+D40 -> 9 | K40: 20 | L40: 40
A41: 39 | B41: POLO MİSAFİR | C41: 5 | H41: 4 | J41: =+C41-E41-F41-G41-H41-I41+D41 -> 1 | K41: 20 | L41: 50
A42: 40 | B42: POLO MÜDÜR | C42: 63 | H42: 10 | I42: 2 | J42: =+C42-E42-F42-G42-H42-I42+D42 -> 51 | K42: 20 | L42: 50
A43: 41 | B43: ELNORA MİSAFİR | C43: 92 | J43: =+C43-E43-F43-G43-H43-I43+D43 -> 92 | K43: 200 | L43: 400
A44: 42 | B44: STELL MİSAFİR | C44: ='KASIM 3 HAFTA '!J44 -> 149 | F44: 4 | J44: =+C44-E44-F44-G44-H44-I44+D44 -> 145 | K44: 5 | L44: 10
A45: 43 | B45: GRANADA MİSAFİR | C45: ='KASIM 3 HAFTA '!J45 -> 42 | J45: =+C45-E45-F45-G45-H45-I45+D45 -> 42 | K45: 10 | L45: 20
A46: 44 | B46: NOWEL MİSAFİR | C46: 60 | J46: =+C46-E46-F46-G46-H46-I46+D46 -> 60 | K46: 15 | L46: 30
A47: 45 | B47: NOWEL MÜDÜR | C47: 21 | J47: =+C47-E47-F47-G47-H47-I47+D47 -> 21 | K47: 15 | L47: 30
A48: 46 | B48: NEVOL MÜDÜR KONT. | C48: ='KASIM 3 HAFTA '!J48 -> 29 | J48: =+C48-E48-F48-G48-H48-I48+D48 -> 29 | K48: 15 | L48: 30
A49: 47 | B49: GRANADA MÜDÜR | C49: ='KASIM 3 HAFTA '!J49 -> 38 | J49: =+C49-E49-F49-G49-H49-I49+D49 -> 38 | K49: 10 | L49: 20
A50: 48 | B50: EXPERİA OTURAK | C50: 12 | J50: =+C50-E50-F50-G50-H50-I50+D50 -> 12 | K50: 50 | L50: 100
A51: 49 | B51: EXPERİA MÜDÜR | C51: 225 | J51: =+C51-E51-F51-G51-H51-I51+D51 -> 225 | K51: 10 | L51: 20
A52: 50 | B52: EXPERİA MİSAFİR | C52: 63 | J52: =+C52-E52-F52-G52-H52-I52+D52 -> 63 | K52: 10 | L52: 20
A53: 51 | B53: KİMERA MÜDÜR | C53: 24 | J53: =+C53-E53-F53-G53-H53-I53+D53 -> 24 | K53: 10 | L53: 20
A54: 52 | B54: VİENTO MİSAFİR | C54: ='KASIM 3 HAFTA '!J54 -> 43 | J54: =+C54-E54-F54-G54-H54-I54+D54 -> 43 | K54: 0
A55: 53 | B55: MAKER BERBER KOLT. | C55: 75 | J55: =+C55-E55-F55-G55-H55-I55+D55 -> 75 | K55: 0
A56: 54 | B56: BAYAN BERBER | C56: ='KASIM 3 HAFTA '!J56 -> 230 | J56: =+C56-E56-F56-G56-H56-I56+D56 -> 230 | K56: 0
A57: 55 | B57: MUTFAK SAND. OTURAK | C57: ='KASIM 3 HAFTA '!J57 -> 76 | J57: =+C57-E57-F57-G57-H57-I57+D57 -> 76 | K57: 0
A58: 56 | B58: PİRAMİT MÜDÜR KONT. | C58: 14 | J58: =+C58-E58-F58-G58-H58-I58+D58 -> 14 | K58: 10 | L58: 20
A59: 57 | B59: PLAT MÜDÜR KONTRASI | C59: ='KASIM 3 HAFTA '!J59 -> 3 | J59: =+C59-E59-F59-G59-H59-I59+D59 -> 3 | K59: 10 | L59: 20
A60: 58 | B60: TRAP MÜDÜR KONTRASI | C60: ='KASIM 3 HAFTA '!J60 -> 2 | J60: =+C60-E60-F60-G60-H60-I60+D60 -> 2 | K60: 10 | L60: 20
A61: 59 | B61: TRAP MİSAFİR KONTRASI | C61: ='KASIM 3 HAFTA '!J61 -> 3 | J61: =+C61-E61-F61-G61-H61-I61+D61 -> 3 | K61: 10 | L61: 20
A62: 60 | B62: CARRERA MÜDÜR | C62: ='KASIM 3 HAFTA '!J62 -> 47 | J62: =+C62-E62-F62-G62-H62-I62+D62 -> 47 | K62: 20 | L62: 50
A63: 61 | B63: CARRERA MİSAFİR | C63: ='KASIM 3 HAFTA '!J63 -> 49 | J63: =+C63-E63-F63-G63-H63-I63+D63 -> 49 | K63: 20 | L63: 50
A64: 62 | B64: PERA OTURAK | C64: 126 | H64: 20 | J64: =+C64-E64-F64-G64-H64-I64+D64 -> 106 | K64: 50 | L64: 100
A65: 63 | B65: YENİ MODEL MÜD.SIRT | C65: 136 | J65: =+C65-E65-F65-G65-H65-I65+D65 -> 136
A66: 64 | B66: RUBY MÜDÜR KONTRASI | C66: 53 | J66: =+C66-E66-F66-G66-H66-I66+D66 -> 53 | K66: 10 | L66: 20
A67: 65 | B67: RUBY MİSAFİR KONTRASI | C67: 86 | J67: =+C67-E67-F67-G67-H67-I67+D67 -> 86 | K67: 10 | L67: 20
A68: 66 | B68: LUTZ MÜDÜR KONTRASI | C68: 19 | D68: 50 | J68: =+C68-E68-F68-G68-H68-I68+D68 -> 69 | K68: 10 | L68: 20
A69: 67 | B69: LUTZ MİSAFİR KONTRASI | C69: 86 | J69: =+C69-E69-F69-G69-H69-I69+D69 -> 86 | K69: 10 | L69: 20
A70: 68 | B70: CLAYTON MÜDÜR KONTRAS | C70: 6 | D70: 8 | J70: =+C70-E70-F70-G70-H70-I70+D70 -> 14 | K70: 10 | L70: 20
A71: 69 | B71: CLAYTON MİSAFİR KONTRAS | C71: 85 | J71: =+C71-E71-F71-G71-H71-I71+D71 -> 85 | K71: 10 | L71: 20
A72: 70 | B72: CABRIO MÜDÜR KONTRASI | C72: 15 | H72: 6 | J72: =+C72-E72-F72-G72-H72-I72+D72 -> 9 | K72: 10 | L72: 20
A73: 71 | B73: CABRIO MİSAFİR KONTRASI | C73: 36 | J73: =+C73-E73-F73-G73-H73-I73+D73 -> 36 | K73: 10 | L73: 20
A74: 72 | B74: BARTRA/FLAT/RENGO OTURAK | C74: 345 | F74: 20 | I74: 10 | J74: =+C74-E74-F74-G74-H74-I74+D74 -> 315 | K74: 10 | L74: 20
A75: 73 | B75: BARTRA/FLAT/RENGO MİS.SIRT | C75: 328 | J75: =+C75-E75-F75-G75-H75-I75+D75 -> 328 | K75: 10 | L75: 20
A76: 74 | B76: SAFİR MÜDÜR KONTRASI | C76: 62 | F76: 0 | I76: 4 | J76: =+C76-E76-F76-G76-H76-I76+D76 -> 58 | K76: 10 | L76: 20
A77: 75 | B77: BARTRA MÜDÜR KONTRASI | C77: 45 | F77: 0 | I77: 2 | J77: =+C77-E77-F77-G77-H77-I77+D77 -> 43 | K77: 10 | L77: 20
A78: 76 | B78: FLAT/RENGO/TRAP MÜD.SIRT | C78: 77 | F78: 20 | I78: 6 | J78: =+C78-E78-F78-G78-H78-I78+D78 -> 51 | K78: 10 | L78: 20

Sheet ARALIK 4 HAFTA 
A1: TAHTA SAYIMI | C1: ARALIK.4 HAFTA | L1: 44837
A2: S.NO | B2: CİNSİ | C2: DEVİR | D2: GELEN | E2: 44921 | F2: 44922 | G2: 44923 | H2: 44924 | I2: 44925 | J2: KALAN | K2: MİNİMUN | L2: MAXSİMUN
A3: 1 | B3: SANDALYE TAHTASI | C3: ='KASIM 3 HAFTA '!J3 -> 37 | J3: =+C3-E3-F3-G3-H3-I3+D3 -> 37 | K3: 0
A4: 2 | B4: EKO KLAS MÜDÜR TAHTASI | C4: 0 | J4: =+C4-E4-F4-G4-H4-I4+D4 -> 0 | K4: 0
A5: 3 | B5: KESİLMEMİŞTAHTA | C5: 78 | J5: =+C5-E5-F5-G5-H5-I5+D5 -> 78 | K5: 0
A6: 4 | B6: RECENT MİSAFİR | C6: 94 | J6: =+C6-E6-F6-G6-H6-I6+D6 -> 94 | K6: 30 | L6: 100
A7: 5 | B7: RECENT MÜDÜR | C7: 23 | E7: 4 | I7: 16 | J7: =+C7-E7-F7-G7-H7-I7+D7 -> 3 | K7: 30 | L7: 100
A8: 6 | B8: PUFFY MİSAFİR | C8: 0 | J8: =+C8-E8-F8-G8-H8-I8+D8 -> 0 | K8: 15 | L8: 50
A9: 7 | B9: PUFFY MÜDÜR | C9: 0 | J9: =+C9-E9-F9-G9-H9-I9+D9 -> 0 | K9: 15 | L9: 30
A10: 8 | B10: KESİLMEMİŞ MÜDÜR KON | C10: 5 | J10: =+C10-E10-F10-G10-H10-I10+D10 -> 5 | K10: 0
A11: 9 | B11: CEZAR MÜDÜR | C11: 80 | D11: 62 | J11: =+C11-E11-F11-G11-H11-I11+D11 -> 142 | K11: 150 | L11: 500
A12: 10 | B12: CEZAR MİSAFİR | C12: 442 | J12: =+C12-E12-F12-G12-H12-I12+D12 -> 442 | K12: 200 | L12: 750
A13: 11 | B13: LENUX MİSAFİR | C13: ='KASIM 3 HAFTA '!J13 -> 78 | J13: =+C13-E13-F13-G13-H13-I13+D13 -> 78 | K13: 10 | L13: 30
A14: 12 | B14: LENUX MÜDÜR | C14: ='KASIM 3 HAFTA '!J14 -> 42 | J14: =+C14-E14-F14-G14-H14-I14+D14 -> 42 | K14: 10 | L14: 20
A15: 13 | B15: WARLCOK MÜDÜR | C15: 24 | J15: =+C15-E15-F15-G15-H15-I15+D15 -> 24 | K15: 10 | L15: 20
A16: 14 | B16: WARLCOK MİSAFİR | C16: ='KASIM 3 HAFTA '!J16 -> 0 | J16: =+C16-E16-F16-G16-H16-I16+D16 -> 0 | K16: 10 | L16: 20
A17: 15 | B17: VİSİON MÜDÜR/RETRO | C17: 252 | E17: 9 | F17: 2 | G17: 22 | J17: =+C17-E17-F17-G17-H17-I17+D17 -> 219 | K17: 50 | L17: 200
A18: 16 | B18: VİSİON MİSAFİR | C18: 156 | E18: 10 | G18: 2 | J18: =+C18-E18-F18-G18-H18-I18+D18 -> 144 | K18: 50 | L18: 150
A19: 17 | B19: PENTA MÜDÜR | C19: 80 | F19: 2 | J19: =+C19-E19-F19-G19-H19-I19+D19 -> 78 | K19: 30 | L19: 100
A20: 18 | B20: PENTA MİSAFİR | C20: 56 | J20: =+C20-E20-F20-G20-H20-I20+D20 -> 56 | K20: 30 | L20: 100
A21: 19 | B21: ACTİON MÜDÜR | C21: 24 | G21: 4 | J21: =+C21-E21-F21-G21-H21-I21+D21 -> 20 | K21: 20 | L21: 50
A22: 20 | B22: TELLY(VOX)OTURAK TAHTASI | C22: 445 | J22: =+C22-E22-F22-G22-H22-I22+D22 -> 445 | K22: 100 | L22: 300
A23: 21 | B23: CARENS MÜDÜR KONT | C23: 124 | J23: =+C23-E23-F23-G23-H23-I23+D23 -> 124 | K23: 5 | L23: 10
A24: 22 | B24: GRAFTER MÜDÜR | C24: ='KASIM 3 HAFTA '!J24 -> 38 | J24: =+C24-E24-F24-G24-H24-I24+D24 -> 38 | K24: 5 | L24: 10
A25: 23 | B25: GRAFTER MİSAFİR | C25: ='KASIM 3 HAFTA '!J25 -> 7 | J25: =+C25-E25-F25-G25-H25-I25+D25 -> 7 | K25: 5 | L25: 10
A26: 24 | B26: ELNORA -LEGENT MÜDÜR | C26: ='KASIM 3 HAFTA '!J26 -> 223 | J26: =+C26-E26-F26-G26-H26-I26+D26 -> 223 | K26: 100 | L26: 200
A27: 25 | B27: LEGENT MÜDÜR UZUN | C27: ='KASIM 3 HAFTA '!J27 -> 483 | J27: =+C27-E27-F27-G27-H27-I27+D27 -> 483 | K27: 0
A28: 26 | B28: ANFİ TAHTASI | C28: ='KASIM 3 HAFTA '!J28 -> 62 | J28: =+C28-E28-F28-G28-H28-I28+D28 -> 62 | K28: 0
A29: 27 | B29: VEGA SIRT | C29: ='KASIM 3 HAFTA '!J29 -> 13 | J29: =+C29-E29-F29-G29-H29-I29+D29 -> 13 | K29: 0
A30: 28 | B30: VEGA TABAN | C30: ='KASIM 3 HAFTA '!J30 -> 60 | J30: =+C30-E30-F30-G30-H30-I30+D30 -> 60 | K30: 0
A31: 29 | B31: VENESSA MİS.KONTRASI | C31: ='KASIM 3 HAFTA '!J31 -> 0 | J31: =+C31-E31-F31-G31-H31-I31+D31 -> 0 | K31: 0
A32: 30 | B32: POLİ DABAN | C32: 542 | I32: 10 | J32: =+C32-E32-F32-G32-H32-I32+D32 -> 532 | K32: 200 | L32: 400
A33: 31 | B33: SANDALYE SIRT | C33: ='KASIM 3 HAFTA '!J33 -> 240 | J33: =+C33-E33-F33-G33-H33-I33+D33 -> 240 | K33: 0
A34: 32 | B34: SANDALYE DABAN | C34: ='KASIM 3 HAFTA '!J34 -> 17 | J34: =+C34-E34-F34-G34-H34-I34+D34 -> 17 | K34: 0
A35: 33 | B35: MİSAFİR SIRT | C35: ='KASIM 3 HAFTA '!J35 -> 29 | J35: =+C35-E35-F35-G35-H35-I35+D35 -> 29 | K35: 0
A36: 34 | B36: VİVA DABAN | C36: 533 | J36: =+C36-E36-F36-G36-H36-I36+D36 -> 533 | K36: 0
A37: 35 | B37: SENS MÜDÜR SIRT | C37: 119 | J37: =+C37-E37-F37-G37-H37-I37+D37 -> 119 | K37: 10 | L37: 30
A38: 36 | B38: ZEUGMA | C38: ='KASIM 3 HAFTA '!J38 -> 36 | J38: =+C38-E38-F38-G38-H38-I38+D38 -> 36 | K38: 10 | L38: 20
A39: 37 | B39: SOVRANO MİSAFİR | C39: 0 | D39: 15 | J39: =+C39-E39-F39-G39-H39-I39+D39 -> 15 | K39: 10 | L39: 30
A40: 38 | B40: SOVRANO MÜDÜR | C40: 5 | J40: =+C40-E40-F40-G40-H40-I40+D40 -> 5 | K40: 20 | L40: 40
A41: 39 | B41: POLO MİSAFİR | C41: 40 | J41: =+C41-E41-F41-G41-H41-I41+D41 -> 40 | K41: 20 | L41: 50
A42: 40 | B42: POLO MÜDÜR | C42: 35 | F42: 2 | J42: =+C42-E42-F42-G42-H42-I42+D42 -> 33 | K42: 20 | L42: 50
A43: 41 | B43: ELNORA MİSAFİR | C43: 0 | D43: 238 | I43: 68 | J43: =+C43-E43-F43-G43-H43-I43+D43 -> 170 | K43: 200 | L43: 400
A44: 42 | B44: STELL MİSAFİR | C44: 145 | J44: =+C44-E44-F44-G44-H44-I44+D44 -> 145 | K44: 5 | L44: 10
A45: 43 | B45: GRANADA MİSAFİR | C45: ='KASIM 3 HAFTA '!J45 -> 42 | J45: =+C45-E45-F45-G45-H45-I45+D45 -> 42 | K45: 10 | L45: 20
A46: 44 | B46: NOWEL MİSAFİR | C46: 60 | H46: 4 | J46: =+C46-E46-F46-G46-H46-I46+D46 -> 56 | K46: 15 | L46: 30
A47: 45 | B47: NOWEL MÜDÜR | C47: 21 | H47: 4 | I47: 4 | J47: =+C47-E47-F47-G47-H47-I47+D47 -> 13 | K47: 15 | L47: 30
A48: 46 | B48: NEVOL MÜDÜR KONT. | C48: ='KASIM 3 HAFTA '!J48 -> 29 | J48: =+C48-E48-F48-G48-H48-I48+D48 -> 29 | K48: 15 | L48: 30
A49: 47 | B49: GRANADA MÜDÜR | C49: ='KASIM 3 HAFTA '!J49 -> 38 | J49: =+C49-E49-F49-G49-H49-I49+D49 -> 38 | K49: 10 | L49: 20
A50: 48 | B50: EXPERİA OTURAK | C50: 100 | F50: 1 | J50: =+C50-E50-F50-G50-H50-I50+D50 -> 99 | K50: 50 | L50: 100
A51: 49 | B51: EXPERİA MÜDÜR | C51: 225 | J51: =+C51-E51-F51-G51-H51-I51+D51 -> 225 | K51: 10 | L51: 20
A52: 50 | B52: EXPERİA MİSAFİR | C52: 63 | J52: =+C52-E52-F52-G52-H52-I52+D52 -> 63 | K52: 10 | L52: 20
A53: 51 | B53: KİMERA MÜDÜR | C53: 24 | J53: =+C53-E53-F53-G53-H53-I53+D53 -> 24 | K53: 10 | L53: 20
A54: 52 | B54: VİENTO MİSAFİR | C54: ='KASIM 3 HAFTA '!J54 -> 43 | J54: =+C54-E54-F54-G54-H54-I54+D54 -> 43 | K54: 0
A55: 53 | B55: MAKER BERBER KOLT. | C55: 75 | J55: =+C55-E55-F55-G55-H55-I55+D55 -> 75 | K55: 0
A56: 54 | B56: BAYAN BERBER | C56: ='KASIM 3 HAFTA '!J56 -> 230 | J56: =+C56-E56-F56-G56-H56-I56+D56 -> 230 | K56: 0
A57: 55 | B57: MUTFAK SAND. OTURAK | C57: ='KASIM 3 HAFTA '!J57 -> 76 | J57: =+C57-E57-F57-G57-H57-I57+D57 -> 76 | K57: 0
A58: 56 | B58: PİRAMİT MÜDÜR KONT. | C58: 14 | J58: =+C58-E58-F58-G58-H58-I58+D58 -> 14 | K58: 10 | L58: 20
A59: 57 | B59: PLAT MÜDÜR KONTRASI | C59: ='KASIM 3 HAFTA '!J59 -> 3 | J59: =+C59-E59-F59-G59-H59-I59+D59 -> 3 | K59: 10 | L59: 20
A60: 58 | B60: TRAP MÜDÜR KONTRASI | C60: ='KASIM 3 HAFTA '!J60 -> 2 | F60: 1 | J60: =+C60-E60-F60-G60-H60-I60+D60 -> 1 | K60: 10 | L60: 20
A61: 59 | B61: TRAP MİSAFİR KONTRASI | C61: ='KASIM 3 HAFTA '!J61 -> 3 | J61: =+C61-E61-F61-G61-H61-I61+D61 -> 3 | K61: 10 | L61: 20
A62: 60 | B62: CARRERA MÜDÜR | C62: ='KASIM 3 HAFTA '!J62 -> 47 | J62: =+C62-E62-F62-G62-H62-I62+D62 -> 47 | K62: 20 | L62: 50
A63: 61 | B63: CARRERA MİSAFİR | C63: ='KASIM 3 HAFTA '!J63 -> 49 | J63: =+C63-E63-F63-G63-H63-I63+D63 -> 49 | K63: 20 | L63: 50
A64: 62 | B64: PERA OTURAK | C64: 106 | E64: 20 | I64: 8 | J64: =+C64-E64-F64-G64-H64-I64+D64 -> 78 | K64: 50 | L64: 100
A65: 63 | B65: YENİ MODEL MÜD.SIRT | C65: 136 | J65: =+C65-E65-F65-G65-H65-I65+D65 -> 136
A66: 64 | B66: RUBY MÜDÜR KONTRASI | C66: 53 | J66: =+C66-E66-F66-G66-H66-I66+D66 -> 53 | K66: 10 | L66: 20
A67: 65 | B67: RUBY MİSAFİR KONTRASI | C67: 86 | J67: =+C67-E67-F67-G67-H67-I67+D67 -> 86 | K67: 10 | L67: 20
A68: 66 | B68: LUTZ MÜDÜR KONTRASI | C68: 69 | E68: 3 | J68: =+C68-E68-F68-G68-H68-I68+D68 -> 66 | K68: 10 | L68: 20
A69: 67 | B69: LUTZ MİSAFİR KONTRASI | C69: 86 | J69: =+C69-E69-F69-G69-H69-I69+D69 -> 86 | K69: 10 | L69: 20
A70: 68 | B70: CLAYTON MÜDÜR KONTRAS | C70: 14 | E70: 1 | J70: =+C70-E70-F70-G70-H70-I70+D70 -> 13 | K70: 10 | L70: 20
A71: 69 | B71: CLAYTON MİSAFİR KONTRAS | C71: 85 | J71: =+C71-E71-F71-G71-H71-I71+D71 -> 85 | K71: 10 | L71: 20
A72: 70 | B72: CABRIO MÜDÜR KONTRASI | C72: 9 | J72: =+C72-E72-F72-G72-H72-I72+D72 -> 9 | K72: 10 | L72: 20
A73: 71 | B73: CABRIO MİSAFİR KONTRASI | C73: 36 | J73: =+C73-E73-F73-G73-H73-I73+D73 -> 36 | K73: 10 | L73: 20
A74: 72 | B74: BARTRA/FLAT/RENGO OTURAK | C74: 315 | J74: =+C74-E74-F74-G74-H74-I74+D74 -> 315 | K74: 10 | L74: 20
A75: 73 | B75: BARTRA/FLAT/RENGO MİS.SIRT | C75: 328 | J75: =+C75-E75-F75-G75-H75-I75+D75 -> 328 | K75: 10 | L75: 20
A76: 74 | B76: SAFİR MÜDÜR KONTRASI | C76: 58 | J76: =+C76-E76-F76-G76-H76-I76+D76 -> 58 | K76: 10 | L76: 20
A77: 75 | B77: BARTRA MÜDÜR KONTRASI | C77: 43 | J77: =+C77-E77-F77-G77-H77-I77+D77 -> 43 | K77: 10 | L77: 20
A78: 76 | B78: FLAT/RENGO/TRAP MÜD.SIRT | C78: 51 | J78: =+C78-E78-F78-G78-H78-I78+D78 -> 51 | K78: 10 | L78: 20

Sheet OCAK 1.HAFTA
A1: TAHTA SAYIMI | C1: OCAK 1.HAFTA | L1: 44837
A2: S.NO | B2: CİNSİ | C2: DEVİR | D2: GELEN | E2: 44928 | F2: 44929 | G2: 44930 | H2: 44931 | I2: 44932 | J2: KALAN | K2: MİNİMUN | L2: MAXSİMUN
A3: 1 | B3: SANDALYE TAHTASI | C3: ='KASIM 3 HAFTA '!J3 -> 37 | J3: =+C3-E3-F3-G3-H3-I3+D3 -> 37 | K3: 0
A4: 2 | B4: STELL MÜDÜR | C4: 0 | D4: 16 | J4: =+C4-E4-F4-G4-H4-I4+D4 -> 16 | K4: 0
A5: 3 | B5: KESİLMEMİŞTAHTA | C5: 0 | J5: =+C5-E5-F5-G5-H5-I5+D5 -> 0 | K5: 0
A6: 4 | B6: RECENT MİSAFİR | C6: 144 | H6: 4 | J6: =+C6-E6-F6-G6-H6-I6+D6 -> 140 | K6: 30 | L6: 100
A7: 5 | B7: RECENT MÜDÜR | C7: 108 | J7: =+C7-E7-F7-G7-H7-I7+D7 -> 108 | K7: 30 | L7: 100
A8: 6 | B8: PUFFY MİSAFİR | C8: 0 | J8: =+C8-E8-F8-G8-H8-I8+D8 -> 0 | K8: 15 | L8: 50
A9: 7 | B9: PUFFY MÜDÜR | C9: 0 | J9: =+C9-E9-F9-G9-H9-I9+D9 -> 0 | K9: 15 | L9: 30
A10: 8 | B10: KESİLMEMİŞ MÜDÜR KON | C10: 5 | J10: =+C10-E10-F10-G10-H10-I10+D10 -> 5 | K10: 0
A11: 9 | B11: CEZAR MÜDÜR | C11: 204 | F11: 70 | J11: =+C11-E11-F11-G11-H11-I11+D11 -> 134 | K11: 150 | L11: 500
A12: 10 | B12: CEZAR MİSAFİR | C12: 686 | J12: =+C12-E12-F12-G12-H12-I12+D12 -> 686 | K12: 200 | L12: 750
A13: 11 | B13: LENUX MİSAFİR | C13: 0 | J13: =+C13-E13-F13-G13-H13-I13+D13 -> 0 | K13: 10 | L13: 30
A14: 12 | B14: LENUX MÜDÜR | C14: 0 | J14: =+C14-E14-F14-G14-H14-I14+D14 -> 0 | K14: 10 | L14: 20
A15: 13 | B15: WARLCOK MÜDÜR | C15: 29 | F15: 4 | J15: =+C15-E15-F15-G15-H15-I15+D15 -> 25 | K15: 10 | L15: 20
A16: 14 | B16: WARLCOK MİSAFİR | C16: 63 | J16: =+C16-E16-F16-G16-H16-I16+D16 -> 63 | K16: 10 | L16: 20
A17: 15 | B17: VİSİON MÜDÜR/RETRO | C17: 269 | E17: 6 | F17: 6 | H17: 2 | J17: =+C17-E17-F17-G17-H17-I17+D17 -> 255 | K17: 50 | L17: 200
A18: 16 | B18: VİSİON MİSAFİR | C18: 130 | E18: 6 | F18: 4 | H18: 2 | J18: =+C18-E18-F18-G18-H18-I18+D18 -> 118 | K18: 50 | L18: 150
A19: 17 | B19: PENTA MÜDÜR / RETRO | C19: 73 | G19: 2 | J19: =+C19-E19-F19-G19-H19-I19+D19 -> 71 | K19: 30 | L19: 100
A20: 18 | B20: PENTA MİSAFİR | C20: 7 | F20: 7 | J20: =+C20-E20-F20-G20-H20-I20+D20 -> 0 | K20: 30 | L20: 100
A21: 19 | B21: ACTİON MÜDÜR | C21: 78 | F21: 2 | G21: 8 | J21: =+C21-E21-F21-G21-H21-I21+D21 -> 68 | K21: 20 | L21: 50
A22: 20 | B22: TELLY(VOX)OTURAK TAHTASI | C22: 187 | J22: =+C22-E22-F22-G22-H22-I22+D22 -> 187 | K22: 100 | L22: 300
A23: 21 | B23: CARENS MÜDÜR KONT | C23: 124 | J23: =+C23-E23-F23-G23-H23-I23+D23 -> 124 | K23: 5 | L23: 10
A24: 22 | B24: GRAFTER MÜDÜR | C24: ='KASIM 3 HAFTA '!J24 -> 38 | F24: 2 | J24: =+C24-E24-F24-G24-H24-I24+D24 -> 36 | K24: 5 | L24: 10
A25: 23 | B25: GRAFTER MİSAFİR | C25: ='KASIM 3 HAFTA '!J25 -> 7 | F25: 2 | J25: =+C25-E25-F25-G25-H25-I25+D25 -> 5 | K25: 5 | L25: 10
A26: 24 | B26: ELNORA -LEGENT MÜDÜR | C26: 218 | J26: =+C26-E26-F26-G26-H26-I26+D26 -> 218 | K26: 100 | L26: 200
A27: 25 | B27: LEGENT MÜDÜR UZUN | C27: ='KASIM 3 HAFTA '!J27 -> 483 | J27: =+C27-E27-F27-G27-H27-I27+D27 -> 483 | K27: 0
A28: 26 | B28: ANFİ TAHTASI | C28: ='KASIM 3 HAFTA '!J28 -> 62 | J28: =+C28-E28-F28-G28-H28-I28+D28 -> 62 | K28: 0
A29: 27 | B29: VEGA SIRT | C29: 58 | J29: =+C29-E29-F29-G29-H29-I29+D29 -> 58 | K29: 0
A30: 28 | B30: VEGA TABAN | C30: 36 | J30: =+C30-E30-F30-G30-H30-I30+D30 -> 36 | K30: 0
A31: 29 | B31: VENESSA MİS.KONTRASI | C31: 38 | D31: 0 | E31: 30 | J31: =+C31-E31-F31-G31-H31-I31+D31 -> 8 | K31: 0
A32: 30 | B32: POLİ DABAN | C32: 318 | G32: 2 | J32: =+C32-E32-F32-G32-H32-I32+D32 -> 316 | K32: 200 | L32: 400
A33: 31 | B33: SANDALYE SIRT | C33: ='KASIM 3 HAFTA '!J33 -> 240 | J33: =+C33-E33-F33-G33-H33-I33+D33 -> 240 | K33: 0
A34: 32 | B34: SANDALYE DABAN | C34: ='KASIM 3 HAFTA '!J34 -> 17 | J34: =+C34-E34-F34-G34-H34-I34+D34 -> 17 | K34: 0
A35: 33 | B35: MİSAFİR SIRT | C35: ='KASIM 3 HAFTA '!J35 -> 29 | J35: =+C35-E35-F35-G35-H35-I35+D35 -> 29 | K35: 0
A36: 34 | B36: VİVA DABAN | C36: 533 | J36: =+C36-E36-F36-G36-H36-I36+D36 -> 533 | K36: 0
A37: 35 | B37: SENS MÜDÜR SIRT | C37: 119 | G37: 4 | J37: =+C37-E37-F37-G37-H37-I37+D37 -> 115 | K37: 10 | L37: 30
A38: 36 | B38: ZEUGMA | C38: ='KASIM 3 HAFTA '!J38 -> 36 | J38: =+C38-E38-F38-G38-H38-I38+D38 -> 36 | K38: 10 | L38: 20
A39: 37 | B39: SOVRANO MİSAFİR | C39: 15 | H39: 2 | J39: =+C39-E39-F39-G39-H39-I39+D39 -> 13 | K39: 10 | L39: 30
A40: 38 | B40: SOVRANO MÜDÜR | C40: 5 | H40: 2 | J40: =+C40-E40-F40-G40-H40-I40+D40 -> 3 | K40: 20 | L40: 40
A41: 39 | B41: POLO MİSAFİR | C41: 45 | H41: 0 | J41: =+C41-E41-F41-G41-H41-I41+D41 -> 45 | K41: 20 | L41: 50
A42: 40 | B42: POLO MÜDÜR | C42: 45 | H42: 8 | J42: =+C42-E42-F42-G42-H42-I42+D42 -> 37 | K42: 20 | L42: 50
A43: 41 | B43: ELNORA MİSAFİR | C43: 170 | J43: =+C43-E43-F43-G43-H43-I43+D43 -> 170 | K43: 200 | L43: 400
A44: 42 | B44: STELL MİSAFİR | C44: 145 | J44: =+C44-E44-F44-G44-H44-I44+D44 -> 145 | K44: 5 | L44: 10
A45: 43 | B45: GRANADA MİSAFİR | C45: 20 | E45: 4 | J45: =+C45-E45-F45-G45-H45-I45+D45 -> 16 | K45: 10 | L45: 20
A46: 44 | B46: NOWEL MİSAFİR | C46: 53 | J46: =+C46-E46-F46-G46-H46-I46+D46 -> 53 | K46: 15 | L46: 30
A47: 45 | B47: NOWEL MÜDÜR | C47: 16 | J47: =+C47-E47-F47-G47-H47-I47+D47 -> 16 | K47: 15 | L47: 30
A48: 46 | B48: NEVOL MÜDÜR KONT. | C48: ='KASIM 3 HAFTA '!J48 -> 29 | J48: =+C48-E48-F48-G48-H48-I48+D48 -> 29 | K48: 15 | L48: 30
A49: 47 | B49: GRANADA MÜDÜR | C49: 53 | J49: =+C49-E49-F49-G49-H49-I49+D49 -> 53 | K49: 10 | L49: 20
A50: 48 | B50: EXPERİA OTURAK | C50: 99 | E50: 4 | J50: =+C50-E50-F50-G50-H50-I50+D50 -> 95 | K50: 50 | L50: 100
A51: 49 | B51: EXPERİA MÜDÜR | C51: 34 | J51: =+C51-E51-F51-G51-H51-I51+D51 -> 34 | K51: 10 | L51: 20
A52: 50 | B52: EXPERİA MİSAFİR | C52: 17 | E52: 2 | J52: =+C52-E52-F52-G52-H52-I52+D52 -> 15 | K52: 10 | L52: 20
A53: 51 | B53: KİMERA MÜDÜR | C53: 37 | D53: 48 | E53: 8 | J53: =+C53-E53-F53-G53-H53-I53+D53 -> 77 | K53: 10 | L53: 20
A54: 52 | B54: VİENTO MİSAFİR | C54: ='KASIM 3 HAFTA '!J54 -> 43 | J54: =+C54-E54-F54-G54-H54-I54+D54 -> 43 | K54: 0
A55: 53 | B55: MAKER BERBER KOLT. | C55: 75 | J55: =+C55-E55-F55-G55-H55-I55+D55 -> 75 | K55: 0
A56: 54 | B56: BAYAN BERBER | C56: ='KASIM 3 HAFTA '!J56 -> 230 | J56: =+C56-E56-F56-G56-H56-I56+D56 -> 230 | K56: 0
A57: 55 | B57: MUTFAK SAND. OTURAK | C57: ='KASIM 3 HAFTA '!J57 -> 76 | J57: =+C57-E57-F57-G57-H57-I57+D57 -> 76 | K57: 0
A58: 56 | B58: PİRAMİT MÜDÜR KONT. | C58: 33 | J58: =+C58-E58-F58-G58-H58-I58+D58 -> 33 | K58: 10 | L58: 20
A59: 57 | B59: PLAT MÜDÜR KONTRASI | C59: ='KASIM 3 HAFTA '!J59 -> 3 | J59: =+C59-E59-F59-G59-H59-I59+D59 -> 3 | K59: 10 | L59: 20
A60: 58 | B60: TRAP MÜDÜR KONTRASI | C60: 40 | I60: 4 | J60: =+C60-E60-F60-G60-H60-I60+D60 -> 36 | K60: 10 | L60: 20
A61: 59 | B61: TRAP MİSAFİR KONTRASI | C61: 1 | J61: =+C61-E61-F61-G61-H61-I61+D61 -> 1 | K61: 10 | L61: 20
A62: 60 | B62: CARRERA MÜDÜR | C62: ='KASIM 3 HAFTA '!J62 -> 47 | J62: =+C62-E62-F62-G62-H62-I62+D62 -> 47 | K62: 20 | L62: 50
A63: 61 | B63: CARRERA MİSAFİR | C63: ='KASIM 3 HAFTA '!J63 -> 49 | J63: =+C63-E63-F63-G63-H63-I63+D63 -> 49 | K63: 20 | L63: 50
A64: 62 | B64: PERA OTURAK | C64: 40 | I64: 13 | J64: =+C64-E64-F64-G64-H64-I64+D64 -> 27 | K64: 50 | L64: 100
A65: 63 | B65: YENİ MODEL MÜD.SIRT | C65: 136 | J65: =+C65-E65-F65-G65-H65-I65+D65 -> 136
A66: 64 | B66: RUBY MÜDÜR KONTRASI | C66: 53 | G66: 2 | J66: =+C66-E66-F66-G66-H66-I66+D66 -> 51 | K66: 10 | L66: 20
A67: 65 | B67: RUBY MİSAFİR KONTRASI | C67: 86 | G67: 4 | J67: =+C67-E67-F67-G67-H67-I67+D67 -> 82 | K67: 10 | L67: 20
A68: 66 | B68: LUTZ MÜDÜR KONTRASI | C68: 47 | H68: 2 | J68: =+C68-E68-F68-G68-H68-I68+D68 -> 45 | K68: 10 | L68: 20
A69: 67 | B69: LUTZ MİSAFİR KONTRASI | C69: 22 | J69: =+C69-E69-F69-G69-H69-I69+D69 -> 22 | K69: 10 | L69: 20
A70: 68 | B70: CLAYTON MÜDÜR KONTRAS | C70: 7 | H70: 2 | J70: =+C70-E70-F70-G70-H70-I70+D70 -> 5 | K70: 10 | L70: 20
A71: 69 | B71: CLAYTON MİSAFİR KONTRAS | C71: 19 | F71: 2 | J71: =+C71-E71-F71-G71-H71-I71+D71 -> 17 | K71: 10 | L71: 20
A72: 70 | B72: CABRIO MÜDÜR KONTRASI | C72: 7 | H72: 2 | J72: =+C72-E72-F72-G72-H72-I72+D72 -> 5 | K72: 10 | L72: 20
A73: 71 | B73: CABRIO MİSAFİR KONTRASI | C73: 48 | H73: 2 | J73: =+C73-E73-F73-G73-H73-I73+D73 -> 46 | K73: 10 | L73: 20
A74: 72 | B74: BARTRA/FLAT/RENGO OTURAK | C74: 457 | G74: 2 | I74: 2 | J74: =+C74-E74-F74-G74-H74-I74+D74 -> 453 | K74: 10 | L74: 20
A75: 73 | B75: BARTRA/FLAT/RENGO/TRAP MİS.SIRT | C75: 312 | G75: 2 | I75: 9 | J75: =+C75-E75-F75-G75-H75-I75+D75 -> 301 | K75: 10 | L75: 20
A76: 74 | B76: SAFİR MÜDÜR KONTRASI | C76: 123 | I76: 2 | J76: =+C76-E76-F76-G76-H76-I76+D76 -> 121 | K76: 10 | L76: 20
A77: 75 | B77: BARTRA MÜDÜR KONTRASI | C77: 33 | I77: 2 | J77: =+C77-E77-F77-G77-H77-I77+D77 -> 31 | K77: 10 | L77: 20
A78: 76 | B78: FLAT/RENGO/TRAP MÜD.SIRT | C78: 0 | J78: =+C78-E78-F78-G78-H78-I78+D78 -> 0 | K78: 10 | L78: 20

Sheet OCAK 2.HAFTA 
A1: TAHTA SAYIMI | C1: OCAK 2.HAFTA | L1: 44837
A2: S.NO | B2: CİNSİ | C2: DEVİR | D2: GELEN | E2: 44935 | F2: 44936 | G2: 44937 | H2: 44938 | I2: 44939 | J2: KALAN | K2: MİNİMUN | L2: MAXSİMUN
A3: 1 | B3: STELL MİSAFİR | C3: 145 | F3: 8 | J3: =+C3-E3-F3-G3-H3-I3+D3 -> 137 | K3: 10 | L3: 50
A4: 2 | B4: STELL MÜDÜR | C4: 16 | F4: 8 | J4: =+C4-E4-F4-G4-H4-I4+D4 -> 8 | K4: 10 | L4: 50
A5: 3 | B5: KESİLMEMİŞTAHTA | C5: 0 | J5: =+C5-E5-F5-G5-H5-I5+D5 -> 0 | K5: 0
A6: 4 | B6: RECENT MİSAFİR | C6: 140 | J6: =+C6-E6-F6-G6-H6-I6+D6 -> 140 | K6: 30 | L6: 100
A7: 5 | B7: RECENT MÜDÜR | C7: 108 | E7: 12 | J7: =+C7-E7-F7-G7-H7-I7+D7 -> 96 | K7: 30 | L7: 100
A8: 6 | B8: PUFFY MİSAFİR | C8: 0 | J8: =+C8-E8-F8-G8-H8-I8+D8 -> 0 | K8: 15 | L8: 50
A9: 7 | B9: PUFFY MÜDÜR | C9: 0 | J9: =+C9-E9-F9-G9-H9-I9+D9 -> 0 | K9: 15 | L9: 30
A10: 8 | B10: KESİLMEMİŞ MÜDÜR KON | C10: 5 | J10: =+C10-E10-F10-G10-H10-I10+D10 -> 5 | K10: 0
A11: 9 | B11: CEZAR MÜDÜR | C11: 134 | J11: =+C11-E11-F11-G11-H11-I11+D11 -> 134 | K11: 150 | L11: 500
A12: 10 | B12: CEZAR MİSAFİR | C12: 686 | J12: =+C12-E12-F12-G12-H12-I12+D12 -> 686 | K12: 200 | L12: 750
A13: 11 | B13: LENUX MİSAFİR | C13: 0 | J13: =+C13-E13-F13-G13-H13-I13+D13 -> 0 | K13: 10 | L13: 30
A14: 12 | B14: LENUX MÜDÜR | C14: 0 | J14: =+C14-E14-F14-G14-H14-I14+D14 -> 0 | K14: 10 | L14: 20
A15: 13 | B15: WARLCOK MÜDÜR | C15: 25 | J15: =+C15-E15-F15-G15-H15-I15+D15 -> 25 | K15: 10 | L15: 20
A16: 14 | B16: WARLCOK MİSAFİR | C16: 63 | J16: =+C16-E16-F16-G16-H16-I16+D16 -> 63 | K16: 10 | L16: 20
A17: 15 | B17: VİSİON MÜDÜR/RETRO | C17: 255 | F17: 2 | H17: 7 | I17: 4 | J17: =+C17-E17-F17-G17-H17-I17+D17 -> 242 | K17: 50 | L17: 200
A18: 16 | B18: VİSİON MİSAFİR | C18: 118 | H18: 10 | I18: 2 | J18: =+C18-E18-F18-G18-H18-I18+D18 -> 106 | K18: 50 | L18: 150
A19: 17 | B19: PENTA MÜDÜR / RETRO | C19: 71 | I19: 10 | J19: =+C19-E19-F19-G19-H19-I19+D19 -> 61 | K19: 30 | L19: 100
A20: 18 | B20: PENTA MİSAFİR | C20: 0 | J20: =+C20-E20-F20-G20-H20-I20+D20 -> 0 | K20: 30 | L20: 100
A21: 19 | B21: ACTİON MÜDÜR | C21: 68 | J21: =+C21-E21-F21-G21-H21-I21+D21 -> 68 | K21: 20 | L21: 50
A22: 20 | B22: TELLY(VOX)OTURAK TAHTASI | C22: 187 | J22: =+C22-E22-F22-G22-H22-I22+D22 -> 187 | K22: 100 | L22: 300
A23: 21 | B23: CARENS MÜDÜR KONT | C23: 124 | J23: =+C23-E23-F23-G23-H23-I23+D23 -> 124 | K23: 5 | L23: 10
A24: 22 | B24: GRAFTER MÜDÜR | C24: 36 | J24: =+C24-E24-F24-G24-H24-I24+D24 -> 36 | K24: 5 | L24: 10
A25: 23 | B25: GRAFTER MİSAFİR | C25: 5 | J25: =+C25-E25-F25-G25-H25-I25+D25 -> 5 | K25: 5 | L25: 10
A26: 24 | B26: ELNORA -LEGENT MÜDÜR | C26: 218 | J26: =+C26-E26-F26-G26-H26-I26+D26 -> 218 | K26: 100 | L26: 200
A27: 25 | B27: LEGENT MÜDÜR UZUN | C27: ='KASIM 3 HAFTA '!J27 -> 483 | J27: =+C27-E27-F27-G27-H27-I27+D27 -> 483 | K27: 0
A28: 26 | B28: ANFİ TAHTASI | C28: ='KASIM 3 HAFTA '!J28 -> 62 | J28: =+C28-E28-F28-G28-H28-I28+D28 -> 62 | K28: 0
A29: 27 | B29: VEGA SIRT | C29: 58 | J29: =+C29-E29-F29-G29-H29-I29+D29 -> 58 | K29: 0
A30: 28 | B30: VEGA TABAN | C30: 36 | J30: =+C30-E30-F30-G30-H30-I30+D30 -> 36 | K30: 0
A31: 29 | B31: VENESSA MİS.KONTRASI | C31: 8 | J31: =+C31-E31-F31-G31-H31-I31+D31 -> 8 | K31: 0
A32: 30 | B32: POLİ DABAN | C32: 316 | I32: 6 | J32: =+C32-E32-F32-G32-H32-I32+D32 -> 310 | K32: 200 | L32: 400
A33: 31 | B33: SANDALYE SIRT | C33: ='KASIM 3 HAFTA '!J33 -> 240 | J33: =+C33-E33-F33-G33-H33-I33+D33 -> 240 | K33: 0
A34: 32 | B34: SANDALYE DABAN | C34: ='KASIM 3 HAFTA '!J34 -> 17 | J34: =+C34-E34-F34-G34-H34-I34+D34 -> 17 | K34: 0
A35: 33 | B35: MİSAFİR SIRT | C35: ='KASIM 3 HAFTA '!J35 -> 29 | J35: =+C35-E35-F35-G35-H35-I35+D35 -> 29 | K35: 0
A36: 34 | B36: VİVA DABAN | C36: 533 | H36: 26 | J36: =+C36-E36-F36-G36-H36-I36+D36 -> 507 | K36: 0
A37: 35 | B37: SENS MÜDÜR SIRT | C37: 115 | J37: =+C37-E37-F37-G37-H37-I37+D37 -> 115 | K37: 10 | L37: 30
A38: 36 | B38: ZEUGMA | C38: ='KASIM 3 HAFTA '!J38 -> 36 | J38: =+C38-E38-F38-G38-H38-I38+D38 -> 36 | K38: 10 | L38: 20
A39: 37 | B39: SOVRANO MİSAFİR | C39: 13 | H39: 6 | J39: =+C39-E39-F39-G39-H39-I39+D39 -> 7 | K39: 10 | L39: 30
A40: 38 | B40: SOVRANO MÜDÜR | C40: 3 | H40: 1 | J40: =+C40-E40-F40-G40-H40-I40+D40 -> 2 | K40: 20 | L40: 40
A41: 39 | B41: POLO MİSAFİR | C41: 45 | I41: 2 | J41: =+C41-E41-F41-G41-H41-I41+D41 -> 43 | K41: 20 | L41: 50
A42: 40 | B42: POLO MÜDÜR | C42: 37 | I42: 4 | J42: =+C42-E42-F42-G42-H42-I42+D42 -> 33 | K42: 20 | L42: 50
A43: 41 | B43: ELNORA MİSAFİR | C43: 170 | E43: 1 | J43: =+C43-E43-F43-G43-H43-I43+D43 -> 169 | K43: 200 | L43: 400
A44: 42 | B44: POLİ MÜDÜR | C44: 0 | F44: 0 | J44: =+C44-E44-F44-G44-H44-I44+D44 -> 0 | K44: 5 | L44: 10
A45: 43 | B45: GRANADA MİSAFİR | C45: 16 | J45: =+C45-E45-F45-G45-H45-I45+D45 -> 16 | K45: 10 | L45: 20
A46: 44 | B46: NOWEL MİSAFİR | C46: 53 | J46: =+C46-E46-F46-G46-H46-I46+D46 -> 53 | K46: 15 | L46: 30
A47: 45 | B47: NOWEL MÜDÜR | C47: 16 | J47: =+C47-E47-F47-G47-H47-I47+D47 -> 16 | K47: 15 | L47: 30
A48: 46 | B48: NEVOL MÜDÜR KONT. | C48: ='KASIM 3 HAFTA '!J48 -> 29 | J48: =+C48-E48-F48-G48-H48-I48+D48 -> 29 | K48: 15 | L48: 30
A49: 47 | B49: GRANADA MÜDÜR | C49: 53 | J49: =+C49-E49-F49-G49-H49-I49+D49 -> 53 | K49: 10 | L49: 20
A50: 48 | B50: EXPERİA OTURAK | C50: 95 | F50: 4 | G50: 4 | J50: =+C50-E50-F50-G50-H50-I50+D50 -> 87 | K50: 50 | L50: 100
A51: 49 | B51: EXPERİA MÜDÜR | C51: 34 | G51: 2 | J51: =+C51-E51-F51-G51-H51-I51+D51 -> 32 | K51: 10 | L51: 20
A52: 50 | B52: EXPERİA MİSAFİR | C52: 15 | J52: =+C52-E52-F52-G52-H52-I52+D52 -> 15 | K52: 10 | L52: 20
A53: 51 | B53: KİMERA MÜDÜR | C53: 77 | J53: =+C53-E53-F53-G53-H53-I53+D53 -> 77 | K53: 10 | L53: 20
A54: 52 | B54: VİENTO MİSAFİR | C54: ='KASIM 3 HAFTA '!J54 -> 43 | J54: =+C54-E54-F54-G54-H54-I54+D54 -> 43 | K54: 0
A55: 53 | B55: MAKER BERBER KOLT. | C55: 75 | J55: =+C55-E55-F55-G55-H55-I55+D55 -> 75 | K55: 0
A56: 54 | B56: BAYAN BERBER | C56: ='KASIM 3 HAFTA '!J56 -> 230 | J56: =+C56-E56-F56-G56-H56-I56+D56 -> 230 | K56: 0
A57: 55 | B57: MUTFAK SAND. OTURAK | C57: ='KASIM 3 HAFTA '!J57 -> 76 | J57: =+C57-E57-F57-G57-H57-I57+D57 -> 76 | K57: 0
A58: 56 | B58: PİRAMİT MÜDÜR KONT. | C58: 33 | J58: =+C58-E58-F58-G58-H58-I58+D58 -> 33 | K58: 10 | L58: 20
A59: 57 | B59: PLAT MÜDÜR KONTRASI | C59: ='KASIM 3 HAFTA '!J59 -> 3 | J59: =+C59-E59-F59-G59-H59-I59+D59 -> 3 | K59: 10 | L59: 20
A60: 58 | B60: TRAP MÜDÜR KONTRASI | C60: 36 | H60: 2 | J60: =+C60-E60-F60-G60-H60-I60+D60 -> 34 | K60: 10 | L60: 20
A61: 59 | B61: TRAP MİSAFİR KONTRASI | C61: 1 | J61: =+C61-E61-F61-G61-H61-I61+D61 -> 1 | K61: 10 | L61: 20
A62: 60 | B62: CARRERA MÜDÜR | C62: ='KASIM 3 HAFTA '!J62 -> 47 | J62: =+C62-E62-F62-G62-H62-I62+D62 -> 47 | K62: 20 | L62: 50
A63: 61 | B63: CARRERA MİSAFİR | C63: ='KASIM 3 HAFTA '!J63 -> 49 | J63: =+C63-E63-F63-G63-H63-I63+D63 -> 49 | K63: 20 | L63: 50
A64: 62 | B64: PERA OTURAK | C64: 27 | J64: =+C64-E64-F64-G64-H64-I64+D64 -> 27 | K64: 50 | L64: 100
A65: 63 | B65: YENİ MODEL MÜD.SIRT | C65: 136 | J65: =+C65-E65-F65-G65-H65-I65+D65 -> 136
A66: 64 | B66: RUBY MÜDÜR KONTRASI | C66: 51 | J66: =+C66-E66-F66-G66-H66-I66+D66 -> 51 | K66: 10 | L66: 20
A67: 65 | B67: RUBY MİSAFİR KONTRASI | C67: 82 | J67: =+C67-E67-F67-G67-H67-I67+D67 -> 82 | K67: 10 | L67: 20
A68: 66 | B68: LUTZ MÜDÜR KONTRASI | C68: 45 | G68: 1 | J68: =+C68-E68-F68-G68-H68-I68+D68 -> 44 | K68: 10 | L68: 20
A69: 67 | B69: LUTZ MİSAFİR KONTRASI | C69: 22 | J69: =+C69-E69-F69-G69-H69-I69+D69 -> 22 | K69: 10 | L69: 20
A70: 68 | B70: CLAYTON MÜDÜR KONTRAS | C70: 5 | G70: 2 | J70: =+C70-E70-F70-G70-H70-I70+D70 -> 3 | K70: 10 | L70: 20
A71: 69 | B71: CLAYTON MİSAFİR KONTRAS | C71: 17 | J71: =+C71-E71-F71-G71-H71-I71+D71 -> 17 | K71: 10 | L71: 20
A72: 70 | B72: CABRIO MÜDÜR KONTRASI | C72: 5 | J72: =+C72-E72-F72-G72-H72-I72+D72 -> 5 | K72: 10 | L72: 20
A73: 71 | B73: CABRIO MİSAFİR KONTRASI | C73: 46 | J73: =+C73-E73-F73-G73-H73-I73+D73 -> 46 | K73: 10 | L73: 20
A74: 72 | B74: BARTRA/FLAT/RENGO OTURAK | C74: 453 | F74: 17 | G74: 5 | J74: =+C74-E74-F74-G74-H74-I74+D74 -> 431 | K74: 10 | L74: 20
A75: 73 | B75: BARTRA/FLAT/RENGO/TRAP MİS.SIRT | C75: 301 | J75: =+C75-E75-F75-G75-H75-I75+D75 -> 301 | K75: 10 | L75: 20
A76: 74 | B76: SAFİR MÜDÜR KONTRASI | C76: 121 | F76: 3 | H76: 2 | J76: =+C76-E76-F76-G76-H76-I76+D76 -> 116 | K76: 10 | L76: 20
A77: 75 | B77: BARTRA MÜDÜR KONTRASI | C77: 31 | G77: 2 | J77: =+C77-E77-F77-G77-H77-I77+D77 -> 29 | K77: 10 | L77: 20
A78: 76 | B78: FLAT/RENGO/TRAP MÜD.SIRT | C78: 0 | J78: =+C78-E78-F78-G78-H78-I78+D78 -> 0 | K78: 10 | L78: 20

Sheet OCAK 3.HAFTA 
A1: TAHTA SAYIMI | C1: OCAK 3.HAFTA | L1: 44837
A2: S.NO | B2: CİNSİ | C2: DEVİR | D2: GELEN | E2: 44942 | F2: 44943 | G2: 44944 | H2: 44945 | I2: 44946 | J2: KALAN | K2: MİNİMUN | L2: MAXSİMUN
A3: 1 | B3: STELL MİSAFİR | C3: 130 | J3: =+C3-E3-F3-G3-H3-I3+D3 -> 130 | K3: 10 | L3: 50
A4: 2 | B4: STELL MÜDÜR | C4: 12 | D4: 20 | J4: =+C4-E4-F4-G4-H4-I4+D4 -> 32 | K4: 10 | L4: 50
A5: 3 | B5: CARENS MİSAFİR KONTRASI | C5: 42 | J5: =+C5-E5-F5-G5-H5-I5+D5 -> 42 | K5: 30 | L5: 50
A6: 4 | B6: RECENT MİSAFİR | C6: 0 | J6: =+C6-E6-F6-G6-H6-I6+D6 -> 0 | K6: 30 | L6: 100
A7: 5 | B7: RECENT MÜDÜR | C7: 47 | J7: =+C7-E7-F7-G7-H7-I7+D7 -> 47 | K7: 30 | L7: 100
A8: 6 | B8: PUFFY MİSAFİR | C8: 35 | J8: =+C8-E8-F8-G8-H8-I8+D8 -> 35 | K8: 15 | L8: 50
A9: 7 | B9: PUFFY MÜDÜR | C9: 0 | J9: =+C9-E9-F9-G9-H9-I9+D9 -> 0 | K9: 15 | L9: 30
A10: 8 | B10: KESİLMEMİŞ MÜDÜR KON | C10: 0 | J10: =+C10-E10-F10-G10-H10-I10+D10 -> 0 | K10: 0
A11: 9 | B11: CEZAR MÜDÜR | C11: 64 | D11: 154 | J11: =+C11-E11-F11-G11-H11-I11+D11 -> 218 | K11: 150 | L11: 500
A12: 10 | B12: CEZAR MİSAFİR | C12: 541 | I12: 24 | J12: =+C12-E12-F12-G12-H12-I12+D12 -> 517 | K12: 200 | L12: 750
A13: 11 | B13: LENUX MİSAFİR | C13: 14 | J13: =+C13-E13-F13-G13-H13-I13+D13 -> 14 | K13: 10 | L13: 30
A14: 12 | B14: LENUX MÜDÜR | C14: 0 | J14: =+C14-E14-F14-G14-H14-I14+D14 -> 0 | K14: 10 | L14: 20
A15: 13 | B15: WARLCOK MÜDÜR | C15: 25 | D15: 50 | J15: =+C15-E15-F15-G15-H15-I15+D15 -> 75 | K15: 10 | L15: 20
A16: 14 | B16: WARLCOK MİSAFİR | C16: 51 | D16: 100 | J16: =+C16-E16-F16-G16-H16-I16+D16 -> 151 | K16: 10 | L16: 20
A17: 15 | B17: VİSİON MÜDÜR/RETRO | C17: 231 | D17: 244 | E17: 13 | F17: 44 | G17: 11 | I17: 8 | J17: =+C17-E17-F17-G17-H17-I17+D17 -> 399 | K17: 50 | L17: 200
A18: 16 | B18: VİSİON MİSAFİR | C18: 101 | E18: 22 | F18: 39 | I18: 3 | J18: =+C18-E18-F18-G18-H18-I18+D18 -> 37 | K18: 50 | L18: 150
A19: 17 | B19: PENTA MÜDÜR / RETRO | C19: 58 | F19: 25 | J19: =+C19-E19-F19-G19-H19-I19+D19 -> 33 | K19: 30 | L19: 100
A20: 18 | B20: PENTA MİSAFİR | C20: 10 | J20: =+C20-E20-F20-G20-H20-I20+D20 -> 10 | K20: 30 | L20: 100
A21: 19 | B21: ACTİON MÜDÜR | C21: 66 | E21: 5 | F21: 2 | J21: =+C21-E21-F21-G21-H21-I21+D21 -> 59 | K21: 20 | L21: 50
A22: 20 | B22: ACTİON MİSAFİR | C22: 36 | J22: =+C22-E22-F22-G22-H22-I22+D22 -> 36 | K22: 30 | L22: 50
A23: 21 | B23: CARENS MÜDÜR KONT | C23: 1 | J23: =+C23-E23-F23-G23-H23-I23+D23 -> 1 | K23: 5 | L23: 10
A24: 22 | B24: GRAFTER MÜDÜR | C24: 0 | J24: =+C24-E24-F24-G24-H24-I24+D24 -> 0 | K24: 5 | L24: 10
A25: 23 | B25: GRAFTER MİSAFİR | C25: 36 | J25: =+C25-E25-F25-G25-H25-I25+D25 -> 36 | K25: 5 | L25: 10
A26: 24 | B26: ELNORA -LEGENT MÜDÜR | C26: 220 | J26: =+C26-E26-F26-G26-H26-I26+D26 -> 220 | K26: 100 | L26: 200
A27: 25 | B27: LEGENT MÜDÜR UZUN | C27: ='KASIM 3 HAFTA '!J27 -> 483 | J27: =+C27-E27-F27-G27-H27-I27+D27 -> 483 | K27: 0
A28: 26 | B28: ANFİ TAHTASI | C28: ='KASIM 3 HAFTA '!J28 -> 62 | J28: =+C28-E28-F28-G28-H28-I28+D28 -> 62 | K28: 0
A29: 27 | B29: VEGA SIRT | C29: 45 | J29: =+C29-E29-F29-G29-H29-I29+D29 -> 45 | K29: 0
A30: 28 | B30: VEGA TABAN | C30: 30 | J30: =+C30-E30-F30-G30-H30-I30+D30 -> 30 | K30: 0
A31: 29 | B31: VENESSA MİS.KONTRASI | C31: 8 | J31: =+C31-E31-F31-G31-H31-I31+D31 -> 8 | K31: 0
A32: 30 | B32: POLİ DABAN | C32: 266 | J32: =+C32-E32-F32-G32-H32-I32+D32 -> 266 | K32: 200 | L32: 400
A33: 31 | B33: SANDALYE SIRT | C33: ='KASIM 3 HAFTA '!J33 -> 240 | J33: =+C33-E33-F33-G33-H33-I33+D33 -> 240 | K33: 0
A34: 32 | B34: SANDALYE DABAN | C34: ='KASIM 3 HAFTA '!J34 -> 17 | J34: =+C34-E34-F34-G34-H34-I34+D34 -> 17 | K34: 0
A35: 33 | B35: MİSAFİR SIRT | C35: ='KASIM 3 HAFTA '!J35 -> 29 | J35: =+C35-E35-F35-G35-H35-I35+D35 -> 29 | K35: 0
A36: 34 | B36: VİVA DABAN | C36: 507 | J36: =+C36-E36-F36-G36-H36-I36+D36 -> 507 | K36: 0
A37: 35 | B37: SENS MÜDÜR SIRT | C37: 115 | G37: 4 | J37: =+C37-E37-F37-G37-H37-I37+D37 -> 111 | K37: 10 | L37: 30
A38: 36 | B38: ZEUGMA | C38: ='KASIM 3 HAFTA '!J38 -> 36 | J38: =+C38-E38-F38-G38-H38-I38+D38 -> 36 | K38: 10 | L38: 20
A39: 37 | B39: SOVRANO MİSAFİR | C39: 7 | J39: =+C39-E39-F39-G39-H39-I39+D39 -> 7 | K39: 10 | L39: 30
A40: 38 | B40: SOVRANO MÜDÜR | C40: 0 | J40: =+C40-E40-F40-G40-H40-I40+D40 -> 0 | K40: 20 | L40: 40
A41: 39 | B41: POLO MİSAFİR | C41: 37 | J41: =+C41-E41-F41-G41-H41-I41+D41 -> 37 | K41: 20 | L41: 50
A42: 40 | B42: POLO MÜDÜR | C42: 39 | F42: 5 | J42: =+C42-E42-F42-G42-H42-I42+D42 -> 34 | K42: 20 | L42: 50
A43: 41 | B43: ELNORA MİSAFİR | C43: 173 | E43: 52 | F43: 20 | H43: 40 | J43: =+C43-E43-F43-G43-H43-I43+D43 -> 61 | K43: 200 | L43: 400
A44: 42 | B44: GRANADA MÜDÜR | C44: 58 | J44: =+C44-E44-F44-G44-H44-I44+D44 -> 58 | K44: 10 | L44: 20
A45: 43 | B45: GRANADA MİSAFİR | C45: 16 | J45: =+C45-E45-F45-G45-H45-I45+D45 -> 16 | K45: 10 | L45: 20
A46: 44 | B46: NOWEL MİSAFİR | C46: 60 | J46: =+C46-E46-F46-G46-H46-I46+D46 -> 60 | K46: 15 | L46: 30
A47: 45 | B47: NOWEL MÜDÜR | C47: 15 | J47: =+C47-E47-F47-G47-H47-I47+D47 -> 15 | K47: 15 | L47: 30
A48: 46 | B48: NEVOL MÜDÜR KONT. | C48: ='KASIM 3 HAFTA '!J48 -> 29 | J48: =+C48-E48-F48-G48-H48-I48+D48 -> 29 | K48: 15 | L48: 30
A49: 47 | B49: TELLY(VOX)OTURAK TAHTASI | C49: 160 | H49: 87 | I49: 4 | J49: =+C49-E49-F49-G49-H49-I49+D49 -> 69 | K49: 100 | L49: 300
A50: 48 | B50: EXPERİA OTURAK | C50: 100 | J50: =+C50-E50-F50-G50-H50-I50+D50 -> 100 | K50: 50 | L50: 100
A51: 49 | B51: EXPERİA MÜDÜR | C51: 35 | J51: =+C51-E51-F51-G51-H51-I51+D51 -> 35 | K51: 10 | L51: 20
A52: 50 | B52: EXPERİA MİSAFİR | C52: 15 | J52: =+C52-E52-F52-G52-H52-I52+D52 -> 15 | K52: 10 | L52: 20
A53: 51 | B53: KİMERA MÜDÜR | C53: 20 | J53: =+C53-E53-F53-G53-H53-I53+D53 -> 20 | K53: 10 | L53: 20
A54: 52 | B54: VİENTO MİSAFİR | C54: 85 | J54: =+C54-E54-F54-G54-H54-I54+D54 -> 85 | K54: 0
A55: 53 | B55: MAKER BERBER KOLT. | C55: 75 | J55: =+C55-E55-F55-G55-H55-I55+D55 -> 75 | K55: 0
A56: 54 | B56: BAYAN BERBER | C56: ='KASIM 3 HAFTA '!J56 -> 230 | F56: 5 | J56: =+C56-E56-F56-G56-H56-I56+D56 -> 225 | K56: 0
A57: 55 | B57: MUTFAK SAND. OTURAK | C57: ='KASIM 3 HAFTA '!J57 -> 76 | J57: =+C57-E57-F57-G57-H57-I57+D57 -> 76 | K57: 0
A58: 56 | B58: PİRAMİT MÜDÜR KONT. | C58: 25 | J58: =+C58-E58-F58-G58-H58-I58+D58 -> 25 | K58: 10 | L58: 20
A59: 57 | B59: PLAT MÜDÜR KONTRASI | C59: 0 | J59: =+C59-E59-F59-G59-H59-I59+D59 -> 0 | K59: 10 | L59: 20
A60: 58 | B60: TRAP MÜDÜR KONTRASI | C60: 34 | E60: 1 | J60: =+C60-E60-F60-G60-H60-I60+D60 -> 33 | K60: 10 | L60: 20
A61: 59 | B61: TRAP MİSAFİR KONTRASI | C61: 1 | J61: =+C61-E61-F61-G61-H61-I61+D61 -> 1 | K61: 10 | L61: 20
A62: 60 | B62: CARRERA MÜDÜR | C62: 0 | J62: =+C62-E62-F62-G62-H62-I62+D62 -> 0 | K62: 20 | L62: 50
A63: 61 | B63: CARRERA MİSAFİR | C63: 1 | J63: =+C63-E63-F63-G63-H63-I63+D63 -> 1 | K63: 20 | L63: 50
A64: 62 | B64: PERA OTURAK | C64: 76 | J64: =+C64-E64-F64-G64-H64-I64+D64 -> 76 | K64: 50 | L64: 100
A65: 63 | B65: NEGRO MÜDÜR | C65: 12 | H65: 3 | J65: =+C65-E65-F65-G65-H65-I65+D65 -> 9 | K65: 10 | L65: 20
A66: 64 | B66: RUBY MÜDÜR KONTRASI | C66: 7 | E66: 7 | J66: =+C66-E66-F66-G66-H66-I66+D66 -> 0 | K66: 10 | L66: 20
A67: 65 | B67: RUBY MİSAFİR KONTRASI | C67: 17 | J67: =+C67-E67-F67-G67-H67-I67+D67 -> 17 | K67: 10 | L67: 20
A68: 66 | B68: LUTZ MÜDÜR KONTRASI | C68: 43 | J68: =+C68-E68-F68-G68-H68-I68+D68 -> 43 | K68: 10 | L68: 20
A69: 67 | B69: LUTZ MİSAFİR KONTRASI | C69: 25 | J69: =+C69-E69-F69-G69-H69-I69+D69 -> 25 | K69: 10 | L69: 20
A70: 68 | B70: CLAYTON MÜDÜR KONTRAS | C70: 3 | J70: =+C70-E70-F70-G70-H70-I70+D70 -> 3 | K70: 10 | L70: 20
A71: 69 | B71: CLAYTON MİSAFİR KONTRAS | C71: 17 | J71: =+C71-E71-F71-G71-H71-I71+D71 -> 17 | K71: 10 | L71: 20
A72: 70 | B72: CABRIO MÜDÜR KONTRASI | C72: 3 | J72: =+C72-E72-F72-G72-H72-I72+D72 -> 3 | K72: 10 | L72: 20
A73: 71 | B73: CABRIO MİSAFİR KONTRASI | C73: 36 | J73: =+C73-E73-F73-G73-H73-I73+D73 -> 36 | K73: 10 | L73: 20
A74: 72 | B74: BARTRA/FLAT/RENGO OTURAK | C74: 392 | H74: 16 | J74: =+C74-E74-F74-G74-H74-I74+D74 -> 376 | K74: 10 | L74: 20
A75: 73 | B75: BARTRA/FLAT/RENGO/TRAP MİS.SIRT | C75: 332 | J75: =+C75-E75-F75-G75-H75-I75+D75 -> 332 | K75: 10 | L75: 20
A76: 74 | B76: SAFİR MÜDÜR KONTRASI | C76: 84 | J76: =+C76-E76-F76-G76-H76-I76+D76 -> 84 | K76: 10 | L76: 20
A77: 75 | B77: BART.FLAT/TRAP/ MÜD. KONTRASI | C77: 35 | H77: 3 | J77: =+C77-E77-F77-G77-H77-I77+D77 -> 32 | K77: 10 | L77: 20
A78: 76 | C78: 0 | J78: =+C78-E78-F78-G78-H78-I78+D78 -> 0 | K78: 10 | L78: 20

Sheet OCAK 4.HAFTA 
A1: TAHTA SAYIMI | C1: OCAK 3.HAFTA | L1: 44837
A2: S.NO | B2: CİNSİ | C2: DEVİR | D2: GELEN | E2: 44949 | F2: 44950 | G2: 44951 | H2: 44952 | I2: 44953 | J2: KALAN | K2: MİNİMUN | L2: MAXSİMUN
A3: 1 | B3: STELL MİSAFİR | C3: 130 | J3: =+C3-E3-F3-G3-H3-I3+D3 -> 130 | K3: 10 | L3: 50
A4: 2 | B4: STELL MÜDÜR | C4: 32 | I4: 1 | J4: =+C4-E4-F4-G4-H4-I4+D4 -> 31 | K4: 10 | L4: 50
A5: 3 | B5: CARENS MİSAFİR KONTRASI | C5: 42 | J5: =+C5-E5-F5-G5-H5-I5+D5 -> 42 | K5: 30 | L5: 50
A6: 4 | B6: RECENT MİSAFİR | C6: 0 | J6: =+C6-E6-F6-G6-H6-I6+D6 -> 0 | K6: 30 | L6: 100
A7: 5 | B7: RECENT MÜDÜR | C7: 47 | I7: 2 | J7: =+C7-E7-F7-G7-H7-I7+D7 -> 45 | K7: 30 | L7: 100
A8: 6 | B8: PUFFY MİSAFİR | C8: 35 | F8: 2 | J8: =+C8-E8-F8-G8-H8-I8+D8 -> 33 | K8: 15 | L8: 50
A9: 7 | B9: PUFFY MÜDÜR | C9: 0 | J9: =+C9-E9-F9-G9-H9-I9+D9 -> 0 | K9: 15 | L9: 30
A10: 8 | B10: KESİLMEMİŞ MÜDÜR KON | C10: 0 | J10: =+C10-E10-F10-G10-H10-I10+D10 -> 0 | K10: 0
A11: 9 | B11: CEZAR MÜDÜR | C11: 218 | J11: =+C11-E11-F11-G11-H11-I11+D11 -> 218 | K11: 150 | L11: 500
A12: 10 | B12: CEZAR MİSAFİR | C12: 517 | F12: 10 | I12: 50 | J12: =+C12-E12-F12-G12-H12-I12+D12 -> 457 | K12: 200 | L12: 750
A13: 11 | B13: LENUX MİSAFİR | C13: 14 | J13: =+C13-E13-F13-G13-H13-I13+D13 -> 14 | K13: 10 | L13: 30
A14: 12 | B14: LENUX MÜDÜR | C14: 0 | J14: =+C14-E14-F14-G14-H14-I14+D14 -> 0 | K14: 10 | L14: 20
A15: 13 | B15: WARLCOK MÜDÜR | C15: 75 | J15: =+C15-E15-F15-G15-H15-I15+D15 -> 75 | K15: 10 | L15: 20
A16: 14 | B16: WARLCOK MİSAFİR | C16: 151 | J16: =+C16-E16-F16-G16-H16-I16+D16 -> 151 | K16: 10 | L16: 20
A17: 15 | B17: VİSİON MÜDÜR/RETRO | C17: 399 | E17: 1 | G17: 1 | H17: 4 | J17: =+C17-E17-F17-G17-H17-I17+D17 -> 393 | K17: 50 | L17: 200
A18: 16 | B18: VİSİON MİSAFİR | C18: 37 | J18: =+C18-E18-F18-G18-H18-I18+D18 -> 37 | K18: 50 | L18: 150
A19: 17 | B19: PENTA MÜDÜR / RETRO | C19: 33 | E19: 7 | J19: =+C19-E19-F19-G19-H19-I19+D19 -> 26 | K19: 30 | L19: 100
A20: 18 | B20: PENTA MİSAFİR | C20: 10 | D20: 41 | J20: =+C20-E20-F20-G20-H20-I20+D20 -> 51 | K20: 30 | L20: 100
A21: 19 | B21: ACTİON MÜDÜR | C21: 59 | J21: =+C21-E21-F21-G21-H21-I21+D21 -> 59 | K21: 20 | L21: 50
A22: 20 | B22: ACTİON MİSAFİR | C22: 36 | J22: =+C22-E22-F22-G22-H22-I22+D22 -> 36 | K22: 30 | L22: 50
A23: 21 | B23: CARENS MÜDÜR KONT | C23: 1 | J23: =+C23-E23-F23-G23-H23-I23+D23 -> 1 | K23: 5 | L23: 10
A24: 22 | B24: GRAFTER MÜDÜR | C24: 0 | J24: =+C24-E24-F24-G24-H24-I24+D24 -> 0 | K24: 5 | L24: 10
A25: 23 | B25: GRAFTER MİSAFİR | C25: 36 | J25: =+C25-E25-F25-G25-H25-I25+D25 -> 36 | K25: 5 | L25: 10
A26: 24 | B26: ELNORA -LEGENT MÜDÜR | C26: 220 | J26: =+C26-E26-F26-G26-H26-I26+D26 -> 220 | K26: 100 | L26: 200
A27: 25 | B27: LEGENT MÜDÜR UZUN | C27: ='KASIM 3 HAFTA '!J27 -> 483 | J27: =+C27-E27-F27-G27-H27-I27+D27 -> 483 | K27: 0
A28: 26 | B28: ANFİ TAHTASI | C28: ='KASIM 3 HAFTA '!J28 -> 62 | J28: =+C28-E28-F28-G28-H28-I28+D28 -> 62 | K28: 0
A29: 27 | B29: VEGA SIRT | C29: 45 | J29: =+C29-E29-F29-G29-H29-I29+D29 -> 45 | K29: 0
A30: 28 | B30: VEGA TABAN | C30: 30 | J30: =+C30-E30-F30-G30-H30-I30+D30 -> 30 | K30: 0
A31: 29 | B31: VENESSA MİS.KONTRASI | C31: 8 | J31: =+C31-E31-F31-G31-H31-I31+D31 -> 8 | K31: 0
A32: 30 | B32: POLİ DABAN | C32: 266 | D32: 160 | F32: 8 | J32: =+C32-E32-F32-G32-H32-I32+D32 -> 418 | K32: 200 | L32: 400
A33: 31 | B33: SANDALYE SIRT | C33: ='KASIM 3 HAFTA '!J33 -> 240 | J33: =+C33-E33-F33-G33-H33-I33+D33 -> 240 | K33: 0
A34: 32 | B34: SANDALYE DABAN | C34: ='KASIM 3 HAFTA '!J34 -> 17 | J34: =+C34-E34-F34-G34-H34-I34+D34 -> 17 | K34: 0
A35: 33 | B35: MİSAFİR SIRT | C35: ='KASIM 3 HAFTA '!J35 -> 29 | J35: =+C35-E35-F35-G35-H35-I35+D35 -> 29 | K35: 0
A36: 34 | B36: VİVA DABAN | C36: 507 | H36: 130 | J36: =+C36-E36-F36-G36-H36-I36+D36 -> 377 | K36: 0
A37: 35 | B37: SENS MÜDÜR SIRT | C37: 111 | H37: 7 | J37: =+C37-E37-F37-G37-H37-I37+D37 -> 104 | K37: 10 | L37: 30
A38: 36 | B38: ZEUGMA | C38: ='KASIM 3 HAFTA '!J38 -> 36 | J38: =+C38-E38-F38-G38-H38-I38+D38 -> 36 | K38: 10 | L38: 20
A39: 37 | B39: SOVRANO MİSAFİR | C39: 7 | D39: 50 | J39: =+C39-E39-F39-G39-H39-I39+D39 -> 57 | K39: 10 | L39: 30
A40: 38 | B40: SOVRANO MÜDÜR | C40: 0 | D40: 50 | H40: 7 | J40: =+C40-E40-F40-G40-H40-I40+D40 -> 43 | K40: 20 | L40: 40
A41: 39 | B41: POLO MİSAFİR | C41: 37 | D41: 50 | J41: =+C41-E41-F41-G41-H41-I41+D41 -> 87 | K41: 20 | L41: 50
A42: 40 | B42: POLO MÜDÜR | C42: 34 | J42: =+C42-E42-F42-G42-H42-I42+D42 -> 34 | K42: 20 | L42: 50
A43: 41 | B43: ELNORA MİSAFİR | C43: 61 | F43: 30 | J43: =+C43-E43-F43-G43-H43-I43+D43 -> 31 | K43: 200 | L43: 400
A44: 42 | B44: GRANADA MÜDÜR | C44: 58 | J44: =+C44-E44-F44-G44-H44-I44+D44 -> 58 | K44: 10 | L44: 20
A45: 43 | B45: GRANADA MİSAFİR | C45: 16 | J45: =+C45-E45-F45-G45-H45-I45+D45 -> 16 | K45: 10 | L45: 20
A46: 44 | B46: NOWEL MİSAFİR | C46: 60 | J46: =+C46-E46-F46-G46-H46-I46+D46 -> 60 | K46: 15 | L46: 30
A47: 45 | B47: NOWEL MÜDÜR | C47: 15 | J47: =+C47-E47-F47-G47-H47-I47+D47 -> 15 | K47: 15 | L47: 30
A48: 46 | B48: NEVOL MÜDÜR KONT. | C48: ='KASIM 3 HAFTA '!J48 -> 29 | J48: =+C48-E48-F48-G48-H48-I48+D48 -> 29 | K48: 15 | L48: 30
A49: 47 | B49: TELLY(VOX)OTURAK TAHTASI | C49: 69 | H49: 30 | J49: =+C49-E49-F49-G49-H49-I49+D49 -> 39 | K49: 100 | L49: 300
A50: 48 | B50: EXPERİA OTURAK | C50: 100 | E50: 4 | H50: 7 | J50: =+C50-E50-F50-G50-H50-I50+D50 -> 89 | K50: 50 | L50: 100
A51: 49 | B51: EXPERİA MÜDÜR | C51: 35 | J51: =+C51-E51-F51-G51-H51-I51+D51 -> 35 | K51: 10 | L51: 20
A52: 50 | B52: EXPERİA MİSAFİR | C52: 15 | J52: =+C52-E52-F52-G52-H52-I52+D52 -> 15 | K52: 10 | L52: 20
A53: 51 | B53: KİMERA MÜDÜR | C53: 20 | E53: 1 | J53: =+C53-E53-F53-G53-H53-I53+D53 -> 19 | K53: 10 | L53: 20
A54: 52 | B54: VİENTO MİSAFİR | C54: 85 | J54: =+C54-E54-F54-G54-H54-I54+D54 -> 85 | K54: 0
A55: 53 | B55: MAKER BERBER KOLT. | C55: 75 | J55: =+C55-E55-F55-G55-H55-I55+D55 -> 75 | K55: 0
A56: 54 | B56: BAYAN BERBER | C56: 225 | J56: =+C56-E56-F56-G56-H56-I56+D56 -> 225 | K56: 0
A57: 55 | B57: MUTFAK SAND. OTURAK | C57: ='KASIM 3 HAFTA '!J57 -> 76 | J57: =+C57-E57-F57-G57-H57-I57+D57 -> 76 | K57: 0
A58: 56 | B58: PİRAMİT MÜDÜR KONT. | C58: 25 | J58: =+C58-E58-F58-G58-H58-I58+D58 -> 25 | K58: 10 | L58: 20
A59: 57 | B59: PLAT MÜDÜR KONTRASI | C59: 0 | J59: =+C59-E59-F59-G59-H59-I59+D59 -> 0 | K59: 10 | L59: 20
A60: 58 | B60: TRAP MÜDÜR KONTRASI | C60: 33 | J60: =+C60-E60-F60-G60-H60-I60+D60 -> 33 | K60: 10 | L60: 20
A61: 59 | B61: TRAP MİSAFİR KONTRASI | C61: 1 | J61: =+C61-E61-F61-G61-H61-I61+D61 -> 1 | K61: 10 | L61: 20
A62: 60 | B62: CARRERA MÜDÜR | C62: 0 | J62: =+C62-E62-F62-G62-H62-I62+D62 -> 0 | K62: 20 | L62: 50
A63: 61 | B63: CARRERA MİSAFİR | C63: 1 | J63: =+C63-E63-F63-G63-H63-I63+D63 -> 1 | K63: 20 | L63: 50
A64: 62 | B64: PERA OTURAK | C64: 76 | D64: 0 | I64: 76 | J64: =+C64-E64-F64-G64-H64-I64+D64 -> 0 | K64: 50 | L64: 100
A65: 63 | B65: NEGRO MÜDÜR | C65: 9 | J65: =+C65-E65-F65-G65-H65-I65+D65 -> 9 | K65: 10 | L65: 20
A66: 64 | B66: RUBY MÜDÜR KONTRASI | C66: 0 | J66: =+C66-E66-F66-G66-H66-I66+D66 -> 0 | K66: 10 | L66: 20
A67: 65 | B67: RUBY MİSAFİR KONTRASI | C67: 17 | J67: =+C67-E67-F67-G67-H67-I67+D67 -> 17 | K67: 10 | L67: 20
A68: 66 | B68: LUTZ MÜDÜR KONTRASI | C68: 43 | I68: 1 | J68: =+C68-E68-F68-G68-H68-I68+D68 -> 42 | K68: 10 | L68: 20
A69: 67 | B69: LUTZ MİSAFİR KONTRASI | C69: 25 | J69: =+C69-E69-F69-G69-H69-I69+D69 -> 25 | K69: 10 | L69: 20
A70: 68 | B70: CLAYTON MÜDÜR KONTRAS | C70: 3 | I70: 1 | J70: =+C70-E70-F70-G70-H70-I70+D70 -> 2 | K70: 10 | L70: 20
A71: 69 | B71: CLAYTON MİSAFİR KONTRAS | C71: 17 | J71: =+C71-E71-F71-G71-H71-I71+D71 -> 17 | K71: 10 | L71: 20
A72: 70 | B72: CABRIO MÜDÜR KONTRASI | C72: 3 | J72: =+C72-E72-F72-G72-H72-I72+D72 -> 3 | K72: 10 | L72: 20
A73: 71 | B73: CABRIO MİSAFİR KONTRASI | C73: 36 | J73: =+C73-E73-F73-G73-H73-I73+D73 -> 36 | K73: 10 | L73: 20
A74: 72 | B74: BARTRA/FLAT/RENGO OTURAK | C74: 376 | H74: 6 | I74: 3 | J74: =+C74-E74-F74-G74-H74-I74+D74 -> 367 | K74: 10 | L74: 20
A75: 73 | B75: BARTRA/FLAT/RENGO/TRAP MİS.SIRT | C75: 332 | H75: 4 | J75: =+C75-E75-F75-G75-H75-I75+D75 -> 328 | K75: 10 | L75: 20
A76: 74 | B76: SAFİR MÜDÜR KONTRASI | C76: 84 | J76: =+C76-E76-F76-G76-H76-I76+D76 -> 84 | K76: 10 | L76: 20
A77: 75 | B77: BART.FLAT/TRAP/ MÜD. KONTRASI | C77: 32 | H77: 2 | J77: =+C77-E77-F77-G77-H77-I77+D77 -> 30 | K77: 10 | L77: 20
A78: 76 | C78: 0 | J78: =+C78-E78-F78-G78-H78-I78+D78 -> 0 | K78: 10 | L78: 20

Sheet OCAK 5.ŞUBAT 1 HAFTA 
A1: TAHTA SAYIMI | C1: OCAK5 / ŞUBAT 1.HAFTA | L1: 44837
A2: S.NO | B2: CİNSİ | C2: DEVİR | D2: GELEN | E2: 44956 | F2: 44957 | G2: 44958 | H2: 44959 | I2: 44960 | J2: KALAN | K2: MİNİMUN | L2: MAXSİMUN
A3: 1 | B3: STELL MİSAFİR | C3: 130 | J3: =+C3-E3-F3-G3-H3-I3+D3 -> 130 | K3: 10 | L3: 50
A4: 2 | B4: STELL MÜDÜR | C4: 31 | J4: =+C4-E4-F4-G4-H4-I4+D4 -> 31 | K4: 10 | L4: 50
A5: 3 | B5: CARENS MİSAFİR KONTRASI | C5: 42 | H5: 25 | J5: =+C5-E5-F5-G5-H5-I5+D5 -> 17 | K5: 30 | L5: 50
A6: 4 | B6: RECENT MİSAFİR | C6: 25 | D6: 45 | E6: 0 | F6: 25 | J6: =+C6-E6-F6-G6-H6-I6+D6 -> 45 | K6: 30 | L6: 100
A7: 5 | B7: RECENT MÜDÜR | C7: 45 | E7: 3 | F7: 3 | G7: 2 | J7: =+C7-E7-F7-G7-H7-I7+D7 -> 37 | K7: 30 | L7: 100
A8: 6 | B8: PUFFY MİSAFİR | C8: 33 | J8: =+C8-E8-F8-G8-H8-I8+D8 -> 33 | K8: 15 | L8: 50
A9: 7 | B9: PUFFY MÜDÜR | C9: 0 | J9: =+C9-E9-F9-G9-H9-I9+D9 -> 0 | K9: 15 | L9: 30
A10: 8 | B10: KESİLMEMİŞ MÜDÜR KON | C10: 0 | J10: =+C10-E10-F10-G10-H10-I10+D10 -> 0 | K10: 0
A11: 9 | B11: CEZAR MÜDÜR | C11: 218 | G11: 2 | J11: =+C11-E11-F11-G11-H11-I11+D11 -> 216 | K11: 150 | L11: 500
A12: 10 | B12: CEZAR MİSAFİR | C12: 457 | J12: =+C12-E12-F12-G12-H12-I12+D12 -> 457 | K12: 200 | L12: 750
A13: 11 | B13: LENUX MİSAFİR | C13: 14 | J13: =+C13-E13-F13-G13-H13-I13+D13 -> 14 | K13: 10 | L13: 30
A14: 12 | B14: LENUX MÜDÜR | C14: 0 | J14: =+C14-E14-F14-G14-H14-I14+D14 -> 0 | K14: 10 | L14: 20
A15: 13 | B15: WARLCOK MÜDÜR | C15: 75 | E15: 2 | F15: 2 | J15: =+C15-E15-F15-G15-H15-I15+D15 -> 71 | K15: 10 | L15: 20
A16: 14 | B16: WARLCOK MİSAFİR | C16: 151 | J16: =+C16-E16-F16-G16-H16-I16+D16 -> 151 | K16: 10 | L16: 20
A17: 15 | B17: VİSİON MÜDÜR/RETRO | C17: 393 | D17: 112 | E17: 9 | F17: 2 | G17: 2 | H17: 2 | I17: 110 | J17: =+C17-E17-F17-G17-H17-I17+D17 -> 380 | K17: 50 | L17: 200
A18: 16 | B18: VİSİON MİSAFİR | C18: 37 | J18: =+C18-E18-F18-G18-H18-I18+D18 -> 37 | K18: 50 | L18: 150
A19: 17 | B19: PENTA MÜDÜR / RETRO | C19: 26 | E19: 4 | J19: =+C19-E19-F19-G19-H19-I19+D19 -> 22 | K19: 30 | L19: 100
A20: 18 | B20: PENTA MİSAFİR | C20: 51 | J20: =+C20-E20-F20-G20-H20-I20+D20 -> 51 | K20: 30 | L20: 100
A21: 19 | B21: ACTİON MÜDÜR | C21: 59 | F21: 1 | H21: 2 | I21: 8 | J21: =+C21-E21-F21-G21-H21-I21+D21 -> 48 | K21: 20 | L21: 50
A22: 20 | B22: ACTİON MİSAFİR | C22: 36 | J22: =+C22-E22-F22-G22-H22-I22+D22 -> 36 | K22: 30 | L22: 50
A23: 21 | B23: CARENS MÜDÜR KONT | C23: 1 | J23: =+C23-E23-F23-G23-H23-I23+D23 -> 1 | K23: 5 | L23: 10
A24: 22 | B24: GRAFTER MÜDÜR | C24: 0 | J24: =+C24-E24-F24-G24-H24-I24+D24 -> 0 | K24: 5 | L24: 10
A25: 23 | B25: GRAFTER MİSAFİR | C25: 36 | J25: =+C25-E25-F25-G25-H25-I25+D25 -> 36 | K25: 5 | L25: 10
A26: 24 | B26: ELNORA -LEGENT MÜDÜR | C26: 220 | J26: =+C26-E26-F26-G26-H26-I26+D26 -> 220 | K26: 100 | L26: 200
A27: 25 | B27: LEGENT MÜDÜR UZUN | C27: ='KASIM 3 HAFTA '!J27 -> 483 | J27: =+C27-E27-F27-G27-H27-I27+D27 -> 483 | K27: 0
A28: 26 | B28: ANFİ TAHTASI | C28: ='KASIM 3 HAFTA '!J28 -> 62 | J28: =+C28-E28-F28-G28-H28-I28+D28 -> 62 | K28: 0
A29: 27 | B29: VEGA SIRT | C29: 45 | J29: =+C29-E29-F29-G29-H29-I29+D29 -> 45 | K29: 0
A30: 28 | B30: VEGA TABAN | C30: 30 | J30: =+C30-E30-F30-G30-H30-I30+D30 -> 30 | K30: 0
A31: 29 | B31: VENESSA MİS.KONTRASI | C31: 8 | J31: =+C31-E31-F31-G31-H31-I31+D31 -> 8 | K31: 0
A32: 30 | B32: POLİ DABAN | C32: 418 | E32: 100 | J32: =+C32-E32-F32-G32-H32-I32+D32 -> 318 | K32: 200 | L32: 400
A33: 31 | B33: SANDALYE SIRT | C33: ='KASIM 3 HAFTA '!J33 -> 240 | J33: =+C33-E33-F33-G33-H33-I33+D33 -> 240 | K33: 0
A34: 32 | B34: SANDALYE DABAN | C34: ='KASIM 3 HAFTA '!J34 -> 17 | J34: =+C34-E34-F34-G34-H34-I34+D34 -> 17 | K34: 0
A35: 33 | B35: MİSAFİR SIRT | C35: ='KASIM 3 HAFTA '!J35 -> 29 | J35: =+C35-E35-F35-G35-H35-I35+D35 -> 29 | K35: 0
A36: 34 | B36: VİVA DABAN | C36: 377 | J36: =+C36-E36-F36-G36-H36-I36+D36 -> 377 | K36: 0
A37: 35 | B37: SENS MÜDÜR SIRT | C37: 104 | J37: =+C37-E37-F37-G37-H37-I37+D37 -> 104 | K37: 10 | L37: 30
A38: 36 | B38: ZEUGMA | C38: ='KASIM 3 HAFTA '!J38 -> 36 | J38: =+C38-E38-F38-G38-H38-I38+D38 -> 36 | K38: 10 | L38: 20
A39: 37 | B39: SOVRANO MİSAFİR | C39: 57 | J39: =+C39-E39-F39-G39-H39-I39+D39 -> 57 | K39: 10 | L39: 30
A40: 38 | B40: SOVRANO MÜDÜR | C40: 43 | J40: =+C40-E40-F40-G40-H40-I40+D40 -> 43 | K40: 20 | L40: 40
A41: 39 | B41: POLO MİSAFİR | C41: 87 | J41: =+C41-E41-F41-G41-H41-I41+D41 -> 87 | K41: 20 | L41: 50
A42: 40 | B42: POLO MÜDÜR | C42: 34 | E42: 3 | J42: =+C42-E42-F42-G42-H42-I42+D42 -> 31 | K42: 20 | L42: 50
A43: 41 | B43: ELNORA MİSAFİR | C43: 31 | D43: 322 | I43: 34 | J43: =+C43-E43-F43-G43-H43-I43+D43 -> 319 | K43: 200 | L43: 400
A44: 42 | B44: GRANADA MÜDÜR | C44: 58 | J44: =+C44-E44-F44-G44-H44-I44+D44 -> 58 | K44: 10 | L44: 20
A45: 43 | B45: GRANADA MİSAFİR | C45: 16 | J45: =+C45-E45-F45-G45-H45-I45+D45 -> 16 | K45: 10 | L45: 20
A46: 44 | B46: NOWEL MİSAFİR | C46: 60 | E46: 5 | J46: =+C46-E46-F46-G46-H46-I46+D46 -> 55 | K46: 15 | L46: 30
A47: 45 | B47: NOWEL MÜDÜR | C47: 15 | J47: =+C47-E47-F47-G47-H47-I47+D47 -> 15 | K47: 15 | L47: 30
A48: 46 | B48: NEVOL MÜDÜR KONT. | C48: ='KASIM 3 HAFTA '!J48 -> 29 | J48: =+C48-E48-F48-G48-H48-I48+D48 -> 29 | K48: 15 | L48: 30
A49: 47 | B49: TELLY(VOX)OTURAK TAHTASI | C49: 39 | J49: =+C49-E49-F49-G49-H49-I49+D49 -> 39 | K49: 100 | L49: 300
A50: 48 | B50: EXPERİA OTURAK | C50: 89 | E50: 12 | I50: 7 | J50: =+C50-E50-F50-G50-H50-I50+D50 -> 70 | K50: 50 | L50: 100
A51: 49 | B51: EXPERİA MÜDÜR | C51: 35 | E51: 1 | J51: =+C51-E51-F51-G51-H51-I51+D51 -> 34 | K51: 10 | L51: 20
A52: 50 | B52: EXPERİA MİSAFİR | C52: 15 | J52: =+C52-E52-F52-G52-H52-I52+D52 -> 15 | K52: 10 | L52: 20
A53: 51 | B53: KİMERA MÜDÜR | C53: 19 | J53: =+C53-E53-F53-G53-H53-I53+D53 -> 19 | K53: 10 | L53: 20
A54: 52 | B54: VİENTO MİSAFİR | C54: 85 | J54: =+C54-E54-F54-G54-H54-I54+D54 -> 85 | K54: 0
A55: 53 | B55: MAKER BERBER KOLT. | C55: 75 | J55: =+C55-E55-F55-G55-H55-I55+D55 -> 75 | K55: 0
A56: 54 | B56: BAYAN BERBER | C56: 225 | J56: =+C56-E56-F56-G56-H56-I56+D56 -> 225 | K56: 0
A57: 55 | B57: MUTFAK SAND. OTURAK | C57: ='KASIM 3 HAFTA '!J57 -> 76 | J57: =+C57-E57-F57-G57-H57-I57+D57 -> 76 | K57: 0
A58: 56 | B58: PİRAMİT MÜDÜR KONT. | C58: 25 | J58: =+C58-E58-F58-G58-H58-I58+D58 -> 25 | K58: 10 | L58: 20
A59: 57 | B59: PLAT MÜDÜR KONTRASI | C59: 0 | J59: =+C59-E59-F59-G59-H59-I59+D59 -> 0 | K59: 10 | L59: 20
A60: 58 | B60: TRAP MÜDÜR KONTRASI | C60: 33 | J60: =+C60-E60-F60-G60-H60-I60+D60 -> 33 | K60: 10 | L60: 20
A61: 59 | B61: TRAP MİSAFİR KONTRASI | C61: 1 | J61: =+C61-E61-F61-G61-H61-I61+D61 -> 1 | K61: 10 | L61: 20
A62: 60 | B62: CARRERA MÜDÜR | C62: 0 | J62: =+C62-E62-F62-G62-H62-I62+D62 -> 0 | K62: 20 | L62: 50
A63: 61 | B63: CARRERA MİSAFİR | C63: 1 | J63: =+C63-E63-F63-G63-H63-I63+D63 -> 1 | K63: 20 | L63: 50
A64: 62 | B64: PERA OTURAK | C64: 0 | D64: 250 | G64: 154 | J64: =+C64-E64-F64-G64-H64-I64+D64 -> 96 | K64: 50 | L64: 100
A65: 63 | B65: NEGRO MÜDÜR | C65: 9 | J65: =+C65-E65-F65-G65-H65-I65+D65 -> 9 | K65: 10 | L65: 20
A66: 64 | B66: RUBY MÜDÜR KONTRASI | C66: 0 | J66: =+C66-E66-F66-G66-H66-I66+D66 -> 0 | K66: 10 | L66: 20
A67: 65 | B67: RUBY MİSAFİR KONTRASI | C67: 17 | G67: 8 | J67: =+C67-E67-F67-G67-H67-I67+D67 -> 9 | K67: 10 | L67: 20
A68: 66 | B68: LUTZ MÜDÜR KONTRASI | C68: 42 | J68: =+C68-E68-F68-G68-H68-I68+D68 -> 42 | K68: 10 | L68: 20
A69: 67 | B69: LUTZ MİSAFİR KONTRASI | C69: 25 | J69: =+C69-E69-F69-G69-H69-I69+D69 -> 25 | K69: 10 | L69: 20
A70: 68 | B70: CLAYTON MÜDÜR KONTRAS | C70: 2 | I70: 1 | J70: =+C70-E70-F70-G70-H70-I70+D70 -> 1 | K70: 10 | L70: 20
A71: 69 | B71: CLAYTON MİSAFİR KONTRAS | C71: 17 | J71: =+C71-E71-F71-G71-H71-I71+D71 -> 17 | K71: 10 | L71: 20
A72: 70 | B72: CABRIO MÜDÜR KONTRASI | C72: 3 | J72: =+C72-E72-F72-G72-H72-I72+D72 -> 3 | K72: 10 | L72: 20
A73: 71 | B73: CABRIO MİSAFİR KONTRASI | C73: 36 | J73: =+C73-E73-F73-G73-H73-I73+D73 -> 36 | K73: 10 | L73: 20
A74: 72 | B74: BARTRA/FLAT/RENGO OTURAK | C74: 367 | J74: =+C74-E74-F74-G74-H74-I74+D74 -> 367 | K74: 10 | L74: 20
A75: 73 | B75: BARTRA/FLAT/RENGO/TRAP MİS.SIRT | C75: 328 | J75: =+C75-E75-F75-G75-H75-I75+D75 -> 328 | K75: 10 | L75: 20
A76: 74 | B76: SAFİR MÜDÜR KONTRASI | C76: 84 | G76: 8 | J76: =+C76-E76-F76-G76-H76-I76+D76 -> 76 | K76: 10 | L76: 20
A77: 75 | B77: BART.FLAT/TRAP/ MÜD. KONTRASI | C77: 30 | J77: =+C77-E77-F77-G77-H77-I77+D77 -> 30 | K77: 10 | L77: 20
A78: 76 | C78: 0 | J78: =+C78-E78-F78-G78-H78-I78+D78 -> 0 | K78: 10 | L78: 20

Sheet MART 3 HAFTA
A1: TAHTA SAYIMI | C1: MART 3 HAFTA | L1: 44837
A2: S.NO | B2: CİNSİ | C2: DEVİR | D2: GELEN | E2: 45005 | F2: 45006 | G2: 45007 | H2: 45008 | I2: 45077 | J2: KALAN | K2: MİNİMUN | L2: MAXSİMUN
A3: 1 | B3: STELL MİSAFİR | C3: 130 | J3: =+C3-E3-F3-G3-H3-I3+D3 -> 130 | K3: 10 | L3: 50
A4: 2 | B4: STELL MÜDÜR | C4: 31 | J4: =+C4-E4-F4-G4-H4-I4+D4 -> 31 | K4: 10 | L4: 50
A5: 3 | B5: CARENS MİSAFİR KONTRASI | C5: 17 | J5: =+C5-E5-F5-G5-H5-I5+D5 -> 17 | K5: 30 | L5: 50
A6: 4 | B6: RECENT MİSAFİR | C6: 35 | D6: 20 | E6: 2 | H6: 2 | J6: =+C6-E6-F6-G6-H6-I6+D6 -> 51 | K6: 30 | L6: 100
A7: 5 | B7: RECENT MÜDÜR | C7: 37 | D7: 30 | E7: 2 | H7: 2 | J7: =+C7-E7-F7-G7-H7-I7+D7 -> 63 | K7: 30 | L7: 100
A8: 6 | B8: PUFFY MİSAFİR | C8: 33 | F8: 1 | J8: =+C8-E8-F8-G8-H8-I8+D8 -> 32 | K8: 15 | L8: 50
A9: 7 | B9: PUFFY MÜDÜR | C9: 0 | D9: 6 | J9: =+C9-E9-F9-G9-H9-I9+D9 -> 6 | K9: 15 | L9: 30
A10: 8 | B10: KESİLMEMİŞ MÜDÜR KON | C10: 0 | J10: =+C10-E10-F10-G10-H10-I10+D10 -> 0 | K10: 0
A11: 9 | B11: CEZAR MÜDÜR | C11: 216 | E11: 120 | H11: 60 | J11: =+C11-E11-F11-G11-H11-I11+D11 -> 36 | K11: 150 | L11: 500
A12: 10 | B12: CEZAR MİSAFİR | C12: 571 | D12: 505 | E12: 100 | F12: 0 | G12: 221 | H12: 250 | I12: 0 | J12: =+C12-E12-F12-G12-H12-I12+D12 -> 505 | K12: 200 | L12: 750
A13: 11 | B13: LENUX MİSAFİR | C13: 14 | J13: =+C13-E13-F13-G13-H13-I13+D13 -> 14 | K13: 10 | L13: 30
A14: 12 | B14: LENUX MÜDÜR | C14: 0 | J14: =+C14-E14-F14-G14-H14-I14+D14 -> 0 | K14: 10 | L14: 20
A15: 13 | B15: WARLCOK MÜDÜR | C15: 71 | J15: =+C15-E15-F15-G15-H15-I15+D15 -> 71 | K15: 10 | L15: 20
A16: 14 | B16: WARLCOK MİSAFİR | C16: 151 | J16: =+C16-E16-F16-G16-H16-I16+D16 -> 151 | K16: 10 | L16: 20
A17: 15 | B17: VİSİON MÜDÜR/RETRO | C17: 380 | H17: 43 | J17: =+C17-E17-F17-G17-H17-I17+D17 -> 337 | K17: 50 | L17: 200
A18: 16 | B18: VİSİON MİSAFİR | C18: 37 | D18: 100 | J18: =+C18-E18-F18-G18-H18-I18+D18 -> 137 | K18: 50 | L18: 150
A19: 17 | B19: PENTA MÜDÜR / RETRO | C19: 22 | J19: =+C19-E19-F19-G19-H19-I19+D19 -> 22 | K19: 30 | L19: 100
A20: 18 | B20: PENTA MİSAFİR | C20: 51 | J20: =+C20-E20-F20-G20-H20-I20+D20 -> 51 | K20: 30 | L20: 100
A21: 19 | B21: ACTİON MÜDÜR | C21: 48 | E21: 10 | J21: =+C21-E21-F21-G21-H21-I21+D21 -> 38 | K21: 20 | L21: 50
A22: 20 | B22: ACTİON MİSAFİR | C22: 36 | E22: 4 | J22: =+C22-E22-F22-G22-H22-I22+D22 -> 32 | K22: 30 | L22: 50
A23: 21 | B23: CARENS MÜDÜR KONT | C23: 1 | J23: =+C23-E23-F23-G23-H23-I23+D23 -> 1 | K23: 5 | L23: 10
A24: 22 | B24: GRAFTER MÜDÜR | C24: 0 | J24: =+C24-E24-F24-G24-H24-I24+D24 -> 0 | K24: 5 | L24: 10
A25: 23 | B25: GRAFTER MİSAFİR | C25: 36 | J25: =+C25-E25-F25-G25-H25-I25+D25 -> 36 | K25: 5 | L25: 10
A26: 24 | B26: ELNORA -LEGENT MÜDÜR | C26: 220 | J26: =+C26-E26-F26-G26-H26-I26+D26 -> 220 | K26: 100 | L26: 200
A27: 25 | B27: LEGENT MÜDÜR UZUN | C27: ='KASIM 3 HAFTA '!J27 -> 483 | J27: =+C27-E27-F27-G27-H27-I27+D27 -> 483 | K27: 0
A28: 26 | B28: ANFİ TAHTASI | C28: ='KASIM 3 HAFTA '!J28 -> 62 | J28: =+C28-E28-F28-G28-H28-I28+D28 -> 62 | K28: 0
A29: 27 | B29: VEGA SIRT | C29: 45 | J29: =+C29-E29-F29-G29-H29-I29+D29 -> 45 | K29: 0
A30: 28 | B30: VEGA TABAN | C30: 30 | J30: =+C30-E30-F30-G30-H30-I30+D30 -> 30 | K30: 0
A31: 29 | B31: VENESSA MİS.KONTRASI | C31: 8 | J31: =+C31-E31-F31-G31-H31-I31+D31 -> 8 | K31: 0
A32: 30 | B32: POLİ DABAN | C32: 318 | D32: 385 | J32: =+C32-E32-F32-G32-H32-I32+D32 -> 703 | K32: 200 | L32: 400
A33: 31 | B33: SANDALYE SIRT | C33: ='KASIM 3 HAFTA '!J33 -> 240 | J33: =+C33-E33-F33-G33-H33-I33+D33 -> 240 | K33: 0
A34: 32 | B34: SANDALYE DABAN | C34: ='KASIM 3 HAFTA '!J34 -> 17 | J34: =+C34-E34-F34-G34-H34-I34+D34 -> 17 | K34: 0
A35: 33 | B35: MİSAFİR SIRT | C35: ='KASIM 3 HAFTA '!J35 -> 29 | J35: =+C35-E35-F35-G35-H35-I35+D35 -> 29 | K35: 0
A36: 34 | B36: VİVA DABAN | C36: 377 | J36: =+C36-E36-F36-G36-H36-I36+D36 -> 377 | K36: 0
A37: 35 | B37: SENS MÜDÜR SIRT | C37: 104 | E37: 9 | J37: =+C37-E37-F37-G37-H37-I37+D37 -> 95 | K37: 10 | L37: 30
A38: 36 | B38: ZEUGMA | C38: ='KASIM 3 HAFTA '!J38 -> 36 | J38: =+C38-E38-F38-G38-H38-I38+D38 -> 36 | K38: 10 | L38: 20
A39: 37 | B39: SOVRANO MİSAFİR | C39: 57 | H39: 2 | J39: =+C39-E39-F39-G39-H39-I39+D39 -> 55 | K39: 10 | L39: 30
A40: 38 | B40: SOVRANO MÜDÜR | C40: 43 | F40: 6 | H40: 2 | J40: =+C40-E40-F40-G40-H40-I40+D40 -> 35 | K40: 20 | L40: 40
A41: 39 | B41: POLO MİSAFİR | C41: 87 | J41: =+C41-E41-F41-G41-H41-I41+D41 -> 87 | K41: 20 | L41: 50
A42: 40 | B42: POLO MÜDÜR | C42: 31 | J42: =+C42-E42-F42-G42-H42-I42+D42 -> 31 | K42: 20 | L42: 50
A43: 41 | B43: ELNORA MİSAFİR | C43: 319 | J43: =+C43-E43-F43-G43-H43-I43+D43 -> 319 | K43: 200 | L43: 400
A44: 42 | B44: GRANADA MÜDÜR | C44: 58 | J44: =+C44-E44-F44-G44-H44-I44+D44 -> 58 | K44: 10 | L44: 20
A45: 43 | B45: GRANADA MİSAFİR | C45: 16 | J45: =+C45-E45-F45-G45-H45-I45+D45 -> 16 | K45: 10 | L45: 20
A46: 44 | B46: NOWEL MİSAFİR | C46: 55 | J46: =+C46-E46-F46-G46-H46-I46+D46 -> 55 | K46: 15 | L46: 30
A47: 45 | B47: NOWEL MÜDÜR | C47: 15 | J47: =+C47-E47-F47-G47-H47-I47+D47 -> 15 | K47: 15 | L47: 30
A48: 46 | B48: NEVOL MÜDÜR KONT. | C48: ='KASIM 3 HAFTA '!J48 -> 29 | J48: =+C48-E48-F48-G48-H48-I48+D48 -> 29 | K48: 15 | L48: 30
A49: 47 | B49: TELLY(VOX)OTURAK TAHTASI | C49: 39 | J49: =+C49-E49-F49-G49-H49-I49+D49 -> 39 | K49: 100 | L49: 300
A50: 48 | B50: EXPERİA OTURAK | C50: 70 | J50: =+C50-E50-F50-G50-H50-I50+D50 -> 70 | K50: 50 | L50: 100
A51: 49 | B51: EXPERİA MÜDÜR | C51: 34 | J51: =+C51-E51-F51-G51-H51-I51+D51 -> 34 | K51: 10 | L51: 20
A52: 50 | B52: EXPERİA MİSAFİR | C52: 15 | J52: =+C52-E52-F52-G52-H52-I52+D52 -> 15 | K52: 10 | L52: 20
A53: 51 | B53: KİMERA MÜDÜR | C53: 19 | J53: =+C53-E53-F53-G53-H53-I53+D53 -> 19 | K53: 10 | L53: 20
A54: 52 | B54: VİENTO MİSAFİR | C54: 85 | J54: =+C54-E54-F54-G54-H54-I54+D54 -> 85 | K54: 0
A55: 53 | B55: MAKER BERBER KOLT. | C55: 75 | J55: =+C55-E55-F55-G55-H55-I55+D55 -> 75 | K55: 0
A56: 54 | B56: BAYAN BERBER | C56: 225 | J56: =+C56-E56-F56-G56-H56-I56+D56 -> 225 | K56: 0
A57: 55 | B57: MUTFAK SAND. OTURAK | C57: ='KASIM 3 HAFTA '!J57 -> 76 | J57: =+C57-E57-F57-G57-H57-I57+D57 -> 76 | K57: 0
A58: 56 | B58: PİRAMİT MÜDÜR KONT. | C58: 25 | J58: =+C58-E58-F58-G58-H58-I58+D58 -> 25 | K58: 10 | L58: 20
A59: 57 | B59: PLAT MÜDÜR KONTRASI | C59: 0 | J59: =+C59-E59-F59-G59-H59-I59+D59 -> 0 | K59: 10 | L59: 20
A60: 58 | B60: TRAP MÜDÜR KONTRASI | C60: 33 | D60: 20 | J60: =+C60-E60-F60-G60-H60-I60+D60 -> 53 | K60: 10 | L60: 20
A61: 59 | B61: TRAP MİSAFİR KONTRASI | C61: 1 | J61: =+C61-E61-F61-G61-H61-I61+D61 -> 1 | K61: 10 | L61: 20
A62: 60 | B62: CARRERA MÜDÜR | C62: 0 | J62: =+C62-E62-F62-G62-H62-I62+D62 -> 0 | K62: 20 | L62: 50
A63: 61 | B63: CARRERA MİSAFİR | C63: 1 | F63: 1 | J63: =+C63-E63-F63-G63-H63-I63+D63 -> 0 | K63: 20 | L63: 50
A64: 62 | B64: PERA OTURAK | C64: 96 | D64: 100 | E64: 96 | J64: =+C64-E64-F64-G64-H64-I64+D64 -> 100 | K64: 50 | L64: 100
A65: 63 | B65: NEGRO MÜDÜR | C65: 9 | J65: =+C65-E65-F65-G65-H65-I65+D65 -> 9 | K65: 10 | L65: 20
A66: 64 | B66: RUBY MÜDÜR KONTRASI | C66: 0 | J66: =+C66-E66-F66-G66-H66-I66+D66 -> 0 | K66: 10 | L66: 20
A67: 65 | B67: RUBY MİSAFİR KONTRASI | C67: 9 | J67: =+C67-E67-F67-G67-H67-I67+D67 -> 9 | K67: 10 | L67: 20
A68: 66 | B68: LUTZ MÜDÜR KONTRASI | C68: 42 | J68: =+C68-E68-F68-G68-H68-I68+D68 -> 42 | K68: 10 | L68: 20
A69: 67 | B69: LUTZ MİSAFİR KONTRASI | C69: 25 | J69: =+C69-E69-F69-G69-H69-I69+D69 -> 25 | K69: 10 | L69: 20
A70: 68 | B70: CLAYTON MÜDÜR KONTRAS | C70: 1 | D70: 20 | J70: =+C70-E70-F70-G70-H70-I70+D70 -> 21 | K70: 10 | L70: 20
A71: 69 | B71: CLAYTON MİSAFİR KONTRAS | C71: 17 | J71: =+C71-E71-F71-G71-H71-I71+D71 -> 17 | K71: 10 | L71: 20
A72: 70 | B72: CABRIO MÜDÜR KONTRASI | C72: 3 | J72: =+C72-E72-F72-G72-H72-I72+D72 -> 3 | K72: 10 | L72: 20
A73: 71 | B73: CABRIO MİSAFİR KONTRASI | C73: 36 | J73: =+C73-E73-F73-G73-H73-I73+D73 -> 36 | K73: 10 | L73: 20
A74: 72 | B74: BARTRA/FLAT/RENGO OTURAK | C74: 367 | D74: 20 | J74: =+C74-E74-F74-G74-H74-I74+D74 -> 387 | K74: 10 | L74: 20
A75: 73 | B75: BARTRA/FLAT/RENGO/TRAP MİS.SIRT | C75: 328 | J75: =+C75-E75-F75-G75-H75-I75+D75 -> 328 | K75: 10 | L75: 20
A76: 74 | B76: SAFİR MÜDÜR KONTRASI | C76: 76 | J76: =+C76-E76-F76-G76-H76-I76+D76 -> 76 | K76: 10 | L76: 20
A77: 75 | B77: BART.FLAT/TRAP/ MÜD. KONTRASI | C77: 30 | J77: =+C77-E77-F77-G77-H77-I77+D77 -> 30 | K77: 10 | L77: 20
A78: 76 | C78: 0 | J78: =+C78-E78-F78-G78-H78-I78+D78 -> 0 | K78: 10 | L78: 20

Sheet HAZ,TEM.2023
A1: TAHTA SAYIMI | C1: 45078 | L1: 44837
A2: S.NO | B2: CİNSİ | C2: DEVİR | D2: GELEN | E2: 45083 | F2: 45096 | G2: 45100 | H2: 45114 | I2: 45122 | J2: KALAN | K2: MİNİMUN | L2: MAXSİMUN
A3: 1 | B3: STELL MİSAFİR | C3: 130 | J3: =+C3-E3-F3-G3-H3-I3+D3 -> 130 | K3: 10 | L3: 50
A4: 2 | B4: STELL MÜDÜR | C4: 31 | G4: 10 | J4: =+C4-E4-F4-G4-H4-I4+D4 -> 21 | K4: 10 | L4: 50
A5: 3 | B5: CARENS MİSAFİR KONTRASI | C5: 17 | J5: =+C5-E5-F5-G5-H5-I5+D5 -> 17 | K5: 30 | L5: 50
A6: 4 | B6: RECENT MİSAFİR | C6: 45 | G6: 4 | J6: =+C6-E6-F6-G6-H6-I6+D6 -> 41 | K6: 30 | L6: 100
A7: 5 | B7: RECENT MÜDÜR | C7: 57 | I7: 2 | J7: =+C7-E7-F7-G7-H7-I7+D7 -> 55 | K7: 30 | L7: 100
A8: 6 | B8: PUFFY MİSAFİR | C8: 32 | F8: 4 | G8: 6 | H8: 15 | J8: =+C8-E8-F8-G8-H8-I8+D8 -> 7 | K8: 15 | L8: 50
A9: 7 | B9: PUFFY MÜDÜR | C9: 6 | H9: 6 | J9: =+C9-E9-F9-G9-H9-I9+D9 -> 0 | K9: 15 | L9: 30
A10: 8 | B10: KESİLMEMİŞ MÜDÜR KON | C10: 0 | J10: =+C10-E10-F10-G10-H10-I10+D10 -> 0 | K10: 0
A11: 9 | B11: CEZAR MÜDÜR | C11: 36 | D11: 78 | G11: 36 | J11: =+C11-E11-F11-G11-H11-I11+D11 -> 78 | K11: 150 | L11: 500
A12: 10 | B12: CEZAR MİSAFİR | C12: 505 | H12: 90 | I12: 92 | J12: =+C12-E12-F12-G12-H12-I12+D12 -> 323 | K12: 200 | L12: 750
A13: 11 | B13: LENUX MİSAFİR | C13: 14 | J13: =+C13-E13-F13-G13-H13-I13+D13 -> 14 | K13: 10 | L13: 30
A14: 12 | B14: LENUX MÜDÜR | C14: 0 | J14: =+C14-E14-F14-G14-H14-I14+D14 -> 0 | K14: 10 | L14: 20
A15: 13 | B15: WARLCOK MÜDÜR | C15: 71 | H15: 2 | J15: =+C15-E15-F15-G15-H15-I15+D15 -> 69 | K15: 10 | L15: 20
A16: 14 | B16: WARLCOK MİSAFİR | C16: 151 | H16: 2 | J16: =+C16-E16-F16-G16-H16-I16+D16 -> 149 | K16: 10 | L16: 20
A17: 15 | B17: VİSİON MÜDÜR/RETRO | C17: 313 | E17: 54 | G17: 20 | H17: 30 | I17: 45 | J17: =+C17-E17-F17-G17-H17-I17+D17 -> 164 | K17: 50 | L17: 200
A18: 16 | B18: VİSİON MİSAFİR | C18: 107 | D18: 114 | H18: 30 | I18: 60 | J18: =+C18-E18-F18-G18-H18-I18+D18 -> 131 | K18: 50 | L18: 150
A19: 17 | B19: PENTA MÜDÜR / RETRO | C19: 22 | G19: 6 | J19: =+C19-E19-F19-G19-H19-I19+D19 -> 16 | K19: 30 | L19: 100
A20: 18 | B20: PENTA MİSAFİR | C20: 51 | J20: =+C20-E20-F20-G20-H20-I20+D20 -> 51 | K20: 30 | L20: 100
A21: 19 | B21: ACTİON MÜDÜR | C21: 38 | G21: 7 | J21: =+C21-E21-F21-G21-H21-I21+D21 -> 31 | K21: 20 | L21: 50
A22: 20 | B22: ACTİON MİSAFİR | C22: 32 | J22: =+C22-E22-F22-G22-H22-I22+D22 -> 32 | K22: 30 | L22: 50
A23: 21 | B23: CARENS MÜDÜR KONT | C23: 1 | J23: =+C23-E23-F23-G23-H23-I23+D23 -> 1 | K23: 5 | L23: 10
A24: 22 | B24: GRAFTER MÜDÜR | C24: 0 | J24: =+C24-E24-F24-G24-H24-I24+D24 -> 0 | K24: 5 | L24: 10
A25: 23 | B25: GRAFTER MİSAFİR | C25: 36 | J25: =+C25-E25-F25-G25-H25-I25+D25 -> 36 | K25: 5 | L25: 10
A26: 24 | B26: ELNORA -LEGENT MÜDÜR | C26: 220 | E26: 10 | J26: =+C26-E26-F26-G26-H26-I26+D26 -> 210 | K26: 100 | L26: 200
A27: 25 | B27: LEGENT MÜDÜR UZUN | C27: ='KASIM 3 HAFTA '!J27 -> 483 | J27: =+C27-E27-F27-G27-H27-I27+D27 -> 483 | K27: 0
A28: 26 | B28: ANFİ TAHTASI | C28: ='KASIM 3 HAFTA '!J28 -> 62 | J28: =+C28-E28-F28-G28-H28-I28+D28 -> 62 | K28: 0
A29: 27 | B29: VEGA SIRT | C29: 45 | J29: =+C29-E29-F29-G29-H29-I29+D29 -> 45 | K29: 0
A30: 28 | B30: VEGA TABAN | C30: 30 | J30: =+C30-E30-F30-G30-H30-I30+D30 -> 30 | K30: 0
A31: 29 | B31: VENESSA MİS.KONTRASI | C31: 8 | J31: =+C31-E31-F31-G31-H31-I31+D31 -> 8 | K31: 0
A32: 30 | B32: POLİ DABAN | C32: 703 | I32: 132 | J32: =+C32-E32-F32-G32-H32-I32+D32 -> 571 | K32: 200 | L32: 400
A33: 31 | B33: SANDALYE SIRT | C33: ='KASIM 3 HAFTA '!J33 -> 240 | J33: =+C33-E33-F33-G33-H33-I33+D33 -> 240 | K33: 0
A34: 32 | B34: SANDALYE DABAN | C34: ='KASIM 3 HAFTA '!J34 -> 17 | J34: =+C34-E34-F34-G34-H34-I34+D34 -> 17 | K34: 0
A35: 33 | B35: MİSAFİR SIRT | C35: ='KASIM 3 HAFTA '!J35 -> 29 | J35: =+C35-E35-F35-G35-H35-I35+D35 -> 29 | K35: 0
A36: 34 | B36: VİVA DABAN | C36: 377 | J36: =+C36-E36-F36-G36-H36-I36+D36 -> 377 | K36: 0
A37: 35 | B37: SENS MÜDÜR SIRT | C37: 95 | J37: =+C37-E37-F37-G37-H37-I37+D37 -> 95 | K37: 10 | L37: 30
A38: 36 | B38: ZEUGMA | C38: ='KASIM 3 HAFTA '!J38 -> 36 | J38: =+C38-E38-F38-G38-H38-I38+D38 -> 36 | K38: 10 | L38: 20
A39: 37 | B39: SOVRANO MİSAFİR | C39: 51 | J39: =+C39-E39-F39-G39-H39-I39+D39 -> 51 | K39: 10 | L39: 30
A40: 38 | B40: SOVRANO MÜDÜR | C40: 32 | G40: 6 | H40: 10 | J40: =+C40-E40-F40-G40-H40-I40+D40 -> 16 | K40: 20 | L40: 40
A41: 39 | B41: POLO MİSAFİR | C41: 87 | I41: 4 | J41: =+C41-E41-F41-G41-H41-I41+D41 -> 83 | K41: 20 | L41: 50
A42: 40 | B42: POLO MÜDÜR | C42: 31 | J42: =+C42-E42-F42-G42-H42-I42+D42 -> 31 | K42: 20 | L42: 50
A43: 41 | B43: ELNORA MİSAFİR | C43: 319 | H43: 26 | J43: =+C43-E43-F43-G43-H43-I43+D43 -> 293 | K43: 200 | L43: 400
A44: 42 | B44: GRANADA MÜDÜR | C44: 58 | J44: =+C44-E44-F44-G44-H44-I44+D44 -> 58 | K44: 10 | L44: 20
A45: 43 | B45: GRANADA MİSAFİR | C45: 16 | J45: =+C45-E45-F45-G45-H45-I45+D45 -> 16 | K45: 10 | L45: 20
A46: 44 | B46: NOWEL MİSAFİR | C46: 53 | J46: =+C46-E46-F46-G46-H46-I46+D46 -> 53 | K46: 15 | L46: 30
A47: 45 | B47: NOWEL MÜDÜR | C47: 15 | J47: =+C47-E47-F47-G47-H47-I47+D47 -> 15 | K47: 15 | L47: 30
A48: 46 | B48: NEVOL MÜDÜR KONT. | C48: ='KASIM 3 HAFTA '!J48 -> 29 | J48: =+C48-E48-F48-G48-H48-I48+D48 -> 29 | K48: 15 | L48: 30
A49: 47 | B49: TELLY(VOX)OTURAK TAHTASI | C49: 39 | J49: =+C49-E49-F49-G49-H49-I49+D49 -> 39 | K49: 100 | L49: 300
A50: 48 | B50: EXPERİA OTURAK | C50: 70 | E50: 2 | F50: 10 | J50: =+C50-E50-F50-G50-H50-I50+D50 -> 58 | K50: 50 | L50: 100
A51: 49 | B51: EXPERİA MÜDÜR | C51: 34 | E51: 2 | J51: =+C51-E51-F51-G51-H51-I51+D51 -> 32 | K51: 10 | L51: 20
A52: 50 | B52: EXPERİA MİSAFİR | C52: 15 | J52: =+C52-E52-F52-G52-H52-I52+D52 -> 15 | K52: 10 | L52: 20
A53: 51 | B53: KİMERA MÜDÜR | C53: 19 | E53: 2 | J53: =+C53-E53-F53-G53-H53-I53+D53 -> 17 | K53: 10 | L53: 20
A54: 52 | B54: VİENTO MİSAFİR | C54: 85 | E54: 0 | J54: =+C54-E54-F54-G54-H54-I54+D54 -> 85 | K54: 0
A55: 53 | B55: MAKER BERBER KOLT. | C55: 75 | J55: =+C55-E55-F55-G55-H55-I55+D55 -> 75 | K55: 0
A56: 54 | B56: BAYAN BERBER | C56: 225 | J56: =+C56-E56-F56-G56-H56-I56+D56 -> 225 | K56: 0
A57: 55 | B57: MUTFAK SAND. OTURAK | C57: ='KASIM 3 HAFTA '!J57 -> 76 | J57: =+C57-E57-F57-G57-H57-I57+D57 -> 76 | K57: 0
A58: 56 | B58: PİRAMİT MÜDÜR KONT. | C58: 25 | G58: 6 | J58: =+C58-E58-F58-G58-H58-I58+D58 -> 19 | K58: 10 | L58: 20
A59: 57 | B59: PLAT MÜDÜR KONTRASI | C59: 0 | J59: =+C59-E59-F59-G59-H59-I59+D59 -> 0 | K59: 10 | L59: 20
A60: 58 | B60: TRAP MÜDÜR KONTRASI | C60: 53 | E60: 1 | J60: =+C60-E60-F60-G60-H60-I60+D60 -> 52 | K60: 10 | L60: 20
A61: 59 | B61: TRAP MİSAFİR KONTRASI | C61: 48 | F61: 4 | G61: 16 | J61: =+C61-E61-F61-G61-H61-I61+D61 -> 28 | K61: 10 | L61: 20
A62: 60 | B62: CARRERA MÜDÜR | C62: 0 | J62: =+C62-E62-F62-G62-H62-I62+D62 -> 0 | K62: 20 | L62: 50
A63: 61 | B63: CARRERA MİSAFİR | C63: 0 | J63: =+C63-E63-F63-G63-H63-I63+D63 -> 0 | K63: 20 | L63: 50
A64: 62 | B64: PERA OTURAK | C64: 80 | I64: 80 | J64: =+C64-E64-F64-G64-H64-I64+D64 -> 0 | K64: 50 | L64: 100
A65: 63 | B65: NEGRO MÜDÜR | C65: 9 | J65: =+C65-E65-F65-G65-H65-I65+D65 -> 9 | K65: 10 | L65: 20
A66: 64 | B66: RUBY MÜDÜR KONTRASI | C66: 0 | J66: =+C66-E66-F66-G66-H66-I66+D66 -> 0 | K66: 10 | L66: 20
A67: 65 | B67: RUBY MİSAFİR KONTRASI | C67: 9 | J67: =+C67-E67-F67-G67-H67-I67+D67 -> 9 | K67: 10 | L67: 20
A68: 66 | B68: LUTZ MÜDÜR KONTRASI | C68: 41 | F68: 3 | G68: 2 | J68: =+C68-E68-F68-G68-H68-I68+D68 -> 36 | K68: 10 | L68: 20
A69: 67 | B69: LUTZ MİSAFİR KONTRASI | C69: 23 | J69: =+C69-E69-F69-G69-H69-I69+D69 -> 23 | K69: 10 | L69: 20
A70: 68 | B70: CLAYTON MÜDÜR KONTRAS | C70: 21 | J70: =+C70-E70-F70-G70-H70-I70+D70 -> 21 | K70: 10 | L70: 20
A71: 69 | B71: CLAYTON MİSAFİR KONTRAS | C71: 17 | J71: =+C71-E71-F71-G71-H71-I71+D71 -> 17 | K71: 10 | L71: 20
A72: 70 | B72: CABRIO MÜDÜR KONTRASI | C72: 3 | D72: 31 | J72: =+C72-E72-F72-G72-H72-I72+D72 -> 34 | K72: 10 | L72: 20
A73: 71 | B73: CABRIO MİSAFİR KONTRASI | C73: 36 | H73: 2 | J73: =+C73-E73-F73-G73-H73-I73+D73 -> 34 | K73: 10 | L73: 20
A74: 72 | B74: BARTRA/FLAT/RENGO OTURAK | C74: 387 | E74: 15 | J74: =+C74-E74-F74-G74-H74-I74+D74 -> 372 | K74: 10 | L74: 20
A75: 73 | B75: BARTRA/FLAT/RENGO/TRAP MİS.SIRT | C75: 328 | J75: =+C75-E75-F75-G75-H75-I75+D75 -> 328 | K75: 10 | L75: 20
A76: 74 | B76: SAFİR MÜDÜR KONTRASI | C76: 76 | J76: =+C76-E76-F76-G76-H76-I76+D76 -> 76 | K76: 10 | L76: 20
A77: 75 | B77: BART.FLAT/TRAP/ MÜD. KONTRASI | C77: 30 | E77: 1 | I77: 17 | J77: =+C77-E77-F77-G77-H77-I77+D77 -> 12 | K77: 10 | L77: 20
A78: 76 | C78: 0 | J78: =+C78-E78-F78-G78-H78-I78+D78 -> 0 | K78: 10 | L78: 20

Sheet TEMMUZ 2023
A1: TAHTA SAYIMI | C1: 45108 | L1: 44837
A2: S.NO | B2: CİNSİ | C2: DEVİR | D2: GELEN | E2: 45128 | F2: 45133 | G2: 45130 | H2: 45132 | I2: 45138 | J2: KALAN | K2: MİNİMUN | L2: MAXSİMUN
A3: 1 | B3: STELL MİSAFİR | C3: 130 | F3: 10 | J3: =+C3-E3-F3-G3-H3-I3+D3 -> 120 | K3: 10 | L3: 50
A4: 2 | B4: STELL MÜDÜR | C4: 21 | F4: 7 | J4: =+C4-E4-F4-G4-H4-I4+D4 -> 14 | K4: 10 | L4: 50
A5: 3 | B5: CARENS MİSAFİR KONTRASI | C5: 17 | J5: =+C5-E5-F5-G5-H5-I5+D5 -> 17 | K5: 30 | L5: 50
A6: 4 | B6: RECENT MİSAFİR | C6: 41 | J6: =+C6-E6-F6-G6-H6-I6+D6 -> 41 | K6: 30 | L6: 100
A7: 5 | B7: RECENT MÜDÜR | C7: 55 | E7: 6 | J7: =+C7-E7-F7-G7-H7-I7+D7 -> 49 | K7: 30 | L7: 100
A8: 6 | B8: PUFFY MİSAFİR | C8: 7 | D8: 20 | F8: 7 | J8: =+C8-E8-F8-G8-H8-I8+D8 -> 20 | K8: 15 | L8: 50
A9: 7 | B9: PUFFY MÜDÜR | C9: 0 | D9: 20 | F9: 20 | J9: =+C9-E9-F9-G9-H9-I9+D9 -> 0 | K9: 15 | L9: 30
A10: 8 | B10: KESİLMEMİŞ MÜDÜR KON | C10: 0 | J10: =+C10-E10-F10-G10-H10-I10+D10 -> 0 | K10: 0
A11: 9 | B11: CEZAR MÜDÜR | C11: 78 | D11: 239 | F11: 30 | J11: =+C11-E11-F11-G11-H11-I11+D11 -> 287 | K11: 150 | L11: 500
A12: 10 | B12: CEZAR MİSAFİR | C12: 323 | J12: =+C12-E12-F12-G12-H12-I12+D12 -> 323 | K12: 200 | L12: 750
A13: 11 | B13: LENUX MİSAFİR | C13: 14 | J13: =+C13-E13-F13-G13-H13-I13+D13 -> 14 | K13: 10 | L13: 30
A14: 12 | B14: LENUX MÜDÜR | C14: 0 | J14: =+C14-E14-F14-G14-H14-I14+D14 -> 0 | K14: 10 | L14: 20
A15: 13 | B15: WARLCOK MÜDÜR | C15: 69 | J15: =+C15-E15-F15-G15-H15-I15+D15 -> 69 | K15: 10 | L15: 20
A16: 14 | B16: WARLCOK MİSAFİR | C16: 149 | J16: =+C16-E16-F16-G16-H16-I16+D16 -> 149 | K16: 10 | L16: 20
A17: 15 | B17: VİSİON MÜDÜR/RETRO | C17: 164 | E17: 18 | F17: 18 | J17: =+C17-E17-F17-G17-H17-I17+D17 -> 128 | K17: 50 | L17: 200
A18: 16 | B18: VİSİON MİSAFİR | C18: 131 | D18: 85 | J18: =+C18-E18-F18-G18-H18-I18+D18 -> 216 | K18: 50 | L18: 150
A19: 17 | B19: PENTA MÜDÜR / RETRO | C19: 3 | J19: =+C19-E19-F19-G19-H19-I19+D19 -> 3 | K19: 30 | L19: 100
A20: 18 | B20: PENTA MİSAFİR | C20: 51 | J20: =+C20-E20-F20-G20-H20-I20+D20 -> 51 | K20: 30 | L20: 100
A21: 19 | B21: ACTİON MÜDÜR | C21: 0 | D21: 52 | J21: =+C21-E21-F21-G21-H21-I21+D21 -> 52 | K21: 20 | L21: 50
A22: 20 | B22: ACTİON MİSAFİR | C22: 32 | J22: =+C22-E22-F22-G22-H22-I22+D22 -> 32 | K22: 30 | L22: 50
A23: 21 | B23: CARENS MÜDÜR KONT | C23: 1 | D23: 0 | J23: =+C23-E23-F23-G23-H23-I23+D23 -> 1 | K23: 5 | L23: 10
A24: 22 | B24: GRAFTER MÜDÜR | C24: 0 | D24: 3 | J24: =+C24-E24-F24-G24-H24-I24+D24 -> 3 | K24: 5 | L24: 10
A25: 23 | B25: GRAFTER MİSAFİR | C25: 36 | J25: =+C25-E25-F25-G25-H25-I25+D25 -> 36 | K25: 5 | L25: 10
A26: 24 | B26: ELNORA -LEGENT MÜDÜR | C26: 210 | J26: =+C26-E26-F26-G26-H26-I26+D26 -> 210 | K26: 100 | L26: 200
A27: 25 | B27: LEGENT MÜDÜR UZUN | C27: ='KASIM 3 HAFTA '!J27 -> 483 | J27: =+C27-E27-F27-G27-H27-I27+D27 -> 483 | K27: 0
A28: 26 | B28: ANFİ TAHTASI | C28: ='KASIM 3 HAFTA '!J28 -> 62 | J28: =+C28-E28-F28-G28-H28-I28+D28 -> 62 | K28: 0
A29: 27 | B29: VEGA SIRT | C29: 45 | J29: =+C29-E29-F29-G29-H29-I29+D29 -> 45 | K29: 0
A30: 28 | B30: VEGA TABAN | C30: 30 | J30: =+C30-E30-F30-G30-H30-I30+D30 -> 30 | K30: 0
A31: 29 | B31: VENESSA MİS.KONTRASI | C31: 8 | J31: =+C31-E31-F31-G31-H31-I31+D31 -> 8 | K31: 0
A32: 30 | B32: POLİ DABAN | C32: 571 | E32: 70 | J32: =+C32-E32-F32-G32-H32-I32+D32 -> 501 | K32: 200 | L32: 400
A33: 31 | B33: SANDALYE SIRT | C33: ='KASIM 3 HAFTA '!J33 -> 240 | J33: =+C33-E33-F33-G33-H33-I33+D33 -> 240 | K33: 0
A34: 32 | B34: SANDALYE DABAN | C34: ='KASIM 3 HAFTA '!J34 -> 17 | J34: =+C34-E34-F34-G34-H34-I34+D34 -> 17 | K34: 0
A35: 33 | B35: MİSAFİR SIRT | C35: ='KASIM 3 HAFTA '!J35 -> 29 | J35: =+C35-E35-F35-G35-H35-I35+D35 -> 29 | K35: 0
A36: 34 | B36: VİVA DABAN | C36: 377 | J36: =+C36-E36-F36-G36-H36-I36+D36 -> 377 | K36: 0
A37: 35 | B37: SENS MÜDÜR SIRT | C37: 95 | J37: =+C37-E37-F37-G37-H37-I37+D37 -> 95 | K37: 10 | L37: 30
A38: 36 | B38: ZEUGMA | C38: ='KASIM 3 HAFTA '!J38 -> 36 | J38: =+C38-E38-F38-G38-H38-I38+D38 -> 36 | K38: 10 | L38: 20
A39: 37 | B39: SOVRANO MİSAFİR | C39: 51 | J39: =+C39-E39-F39-G39-H39-I39+D39 -> 51 | K39: 10 | L39: 30
A40: 38 | B40: SOVRANO MÜDÜR | C40: 16 | J40: =+C40-E40-F40-G40-H40-I40+D40 -> 16 | K40: 20 | L40: 40
A41: 39 | B41: POLO MİSAFİR | C41: 83 | J41: =+C41-E41-F41-G41-H41-I41+D41 -> 83 | K41: 20 | L41: 50
A42: 40 | B42: POLO MÜDÜR | C42: 31 | J42: =+C42-E42-F42-G42-H42-I42+D42 -> 31 | K42: 20 | L42: 50
A43: 41 | B43: ELNORA MİSAFİR | C43: 293 | J43: =+C43-E43-F43-G43-H43-I43+D43 -> 293 | K43: 200 | L43: 400
A44: 42 | B44: GRANADA MÜDÜR | C44: 58 | J44: =+C44-E44-F44-G44-H44-I44+D44 -> 58 | K44: 10 | L44: 20
A45: 43 | B45: GRANADA MİSAFİR | C45: 16 | J45: =+C45-E45-F45-G45-H45-I45+D45 -> 16 | K45: 10 | L45: 20
A46: 44 | B46: NOWEL MİSAFİR | C46: 53 | J46: =+C46-E46-F46-G46-H46-I46+D46 -> 53 | K46: 15 | L46: 30
A47: 45 | B47: NOWEL MÜDÜR | C47: 15 | J47: =+C47-E47-F47-G47-H47-I47+D47 -> 15 | K47: 15 | L47: 30
A48: 46 | B48: NEVOL MÜDÜR KONT. | C48: ='KASIM 3 HAFTA '!J48 -> 29 | J48: =+C48-E48-F48-G48-H48-I48+D48 -> 29 | K48: 15 | L48: 30
A49: 47 | B49: TELLY(VOX)OTURAK TAHTASI | C49: 82 | E49: 30 | F49: 50 | J49: =+C49-E49-F49-G49-H49-I49+D49 -> 2 | K49: 100 | L49: 300
A50: 48 | B50: EXPERİA OTURAK | C50: 58 | J50: =+C50-E50-F50-G50-H50-I50+D50 -> 58 | K50: 50 | L50: 100
A51: 49 | B51: EXPERİA MÜDÜR | C51: 32 | J51: =+C51-E51-F51-G51-H51-I51+D51 -> 32 | K51: 10 | L51: 20
A52: 50 | B52: EXPERİA MİSAFİR | C52: 15 | J52: =+C52-E52-F52-G52-H52-I52+D52 -> 15 | K52: 10 | L52: 20
A53: 51 | B53: KİMERA MÜDÜR | C53: 17 | J53: =+C53-E53-F53-G53-H53-I53+D53 -> 17 | K53: 10 | L53: 20
A54: 52 | B54: VİENTO MİSAFİR | C54: 85 | J54: =+C54-E54-F54-G54-H54-I54+D54 -> 85 | K54: 0
A55: 53 | B55: MAKER BERBER KOLT. | C55: 75 | J55: =+C55-E55-F55-G55-H55-I55+D55 -> 75 | K55: 0
A56: 54 | B56: BAYAN BERBER | C56: 225 | J56: =+C56-E56-F56-G56-H56-I56+D56 -> 225 | K56: 0
A57: 55 | B57: MUTFAK SAND. OTURAK | C57: ='KASIM 3 HAFTA '!J57 -> 76 | J57: =+C57-E57-F57-G57-H57-I57+D57 -> 76 | K57: 0
A58: 56 | B58: PİRAMİT MÜDÜR KONT. | C58: 0 | D58: 41 | J58: =+C58-E58-F58-G58-H58-I58+D58 -> 41 | K58: 10 | L58: 20
A59: 57 | B59: PLAT MÜDÜR KONTRASI | C59: 0 | J59: =+C59-E59-F59-G59-H59-I59+D59 -> 0 | K59: 10 | L59: 20
A60: 58 | B60: TRAP MÜDÜR KONTRASI | C60: 52 | J60: =+C60-E60-F60-G60-H60-I60+D60 -> 52 | K60: 10 | L60: 20
A61: 59 | B61: TRAP MİSAFİR KONTRASI | C61: 28 | J61: =+C61-E61-F61-G61-H61-I61+D61 -> 28 | K61: 10 | L61: 20
A62: 60 | B62: CARRERA MÜDÜR | C62: 0 | J62: =+C62-E62-F62-G62-H62-I62+D62 -> 0 | K62: 20 | L62: 50
A63: 61 | B63: CARRERA MİSAFİR | C63: 0 | J63: =+C63-E63-F63-G63-H63-I63+D63 -> 0 | K63: 20 | L63: 50
A64: 62 | B64: PERA OTURAK | C64: 0 | J64: =+C64-E64-F64-G64-H64-I64+D64 -> 0 | K64: 50 | L64: 100
A65: 63 | B65: NEGRO MÜDÜR | C65: 9 | J65: =+C65-E65-F65-G65-H65-I65+D65 -> 9 | K65: 10 | L65: 20
A66: 64 | B66: RUBY MÜDÜR KONTRASI | C66: 0 | J66: =+C66-E66-F66-G66-H66-I66+D66 -> 0 | K66: 10 | L66: 20
A67: 65 | B67: RUBY MİSAFİR KONTRASI | C67: 9 | J67: =+C67-E67-F67-G67-H67-I67+D67 -> 9 | K67: 10 | L67: 20
A68: 66 | B68: LUTZ MÜDÜR KONTRASI | C68: 36 | J68: =+C68-E68-F68-G68-H68-I68+D68 -> 36 | K68: 10 | L68: 20
A69: 67 | B69: LUTZ MİSAFİR KONTRASI | C69: 23 | J69: =+C69-E69-F69-G69-H69-I69+D69 -> 23 | K69: 10 | L69: 20
A70: 68 | B70: CLAYTON MÜDÜR KONTRAS | C70: 21 | F70: 2 | J70: =+C70-E70-F70-G70-H70-I70+D70 -> 19 | K70: 10 | L70: 20
A71: 69 | B71: CLAYTON MİSAFİR KONTRAS | C71: 17 | J71: =+C71-E71-F71-G71-H71-I71+D71 -> 17 | K71: 10 | L71: 20
A72: 70 | B72: CABRIO MÜDÜR KONTRASI | C72: 34 | J72: =+C72-E72-F72-G72-H72-I72+D72 -> 34 | K72: 10 | L72: 20
A73: 71 | B73: CABRIO MİSAFİR KONTRASI | C73: 34 | J73: =+C73-E73-F73-G73-H73-I73+D73 -> 34 | K73: 10 | L73: 20
A74: 72 | B74: BARTRA/FLAT/RENGO OTURAK | C74: 372 | D74: 83 | J74: =+C74-E74-F74-G74-H74-I74+D74 -> 455 | K74: 10 | L74: 20
A75: 73 | B75: BARTRA/FLAT/RENGO/TRAP MİS.SIRT | C75: 328 | J75: =+C75-E75-F75-G75-H75-I75+D75 -> 328 | K75: 10 | L75: 20
A76: 74 | B76: SAFİR MÜDÜR KONTRASI | C76: 76 | J76: =+C76-E76-F76-G76-H76-I76+D76 -> 76 | K76: 10 | L76: 20
A77: 75 | B77: BART.FLAT/TRAP/ MÜD. KONTRASI | C77: 12 | D77: 42 | J77: =+C77-E77-F77-G77-H77-I77+D77 -> 54 | K77: 10 | L77: 20
A78: 76 | C78: 0 | J78: =+C78-E78-F78-G78-H78-I78+D78 -> 0 | K78: 10 | L78: 20

Sheet AĞUSTOS 2023
A1: TAHTA SAYIMI | C1: 45139 | L1: 44837
A2: S.NO | B2: CİNSİ | C2: DEVİR | D2: GELEN | E2: 45145 | F2: 45152 | G2: 45159 | H2: 45166 | I2: 45169 | J2: KALAN | K2: MİNİMUN | L2: MAXSİMUN
A3: 1 | B3: STELL MİSAFİR | C3: 120 | F3: 20 | J3: =+C3-E3-F3-G3-H3-I3+D3 -> 100 | K3: 10 | L3: 50
A4: 2 | B4: STELL MÜDÜR | C4: 14 | G4: 3 | J4: =+C4-E4-F4-G4-H4-I4+D4 -> 11 | K4: 10 | L4: 50
A5: 3 | B5: CARENS MİSAFİR KONTRASI | C5: 17 | J5: =+C5-E5-F5-G5-H5-I5+D5 -> 17 | K5: 30 | L5: 50
A6: 4 | B6: RECENT MİSAFİR | C6: 41 | J6: =+C6-E6-F6-G6-H6-I6+D6 -> 41 | K6: 30 | L6: 100
A7: 5 | B7: RECENT MÜDÜR | C7: 49 | H7: 5 | I7: 2 | J7: =+C7-E7-F7-G7-H7-I7+D7 -> 42 | K7: 30 | L7: 100
A8: 6 | B8: PUFFY MİSAFİR | C8: 20 | D8: 32 | J8: =+C8-E8-F8-G8-H8-I8+D8 -> 52 | K8: 15 | L8: 50
A9: 7 | B9: PUFFY MÜDÜR | C9: 0 | D9: 30 | J9: =+C9-E9-F9-G9-H9-I9+D9 -> 30 | K9: 15 | L9: 30
A10: 8 | B10: KESİLMEMİŞ MÜDÜR KON | C10: 0 | J10: =+C10-E10-F10-G10-H10-I10+D10 -> 0 | K10: 0
A11: 9 | B11: CEZAR MÜDÜR | C11: 287 | F11: 70 | J11: =+C11-E11-F11-G11-H11-I11+D11 -> 217 | K11: 150 | L11: 500
A12: 10 | B12: CEZAR MİSAFİR | C12: 323 | F12: 50 | J12: =+C12-E12-F12-G12-H12-I12+D12 -> 273 | K12: 200 | L12: 750
A13: 11 | B13: LENUX MİSAFİR | C13: 14 | J13: =+C13-E13-F13-G13-H13-I13+D13 -> 14 | K13: 10 | L13: 30
A14: 12 | B14: LENUX MÜDÜR | C14: 0 | D14: 30 | J14: =+C14-E14-F14-G14-H14-I14+D14 -> 30 | K14: 10 | L14: 20
A15: 13 | B15: WARLCOK MÜDÜR | C15: 69 | J15: =+C15-E15-F15-G15-H15-I15+D15 -> 69 | K15: 10 | L15: 20
A16: 14 | B16: WARLCOK MİSAFİR | C16: 149 | J16: =+C16-E16-F16-G16-H16-I16+D16 -> 149 | K16: 10 | L16: 20
A17: 15 | B17: VİSİON MÜDÜR/RETRO | C17: 128 | F17: 76 | G17: 12 | I17: 3 | J17: =+C17-E17-F17-G17-H17-I17+D17 -> 37 | K17: 50 | L17: 200
A18: 16 | B18: VİSİON MİSAFİR | C18: 216 | F18: 24 | G18: 14 | I18: 20 | J18: =+C18-E18-F18-G18-H18-I18+D18 -> 158 | K18: 50 | L18: 150
A19: 17 | B19: PENTA MÜDÜR / RETRO | C19: 3 | D19: 50 | G19: 3 | I19: 2 | J19: =+C19-E19-F19-G19-H19-I19+D19 -> 48 | K19: 30 | L19: 100
A20: 18 | B20: PENTA MİSAFİR | C20: 51 | J20: =+C20-E20-F20-G20-H20-I20+D20 -> 51 | K20: 30 | L20: 100
A21: 19 | B21: ACTİON MÜDÜR | C21: 52 | H21: 2 | J21: =+C21-E21-F21-G21-H21-I21+D21 -> 50 | K21: 20 | L21: 50
A22: 20 | B22: ACTİON MİSAFİR | C22: 32 | H22: 2 | J22: =+C22-E22-F22-G22-H22-I22+D22 -> 30 | K22: 30 | L22: 50
A23: 21 | B23: CARENS MÜDÜR KONT | C23: 1 | J23: =+C23-E23-F23-G23-H23-I23+D23 -> 1 | K23: 5 | L23: 10
A24: 22 | B24: GRAFTER MÜDÜR | C24: 3 | D24: 16 | J24: =+C24-E24-F24-G24-H24-I24+D24 -> 19 | K24: 5 | L24: 10
A25: 23 | B25: GRAFTER MİSAFİR | C25: 36 | J25: =+C25-E25-F25-G25-H25-I25+D25 -> 36 | K25: 5 | L25: 10
A26: 24 | B26: ELNORA -LEGENT MÜDÜR | C26: 210 | J26: =+C26-E26-F26-G26-H26-I26+D26 -> 210 | K26: 100 | L26: 200
A27: 25 | B27: LEGENT MÜDÜR UZUN | C27: ='KASIM 3 HAFTA '!J27 -> 483 | J27: =+C27-E27-F27-G27-H27-I27+D27 -> 483 | K27: 0
A28: 26 | B28: ANFİ TAHTASI | C28: ='KASIM 3 HAFTA '!J28 -> 62 | J28: =+C28-E28-F28-G28-H28-I28+D28 -> 62 | K28: 0
A29: 27 | B29: VEGA SIRT | C29: 45 | J29: =+C29-E29-F29-G29-H29-I29+D29 -> 45 | K29: 0
A30: 28 | B30: VEGA TABAN | C30: 30 | J30: =+C30-E30-F30-G30-H30-I30+D30 -> 30 | K30: 0
A31: 29 | B31: VENESSA MİS.KONTRASI | C31: 8 | J31: =+C31-E31-F31-G31-H31-I31+D31 -> 8 | K31: 0
A32: 30 | B32: POLİ DABAN | C32: 300 | F32: 250 | G32: 30 | J32: =+C32-E32-F32-G32-H32-I32+D32 -> 20 | K32: 200 | L32: 400
A33: 31 | B33: SANDALYE SIRT | C33: ='KASIM 3 HAFTA '!J33 -> 240 | J33: =+C33-E33-F33-G33-H33-I33+D33 -> 240 | K33: 0
A34: 32 | B34: SANDALYE DABAN | C34: ='KASIM 3 HAFTA '!J34 -> 17 | J34: =+C34-E34-F34-G34-H34-I34+D34 -> 17 | K34: 0
A35: 33 | B35: MİSAFİR SIRT | C35: ='KASIM 3 HAFTA '!J35 -> 29 | J35: =+C35-E35-F35-G35-H35-I35+D35 -> 29 | K35: 0
A36: 34 | B36: VİVA DABAN | C36: 377 | J36: =+C36-E36-F36-G36-H36-I36+D36 -> 377 | K36: 0
A37: 35 | B37: SENS MÜDÜR SIRT | C37: 95 | J37: =+C37-E37-F37-G37-H37-I37+D37 -> 95 | K37: 10 | L37: 30
A38: 36 | B38: ZEUGMA | C38: ='KASIM 3 HAFTA '!J38 -> 36 | J38: =+C38-E38-F38-G38-H38-I38+D38 -> 36 | K38: 10 | L38: 20
A39: 37 | B39: SOVRANO MİSAFİR | C39: 51 | J39: =+C39-E39-F39-G39-H39-I39+D39 -> 51 | K39: 10 | L39: 30
A40: 38 | B40: SOVRANO MÜDÜR | C40: 16 | J40: =+C40-E40-F40-G40-H40-I40+D40 -> 16 | K40: 20 | L40: 40
A41: 39 | B41: POLO MİSAFİR | C41: 83 | J41: =+C41-E41-F41-G41-H41-I41+D41 -> 83 | K41: 20 | L41: 50
A42: 40 | B42: POLO MÜDÜR | C42: 31 | G42: 3 | J42: =+C42-E42-F42-G42-H42-I42+D42 -> 28 | K42: 20 | L42: 50
A43: 41 | B43: ELNORA MİSAFİR | C43: 293 | E43: 15 | J43: =+C43-E43-F43-G43-H43-I43+D43 -> 278 | K43: 200 | L43: 400
A44: 42 | B44: GRANADA MÜDÜR | C44: 58 | I44: 2 | J44: =+C44-E44-F44-G44-H44-I44+D44 -> 56 | K44: 10 | L44: 20
A45: 43 | B45: GRANADA MİSAFİR | C45: 16 | J45: =+C45-E45-F45-G45-H45-I45+D45 -> 16 | K45: 10 | L45: 20
A46: 44 | B46: NOWEL MİSAFİR | C46: 53 | J46: =+C46-E46-F46-G46-H46-I46+D46 -> 53 | K46: 15 | L46: 30
A47: 45 | B47: NOWEL MÜDÜR | C47: 15 | J47: =+C47-E47-F47-G47-H47-I47+D47 -> 15 | K47: 15 | L47: 30
A48: 46 | B48: NEVOL MÜDÜR KONT. | C48: ='KASIM 3 HAFTA '!J48 -> 29 | J48: =+C48-E48-F48-G48-H48-I48+D48 -> 29 | K48: 15 | L48: 30
A49: 47 | B49: TELLY(VOX)OTURAK TAHTASI | C49: 2 | J49: =+C49-E49-F49-G49-H49-I49+D49 -> 2 | K49: 100 | L49: 300
A50: 48 | B50: EXPERİA OTURAK | C50: 58 | J50: =+C50-E50-F50-G50-H50-I50+D50 -> 58 | K50: 50 | L50: 100
A51: 49 | B51: EXPERİA MÜDÜR | C51: 32 | J51: =+C51-E51-F51-G51-H51-I51+D51 -> 32 | K51: 10 | L51: 20
A52: 50 | B52: EXPERİA MİSAFİR | C52: 15 | J52: =+C52-E52-F52-G52-H52-I52+D52 -> 15 | K52: 10 | L52: 20
A53: 51 | B53: KİMERA MÜDÜR | C53: 17 | J53: =+C53-E53-F53-G53-H53-I53+D53 -> 17 | K53: 10 | L53: 20
A54: 52 | B54: VİENTO MİSAFİR | C54: 85 | J54: =+C54-E54-F54-G54-H54-I54+D54 -> 85 | K54: 0
A55: 53 | B55: MAKER BERBER KOLT. | C55: 75 | J55: =+C55-E55-F55-G55-H55-I55+D55 -> 75 | K55: 0
A56: 54 | B56: BAYAN BERBER | C56: 225 | J56: =+C56-E56-F56-G56-H56-I56+D56 -> 225 | K56: 0
A57: 55 | B57: MUTFAK SAND. OTURAK | C57: ='KASIM 3 HAFTA '!J57 -> 76 | J57: =+C57-E57-F57-G57-H57-I57+D57 -> 76 | K57: 0
A58: 56 | B58: PİRAMİT MÜDÜR KONT. | C58: 0 | D58: 62 | J58: =+C58-E58-F58-G58-H58-I58+D58 -> 62 | K58: 10 | L58: 20
A59: 57 | B59: PLAT MÜDÜR KONTRASI | C59: 0 | J59: =+C59-E59-F59-G59-H59-I59+D59 -> 0 | K59: 10 | L59: 20
A60: 58 | B60: TRAP MÜDÜR KONTRASI | C60: 52 | J60: =+C60-E60-F60-G60-H60-I60+D60 -> 52 | K60: 10 | L60: 20
A61: 59 | B61: TRAP MİSAFİR KONTRASI | C61: 28 | J61: =+C61-E61-F61-G61-H61-I61+D61 -> 28 | K61: 10 | L61: 20
A62: 60 | B62: CARRERA MÜDÜR | C62: 0 | J62: =+C62-E62-F62-G62-H62-I62+D62 -> 0 | K62: 20 | L62: 50
A63: 61 | B63: CARRERA MİSAFİR | C63: 0 | J63: =+C63-E63-F63-G63-H63-I63+D63 -> 0 | K63: 20 | L63: 50
A64: 62 | B64: PERA OTURAK | C64: 0 | J64: =+C64-E64-F64-G64-H64-I64+D64 -> 0 | K64: 50 | L64: 100
A65: 63 | B65: NEGRO MÜDÜR | C65: 9 | G65: 3 | J65: =+C65-E65-F65-G65-H65-I65+D65 -> 6 | K65: 10 | L65: 20
A66: 64 | B66: RUBY MÜDÜR KONTRASI | C66: 0 | D66: 27 | H66: 10 | J66: =+C66-E66-F66-G66-H66-I66+D66 -> 17 | K66: 10 | L66: 20
A67: 65 | B67: RUBY MİSAFİR KONTRASI | C67: 9 | D67: 30 | J67: =+C67-E67-F67-G67-H67-I67+D67 -> 39 | K67: 10 | L67: 20
A68: 66 | B68: LUTZ MÜDÜR KONTRASI | C68: 36 | G68: 3 | J68: =+C68-E68-F68-G68-H68-I68+D68 -> 33 | K68: 10 | L68: 20
A69: 67 | B69: LUTZ MİSAFİR KONTRASI | C69: 23 | D69: 30 | G69: 0 | J69: =+C69-E69-F69-G69-H69-I69+D69 -> 53 | K69: 10 | L69: 20
A70: 68 | B70: CLAYTON MÜDÜR KONTRAS | C70: 19 | J70: =+C70-E70-F70-G70-H70-I70+D70 -> 19 | K70: 10 | L70: 20
A71: 69 | B71: CLAYTON MİSAFİR KONTRAS | C71: 17 | J71: =+C71-E71-F71-G71-H71-I71+D71 -> 17 | K71: 10 | L71: 20
A72: 70 | B72: CABRIO MÜDÜR KONTRASI | C72: 7 | D72: 20 | F72: 7 | J72: =+C72-E72-F72-G72-H72-I72+D72 -> 20 | K72: 10 | L72: 20
A73: 71 | B73: CABRIO MİSAFİR KONTRASI | C73: 34 | G73: 1 | J73: =+C73-E73-F73-G73-H73-I73+D73 -> 33 | K73: 10 | L73: 20
A74: 72 | B74: BARTRA/FLAT/RENGO OTURAK | C74: 455 | G74: 1 | I74: 4 | J74: =+C74-E74-F74-G74-H74-I74+D74 -> 450 | K74: 10 | L74: 20
A75: 73 | B75: BARTRA/FLAT/RENGO/TRAP MİS.SIRT | C75: 328 | J75: =+C75-E75-F75-G75-H75-I75+D75 -> 328 | K75: 10 | L75: 20
A76: 74 | B76: SAFİR MÜDÜR KONTRASI | C76: 76 | H76: 2 | J76: =+C76-E76-F76-G76-H76-I76+D76 -> 74 | K76: 10 | L76: 20
A77: 75 | B77: BART.FLAT/TRAP/ MÜD. KONTRASI | C77: 54 | D77: 63 | G77: 1 | H77: 100 | I77: 4 | J77: =+C77-E77-F77-G77-H77-I77+D77 -> 12 | K77: 10 | L77: 20
A78: 76 | C78: 0 | J78: =+C78-E78-F78-G78-H78-I78+D78 -> 0 | K78: 10 | L78: 20

Sheet EYLÜL 2023
A1: TAHTA SAYIMI | C1: 45170 | L1: 44837
A2: S.NO | B2: CİNSİ | C2: DEVİR | D2: GELEN | E2: 45176 | F2: 45183 | G2: 45189 | H2: 45194 | I2: 45199 | J2: KALAN | K2: MİNİMUN | L2: MAXSİMUN
A3: 1 | B3: STELL MİSAFİR | C3: 22 | J3: =+C3-E3-F3-G3-H3-I3+D3 -> 22 | K3: 10 | L3: 50
A4: 2 | B4: STELL MÜDÜR/LUTZ | C4: 34 | H4: 1 | I4: 6 | J4: =+C4-E4-F4-G4-H4-I4+D4 -> 27 | K4: 10 | L4: 50
A5: 3 | B5: CARENS MİSAFİR KONTRASI | C5: 15 | J5: =+C5-E5-F5-G5-H5-I5+D5 -> 15 | K5: 30 | L5: 50
A6: 4 | B6: RECENT MİSAFİR | C6: 34 | H6: 2 | I6: 8 | J6: =+C6-E6-F6-G6-H6-I6+D6 -> 24 | K6: 30 | L6: 100
A7: 5 | B7: RECENT MÜDÜR | C7: 33 | H7: 3 | I7: 3 | J7: =+C7-E7-F7-G7-H7-I7+D7 -> 27 | K7: 30 | L7: 100
A8: 6 | B8: PUFFY MİSAFİR | C8: 32 | E8: 4 | J8: =+C8-E8-F8-G8-H8-I8+D8 -> 28 | K8: 15 | L8: 50
A9: 7 | B9: PUFFY MÜDÜR | C9: 13 | J9: =+C9-E9-F9-G9-H9-I9+D9 -> 13 | K9: 15 | L9: 30
A10: 8 | B10: KESİLMEMİŞ MÜDÜR KON | C10: 20 | J10: =+C10-E10-F10-G10-H10-I10+D10 -> 20 | K10: 0
A11: 9 | B11: CEZAR MÜDÜR | C11: 251 | F11: 40 | J11: =+C11-E11-F11-G11-H11-I11+D11 -> 211 | K11: 150 | L11: 500
A12: 10 | B12: CEZAR MİSAFİR | C12: 142 | D12: 141 | E12: 142 | J12: =+C12-E12-F12-G12-H12-I12+D12 -> 141 | K12: 200 | L12: 750
A13: 11 | B13: LENUX MİSAFİR | C13: 70 | J13: =+C13-E13-F13-G13-H13-I13+D13 -> 70 | K13: 10 | L13: 30
A14: 12 | B14: LENUX MÜDÜR | C14: 74 | J14: =+C14-E14-F14-G14-H14-I14+D14 -> 74 | K14: 10 | L14: 20
A15: 13 | B15: WARLCOK MÜDÜR | C15: 25 | J15: =+C15-E15-F15-G15-H15-I15+D15 -> 25 | K15: 10 | L15: 20
A16: 14 | B16: WARLCOK MİSAFİR | C16: 46 | J16: =+C16-E16-F16-G16-H16-I16+D16 -> 46 | K16: 10 | L16: 20
A17: 15 | B17: VİSİON MÜDÜR/RETRO | C17: 130 | E17: 3 | F17: 10 | G17: 85 | H17: 7 | I17: 20 | J17: =+C17-E17-F17-G17-H17-I17+D17 -> 5 | K17: 50 | L17: 200
A18: 16 | B18: VİSİON MİSAFİR | C18: 80 | F18: 8 | H18: 28 | I18: 2 | J18: =+C18-E18-F18-G18-H18-I18+D18 -> 42 | K18: 50 | L18: 150
A19: 17 | B19: PENTA MÜDÜR / RETRO | C19: 80 | D19: 89 | E19: 80 | F19: 14 | H19: 4 | J19: =+C19-E19-F19-G19-H19-I19+D19 -> 71 | K19: 30 | L19: 100
A20: 18 | B20: PENTA MİSAFİR | C20: 0 | J20: =+C20-E20-F20-G20-H20-I20+D20 -> 0 | K20: 30 | L20: 100
A21: 19 | B21: ACTİON MÜDÜR | C21: 72 | D21: 84 | E21: 72 | F21: 42 | I21: 4 | J21: =+C21-E21-F21-G21-H21-I21+D21 -> 38 | K21: 20 | L21: 50
A22: 20 | B22: ACTİON MİSAFİR | C22: 13 | F22: 5 | J22: =+C22-E22-F22-G22-H22-I22+D22 -> 8 | K22: 30 | L22: 50
A23: 21 | B23: CARENS MÜDÜR KONT | C23: 0 | J23: =+C23-E23-F23-G23-H23-I23+D23 -> 0 | K23: 5 | L23: 10
A24: 22 | B24: GRAFTER MÜDÜR | C24: 13 | H24: 3 | J24: =+C24-E24-F24-G24-H24-I24+D24 -> 10 | K24: 5 | L24: 10
A25: 23 | B25: GRAFTER MİSAFİR | C25: 12 | J25: =+C25-E25-F25-G25-H25-I25+D25 -> 12 | K25: 5 | L25: 10
A26: 24 | B26: ELNORA -LEGENT MÜDÜR | C26: 522 | G26: 50 | J26: =+C26-E26-F26-G26-H26-I26+D26 -> 472 | K26: 100 | L26: 200
A27: 25 | B27: LEGENT MÜDÜR UZUN | C27: 0 | J27: =+C27-E27-F27-G27-H27-I27+D27 -> 0 | K27: 0
A28: 26 | B28: ANFİ TAHTASI | C28: 0 | J28: =+C28-E28-F28-G28-H28-I28+D28 -> 0 | K28: 0
A29: 27 | B29: VEGA SIRT | C29: 0 | J29: =+C29-E29-F29-G29-H29-I29+D29 -> 0 | K29: 0
A30: 28 | B30: VEGA TABAN | C30: 0 | J30: =+C30-E30-F30-G30-H30-I30+D30 -> 0 | K30: 0
A31: 29 | B31: VENESSA MİS.KONTRASI | C31: 0 | J31: =+C31-E31-F31-G31-H31-I31+D31 -> 0 | K31: 0
A32: 30 | B32: POLİ DABAN | C32: 52 | D32: 572 | J32: =+C32-E32-F32-G32-H32-I32+D32 -> 624 | K32: 200 | L32: 400
A33: 31 | B33: SANDALYE SIRT | C33: 0 | J33: =+C33-E33-F33-G33-H33-I33+D33 -> 0 | K33: 0
A34: 32 | B34: SANDALYE DABAN | C34: 0 | J34: =+C34-E34-F34-G34-H34-I34+D34 -> 0 | K34: 0
A35: 33 | B35: MİSAFİR SIRT | C35: 0 | J35: =+C35-E35-F35-G35-H35-I35+D35 -> 0 | K35: 0
A36: 34 | B36: VİVA DABAN | C36: 0 | J36: =+C36-E36-F36-G36-H36-I36+D36 -> 0 | K36: 0
A37: 35 | B37: SENS MÜDÜR SIRT | C37: 43 | J37: =+C37-E37-F37-G37-H37-I37+D37 -> 43 | K37: 10 | L37: 30
A38: 36 | B38: ZEUGMA | C38: 0 | J38: =+C38-E38-F38-G38-H38-I38+D38 -> 0 | K38: 10 | L38: 20
A39: 37 | B39: SOVRANO MİSAFİR | C39: 28 | J39: =+C39-E39-F39-G39-H39-I39+D39 -> 28 | K39: 10 | L39: 30
A40: 38 | B40: SOVRANO MÜDÜR | C40: 25 | E40: 4 | H40: 2 | J40: =+C40-E40-F40-G40-H40-I40+D40 -> 19 | K40: 20 | L40: 40
A41: 39 | B41: POLO MİSAFİR | C41: 44 | J41: =+C41-E41-F41-G41-H41-I41+D41 -> 44 | K41: 20 | L41: 50
A42: 40 | B42: POLO MÜDÜR | C42: 8 | J42: =+C42-E42-F42-G42-H42-I42+D42 -> 8 | K42: 20 | L42: 50
A43: 41 | B43: ELNORA MİSAFİR | C43: 546 | E43: 55 | F43: 4 | J43: =+C43-E43-F43-G43-H43-I43+D43 -> 487 | K43: 200 | L43: 400
A44: 42 | B44: GRANADA MÜDÜR | C44: 48 | J44: =+C44-E44-F44-G44-H44-I44+D44 -> 48 | K44: 10 | L44: 20
A45: 43 | B45: GRANADA MİSAFİR | C45: 36 | J45: =+C45-E45-F45-G45-H45-I45+D45 -> 36 | K45: 10 | L45: 20
A46: 44 | B46: NOWEL MİSAFİR | C46: 50 | J46: =+C46-E46-F46-G46-H46-I46+D46 -> 50 | K46: 15 | L46: 30
A47: 45 | B47: NOWEL MÜDÜR | C47: 22 | H47: 1 | J47: =+C47-E47-F47-G47-H47-I47+D47 -> 21 | K47: 15 | L47: 30
A48: 46 | B48: NEVOL MÜDÜR KONT. | C48: 324 | J48: =+C48-E48-F48-G48-H48-I48+D48 -> 324 | K48: 15 | L48: 30
A49: 47 | B49: TELLY(VOX)OTURAK TAHTASI | C49: 2 | D49: 284 | F49: 100 | G49: 15 | J49: =+C49-E49-F49-G49-H49-I49+D49 -> 171 | K49: 100 | L49: 300
A50: 48 | B50: EXPERİA OTURAK | C50: 54 | I50: 28 | J50: =+C50-E50-F50-G50-H50-I50+D50 -> 26 | K50: 50 | L50: 100
A51: 49 | B51: EXPERİA MÜDÜR | C51: 150 | J51: =+C51-E51-F51-G51-H51-I51+D51 -> 150 | K51: 10 | L51: 20
A52: 50 | B52: EXPERİA MİSAFİR | C52: 60 | J52: =+C52-E52-F52-G52-H52-I52+D52 -> 60 | K52: 10 | L52: 20
A53: 51 | B53: KİMERA MÜDÜR | C53: 43 | H53: 1 | J53: =+C53-E53-F53-G53-H53-I53+D53 -> 42 | K53: 10 | L53: 20
A54: 52 | B54: VİENTO MİSAFİR | C54: 32 | J54: =+C54-E54-F54-G54-H54-I54+D54 -> 32 | K54: 0
A55: 53 | B55: MAKER BERBER KOLT. | C55: 0 | J55: =+C55-E55-F55-G55-H55-I55+D55 -> 0 | K55: 0
A56: 54 | B56: BAYAN BERBER | C56: 73 | J56: =+C56-E56-F56-G56-H56-I56+D56 -> 73 | K56: 0
A57: 55 | B57: MUTFAK SAND. OTURAK | C57: 0 | J57: =+C57-E57-F57-G57-H57-I57+D57 -> 0 | K57: 0
A58: 56 | B58: PYRAMİT MÜDÜR KONT. | C58: 212 | F58: 1 | H58: 4 | J58: =+C58-E58-F58-G58-H58-I58+D58 -> 207 | K58: 10 | L58: 20
A59: 57 | B59: PLAT MÜDÜR KONTRASI | C59: 0 | J59: =+C59-E59-F59-G59-H59-I59+D59 -> 0 | K59: 10 | L59: 20
A60: 58 | B60: TRAP MÜDÜR KONTRASI | C60: 14 | J60: =+C60-E60-F60-G60-H60-I60+D60 -> 14 | K60: 10 | L60: 20
A61: 59 | B61: TRAP MİSAFİR KONTRASI | C61: 0 | J61: =+C61-E61-F61-G61-H61-I61+D61 -> 0 | K61: 10 | L61: 20
A62: 60 | B62: CARRERA MÜDÜR | C62: 0 | J62: =+C62-E62-F62-G62-H62-I62+D62 -> 0 | K62: 20 | L62: 50
A63: 61 | B63: CARRERA MİSAFİR | C63: 0 | J63: =+C63-E63-F63-G63-H63-I63+D63 -> 0 | K63: 20 | L63: 50
A64: 62 | B64: PERA OTURAK | C64: 0 | D64: 200 | F64: 75 | G64: 20 | J64: =+C64-E64-F64-G64-H64-I64+D64 -> 105 | K64: 50 | L64: 100
A65: 63 | B65: NEGRO MÜDÜR | C65: 0 | J65: =+C65-E65-F65-G65-H65-I65+D65 -> 0 | K65: 10 | L65: 20
A66: 64 | B66: RUBY MÜDÜR KONTRASI | C66: 314 | H66: 2 | J66: =+C66-E66-F66-G66-H66-I66+D66 -> 312 | K66: 10 | L66: 20
A67: 65 | B67: RUBY MİSAFİR KONTRASI | C67: 33 | J67: =+C67-E67-F67-G67-H67-I67+D67 -> 33 | K67: 10 | L67: 20
A68: 66 | B68: LUTZ MÜDÜR KONTRASI | C68: 27 | J68: =+C68-E68-F68-G68-H68-I68+D68 -> 27 | K68: 10 | L68: 20
A69: 67 | B69: LUTZ MİSAFİR KONTRASI | C69: 49 | J69: =+C69-E69-F69-G69-H69-I69+D69 -> 49 | K69: 10 | L69: 20
A70: 68 | B70: CLAYTON MÜDÜR KONTRAS | C70: 21 | E70: 2 | F70: 1 | H70: 3 | J70: =+C70-E70-F70-G70-H70-I70+D70 -> 15 | K70: 10 | L70: 20
A71: 69 | B71: CLAYTON MİSAFİR KONTRAS | C71: 13 | F71: 1 | J71: =+C71-E71-F71-G71-H71-I71+D71 -> 12 | K71: 10 | L71: 20
A72: 70 | B72: CABRIO MÜDÜR KONTRASI | C72: 32 | D72: 36 | E72: 32 | F72: 1 | J72: =+C72-E72-F72-G72-H72-I72+D72 -> 35 | K72: 10 | L72: 20
A73: 71 | B73: CABRIO MİSAFİR KONTRASI | C73: 31 | J73: =+C73-E73-F73-G73-H73-I73+D73 -> 31 | K73: 10 | L73: 20
A74: 72 | B74: BARTRA/FLAT/RENGO OTURAK | C74: 380 | J74: =+C74-E74-F74-G74-H74-I74+D74 -> 380 | K74: 10 | L74: 20
A75: 73 | B75: BARTRA/FLAT/RENGO/TRAP MİS.SIRT | C75: 383 | H75: 4 | J75: =+C75-E75-F75-G75-H75-I75+D75 -> 379 | K75: 10 | L75: 20
A76: 74 | B76: SAFİR MÜDÜR KONTRASI | C76: 0 | J76: =+C76-E76-F76-G76-H76-I76+D76 -> 0 | K76: 10 | L76: 20
A77: 75 | B77: BART.FLAT/TRAP/ MÜD. KONTRASI | C77: 10 | D77: 30 | E77: 6 | I77: 28 | J77: =+C77-E77-F77-G77-H77-I77+D77 -> 6 | K77: 10 | L77: 20
A78: 76 | C78: 0 | J78: =+C78-E78-F78-G78-H78-I78+D78 -> 0 | K78: 10 | L78: 20

Sheet EKİM 2023
A1: TAHTA SAYIMI | C1: 45200 | L1: 44837
A2: S.NO | B2: CİNSİ | C2: DEVİR | D2: GELEN | E2: 45203 | F2: 45209 | G2: 45222 | H2: 45225 | I2: 45230 | J2: KALAN | K2: MİNİMUN | L2: MAXSİMUN
A3: 1 | B3: STELL MİSAFİR | C3: 22 | J3: =+C3-E3-F3-G3-H3-I3+D3 -> 22 | K3: 10 | L3: 50
A4: 2 | B4: STELL MÜDÜR/LUTZ | C4: 25 | G4: 3 | J4: =+C4-E4-F4-G4-H4-I4+D4 -> 22 | K4: 10 | L4: 50
A5: 3 | B5: CARENS MİSAFİR KONTRASI | C5: 15 | J5: =+C5-E5-F5-G5-H5-I5+D5 -> 15 | K5: 30 | L5: 50
A6: 4 | B6: RECENT MİSAFİR | C6: 24 | I6: 4 | J6: =+C6-E6-F6-G6-H6-I6+D6 -> 20 | K6: 30 | L6: 100
A7: 5 | B7: RECENT MÜDÜR | C7: 27 | F7: 5 | I7: 6 | J7: =+C7-E7-F7-G7-H7-I7+D7 -> 16 | K7: 30 | L7: 100
A8: 6 | B8: PUFFY MİSAFİR | C8: 28 | J8: =+C8-E8-F8-G8-H8-I8+D8 -> 28 | K8: 15 | L8: 50
A9: 7 | B9: PUFFY MÜDÜR | C9: 23 | E9: 8 | G9: 15 | J9: =+C9-E9-F9-G9-H9-I9+D9 -> 0 | K9: 15 | L9: 30
A10: 8 | B10: KESİLMEMİŞ MÜDÜR KON | C10: 20 | J10: =+C10-E10-F10-G10-H10-I10+D10 -> 20 | K10: 0
A11: 9 | B11: CEZAR MÜDÜR | C11: 211 | J11: =+C11-E11-F11-G11-H11-I11+D11 -> 211 | K11: 150 | L11: 500
A12: 10 | B12: CEZAR MİSAFİR | C12: 141 | D12: 423 | G12: 360 | I12: 204 | J12: =+C12-E12-F12-G12-H12-I12+D12 -> 0 | K12: 200 | L12: 750
A13: 11 | B13: LENUX MİSAFİR | C13: 70 | J13: =+C13-E13-F13-G13-H13-I13+D13 -> 70 | K13: 10 | L13: 30
A14: 12 | B14: LENUX MÜDÜR | C14: 74 | J14: =+C14-E14-F14-G14-H14-I14+D14 -> 74 | K14: 10 | L14: 20
A15: 13 | B15: WARLCOK MÜDÜR | C15: 25 | J15: =+C15-E15-F15-G15-H15-I15+D15 -> 25 | K15: 10 | L15: 20
A16: 14 | B16: WARLCOK MİSAFİR | C16: 46 | J16: =+C16-E16-F16-G16-H16-I16+D16 -> 46 | K16: 10 | L16: 20
A17: 15 | B17: VİSİON MÜDÜR/RETRO | C17: 5 | D17: 138 | F17: 11 | G17: 27 | I17: 32 | J17: =+C17-E17-F17-G17-H17-I17+D17 -> 73 | K17: 50 | L17: 200
